C1,Q1,C2,phase1_ideal_minutes,phase2_ideal_minutes,T_ideal_physical,T_ideal_as_written_minus,nearest_observed_distance_normalized,nearest_observed_index,inside_rectangle,inside_convex_hull,inside_trust_region,inside_main_domain,predicted_charge_time,predicted_charge_time_se,predicted_SOH200,predicted_SOH200_se,predicted_slope50_200,predicted_slope50_200_se,predicted_degradation_rate,predicted_degradation_rate_se,predicted_EOL,predicted_EOL_se,stress_p,soc_weighted_stress,pareto_rank,normalized_time,normalized_degradation,distance_to_ideal,recommendation_type,bootstrap_iteration
5.0,28.0,4.9,3.3600000000000003,6.36734693877551,9.727346938775511,-3.00734693877551,0.3826513837107855,2,True,True,True,True,9.955733125794113,0.4300927354070567,0.9914538811139183,0.0005511499330696092,-0.005033531551712727,0.00024261533445113102,0.005033531551712727,0.00024261533445113102,1277.2609802472793,36.23679755173564,2.0,24.356500000000004,39,0.14278411684162634,0.5364776059822104,0.5551536055387256,fast_charge,0
4.85,55.0,4.85,6.804123711340207,3.0927835051546393,9.896907216494846,3.7113402061855676,0.41152234714075303,5,True,True,True,True,10.125293403513448,0.4300927354070567,0.9949153125305018,0.00033563388260673277,-0.003084778839390759,0.00015218441826096157,0.003084778839390759,0.00015218441826096157,1398.5407506478007,40.61121603469099,2.0,23.522499999999994,120,0.3235400678502031,0.29305230842537056,0.43652930139677054,knee,0
4.75,60.0,4.8,7.578947368421052,2.5,10.078947368421051,5.078947368421052,0.32892325121282556,5,True,True,True,True,10.307333555439653,0.4300927354070567,0.9969872141064268,0.000274223760590973,-0.001883154986933447,0.00012810541874644113,0.001883154986933447,0.00012810541874644113,1532.4402472229644,61.36061424481902,2.0,22.681874999999998,237,0.5175999103189269,0.1429534056829633,0.5369779728801909,longevity,0
5.0,28.0,4.9,3.3600000000000003,6.36734693877551,9.727346938775511,-3.00734693877551,0.3826513837107855,2,True,True,True,True,9.784850106401205,0.035921446716231445,0.9935514236257977,0.0004676841731706693,-0.003934776280991358,0.00028660762334949407,0.003934776280991358,0.00028660762334949407,1388.4321600869528,43.56687284475279,2.0,24.356500000000004,39,0.14278411684162634,0.5109738263935584,0.5305483533868686,fast_charge,1
4.85,58.0,4.9,7.175257731958763,2.6938775510204076,9.86913528297917,4.4813801809383556,0.36542463657722224,5,True,True,True,True,9.926638450604864,0.035921446716231445,0.9960464707591128,0.00037882075424697264,-0.002497034252699464,0.00024029911787381916,0.002497034252699464,0.00024029911787381916,1510.7731866309396,62.63123501407384,2.0,23.6565625,108,0.2939344177445688,0.2989021269608983,0.4192134580814262,knee,1
4.75,60.0,4.8,7.578947368421052,2.5,10.078947368421051,5.078947368421052,0.32892325121282556,5,True,True,True,True,10.136450536046745,0.035921446716231445,0.9979996745961593,0.0003060390548541132,-0.0013255772182011372,0.00020368549402409046,0.0013255772182011372,0.00020368549402409046,1699.2995379357626,112.48355638913074,2.0,22.681874999999998,237,0.5175999103189269,0.12610834391099005,0.5327410079636574,longevity,1
5.0,28.0,4.9,3.3600000000000003,6.36734693877551,9.727346938775511,-3.00734693877551,0.3826513837107855,2,True,True,True,True,9.956550035028068,0.42962220470592183,0.9920332890151495,0.00012069030786787208,-0.004827718366518584,0.00011077969465005458,0.004827718366518584,0.00011077969465005458,1283.8162590760205,33.94328632341783,2.0,24.356500000000004,39,0.14278411684162634,0.531233917996433,0.5500879744659796,fast_charge,2
4.85,55.0,4.85,6.804123711340207,3.0927835051546393,9.896907216494846,3.7113402061855676,0.41152234714075303,5,True,True,True,True,10.126110312747402,0.42962220470592183,0.9953454075828846,7.160582360003324e-05,-0.0029273064162652187,6.821184165902014e-05,0.0029273064162652187,6.821184165902014e-05,1407.179300078039,37.781031216147234,2.0,23.522499999999994,120,0.3235400678502031,0.2878572632170389,0.43305886377179453,knee,2
4.75,60.0,4.8,7.578947368421052,2.5,10.078947368421051,5.078947368421052,0.32892325121282556,5,True,True,True,True,10.308150464673608,0.42962220470592183,0.9972921149348236,5.721955204670818e-05,-0.001767943969334348,5.658582179086259e-05,0.001767943969334348,5.658582179086259e-05,1543.5209599151437,56.92256226971643,2.0,22.681874999999998,237,0.5175999103189269,0.1393832684217156,0.5360385831990839,longevity,2
5.0,28.0,4.9,3.3600000000000003,6.36734693877551,9.727346938775511,-3.00734693877551,0.3826513837107855,2,True,True,True,True,9.800506668515398,0.042187822606017264,0.99326875739062,0.00044719972696728174,-0.004115894212422742,0.00026781594923902443,0.004115894212422742,0.00026781594923902443,1384.542770425473,48.11629659426799,2.0,24.356500000000004,39,0.14278411684162634,0.511704124467384,0.5312517435445979,fast_charge,3
4.85,58.0,4.9,7.175257731958763,2.6938775510204076,9.86913528297917,4.4813801809383556,0.36542463657722224,5,True,True,True,True,9.942295012719057,0.042187822606017264,0.9958710223920748,0.0003589982780161517,-0.0026152862405704634,0.00022270758773384675,0.0026152862405704634,0.00022270758773384675,1513.6563074047824,68.84250167782513,2.0,23.6565625,108,0.2939344177445688,0.29962615186152847,0.41972999989777526,knee,3
4.75,60.0,4.8,7.578947368421052,2.5,10.078947368421051,5.078947368421052,0.32892325121282556,5,True,True,True,True,10.152107098160938,0.042187822606017264,0.9979093892395978,0.0002633995035241559,-0.0013908056579345974,0.00017162247731052638,0.0013908056579345974,0.00017162247731052638,1713.7500617833282,112.94546173423467,2.0,22.681874999999998,237,0.5175999103189269,0.1265727199647833,0.5328511242377599,longevity,3
5.0,28.0,4.9,3.3600000000000003,6.36734693877551,9.727346938775511,-3.00734693877551,0.3826513837107855,2,True,True,True,True,9.783125468453864,0.03753109175421488,0.9921381578358747,0.001114317629338358,-0.0045638982827063525,0.0005729103347315408,0.0045638982827063525,0.0005729103347315408,1294.4619222634888,36.202035278511346,2.0,24.356500000000004,39,0.14278411684162634,0.5480809644313611,0.5663744764678703,fast_charge,4
4.85,55.0,4.85,6.804123711340207,3.0927835051546393,9.896907216494846,3.7113402061855676,0.41152234714075303,5,True,True,True,True,9.952685746173199,0.03753109175421488,0.9951499569102599,0.0008387475167176165,-0.0028632745019585557,0.00043854549621734075,0.0028632745019585557,0.00043854549621734075,1398.840902628111,47.73237013571796,2.0,23.522499999999994,120,0.3235400678502031,0.3046971768818192,0.444430585248433,knee,4
4.75,60.0,4.8,7.578947368421052,2.5,10.078947368421051,5.078947368421052,0.32892325121282556,5,True,True,True,True,10.134725898099404,0.03753109175421488,0.9970194221766022,0.0007537873855964902,-0.0017897057838356105,0.0004008630812121895,0.0017897057838356105,0.0004008630812121895,1512.5679717135886,75.47833758695423,2.0,22.681874999999998,237,0.5175999103189269,0.1510540114918968,0.539191043647755,longevity,4
5.0,28.0,4.9,3.3600000000000003,6.36734693877551,9.727346938775511,-3.00734693877551,0.3826513837107855,2,True,True,True,True,9.94990753059486,0.43352215600710714,0.9929870264104438,0.0007564489526471042,-0.004179789210855371,0.0003904934256676032,0.004179789210855371,0.0003904934256676032,1376.04845745013,43.66007566543337,2.0,24.356500000000004,39,0.14278411684162634,0.5283840466906816,0.5473362812928297,fast_charge,5
4.85,55.0,4.85,6.804123711340207,3.0927835051546393,9.896907216494846,3.7113402061855676,0.41152234714075303,5,True,True,True,True,10.119467808314194,0.43352215600710714,0.9958844539757764,0.0005467832456583996,-0.0025197621015760354,0.00028995406309178547,0.0025197621015760354,0.00028995406309178547,1523.0387286383855,59.521246332948394,2.0,23.522499999999994,120,0.3235400678502031,0.2850514061372674,0.43119888641478127,knee,5
4.75,60.0,4.8,7.578947368421052,2.5,10.078947368421051,5.078947368421052,0.32892325121282556,5,True,True,True,True,10.3015079602404,0.43352215600710714,0.9975950061563865,0.0004611194211428971,-0.0015129296232859958,0.0002512465429841872,0.0015129296232859958,0.0002512465429841872,1687.0901890000944,95.15050081725592,2.0,22.681874999999998,237,0.5175999103189269,0.13746634311765646,0.5355433340564537,longevity,5
5.0,28.0,4.9,3.3600000000000003,6.36734693877551,9.727346938775511,-3.00734693877551,0.3826513837107855,2,True,True,True,True,9.930719283569342,0.4423045188370723,0.9945446321573426,0.00023844298904444918,-0.0033327990677947733,0.0001551211066784651,0.0033327990677947733,0.0001551211066784651,1423.928120436626,18.626219654388528,2.0,24.356500000000004,39,0.14278411684162634,0.6134870358402703,0.6298838362478627,fast_charge,6
4.85,61.0,4.8,7.54639175257732,2.375,9.921391752577321,5.17139175257732,0.3125851111428187,5,True,True,True,True,10.124764097371152,0.4423045188370723,0.9963272979659252,0.0002158549128798239,-0.002273219518709116,0.00014227181236737562,0.002273219518709116,0.00014227181236737562,1576.3987018587288,27.727993665253397,2.0,23.40790625,135,0.34964126126719774,0.34718925647427923,0.49273663491938535,knee,6
4.75,60.0,4.8,7.578947368421052,2.5,10.078947368421051,5.078947368421052,0.32892325121282556,5,True,True,True,True,10.282319713214882,0.4423045188370723,0.9972869069677284,0.0002988219993568803,-0.0016961353355740448,0.000198934280910257,0.0016961353355740448,0.000198934280910257,1704.036400424426,56.1698008652811,2.0,22.681874999999998,237,0.5175999103189269,0.20215414645472649,0.555676134174395,longevity,6
5.0,28.0,4.9,3.3600000000000003,6.36734693877551,9.727346938775511,-3.00734693877551,0.3826513837107855,2,True,True,True,True,10.131768472046671,0.5321560041765725,0.9915242315354439,0.0005662479275643524,-0.004926502678153933,0.0002653003689702098,0.004926502678153933,0.0002653003689702098,1317.126469527222,40.23111637011652,2.0,24.356500000000004,39,0.14278411684162634,0.5337030034392445,0.5524728046721517,fast_charge,7
4.85,55.0,4.85,6.804123711340207,3.0927835051546393,9.896907216494846,3.7113402061855676,0.41152234714075303,5,True,True,True,True,10.301328749766006,0.5321560041765725,0.994965069965894,0.0003862814137720406,-0.0030022365849818517,0.00018566364607032444,0.0030022365849818517,0.00018566364607032444,1454.7248195001582,51.02679440962575,2.0,23.522499999999994,120,0.3235400678502031,0.2902982221598413,0.43468521172646146,knee,7
4.75,60.0,4.8,7.578947368421052,2.5,10.078947368421051,5.078947368421052,0.32892325121282556,5,True,True,True,True,10.483368901692211,0.5321560041765725,0.9970214077378663,0.0002954520484668754,-0.0018223948260911618,0.0001457102193234848,0.0018223948260911618,0.0001457102193234848,1607.9665666349695,72.92224462446647,2.0,22.681874999999998,237,0.5175999103189269,0.1410573628597169,0.5364763245280252,longevity,7
5.0,28.0,4.9,3.3600000000000003,6.36734693877551,9.727346938775511,-3.00734693877551,0.3826513837107855,2,True,True,True,True,10.118575048406806,0.5429441804415652,0.9928606721548211,0.000431138452470481,-0.004306698785488057,0.00024289795011703136,0.004306698785488057,0.00024289795011703136,1380.9018974970825,40.94833137948032,2.0,24.356500000000004,39,0.14278411684162634,0.528012756703323,0.546977856282762,fast_charge,8
4.85,55.0,4.85,6.804123711340207,3.0927835051546393,9.896907216494846,3.7113402061855676,0.41152234714075303,5,True,True,True,True,10.28813532612614,0.5429441804415652,0.9958354439026467,0.00027661839404546153,-0.002594303604380455,0.00016093594597722246,0.002594303604380455,0.00016093594597722246,1532.2594998338461,49.97566844614191,2.0,23.522499999999994,120,0.3235400678502031,0.28468676150347966,0.43095791868795397,knee,8
4.75,60.0,4.8,7.578947368421052,2.5,10.078947368421051,5.078947368421052,0.32892325121282556,5,True,True,True,True,10.470175478052345,0.5429441804415652,0.997581085095549,0.00022295373415290057,-0.0015564978161254396,0.00013398697884025863,0.0015564978161254396,0.00013398697884025863,1701.6123513623666,77.01383307511021,2.0,22.681874999999998,237,0.5175999103189269,0.1372178074691822,0.5354795923737997,longevity,8
5.0,28.0,4.9,3.3600000000000003,6.36734693877551,9.727346938775511,-3.00734693877551,0.3826513837107855,2,True,True,True,True,9.944729616443162,0.4365743031028643,0.9935200178117191,0.0006178018789971987,-0.0039057283384353503,0.0003681978772521496,0.0039057283384353503,0.0003681978772521496,1357.9609741573897,31.053612263421947,2.0,24.356500000000004,39,0.14278411684162634,0.5203260898841015,0.539561436572631,fast_charge,9
4.85,58.0,4.9,7.175257731958763,2.6938775510204076,9.86913528297917,4.4813801809383556,0.36542463657722224,5,True,True,True,True,10.086517960646821,0.4365743031028643,0.9959411444240438,0.00044130671717005254,-0.002519013074028773,0.00027081405245109335,0.002519013074028773,0.00027081405245109335,1479.9624942959651,38.595535707876685,2.0,23.6565625,108,0.2939344177445688,0.3082276599685425,0.42591282242323036,knee,9
4.75,60.0,4.8,7.578947368421052,2.5,10.078947368421051,5.078947368421052,0.32892325121282556,5,True,True,True,True,10.296330046088702,0.4365743031028643,0.9978841642300267,0.00034916158980402757,-0.0013677037172522906,0.00022317234118356713,0.0013677037172522906,0.00022317234118356713,1668.3247083753301,66.0350503617384,2.0,22.681874999999998,237,0.5175999103189269,0.1321346196832452,0.5341996114571753,longevity,9
5.0,28.0,4.9,3.3600000000000003,6.36734693877551,9.727346938775511,-3.00734693877551,0.3826513837107855,2,True,True,True,True,9.943582661299198,0.4371884064213954,0.9938546873055827,0.0004685027792946697,-0.0037039613715160245,0.0002657290002757896,0.0037039613715160245,0.0002657290002757896,1397.8829585140522,13.46057014662691,2.0,24.356500000000004,39,0.14278411684162634,0.506925921005327,0.526650921777739,fast_charge,10
4.85,58.0,4.9,7.175257731958763,2.6938775510204076,9.86913528297917,4.4813801809383556,0.36542463657722224,5,True,True,True,True,10.085371005502857,0.4371884064213954,0.9962344524888106,0.0003489794467971723,-0.002334062571766468,0.0002035581673052991,0.002334062571766468,0.0002035581673052991,1537.7894715344823,18.000851996792036,2.0,23.6565625,108,0.2939344177445688,0.2949018639605484,0.416370689773241,knee,10
4.75,60.0,4.8,7.578947368421052,2.5,10.078947368421051,5.078947368421052,0.32892325121282556,5,True,True,True,True,10.295183090944738,0.4371884064213954,0.998096232761245,0.0002731249679300522,-0.0012269703954246012,0.000165647908934907,0.0012269703954246012,0.000165647908934907,1756.2411199318149,31.824101830295575,2.0,22.681874999999998,237,0.5175999103189269,0.12355331267088444,0.5321419812738989,longevity,10
5.0,28.0,4.9,3.3600000000000003,6.36734693877551,9.727346938775511,-3.00734693877551,0.3826513837107855,2,True,True,True,True,10.116520364549455,0.544827570068327,0.9923971362830211,0.0007558006535399645,-0.004509617339312885,0.00040530206046967936,0.004509617339312885,0.00040530206046967936,1329.068441421473,42.21949490969455,2.0,24.356500000000004,39,0.14278411684162634,0.5316753280114457,0.5505142672432037,fast_charge,11
4.85,55.0,4.85,6.804123711340207,3.0927835051546393,9.896907216494846,3.7113402061855676,0.41152234714075303,5,True,True,True,True,10.28608064226879,0.544827570068327,0.995522347179696,0.00045801848473016684,-0.002736881261117877,0.0002531031832179546,0.002736881261117877,0.0002531031832179546,1471.4765976108217,48.09739754068177,2.0,23.522499999999994,120,0.3235400678502031,0.2882929628348128,0.43334859861846653,knee,11
4.75,60.0,4.8,7.578947368421052,2.5,10.078947368421051,5.078947368421052,0.32892325121282556,5,True,True,True,True,10.468120794194995,0.544827570068327,0.9973739851869382,0.00036631428626016294,-0.0016544337197360928,0.0002086484296965517,0.0016544337197360928,0.0002086484296965517,1630.4614311682353,72.67797947938628,2.0,22.681874999999998,237,0.5175999103189269,0.13968164610154477,0.536116246181552,longevity,11
5.0,28.0,4.9,3.3600000000000003,6.36734693877551,9.727346938775511,-3.00734693877551,0.3826513837107855,2,True,True,True,True,9.935397923624631,0.43988052522914517,0.9943964675206002,0.0007719967390277579,-0.0034084426868967593,0.0004214598873691148,0.0034084426868967593,0.0004214598873691148,1396.1827873848526,71.60630171674619,2.0,24.356500000000004,39,0.14278411684162634,0.6711035397636194,0.6861248174388557,fast_charge,12
4.8,54.0,4.85,6.750000000000002,3.2164948453608253,9.966494845360828,3.5335051546391765,0.42704111562382635,5,True,True,True,True,10.174545830209947,0.43988052522914517,0.9959240576498153,0.000582888935166945,-0.0025019332820220884,0.0003211294841441008,0.0025019332820220884,0.0003211294841441008,1491.5809186692295,79.40721960021946,2.0,23.196812499999997,161,0.3977224070353445,0.36424059910756595,0.5393091201678559,knee,12
4.75,60.0,4.8,7.578947368421052,2.5,10.078947368421051,5.078947368421052,0.32892325121282556,5,True,True,True,True,10.286998353270171,0.43988052522914517,0.996461266335544,0.0008141708100489086,-0.00218097700427042,0.00045036581241957203,0.00218097700427042,0.00045036581241957203,1536.0046542845985,131.55748854959205,2.0,22.681874999999998,237,0.5175999103189269,0.2555935330282961,0.5772674607909647,longevity,12
5.0,28.0,4.9,3.3600000000000003,6.36734693877551,9.727346938775511,-3.00734693877551,0.3826513837107855,2,True,True,True,True,9.963179362941693,0.42724780480566454,0.9930312429884935,0.0005412449736244292,-0.00420468861254171,0.00031935694299113247,0.00420468861254171,0.00031935694299113247,1361.798455986627,36.8729997624049,2.0,24.356500000000004,39,0.14278411684162634,0.5176503340966188,0.5369815382418508,fast_charge,13
4.85,58.0,4.9,7.175257731958763,2.6938775510204076,9.86913528297917,4.4813801809383556,0.36542463657722224,5,True,True,True,True,10.104967707145352,0.42724780480566454,0.9956587363462044,0.00040807056894908377,-0.002699345182190532,0.0002481312735071655,0.002699345182190532,0.0002481312735071655,1486.1075254457892,48.699715410196944,2.0,23.6565625,108,0.2939344177445688,0.3055476809813566,0.42397739006688023,knee,13
4.75,60.0,4.8,7.578947368421052,2.5,10.078947368421051,5.078947368421052,0.32892325121282556,5,True,True,True,True,10.314779792587233,0.42724780480566454,0.997754072778476,0.00029603024879168097,-0.001456228959179821,0.00018770422305601034,0.001456228959179821,0.00018770422305601034,1678.3378421128132,77.12175016205622,2.0,22.681874999999998,237,0.5175999103189269,0.13039280023119773,0.5337714393954535,longevity,13
5.0,28.0,4.9,3.3600000000000003,6.36734693877551,9.727346938775511,-3.00734693877551,0.3826513837107855,2,True,True,True,True,10.12749828660836,0.5361929801979097,0.9931046857854122,0.0004900115782689024,-0.0041284714131300014,0.00027015168847216274,0.0041284714131300014,0.00027015168847216274,1395.7523706169086,14.154319449359683,2.0,24.356500000000004,39,0.14278411684162634,0.515649247990905,0.5350527553202852,fast_charge,14
4.85,58.0,4.9,7.175257731958763,2.6938775510204076,9.86913528297917,4.4813801809383556,0.36542463657722224,5,True,True,True,True,10.269286630812019,0.5361929801979097,0.9957068879431429,0.0003582108374947169,-0.002641267074164609,0.00020292938457245135,0.002641267074164609,0.00020292938457245135,1535.5110719083993,18.283013813395293,2.0,23.6565625,108,0.2939344177445688,0.30354965334447487,0.42253974248630094,knee,14
4.75,60.0,4.8,7.578947368421052,2.5,10.078947368421051,5.078947368421052,0.32892325121282556,5,True,True,True,True,10.4790987162539,0.5361929801979097,0.9977807112886838,0.000255027165883974,-0.0014180534354917681,0.00015004839729380374,0.0014180534354917681,0.00015004839729380374,1753.7431184979769,28.75854825299564,2.0,22.681874999999998,237,0.5175999103189269,0.12909943817835867,0.5334569636813536,longevity,14
5.0,28.0,4.9,3.3600000000000003,6.36734693877551,9.727346938775511,-3.00734693877551,0.3826513837107855,2,True,True,True,True,9.785918652838202,0.03546666468410449,0.9919645543842784,0.0010229355163506406,-0.0046731931723586,0.0005158092588163439,0.0046731931723586,0.0005158092588163439,1304.089476915892,43.975990202854675,2.0,24.356500000000004,39,0.14278411684162634,0.5507982766370834,0.5690044336985646,fast_charge,15
4.85,55.0,4.85,6.804123711340207,3.0927835051546393,9.896907216494846,3.7113402061855676,0.41152234714075303,5,True,True,True,True,9.955478930557536,0.03546666468410449,0.9950125597350818,0.0007827182723731234,-0.0029479023842094465,0.00040112337632847064,0.0029479023842094465,0.00040112337632847064,1407.8016433594464,58.524697604751815,2.0,23.522499999999994,120,0.3235400678502031,0.30745394284077837,0.4463251084947548,knee,15
4.75,60.0,4.8,7.578947368421052,2.5,10.078947368421051,5.078947368421052,0.32892325121282556,5,True,True,True,True,10.137519082483742,0.03546666468410449,0.996916101590322,0.0007079373480195527,-0.0018527760782206493,0.0003687693390312961,0.0018527760782206493,0.0003687693390312961,1520.6859902489352,92.47072268272369,2.0,22.681874999999998,237,0.5175999103189269,0.15299141212760006,0.5397370094286276,longevity,15
5.0,28.0,4.9,3.3600000000000003,6.36734693877551,9.727346938775511,-3.00734693877551,0.3826513837107855,2,True,True,True,True,10.104395487346586,0.5539736777952727,0.9932366994584535,0.0017554800886040922,-0.003989426663052039,0.0008981295520001812,0.003989426663052039,0.0008981295520001812,1257.6415318727281,104.89965330813985,2.0,24.356500000000004,39,0.14278411684162634,0.6051387824309218,0.6217557800489045,fast_charge,16
4.85,64.0,4.8,7.917525773195877,2.0,9.917525773195877,5.917525773195877,0.26361189426846865,5,True,True,True,True,10.294574321766952,0.5539736777952727,0.9955704134318872,0.00047034106367189825,-0.002691167103996666,0.0002478458482761005,0.002691167103996666,0.0002478458482761005,1468.2415585969325,50.09878307216906,2.0,23.425999999999995,132,0.34552002020135525,0.3422644658976034,0.4863425222784007,knee,16
4.75,60.0,4.8,7.578947368421052,2.5,10.078947368421051,5.078947368421052,0.32892325121282556,5,True,True,True,True,10.455995916992126,0.5539736777952727,0.9968422254657083,0.0007744855262974296,-0.001964334017014334,0.0004178677021600915,0.001964334017014334,0.0004178677021600915,1661.7670893692682,130.97315893011128,2.0,22.681874999999998,237,0.5175999103189269,0.19509377907954994,0.5531466801832055,longevity,16
5.0,28.0,4.9,3.3600000000000003,6.36734693877551,9.727346938775511,-3.00734693877551,0.3826513837107855,2,True,True,True,True,9.813370046245254,0.0443864286599999,0.9930749030853991,0.0004775893977720025,-0.004231954285405921,0.000285848380734786,0.004231954285405921,0.000285848380734786,1364.1317282800687,49.21128018097743,2.0,24.356500000000004,39,0.14278411684162634,0.5139218974451056,0.5333882457420869,fast_charge,17
4.85,58.0,4.9,7.175257731958763,2.6938775510204076,9.86913528297917,4.4813801809383556,0.36542463657722224,5,True,True,True,True,9.955158390448913,0.0443864286599999,0.9957354029972803,0.00038221172578480636,-0.0026993907355732324,0.00023695054360897412,0.0026993907355732324,0.00023695054360897412,1488.2826142209838,69.77357069313585,2.0,23.6565625,108,0.2939344177445688,0.30182922291465814,0.421305496926049,knee,17
4.75,60.0,4.8,7.578947368421052,2.5,10.078947368421051,5.078947368421052,0.32892325121282556,5,True,True,True,True,10.164970475890794,0.0443864286599999,0.9978288855117353,0.00027014453268659426,-0.001443238722685941,0.00017588045352750082,0.001443238722685941,0.00017588045352750082,1680.210728695619,109.35955682783495,2.0,22.681874999999998,237,0.5175999103189269,0.1279893582909979,0.5331894063068983,longevity,17
5.0,28.0,4.9,3.3600000000000003,6.36734693877551,9.727346938775511,-3.00734693877551,0.3826513837107855,2,True,True,True,True,9.939668109062943,0.4375829394836021,0.9934202205220322,0.0018282725679264248,-0.0038732308767945494,0.0009152647606028665,0.0038732308767945494,0.0009152647606028665,1275.4224279278037,108.1767377233762,2.0,24.356500000000004,39,0.14278411684162634,0.6533642547133462,0.6687840857551632,fast_charge,18
4.85,54.0,4.8,6.680412371134023,3.2500000000000004,9.930412371134024,3.430412371134022,0.42704111562382635,5,True,True,True,True,10.142733541421455,0.4375829394836021,0.9952551483272338,0.0006104015480136781,-0.00285185238447061,0.0003120065989630971,0.00285185238447061,0.0003120065989630971,1439.2723247776455,56.517922086990374,2.0,23.365687499999996,142,0.3592574904208282,0.38234324692451244,0.5246449303026287,knee,18
4.75,60.0,4.8,7.578947368421052,2.5,10.078947368421051,5.078947368421052,0.32892325121282556,5,True,True,True,True,10.291268538708483,0.4375829394836021,0.9962135809656226,0.0011962550989104551,-0.0023087328738134604,0.000620315403766233,0.0023087328738134604,0.000620315403766233,1564.474102541604,150.8737662783406,2.0,22.681874999999998,237,0.5175999103189269,0.2382274287098929,0.5697911678429987,longevity,18
5.0,28.0,4.9,3.3600000000000003,6.36734693877551,9.727346938775511,-3.00734693877551,0.3826513837107855,2,True,True,True,True,9.9475228008275,0.4349511824032682,0.9933874101606626,0.0005789663029707793,-0.003994511492594013,0.00034402913033864963,0.003994511492594013,0.00034402913033864963,1368.815160989223,36.220471684137394,2.0,24.356500000000004,39,0.14278411684162634,0.5216548066019753,0.5408428988839434,fast_charge,19
4.85,58.0,4.9,7.175257731958763,2.6938775510204076,9.86913528297917,4.4813801809383556,0.36542463657722224,5,True,True,True,True,10.089311145031159,0.4349511824032682,0.9958485233910248,0.0004182361168903936,-0.0025821736289174326,0.00025589053383867774,0.0025821736289174326,0.00025589053383867774,1491.5074538670228,45.41213907463481,2.0,23.6565625,108,0.2939344177445688,0.3095620069752501,0.42687946553726785,knee,19
4.75,60.0,4.8,7.578947368421052,2.5,10.078947368421051,5.078947368421052,0.32892325121282556,5,True,True,True,True,10.29912323047304,0.4349511824032682,0.9978289231781392,0.00033238273856827673,-0.0014064696353113708,0.0002118085424994952,0.0014064696353113708,0.0002118085424994952,1680.8927340419502,77.77336025895943,2.0,22.681874999999998,237,0.5175999103189269,0.13300485450529906,0.534415529793191,longevity,19
5.0,28.0,4.9,3.3600000000000003,6.36734693877551,9.727346938775511,-3.00734693877551,0.3826513837107855,2,True,True,True,True,9.78164846739989,0.03788962289387059,0.9933996098198633,0.0007786578902902463,-0.00394430720317864,0.0004065830201102775,0.00394430720317864,0.0004065830201102775,1372.9850510993606,43.732425482029065,2.0,24.356500000000004,39,0.14278411684162634,0.5153836153877596,0.5347967604916856,fast_charge,20
4.85,58.0,4.9,7.175257731958763,2.6938775510204076,9.86913528297917,4.4813801809383556,0.36542463657722224,5,True,True,True,True,9.92343681160355,0.03788962289387059,0.9958752489885451,0.0006404544317443822,-0.002522285544023967,0.0003422048605724648,0.002522285544023967,0.0003422048605724648,1490.1826890929028,62.472759305859476,2.0,23.6565625,108,0.2939344177445688,0.3032848268396823,0.4223495331192101,knee,20
4.75,60.0,4.8,7.578947368421052,2.5,10.078947368421051,5.078947368421052,0.32892325121282556,5,True,True,True,True,10.13324889704543,0.03788962289387059,0.9978567084562557,0.0005321661269310612,-0.0013533081409206984,0.00029360543936268464,0.0013533081409206984,0.00029360543936268464,1670.2333284620674,111.97054692529139,2.0,22.681874999999998,237,0.5175999103189269,0.12892834679445642,0.5334155844829741,longevity,20
5.0,28.0,4.9,3.3600000000000003,6.36734693877551,9.727346938775511,-3.00734693877551,0.3826513837107855,2,True,True,True,True,9.94213124753727,0.4361898415774422,0.993630341091111,0.0007929397013941796,-0.0038997732976901013,0.0004162358801182308,0.0038997732976901013,0.0004162358801182308,1410.8581143517185,88.90136349331436,2.0,24.356500000000004,39,0.14278411684162634,0.626796282463564,0.642853703211226,fast_charge,21
4.85,55.0,4.8,6.804123711340207,3.125,9.929123711340207,3.679123711340207,0.41068007185717104,5,True,True,True,True,10.143908020101966,0.4361898415774422,0.9956223259002934,0.0003876750789395395,-0.002703839052731438,0.0002052964598185795,0.002703839052731438,0.0002052964598185795,1453.3364984898833,65.14659670258794,2.0,23.371718749999996,141,0.35788374339887885,0.3535496522930493,0.5030687134236541,knee,21
4.75,60.0,4.8,7.578947368421052,2.5,10.078947368421051,5.078947368421052,0.32892325121282556,5,True,True,True,True,10.29373167718281,0.4361898415774422,0.9966337193240841,0.000598683102055811,-0.002091990054484255,0.0003189939590064202,0.002091990054484255,0.0003189939590064202,1483.852280612906,133.5790775889437,2.0,22.681874999999998,237,0.5175999103189269,0.2137546111785383,0.5600006258588014,longevity,21
5.0,28.0,4.9,3.3600000000000003,6.36734693877551,9.727346938775511,-3.00734693877551,0.3826513837107855,2,True,True,True,True,9.937782653391992,0.4385598772192614,0.9939712355198054,0.0009072743081829927,-0.0036587218454142284,0.00046803877858428997,0.0036587218454142284,0.00046803877858428997,1413.4116799691324,75.87625118897101,2.0,24.356500000000004,39,0.14278411684162634,0.6592122991362128,0.6744984502240868,fast_charge,22
4.85,62.0,4.75,7.670103092783506,2.2736842105263158,9.943787303309822,5.396418882257191,0.29741958396448653,5,True,True,True,True,10.154223017926302,0.4385598772192614,0.9955058862426628,0.000661814293049343,-0.0026840447245758993,0.00033598816373889057,0.0026840447245758993,0.00033598816373889057,1474.7864775730088,77.47259848418093,2.0,23.3065,149,0.37351553845913954,0.37539835016745604,0.5295637627131117,knee,22
4.75,60.0,4.8,7.578947368421052,2.5,10.078947368421051,5.078947368421052,0.32892325121282556,5,True,True,True,True,10.289383083037531,0.4385598772192614,0.9962264803386778,0.0009897652744063064,-0.00223231088013194,0.0004977169378374215,0.00223231088013194,0.0004977169378374215,1512.5541428443616,141.521824823737,2.0,22.681874999999998,237,0.5175999103189269,0.24385902957254466,0.5721685883253504,longevity,22
5.0,28.0,4.9,3.3600000000000003,6.36734693877551,9.727346938775511,-3.00734693877551,0.3826513837107855,2,True,True,True,True,9.932196284623316,0.4415764361938261,0.9946712647625312,0.0009568966417769148,-0.003212334082199616,0.0004930221986474863,0.003212334082199616,0.0004930221986474863,1367.2774335807085,73.27932351863528,2.0,24.356500000000004,39,0.14278411684162634,0.7105025852676798,0.724707684307473,fast_charge,23
4.8,61.0,4.85,7.625000000000001,2.350515463917526,9.975515463917526,5.2744845360824755,0.3125851111428187,5,True,True,True,True,10.180364809765331,0.4415764361938261,0.9956218646100824,0.000832585851583547,-0.0026160740972823223,0.00042520147293081587,0.0026160740972823223,0.00042520147293081587,1498.6094517852607,85.05742361687894,2.0,23.154593749999997,168,0.4073386361889712,0.4022656440330377,0.5724879150703582,knee,23
4.75,60.0,4.8,7.578947368421052,2.5,10.078947368421051,5.078947368421052,0.32892325121282556,5,True,True,True,True,10.283796714268856,0.4415764361938261,0.995947469339562,0.0012020645829280959,-0.0024131179430397845,0.0006117654156414486,0.0024131179430397845,0.0006117654156414486,1553.6551241186758,137.5434873499958,2.0,22.681874999999998,237,0.5175999103189269,0.2973473436759485,0.5969297361945574,longevity,23
5.0,28.0,4.9,3.3600000000000003,6.36734693877551,9.727346938775511,-3.00734693877551,0.3826513837107855,2,True,True,True,True,9.801575214952395,0.041237155668265496,0.9911793238557682,0.0007833316563964567,-0.005077276967858807,0.0003742208685644304,0.005077276967858807,0.0003742208685644304,1281.5586621567736,39.650268083264535,2.0,24.356500000000004,39,0.14278411684162634,0.5496704866815852,0.5679127996013243,fast_charge,24
4.85,55.0,4.85,6.804123711340207,3.0927835051546393,9.896907216494846,3.7113402061855676,0.41152234714075303,5,True,True,True,True,9.97113549267173,0.041237155668265496,0.9945438513462029,0.0006205075910550503,-0.0031955533291462865,0.00030162012869151323,0.0031955533291462865,0.00030162012869151323,1387.264599563547,54.96472322825404,2.0,23.522499999999994,120,0.3235400678502031,0.30630840681706684,0.44553677243446893,knee,24
4.75,60.0,4.8,7.578947368421052,2.5,10.078947368421051,5.078947368421052,0.32892325121282556,5,True,True,True,True,10.153175644597935,0.041237155668265496,0.9966378789749464,0.000515668779050641,-0.0020038441368892025,0.0002550790437959241,0.0020038441368892025,0.0002550790437959241,1502.6351521717577,80.29248082579707,2.0,22.681874999999998,237,0.5175999103189269,0.15218544122591382,0.5395091062097908,longevity,24
5.0,28.0,4.9,3.3600000000000003,6.36734693877551,9.727346938775511,-3.00734693877551,0.3826513837107855,2,True,True,True,True,9.783203877160833,0.03761445286102505,0.9933128125553423,0.0006228428437478277,-0.004066551263929834,0.0003844761956199924,0.004066551263929834,0.0003844761956199924,1338.7965994264168,40.63772477550233,2.0,24.356500000000004,39,0.14278411684162634,0.5232785738598545,0.5424092273210758,fast_charge,25
4.85,55.0,4.85,6.804123711340207,3.0927835051546393,9.896907216494846,3.7113402061855676,0.41152234714075303,5,True,True,True,True,9.952764154880168,0.03761445286102505,0.9961689478759475,0.000462033898106813,-0.002426057237517521,0.0002970058778385491,0.002426057237517521,0.0002970058778385491,1460.1187174221623,57.388351420313086,2.0,23.522499999999994,120,0.3235400678502031,0.28005571682031605,0.42791281825654054,knee,25
4.75,60.0,4.8,7.578947368421052,2.5,10.078947368421051,5.078947368421052,0.32892325121282556,5,True,True,True,True,10.134804306806373,0.03761445286102505,0.9978149023238372,0.0003884718770575067,-0.001441431054733826,0.00026013023057649856,0.001441431054733826,0.00026013023057649856,1593.532779253136,92.32717180923939,2.0,22.681874999999998,237,0.5175999103189269,0.1340731107048126,0.5346823974811833,longevity,25
5.0,28.0,4.9,3.3600000000000003,6.36734693877551,9.727346938775511,-3.00734693877551,0.3826513837107855,2,True,True,True,True,9.799190485185035,0.04417152209910859,0.9917998592133922,0.0008960985165549802,-0.004803364219288693,0.0004632860513697374,0.004803364219288693,0.0004632860513697374,1276.236353905914,27.72291699920383,2.0,24.356500000000004,39,0.14278411684162634,0.5399018236064975,0.558463323017604,fast_charge,26
4.85,55.0,4.85,6.804123711340207,3.0927835051546393,9.896907216494846,3.7113402061855676,0.41152234714075303,5,True,True,True,True,9.968750762904369,0.04417152209910859,0.995066727790275,0.0006844336437762296,-0.002964201730390926,0.0003629721321067241,0.002964201730390926,0.0003629721321067241,1382.6219982114253,38.130552292879884,2.0,23.522499999999994,120,0.3235400678502031,0.2964673947555894,0.4388292283539014,knee,26
4.75,60.0,4.8,7.578947368421052,2.5,10.078947368421051,5.078947368421052,0.32892325121282556,5,True,True,True,True,10.150790914830575,0.04417152209910859,0.9970440587528215,0.0005520155404765797,-0.0018222363525284865,0.00030035126766352527,0.0018222363525284865,0.00030035126766352527,1498.8288109949704,55.639203326165955,2.0,22.681874999999998,237,0.5175999103189269,0.14531506797338126,0.5376115104257624,longevity,26
5.0,28.0,4.9,3.3600000000000003,6.36734693877551,9.727346938775511,-3.00734693877551,0.3826513837107855,2,True,True,True,True,9.939338063152933,0.4377602106909939,0.9940480943177347,0.0009059448679148859,-0.0036271305985269907,0.0004974521260515725,0.0036271305985269907,0.0004974521260515725,1382.7550784286157,88.92105758124642,2.0,24.356500000000004,39,0.14278411684162634,0.6550899845932928,0.6704701275498289,fast_charge,27
4.85,54.0,4.8,6.680412371134023,3.2500000000000004,9.930412371134024,3.430412371134022,0.42704111562382635,5,True,True,True,True,10.142403495511445,0.4377602106909939,0.9956584316883347,0.0004446218475044922,-0.002681533425244526,0.00024743990748828093,0.002681533425244526,0.00024743990748828093,1454.69473472423,62.940422755189196,2.0,23.365687499999996,142,0.3592574904208282,0.3843498132397788,0.526109041322162,knee,27
4.75,60.0,4.8,7.578947368421052,2.5,10.078947368421051,5.078947368421052,0.32892325121282556,5,True,True,True,True,10.290938492798473,0.4377602106909939,0.99650788006989,0.0007371110144878179,-0.002176952344785684,0.0004140330808725608,0.002176952344785684,0.0004140330808725608,1506.5154866468642,134.34793007024828,2.0,22.681874999999998,237,0.5175999103189269,0.23987987186828483,0.5704840226419193,longevity,27
5.0,28.0,4.9,3.3600000000000003,6.36734693877551,9.727346938775511,-3.00734693877551,0.3826513837107855,2,True,True,True,True,9.954994625267126,0.43052405657767173,0.992145921980624,0.0006123904020702675,-0.00469439080109675,0.00031206856392535995,0.00469439080109675,0.00031206856392535995,1315.4527870655963,46.72301079921866,2.0,24.356500000000004,39,0.14278411684162634,0.5362697217080878,0.5549527173040179,fast_charge,28
4.85,55.0,4.85,6.804123711340207,3.0927835051546393,9.896907216494846,3.7113402061855676,0.41152234714075303,5,True,True,True,True,10.12455490298646,0.43052405657767173,0.9953378227959128,0.0003953556023451757,-0.0028757256576831818,0.000207914218402057,0.0028757256576831818,0.000207914218402057,1439.937742275544,55.624385571903716,2.0,23.522499999999994,120,0.3235400678502031,0.29284555445959704,0.43639052953892443,knee,28
4.75,60.0,4.8,7.578947368421052,2.5,10.078947368421051,5.078947368421052,0.32892325121282556,5,True,True,True,True,10.306595054912666,0.43052405657767173,0.9972439756185236,0.0003275728749267957,-0.0017547894036062449,0.00017782282161450303,0.0017547894036062449,0.00017782282161450303,1577.3355789722125,85.40265404470695,2.0,22.681874999999998,237,0.5175999103189269,0.14281080222633707,0.5369400268136947,longevity,28
5.0,28.0,4.9,3.3600000000000003,6.36734693877551,9.727346938775511,-3.00734693877551,0.3826513837107855,2,True,True,True,True,9.785588606928192,0.035650710780956454,0.9928895770725614,0.0007879844139824638,-0.0042630648963695355,0.00042128755677574097,0.0042630648963695355,0.00042128755677574097,1345.0245973038989,48.00733792941089,2.0,24.356500000000004,39,0.14278411684162634,0.5328088992344275,0.5516091253103466,fast_charge,29
4.85,55.0,4.85,6.804123711340207,3.0927835051546393,9.896907216494846,3.7113402061855676,0.41152234714075303,5,True,True,True,True,9.955148884647526,0.035650710780956454,0.9958052565734917,0.0006114874221878365,-0.002593218980398597,0.00033709771738029245,0.002593218980398597,0.00033709771738029245,1464.9536913359618,68.77985031723263,2.0,23.522499999999994,120,0.3235400678502031,0.28941322988741575,0.43409468222771425,knee,29
4.75,60.0,4.8,7.578947368421052,2.5,10.078947368421051,5.078947368421052,0.32892325121282556,5,True,True,True,True,10.137189036573732,0.035650710780956454,0.9975356932493765,0.0005303886965893541,-0.0015712364425827738,0.00030156124702796617,0.0015712364425827738,0.00030156124702796617,1596.659190485095,110.67943211259916,2.0,22.681874999999998,237,0.5175999103189269,0.14044971087434224,0.5363168731700015,longevity,29
5.0,28.0,4.9,3.3600000000000003,6.36734693877551,9.727346938775511,-3.00734693877551,0.3826513837107855,2,True,True,True,True,9.79771348413106,0.04521728176186412,0.9934425199338555,0.0005118012866292186,-0.003997452373978206,0.0003140429111729614,0.003997452373978206,0.0003140429111729614,1370.9095277836134,43.87963174218864,2.0,24.356500000000004,39,0.14278411684162634,0.5067170437964775,0.526449870829203,fast_charge,30
4.85,58.0,4.9,7.175257731958763,2.6938775510204076,9.86913528297917,4.4813801809383556,0.36542463657722224,5,True,True,True,True,9.93950182833472,0.04521728176186412,0.9960090977841426,0.00040556006405223564,-0.002518089793845993,0.00025757079055131066,0.002518089793845993,0.00025757079055131066,1495.2870119459853,62.31583836466269,2.0,23.6565625,108,0.2939344177445688,0.2946960371136618,0.4162249346511276,knee,30
4.75,60.0,4.8,7.578947368421052,2.5,10.078947368421051,5.078947368421052,0.32892325121282556,5,True,True,True,True,10.1493139137766,0.04521728176186412,0.9980012946565817,0.0002940027828682277,-0.0013230388566597827,0.00019589194082705945,0.0013230388566597827,0.00019589194082705945,1687.5050743726977,101.79760025892163,2.0,22.681874999999998,237,0.5175999103189269,0.12342233711455947,0.5321115864750373,longevity,30
5.0,28.0,4.9,3.3600000000000003,6.36734693877551,9.727346938775511,-3.00734693877551,0.3826513837107855,2,True,True,True,True,10.106858625820914,0.5518455353604245,0.9937624844727393,0.0004194651615954381,-0.0038561931918794433,0.0002959519621755506,0.0038561931918794433,0.0002959519621755506,1410.125234002908,84.6430837939254,2.0,24.356500000000004,39,0.14278411684162634,0.5967439833734377,0.6135883683012912,fast_charge,31
4.85,67.0,4.8,8.288659793814434,1.6250000000000002,9.913659793814434,6.663659793814434,0.21473336766797096,5,True,True,True,True,10.293171480859836,0.5518455353604245,0.9958836552559298,0.00016664814603089835,-0.002574224403345902,0.00011893600125789773,0.002574224403345902,0.00011893600125789773,1510.3284571659947,54.57700362023023,2.0,23.444093749999997,129,0.3413987791355147,0.33738236967458196,0.4799791555499637,knee,31
4.75,60.0,4.8,7.578947368421052,2.5,10.078947368421051,5.078947368421052,0.32892325121282556,5,True,True,True,True,10.458459055466454,0.5518455353604245,0.9970911374670252,0.00023302240323452907,-0.0018366415504212578,0.00016791019560668405,0.0018366415504212578,0.00016791019560668405,1599.4755671546236,114.36723616018728,2.0,22.681874999999998,237,0.5175999103189269,0.18815823825873632,0.550738767281542,longevity,31
5.0,28.0,4.9,3.3600000000000003,6.36734693877551,9.727346938775511,-3.00734693877551,0.3826513837107855,2,True,True,True,True,9.94213124753727,0.4361898415774422,0.993630341091111,0.0007929397013941796,-0.0038997732976901013,0.00041623588011826325,0.0038997732976901013,0.00041623588011826325,1410.8581143517197,88.90136349331941,2.0,24.356500000000004,39,0.14278411684162634,0.6267962824635642,0.6428537032112263,fast_charge,32
4.85,55.0,4.8,6.804123711340207,3.125,9.929123711340207,3.679123711340207,0.41068007185717104,5,True,True,True,True,10.143908020101966,0.4361898415774422,0.9956223259002934,0.00038767507893958266,-0.002703839052731438,0.00020529645981861113,0.002703839052731438,0.00020529645981861113,1453.3364984898833,65.14659670260954,2.0,23.371718749999996,141,0.35788374339887885,0.3535496522930496,0.5030687134236543,knee,32
4.75,60.0,4.8,7.578947368421052,2.5,10.078947368421051,5.078947368421052,0.32892325121282556,5,True,True,True,True,10.29373167718281,0.4361898415774422,0.9966337193240841,0.0005986831020558256,-0.002091990054484251,0.00031899395900644397,0.002091990054484251,0.00031899395900644397,1483.852280612906,133.57907758894737,2.0,22.681874999999998,237,0.5175999103189269,0.21375461117853778,0.5600006258588012,longevity,32
5.0,28.0,4.9,3.3600000000000003,6.36734693877551,9.727346938775511,-3.00734693877551,0.3826513837107855,2,True,True,True,True,10.119313548933793,0.5422904470787325,0.9922375705755969,0.0006196884532012407,-0.00461494516116414,0.0003120160950197851,0.00461494516116414,0.0003120160950197851,1340.5435579013613,47.9889025278705,2.0,24.356500000000004,39,0.14278411684162634,0.5318326844400065,0.5506662403497301,fast_charge,33
4.85,55.0,4.85,6.804123711340207,3.0927835051546393,9.896907216494846,3.7113402061855676,0.41152234714075303,5,True,True,True,True,10.288873826653127,0.5422904470787325,0.9954244821849244,0.0003794841690410724,-0.002801701161776133,0.0001967931311983814,0.002801701161776133,0.0001967931311983814,1481.7404456131114,55.10737152446747,2.0,23.522499999999994,120,0.3235400678502031,0.288448355383748,0.43345199183773864,knee,33
4.75,60.0,4.8,7.578947368421052,2.5,10.078947368421051,5.078947368421052,0.32892325121282556,5,True,True,True,True,10.470913978579333,0.5422904470787325,0.9973142887766736,0.0003042073741173727,-0.0016941635453568864,0.0001625176257208539,0.0016941635453568864,0.0001625176257208539,1639.1127173379857,83.25367089993978,2.0,22.681874999999998,237,0.5175999103189269,0.13978810901439823,0.536143994262719,longevity,33
5.0,28.0,4.9,3.3600000000000003,6.36734693877551,9.727346938775511,-3.00734693877551,0.3826513837107855,2,True,True,True,True,9.939338063152933,0.4377602106909939,0.9940480943177347,0.000905944867920997,-0.0036271305985269846,0.0004974521260548602,0.0036271305985269846,0.0004974521260548602,1382.7550784286157,88.92105758183845,2.0,24.356500000000004,39,0.14278411684162634,0.6550899845932938,0.6704701275498299,fast_charge,34
4.85,54.0,4.8,6.680412371134023,3.2500000000000004,9.930412371134024,3.430412371134022,0.42704111562382635,5,True,True,True,True,10.142403495511445,0.4377602106909939,0.9956584316883347,0.0004446218475060736,-0.0026815334252445213,0.0002474399074891064,0.0026815334252445213,0.0002474399074891064,1454.6947347242287,62.9404227554131,2.0,23.365687499999996,142,0.3592574904208282,0.38434981323977935,0.5261090413221623,knee,34
4.75,60.0,4.8,7.578947368421052,2.5,10.078947368421051,5.078947368421052,0.32892325121282556,5,True,True,True,True,10.290938492798473,0.4377602106909939,0.99650788006989,0.0007371110144938719,-0.0021769523447856803,0.00041403308087595563,0.0021769523447856803,0.00041403308087595563,1506.5154866468642,134.34793007134357,2.0,22.681874999999998,237,0.5175999103189269,0.23987987186828513,0.5704840226419194,longevity,34
5.0,28.0,4.9,3.3600000000000003,6.36734693877551,9.727346938775511,-3.00734693877551,0.3826513837107855,2,True,True,True,True,10.11537340940549,0.5458253963277251,0.9927493405280007,0.0007594325599483613,-0.00430102302021658,0.0003935183982173234,0.00430102302021658,0.0003935183982173234,1366.0712910379818,40.837579034265815,2.0,24.356500000000004,39,0.14278411684162634,0.5305799297387951,0.5494564276299513,fast_charge,35
4.85,55.0,4.85,6.804123711340207,3.0927835051546393,9.896907216494846,3.7113402061855676,0.41152234714075303,5,True,True,True,True,10.284933687124825,0.5458253963277251,0.9957284354000707,0.0004894956295342338,-0.002604473604895592,0.0002607134104765981,0.002604473604895592,0.0002607134104765981,1516.52817844552,49.60063580026839,2.0,23.522499999999994,120,0.3235400678502031,0.2872122812735065,0.4326304081070191,knee,35
4.75,60.0,4.8,7.578947368421052,2.5,10.078947368421051,5.078947368421052,0.32892325121282556,5,True,True,True,True,10.46697383905103,0.5458253963277251,0.9974940576594762,0.00039872722406589944,-0.0015708604894678908,0.00021833532254090254,0.0015708604894678908,0.00021833532254090254,1684.9540581082003,76.51873793563989,2.0,22.681874999999998,237,0.5175999103189269,0.13894192082725482,0.5359239913694184,longevity,35
5.0,28.0,4.9,3.3600000000000003,6.36734693877551,9.727346938775511,-3.00734693877551,0.3826513837107855,2,True,True,True,True,9.93145778409633,0.44194149129597093,0.9945834502167744,0.0006719052555721458,-0.0032926204146731595,0.00035662117317717616,0.0032926204146731595,0.00035662117317717616,1402.7240299750292,54.78534925500475,2.0,24.356500000000004,39,0.14278411684162634,0.6691679956723916,0.6842317666218436,fast_charge,36
4.8,62.0,4.9,7.750000000000001,2.204081632653061,9.954081632653061,5.54591836734694,0.29973897056748366,5,True,True,True,True,10.158192477973879,0.44194149129597093,0.9959650736442438,0.0006100096351447045,-0.0024443491246606388,0.00032265951527105455,0.0024443491246606388,0.00032265951527105455,1525.3381798727762,72.60626925673195,2.0,23.258249999999997,154,0.3844895785790354,0.3759484750237326,0.5377448204386113,knee,36
4.75,60.0,4.8,7.578947368421052,2.5,10.078947368421051,5.078947368421052,0.32892325121282556,5,True,True,True,True,10.28305821374187,0.44194149129597093,0.9965428447075028,0.0008684735050042074,-0.002090565875257567,0.0004585447246446688,0.002090565875257567,0.0004585447246446688,1593.918479898604,126.06969151114744,2.0,22.681874999999998,237,0.5175999103189269,0.25365722689960646,0.5764127478817237,longevity,36
5.0,28.0,4.9,3.3600000000000003,6.36734693877551,9.727346938775511,-3.00734693877551,0.3826513837107855,2,True,True,True,True,9.938191108008969,0.4383529032735684,0.9940747131033225,0.0007338897846817999,-0.003616493361496421,0.00039653125967321364,0.003616493361496421,0.00039653125967321364,1417.2312104356754,71.95273183310879,2.0,24.356500000000004,39,0.14278411684162634,0.6484191937528636,0.6639538800619791,fast_charge,37
4.85,54.0,4.8,6.680412371134023,3.2500000000000004,9.930412371134024,3.430412371134022,0.42704111562382635,5,True,True,True,True,10.14125654036748,0.4383529032735684,0.9957063910527322,0.0004805046689728759,-0.0026319993877423568,0.0002607529357460327,0.0026319993877423568,0.0002607529357460327,1476.8882623678294,67.74977916521775,2.0,23.365687499999996,142,0.3592574904208282,0.37662509480477907,0.5204924653250806,knee,37
4.75,60.0,4.8,7.578947368421052,2.5,10.078947368421051,5.078947368421052,0.32892325121282556,5,True,True,True,True,10.289791537654509,0.4383529032735684,0.9965622120363167,0.0007301500678307076,-0.002113699903580061,0.0003974153786933286,0.002113699903580061,0.0003974153786933286,1519.519109729751,132.28918159451592,2.0,22.681874999999998,237,0.5175999103189269,0.2335356041236112,0.5678455296606122,longevity,37
5.0,28.0,4.9,3.3600000000000003,6.36734693877551,9.727346938775511,-3.00734693877551,0.3826513837107855,2,True,True,True,True,10.106450171203937,0.5521846552280468,0.9935225428796559,0.0008545925331996067,-0.003949655866985042,0.00044465852004245036,0.003949655866985042,0.00044465852004245036,1403.5215047483882,89.25421804991267,2.0,24.356500000000004,39,0.14278411684162634,0.5970215773562012,0.6138583451018075,fast_charge,38
4.85,67.0,4.8,8.288659793814434,1.6250000000000002,9.913659793814434,6.663659793814434,0.21473336766797096,5,True,True,True,True,10.29276302624286,0.5521846552280468,0.9957101588984041,0.0003443084698557673,-0.002638196774566662,0.00018068683020227517,0.002638196774566662,0.00018068683020227517,1506.3464822610474,58.275567164090404,2.0,23.444093749999997,129,0.3413987791355147,0.33768037059592326,0.48018867029639506,knee,38
4.75,60.0,4.8,7.578947368421052,2.5,10.078947368421051,5.078947368421052,0.32892325121282556,5,True,True,True,True,10.458050600849477,0.5521846552280468,0.9969595609878172,0.0004842065259080423,-0.0018832268918805026,0.0002559232856808323,0.0018832268918805026,0.0002559232856808323,1597.9983457883848,122.66645043442098,2.0,22.681874999999998,237,0.5175999103189269,0.1883849777198549,0.5508162733549831,longevity,38
5.0,28.0,4.9,3.3600000000000003,6.36734693877551,9.727346938775511,-3.00734693877551,0.3826513837107855,2,True,True,True,True,9.947114346210522,0.4351720367586282,0.9931313829908974,0.0008050854455905297,-0.004085420788752894,0.00042367348586342193,0.004085420788752894,0.00042367348586342193,1365.1897695833904,39.815497461186276,2.0,24.356500000000004,39,0.14278411684162634,0.5265094287146057,0.5455267936111147,fast_charge,39
4.85,55.0,4.85,6.804123711340207,3.0927835051546393,9.896907216494846,3.7113402061855676,0.41152234714075303,5,True,True,True,True,10.116674623929857,0.4351720367586282,0.9959853171005641,0.000574068773173328,-0.0024534691937036332,0.00031039527527711484,0.0024534691937036332,0.00031039527527711484,1511.0455947478238,53.762157812128116,2.0,23.522499999999994,120,0.3235400678502031,0.28321248640851465,0.42998545087270934,knee,39
4.75,60.0,4.8,7.578947368421052,2.5,10.078947368421051,5.078947368421052,0.32892325121282556,5,True,True,True,True,10.298714775856062,0.4351720367586282,0.9976634203292393,0.0004819661234801871,-0.0014674565622525455,0.0002678076579281665,0.0014674565622525455,0.0002678076579281665,1673.8336905578492,85.90821024646903,2.0,22.681874999999998,237,0.5175999103189269,0.13621434073128882,0.5352233307536405,longevity,39
5.0,28.0,4.9,3.3600000000000003,6.36734693877551,9.727346938775511,-3.00734693877551,0.3826513837107855,2,True,True,True,True,9.798451984658048,0.04470600075472674,0.9925850607606085,0.0008281874404995746,-0.004421848892798871,0.00044257778034059654,0.004421848892798871,0.00044257778034059654,1318.4362087124562,42.77447194610096,2.0,24.356500000000004,39,0.14278411684162634,0.527154610621339,0.546149510227354,fast_charge,40
4.85,55.0,4.85,6.804123711340207,3.0927835051546393,9.896907216494846,3.7113402061855676,0.41152234714075303,5,True,True,True,True,9.968012262377382,0.04470600075472674,0.9956791554356073,0.0006372344882908448,-0.0026590087366355855,0.0003514107628631872,0.0026590087366355855,0.0003514107628631872,1440.8025548405858,61.7219432043443,2.0,23.522499999999994,120,0.3235400678502031,0.28384477806619757,0.4304021765046768,knee,40
4.75,60.0,4.8,7.578947368421052,2.5,10.078947368421051,5.078947368421052,0.32892325121282556,5,True,True,True,True,10.150052414303588,0.04470600075472674,0.9974929292139937,0.0005024823670460478,-0.0015925057386141335,0.0002860223044695778,0.0015925057386141335,0.0002860223044695778,1575.6364124809072,91.73070478684873,2.0,22.681874999999998,237,0.5175999103189269,0.13664444061023592,0.5353329527610322,longevity,40
5.0,28.0,4.9,3.3600000000000003,6.36734693877551,9.727346938775511,-3.00734693877551,0.3826513837107855,2,True,True,True,True,9.785588606928192,0.03565071078095644,0.9928895770725614,0.0007879844139824922,-0.00426306489636955,0.00042128755677574243,0.00426306489636955,0.00042128755677574243,1345.0245973038989,48.007337929412984,2.0,24.356500000000004,39,0.14278411684162634,0.5328088992344276,0.5516091253103467,fast_charge,41
4.85,55.0,4.85,6.804123711340207,3.0927835051546393,9.896907216494846,3.7113402061855676,0.41152234714075303,5,True,True,True,True,9.955148884647526,0.03565071078095644,0.9958052565734917,0.0006114874221878354,-0.002593218980398606,0.00033709771738029364,0.002593218980398606,0.00033709771738029364,1464.9536913359618,68.77985031723263,2.0,23.522499999999994,120,0.3235400678502031,0.28941322988741597,0.4340946822277144,knee,41
4.75,60.0,4.8,7.578947368421052,2.5,10.078947368421051,5.078947368421052,0.32892325121282556,5,True,True,True,True,10.137189036573732,0.03565071078095644,0.9975356932493765,0.0005303886965893523,-0.0015712364425827766,0.0003015612470279522,0.0015712364425827766,0.0003015612470279522,1596.659190485095,110.67943211259659,2.0,22.681874999999998,237,0.5175999103189269,0.1404497108743421,0.5363168731700015,longevity,41
5.0,28.0,4.9,3.3600000000000003,6.36734693877551,9.727346938775511,-3.00734693877551,0.3826513837107855,2,True,True,True,True,9.79026724698348,0.03215279183707869,0.9917537742339599,0.0007078317399103404,-0.004883955675938404,0.00033706019989987034,0.004883955675938404,0.00033706019989987034,1286.0598717709306,37.94539032394851,2.0,24.356500000000004,39,0.14278411684162634,0.5474664009515641,0.565779784185598,fast_charge,42
4.85,55.0,4.85,6.804123711340207,3.0927835051546393,9.896907216494846,3.7113402061855676,0.41152234714075303,5,True,True,True,True,9.959827524702815,0.03215279183707869,0.9949757118431682,0.0004968753204559328,-0.0030602835592912435,0.00024332991464192362,0.0030602835592912435,0.00024332991464192362,1386.2790908374186,47.124481467965076,2.0,23.522499999999994,120,0.3235400678502031,0.3040752562794465,0.44400443352057317,knee,42
4.75,60.0,4.8,7.578947368421052,2.5,10.078947368421051,5.078947368421052,0.32892325121282556,5,True,True,True,True,10.14186767662902,0.03215279183707869,0.9969508096327139,0.00043442087972473347,-0.0019104645552543312,0.00021883968664609092,0.0019104645552543312,0.00021883968664609092,1495.1991367126539,73.22311733885529,2.0,22.681874999999998,237,0.5175999103189269,0.15061797577179922,0.5390690510386916,longevity,42
5.0,28.0,4.9,3.3600000000000003,6.36734693877551,9.727346938775511,-3.00734693877551,0.3826513837107855,2,True,True,True,True,9.942869748064258,0.4357946472418345,0.9929564576990146,0.0013668986065721266,-0.004252225658281323,0.0006713245058871891,0.004252225658281323,0.0006713245058871891,1346.1529925382404,114.16845497201398,2.0,24.356500000000004,39,0.14278411684162634,0.6036567995938239,0.6203134979331832,fast_charge,43
4.85,64.0,4.8,7.917525773195877,2.0,9.917525773195877,5.917525773195877,0.26361189426846865,5,True,True,True,True,10.133048582484623,0.4357946472418345,0.9953138959745113,0.000429587854313541,-0.002859109432535521,0.00021322684001987975,0.002859109432535521,0.00021322684001987975,1430.306094306276,57.30276619256662,2.0,23.425999999999995,132,0.34552002020135525,0.34065991019170005,0.48521465226409033,knee,43
4.75,60.0,4.8,7.578947368421052,2.5,10.078947368421051,5.078947368421052,0.32892325121282556,5,True,True,True,True,10.294470177709798,0.4357946472418345,0.9966171645897499,0.0007626074503173518,-0.0020814850923944667,0.000381737218015633,0.0020814850923944667,0.000381737218015633,1501.3738961631464,147.91614025052237,2.0,22.681874999999998,237,0.5175999103189269,0.19385752658512698,0.5527118668672353,longevity,43
5.0,28.0,4.9,3.3600000000000003,6.36734693877551,9.727346938775511,-3.00734693877551,0.3826513837107855,2,True,True,True,True,9.979574425582873,0.4180813112388612,0.991684425792762,0.00043406304682787073,-0.004906962697349792,0.00020192501856558195,0.004906962697349792,0.00020192501856558195,1301.4031977139678,34.04252601273757,2.0,24.356500000000004,39,0.14278411684162634,0.5355424443325676,0.5542499559801015,fast_charge,44
4.85,55.0,4.85,6.804123711340207,3.0927835051546393,9.896907216494846,3.7113402061855676,0.41152234714075303,5,True,True,True,True,10.149134703302208,0.4180813112388612,0.9950610840370023,0.00032390658763692913,-0.0030015144860563872,0.0001551834461156478,0.0030015144860563872,0.0001551834461156478,1427.388954850778,46.911553333687735,2.0,23.522499999999994,120,0.3235400678502031,0.2921227500830372,0.4359058116389258,knee,44
4.75,60.0,4.8,7.578947368421052,2.5,10.078947368421051,5.078947368421052,0.32892325121282556,5,True,True,True,True,10.331174855228413,0.4180813112388612,0.9970787165673952,0.0002467919666569519,-0.0018288259801174332,0.00012179978164656943,0.0018288259801174332,0.00012179978164656943,1566.7206814382798,66.32820385689186,2.0,22.681874999999998,237,0.5175999103189269,0.14231260259451864,0.5368077346866256,longevity,44
5.0,28.0,4.9,3.3600000000000003,6.36734693877551,9.727346938775511,-3.00734693877551,0.3826513837107855,2,True,True,True,True,9.954177716033172,0.4309894752839936,0.9915647708231171,0.0008268214625620352,-0.004898146161939863,0.0003951316708616512,0.004898146161939863,0.0003951316708616512,1308.5931782807063,49.450864435521055,2.0,24.356500000000004,39,0.14278411684162634,0.5434586622084171,0.5619026797868164,fast_charge,45
4.85,55.0,4.85,6.804123711340207,3.0927835051546393,9.896907216494846,3.7113402061855676,0.41152234714075303,5,True,True,True,True,10.123737993752506,0.4309894752839936,0.9948660496732016,0.0005519852116427127,-0.003044488215531381,0.00026939238985288747,0.003044488215531381,0.00026939238985288747,1430.5522463469977,59.29715877499057,2.0,23.522499999999994,120,0.3235400678502031,0.30003369792615253,0.44124641119872665,knee,45
4.75,60.0,4.8,7.578947368421052,2.5,10.078947368421051,5.078947368421052,0.32892325121282556,5,True,True,True,True,10.305778145678712,0.4309894752839936,0.9968876141716453,0.00047067490364596695,-0.0018851953201193604,0.0002346276612623213,0.0018851953201193604,0.0002346276612623213,1564.9850998461197,91.24145473192824,2.0,22.681874999999998,237,0.5175999103189269,0.1477937271132381,0.5382867757396456,longevity,45
5.0,28.0,4.9,3.3600000000000003,6.36734693877551,9.727346938775511,-3.00734693877551,0.3826513837107855,2,True,True,True,True,9.77428063895928,0.00990450656939664,0.9944467561313514,0.00027803923630289945,-0.003389936257314834,0.00018272911966712903,0.003389936257314834,0.00018272911966712903,1409.2646465872895,41.41820654873059,2.0,24.356500000000004,39,0.14278411684162634,0.7209994375447567,0.7350016958906277,fast_charge,46
4.8,66.0,4.85,8.25,1.7319587628865982,9.981958762886599,6.518041237113402,0.23101197617849054,5,True,True,True,True,10.028892463070367,0.00990450656939664,0.9956095036192963,0.00031609817612765213,-0.00283630584634445,0.00021984587200796958,0.00283630584634445,0.00021984587200796958,1409.2646465872895,59.558028728052136,2.0,23.1244375,173,0.4142073712987067,0.4085709158696303,0.5818057577342572,knee,46
4.75,60.0,4.8,7.578947368421052,2.5,10.078947368421051,5.078947368421052,0.32892325121282556,5,True,True,True,True,10.12588106860482,0.00990450656939664,0.9959648205046069,0.00043368775558347484,-0.0026603379266865986,0.0003078279126266839,0.0026603379266865986,0.0003078279126266839,1409.2646465872895,88.90910759012577,2.0,22.681874999999998,237,0.5175999103189269,0.30926748904994467,0.6029560903958254,longevity,46
5.0,28.0,4.9,3.3600000000000003,6.36734693877551,9.727346938775511,-3.00734693877551,0.3826513837107855,2,True,True,True,True,9.78871183722254,0.032944506342520545,0.9917849288089714,0.0009022551809016393,-0.004786225573783968,0.00043627925490495205,0.004786225573783968,0.00043627925490495205,1313.7127107312829,50.26692189252161,2.0,24.356500000000004,39,0.14278411684162634,0.5538841766572726,0.5719921198526672,fast_charge,47
4.85,55.0,4.85,6.804123711340207,3.0927835051546393,9.896907216494846,3.7113402061855676,0.41152234714075303,5,True,True,True,True,9.958272114941874,0.032944506342520545,0.9948663987932083,0.0007022118534157692,-0.0030379606660499285,0.000344890729506616,0.0030379606660499285,0.000344890729506616,1417.030117375825,67.52878648094041,2.0,23.522499999999994,120,0.3235400678502031,0.31059835203426595,0.4484969473596402,knee,47
4.75,60.0,4.8,7.578947368421052,2.5,10.078947368421051,5.078947368421052,0.32892325121282556,5,True,True,True,True,10.14031226686808,0.032944506342520545,0.9968039694729265,0.0006396241951994357,-0.0019213344377754275,0.00031913194445260917,0.0019213344377754275,0.00031913194445260917,1529.3924298870666,106.63425465634927,2.0,22.681874999999998,237,0.5175999103189269,0.15521038334618953,0.5403701789150029,longevity,47
5.0,28.0,4.9,3.3600000000000003,6.36734693877551,9.727346938775511,-3.00734693877551,0.3826513837107855,2,True,True,True,True,9.950315985211837,0.43329677445953463,0.9932513534084286,0.0005241800450110719,-0.004085743652805891,0.00030822130278332377,0.004085743652805891,0.00030822130278332377,1379.728754094022,40.12348472699994,2.0,24.356500000000004,39,0.14278411684162634,0.5232859799414252,0.5424163721952914,fast_charge,48
4.85,55.0,4.85,6.804123711340207,3.0927835051546393,9.896907216494846,3.7113402061855676,0.41152234714075303,5,True,True,True,True,10.119876262931172,0.43329677445953463,0.9961116939084877,0.00037018058251441264,-0.0024375441534712715,0.00022538936457709827,0.0024375441534712715,0.00022538936457709827,1528.2948578520495,54.4755309722309,2.0,23.522499999999994,120,0.3235400678502031,0.2800629349013696,0.4279175423023492,knee,48
4.75,60.0,4.8,7.578947368421052,2.5,10.078947368421051,5.078947368421052,0.32892325121282556,5,True,True,True,True,10.301916414857377,0.43329677445953463,0.997769500911312,0.000305991122245387,-0.0014482780886968052,0.00019296852431380978,0.0014482780886968052,0.00019296852431380978,1694.2340004839057,87.02044517566628,2.0,22.681874999999998,237,0.5175999103189269,0.13407799513747926,0.5346836222872804,longevity,48
5.0,28.0,4.9,3.3600000000000003,6.36734693877551,9.727346938775511,-3.00734693877551,0.3826513837107855,2,True,True,True,True,9.787144016689135,0.0351146241903987,0.9928283241973319,0.000603417241210745,-0.004367335743248915,0.0003707419375085814,0.004367335743248915,0.0003707419375085814,1315.140310846118,40.258112394077955,2.0,24.356500000000004,39,0.14278411684162634,0.5338859355444373,0.552649523834412,fast_charge,49
4.85,55.0,4.85,6.804123711340207,3.0927835051546393,9.896907216494846,3.7113402061855676,0.41152234714075303,5,True,True,True,True,9.95670429440847,0.0351146241903987,0.9958027322840919,0.0004286154380959116,-0.002662466321834723,0.00027431106796965037,0.002662466321834723,0.00027431106796965037,1425.1131171831203,52.94619180051428,2.0,23.522499999999994,120,0.3235400678502031,0.2904794401588359,0.4348062564631571,knee,49
4.75,60.0,4.8,7.578947368421052,2.5,10.078947368421051,5.078947368421052,0.32892325121282556,5,True,True,True,True,10.138744446334675,0.0351146241903987,0.9975539542698286,0.00036363303027171957,-0.0016167553948753036,0.00024249408016586705,0.0016167553948753036,0.00024249408016586705,1545.2673829961948,83.576974006889,2.0,22.681874999999998,237,0.5175999103189269,0.1411818876773763,0.5365090796718248,longevity,49
5.0,28.0,4.9,3.3600000000000003,6.36734693877551,9.727346938775511,-3.00734693877551,0.3826513837107855,2,True,True,True,True,10.118905094316816,0.5426486634308739,0.9919568434265401,0.0007672567413882855,-0.0047135532066316845,0.0003695034120266978,0.0047135532066316845,0.0003695034120266978,1337.0778800038404,50.159900687239976,2.0,24.356500000000004,39,0.14278411684162634,0.5344595895258902,0.5532037209368953,fast_charge,50
4.85,55.0,4.85,6.804123711340207,3.0927835051546393,9.896907216494846,3.7113402061855676,0.41152234714075303,5,True,True,True,True,10.28846537203615,0.5426486634308739,0.9952144830987671,0.00047606759400768803,-0.002876880380115115,0.00023518922411868735,0.002876880380115115,0.00023518922411868735,1477.4361198773645,57.80085356324218,2.0,23.522499999999994,120,0.3235400678502031,0.2910480497545355,0.4351863310932831,knee,50
4.75,60.0,4.8,7.578947368421052,2.5,10.078947368421051,5.078947368421052,0.32892325121282556,5,True,True,True,True,10.470505523962355,0.5426486634308739,0.9971644330076149,0.0003859473859865494,-0.0017490082828832548,0.00019563020368167043,0.0017490082828832548,0.00019563020368167043,1633.8233309396792,87.45387530349358,2.0,22.681874999999998,237,0.5175999103189269,0.1415728248321738,0.5366120869800852,longevity,50
5.0,28.0,4.9,3.3600000000000003,6.36734693877551,9.727346938775511,-3.00734693877551,0.3826513837107855,2,True,True,True,True,9.935397923624631,0.43988052522914517,0.9943964675206002,0.0007719967390357048,-0.0034084426868967533,0.000421459887373472,0.0034084426868967533,0.000421459887373472,1396.1827873848513,71.60630171747752,2.0,24.356500000000004,39,0.14278411684162634,0.6711035397636219,0.6861248174388582,fast_charge,51
4.8,54.0,4.85,6.750000000000002,3.2164948453608253,9.966494845360828,3.5335051546391765,0.42704111562382635,5,True,True,True,True,10.174545830209947,0.43988052522914517,0.9959240576498153,0.0005828889351736834,-0.002501933282022104,0.00032112948414777316,0.002501933282022104,0.00032112948414777316,1491.5809186692215,79.40721960112111,2.0,23.196812499999997,161,0.3977224070353445,0.36424059910756934,0.5393091201678581,knee,51
4.75,60.0,4.8,7.578947368421052,2.5,10.078947368421051,5.078947368421052,0.32892325121282556,5,True,True,True,True,10.286998353270171,0.43988052522914517,0.996461266335544,0.0008141708100611581,-0.002180977004270439,0.00045036581242633946,0.002180977004270439,0.00045036581242633946,1536.0046542845862,131.55748855156216,2.0,22.681874999999998,237,0.5175999103189269,0.2555935330282983,0.5772674607909656,longevity,51
5.0,28.0,4.9,3.3600000000000003,6.36734693877551,9.727346938775511,-3.00734693877551,0.3826513837107855,2,True,True,True,True,10.111841724494166,0.5489519385101453,0.993464848563544,0.0005326476802004805,-0.00392471778816197,0.00029839253262956683,0.00392471778816197,0.00029839253262956683,1396.518862414407,13.867401595388504,2.0,24.356500000000004,39,0.14278411684162634,0.5212506309969522,0.5404530732052174,fast_charge,52
4.85,58.0,4.9,7.175257731958763,2.6938775510204076,9.86913528297917,4.4813801809383556,0.36542463657722224,5,True,True,True,True,10.253630068697825,0.5489519385101453,0.9958870935448673,0.00036788094469519285,-0.0025352929277815237,0.00021153475839991745,0.0025352929277815237,0.00021153475839991745,1534.257282196621,16.71939495535802,2.0,23.6565625,108,0.2939344177445688,0.3091558706445207,0.4265850375819695,knee,52
4.75,60.0,4.8,7.578947368421052,2.5,10.078947368421051,5.078947368421052,0.32892325121282556,5,True,True,True,True,10.463442154139706,0.5489519385101453,0.9978417560538524,0.00028444138912916294,-0.0013795976359679963,0.0001696054618222129,0.0013795976359679963,0.0001696054618222129,1748.9813637546833,28.082860592720507,2.0,22.681874999999998,237,0.5175999103189269,0.13273977003544807,0.5343496174895467,longevity,52
5.0,28.0,4.9,3.3600000000000003,6.36734693877551,9.727346938775511,-3.00734693877551,0.3826513837107855,2,True,True,True,True,9.96391786346868,0.426793345843687,0.9922995898664594,0.0007465773849960665,-0.0045644521113276555,0.00040020506864536407,0.0045644521113276555,0.00040020506864536407,1316.4900193617075,36.71980262113006,2.0,24.356500000000004,39,0.14278411684162634,0.5293231109268227,0.5482428839332916,fast_charge,53
4.85,55.0,4.85,6.804123711340207,3.0927835051546393,9.896907216494846,3.7113402061855676,0.41152234714075303,5,True,True,True,True,10.133478141188014,0.426793345843687,0.9954876099747982,0.0005343859678905323,-0.002756926215967003,0.00029526129123896307,0.002756926215967003,0.00029526129123896307,1447.7282832386322,49.32388401750518,2.0,23.522499999999994,120,0.3235400678502031,0.28597460025001803,0.43180973529168104,knee,53
4.75,60.0,4.8,7.578947368421052,2.5,10.078947368421051,5.078947368421052,0.32892325121282556,5,True,True,True,True,10.31551829311422,0.426793345843687,0.997366971094871,0.0004132846513988903,-0.0016585259190220795,0.00023542298892008295,0.0016585259190220795,0.00023542298892008295,1593.2516509617062,71.9448681104692,2.0,22.681874999999998,237,0.5175999103189269,0.13809617866028215,0.5357053497238325,longevity,53
5.0,28.0,4.9,3.3600000000000003,6.36734693877551,9.727346938775511,-3.00734693877551,0.3826513837107855,2,True,True,True,True,9.798451984658048,0.04470600075472674,0.9925850607606085,0.0008281874404995599,-0.004421848892798895,0.00044257778034060874,0.004421848892798895,0.00044257778034060874,1318.4362087124584,42.77447194610217,2.0,24.356500000000004,39,0.14278411684162634,0.5271546106213382,0.5461495102273533,fast_charge,54
4.85,55.0,4.85,6.804123711340207,3.0927835051546393,9.896907216494846,3.7113402061855676,0.41152234714075303,5,True,True,True,True,9.968012262377382,0.04470600075472674,0.9956791554356073,0.0006372344882908578,-0.002659008736635595,0.0003514107628631974,0.002659008736635595,0.0003514107628631974,1440.8025548405883,61.721943204346275,2.0,23.522499999999994,120,0.3235400678502031,0.2838447780661967,0.43040217650467627,knee,54
4.75,60.0,4.8,7.578947368421052,2.5,10.078947368421051,5.078947368421052,0.32892325121282556,5,True,True,True,True,10.150052414303588,0.04470600075472674,0.9974929292139937,0.0005024823670460579,-0.0015925057386141364,0.00028602230446958424,0.0015925057386141364,0.00028602230446958424,1575.636412480913,91.73070478685055,2.0,22.681874999999998,237,0.5175999103189269,0.13664444061023526,0.535332952761032,longevity,54
5.0,28.0,4.9,3.3600000000000003,6.36734693877551,9.727346938775511,-3.00734693877551,0.3826513837107855,2,True,True,True,True,10.284779427744425,0.5705929096644882,0.9919055420197915,0.00048810142093741086,-0.004783392574951648,0.00023863478792727642,0.004783392574951648,0.00023863478792727642,1326.6245308516204,44.48298177915696,2.0,24.356500000000004,39,0.14278411684162634,0.5260262085680035,0.5450604334591458,fast_charge,55
4.85,55.0,4.85,6.804123711340207,3.0927835051546393,9.896907216494846,3.7113402061855676,0.41152234714075303,5,True,True,True,True,10.45433970546376,0.5705929096644882,0.9952907875892028,0.0002677941699783086,-0.002869797169144369,0.00013501420755618852,0.002869797169144369,0.00013501420755618852,1476.1118117480717,46.676218257956315,2.0,23.522499999999994,120,0.3235400678502031,0.2827393358569041,0.4296739549301508,knee,55
4.75,60.0,4.8,7.578947368421052,2.5,10.078947368421051,5.078947368421052,0.32892325121282556,5,True,True,True,True,10.636379857389965,0.5705929096644882,0.9972720266214901,0.0002017814919147542,-0.001714761824756216,0.00010493501721767025,0.001714761824756216,0.00010493501721767025,1643.8373496869394,67.61197359472273,2.0,22.681874999999998,237,0.5175999103189269,0.13589275796786734,0.5351415783045405,longevity,55
5.0,28.0,4.9,3.3600000000000003,6.36734693877551,9.727346938775511,-3.00734693877551,0.3826513837107855,2,True,True,True,True,9.799598939802014,0.04391047001674884,0.9921734291348161,0.0007675841603575719,-0.004672419013249584,0.0004179220232694813,0.004672419013249584,0.0004179220232694813,1280.590271430595,26.664370231587103,2.0,24.356500000000004,39,0.14278411684162634,0.5344904877920271,0.5532335723384856,fast_charge,56
4.85,55.0,4.85,6.804123711340207,3.0927835051546393,9.896907216494846,3.7113402061855676,0.41152234714075303,5,True,True,True,True,9.969159217521348,0.04391047001674884,0.9953785683418404,0.0005736992598119738,-0.0028519533234193607,0.0003228859598172055,0.0028519533234193607,0.0003228859598172055,1389.1709103459102,36.61255906438709,2.0,23.522499999999994,120,0.3235400678502031,0.2910786905591008,0.43520682393790056,knee,56
4.75,60.0,4.8,7.578947368421052,2.5,10.078947368421051,5.078947368421052,0.32892325121282556,5,True,True,True,True,10.151199369447554,0.04391047001674884,0.9972825342314109,0.0004536139985532419,-0.0017339634215706658,0.00026397408369916754,0.0017339634215706658,0.00026397408369916754,1507.9326152971976,53.44055397185769,2.0,22.681874999999998,237,0.5175999103189269,0.14159390058613913,0.5366176477207572,longevity,56
5.0,28.0,4.9,3.3600000000000003,6.36734693877551,9.727346938775511,-3.00734693877551,0.3826513837107855,2,True,True,True,True,9.780002238159518,0.03931109873829415,0.9931855974550327,0.0008751328779974514,-0.004068327957861614,0.00048107093506938287,0.004068327957861614,0.00048107093506938287,1324.9145180747232,36.36722098626412,2.0,24.356500000000004,39,0.14278411684162634,0.5270339033374476,0.54603300201485,fast_charge,57
4.85,55.0,4.85,6.804123711340207,3.0927835051546393,9.896907216494846,3.7113402061855676,0.41152234714075303,5,True,True,True,True,9.949562515878853,0.03931109873829415,0.9960269770364095,0.000657654716471495,-0.0024458218387025566,0.00037277658949870133,0.0024458218387025566,0.00037277658949870133,1443.2666743513155,51.06219605696719,2.0,23.522499999999994,120,0.3235400678502031,0.28372643421220156,0.43032413942897135,knee,57
4.75,60.0,4.8,7.578947368421052,2.5,10.078947368421051,5.078947368421052,0.32892325121282556,5,True,True,True,True,10.131602667805058,0.03931109873829415,0.9976935018203041,0.0005636052101909429,-0.0014644623357409332,0.0003294936414584944,0.0014644623357409332,0.0003294936414584944,1573.2599391137667,82.16718497159157,2.0,22.681874999999998,237,0.5175999103189269,0.13656390943148933,0.5353124027344903,longevity,57
5.0,28.0,4.9,3.3600000000000003,6.36734693877551,9.727346938775511,-3.00734693877551,0.3826513837107855,2,True,True,True,True,9.786735562072158,0.03523899063699784,0.9925533890069812,0.0007890447525293873,-0.004466251130913805,0.0004295879796449087,0.004466251130913805,0.0004295879796449087,1311.470227509847,41.665942658533375,2.0,24.356500000000004,39,0.14278411684162634,0.5392761156147041,0.5578584344569211,fast_charge,58
4.85,55.0,4.85,6.804123711340207,3.0927835051546393,9.896907216494846,3.7113402061855676,0.41152234714075303,5,True,True,True,True,9.956295839791492,0.03523899063699784,0.9955590708551094,0.0005740644321330581,-0.0027526798286377978,0.0003230044524284754,0.0027526798286377978,0.0003230044524284754,1419.421679531187,55.01460979336698,2.0,23.522499999999994,120,0.3235400678502031,0.29584201938929605,0.4384069752420126,knee,58
4.75,60.0,4.8,7.578947368421052,2.5,10.078947368421051,5.078947368421052,0.32892325121282556,5,True,True,True,True,10.138335991717698,0.03523899063699784,0.9973624190756518,0.0004971444893038294,-0.0016900463180736954,0.00028916215758268115,0.0016900463180736954,0.00028916215758268115,1537.224581047671,86.87482927947487,2.0,22.681874999999998,237,0.5175999103189269,0.1448817249916143,0.537494540808283,longevity,58
5.0,28.0,4.9,3.3600000000000003,6.36734693877551,9.727346938775511,-3.00734693877551,0.3826513837107855,2,True,True,True,True,9.794511845129746,0.048012401063729525,0.9932363353881832,0.0008585902754631282,-0.004015742416367463,0.000447564315460926,0.004015742416367463,0.000447564315460926,1352.7639704241549,42.14801859514503,2.0,24.356500000000004,39,0.14278411684162634,0.5094579025017043,0.5290885166431788,fast_charge,59
4.85,58.0,4.9,7.175257731958763,2.6938775510204076,9.86913528297917,4.4813801809383556,0.36542463657722224,5,True,True,True,True,9.936300189333405,0.048012401063729525,0.9958207614619212,0.0006892840677539748,-0.0025417116596740366,0.00036805529083259455,0.0025417116596740366,0.00036805529083259455,1470.4893736775432,59.527028650157696,2.0,23.6565625,108,0.2939344177445688,0.2974014901921043,0.4181448173818767,knee,59
4.75,60.0,4.8,7.578947368421052,2.5,10.078947368421051,5.078947368421052,0.32892325121282556,5,True,True,True,True,10.146112274775286,0.048012401063729525,0.9978623376754523,0.0005104124477630365,-0.0013443542444510237,0.00028182634003588356,0.0013443542444510237,0.00028182634003588356,1651.6847899958898,96.79670141104647,2.0,22.681874999999998,237,0.5175999103189269,0.12514774543710497,0.5325144367527999,longevity,59
5.0,28.0,4.9,3.3600000000000003,6.36734693877551,9.727346938775511,-3.00734693877551,0.3826513837107855,2,True,True,True,True,9.770340499430977,0.011747155988327233,0.994625240235924,0.0003053453495365361,-0.00327278124899037,0.00020017328652375936,0.00327278124899037,0.00020017328652375936,1420.0344794727407,34.22430151595288,2.0,24.356500000000004,39,0.14278411684162634,0.7331570204413635,0.7469314029043772,fast_charge,60
4.8,71.0,4.85,8.875,1.1134020618556701,9.98840206185567,7.76159793814433,0.14986948528374183,5,True,True,True,True,10.031395622511136,0.011747155988327233,0.9956204064220437,0.0004874595078533868,-0.0028338954656133234,0.00033958261664881264,0.0028338954656133234,0.00033958261664881264,1420.0344794727407,67.05128050025154,2.0,23.094281249999998,178,0.42107610640844034,0.4172616066489669,0.5928004181605891,knee,60
4.75,60.0,4.8,7.578947368421052,2.5,10.078947368421051,5.078947368421052,0.32892325121282556,5,True,True,True,True,10.121940929076517,0.011747155988327233,0.9959038188247635,0.0006442552004834511,-0.0027036613607402467,0.00045781282918976095,0.0027036613607402467,0.00045781282918976095,1420.0344794727407,94.75041400336406,2.0,22.681874999999998,237,0.5175999103189269,0.32352342234915954,0.6103909173395963,longevity,60
5.0,28.0,4.9,3.3600000000000003,6.36734693877551,9.727346938775511,-3.00734693877551,0.3826513837107855,2,True,True,True,True,9.786327107455179,0.03535631417029136,0.9922657354120892,0.0009241935213812802,-0.004568152284845015,0.0004772241368730265,0.004568152284845015,0.0004772241368730265,1307.787134206646,42.90045832170945,2.0,24.356500000000004,39,0.14278411684162634,0.5449105131549203,0.5633069956684382,fast_charge,61
4.85,55.0,4.85,6.804123711340207,3.0927835051546393,9.896907216494846,3.7113402061855676,0.41152234714075303,5,True,True,True,True,9.955887385174513,0.03535631417029136,0.9952963232786102,0.0006892659715098116,-0.002847703318974142,0.00036482286321314023,0.002847703318974142,0.00036482286321314023,1413.6523103713894,56.86865499301605,2.0,23.522499999999994,120,0.3235400678502031,0.3014949651227994,0.4422413249560833,knee,61
4.75,60.0,4.8,7.578947368421052,2.5,10.078947368421051,5.078947368421052,0.32892325121282556,5,True,True,True,True,10.137927537100719,0.03535631417029136,0.9971506865705363,0.0006097747355823008,-0.0017685547522309458,0.0003308915253888574,0.0017685547522309458,0.0003308915253888574,1529.0324182432016,89.83113183153212,2.0,22.681874999999998,237,0.5175999103189269,0.1488129937346471,0.5385675206196798,longevity,61
5.0,28.0,4.9,3.3600000000000003,6.36734693877551,9.727346938775511,-3.00734693877551,0.3826513837107855,2,True,True,True,True,10.280100787689136,0.57644743412259,0.9930938515285348,0.0005054833106378915,-0.0041346796671434555,0.0002786492138499035,0.0041346796671434555,0.0002786492138499035,1395.806101454499,14.411583379958152,2.0,24.356500000000004,39,0.14278411684162634,0.5263378988821883,0.5453612452512187,fast_charge,62
4.85,55.0,4.85,6.804123711340207,3.0927835051546393,9.896907216494846,3.7113402061855676,0.41152234714075303,5,True,True,True,True,10.44966106540847,0.57644743412259,0.9959769543838829,0.00030720802825643257,-0.0024821815740315575,0.00017452441649742936,0.0024821815740315575,0.00017452441649742936,1559.8545293870616,16.802635185227473,2.0,23.522499999999994,120,0.3235400678502031,0.28304449029311274,0.429874817813049,knee,62
4.75,60.0,4.8,7.578947368421052,2.5,10.078947368421051,5.078947368421052,0.32892325121282556,5,True,True,True,True,10.631701217334676,0.57644743412259,0.9976664893845213,0.00024095371590379365,-0.0014841057528995319,0.00014110218507550992,0.0014841057528995319,0.00014110218507550992,1744.7228812041424,25.413588874092746,2.0,22.681874999999998,237,0.5175999103189269,0.13610013400869778,0.5351942765382929,longevity,62
5.0,28.0,4.9,3.3600000000000003,6.36734693877551,9.727346938775511,-3.00734693877551,0.3826513837107855,2,True,True,True,True,9.937044152865004,0.4389405997802244,0.9940899223630264,0.0006279519422682855,-0.0036093138906428362,0.0003295325215453612,0.0036093138906428362,0.0003295325215453612,1435.6279709349624,55.04041881722075,2.0,24.356500000000004,39,0.14278411684162634,0.636809466898352,0.6526205644580981,fast_charge,63
4.85,54.0,4.8,6.680412371134023,3.2500000000000004,9.930412371134024,3.430412371134022,0.42704111562382635,5,True,True,True,True,10.140109585223517,0.4389405997802244,0.9957815020886811,0.0005270720250936192,-0.002556125247260943,0.0002744319453950764,0.002556125247260943,0.0002744319453950764,1515.1223647591657,68.30719209969034,2.0,23.365687499999996,142,0.3592574904208282,0.3633830984721731,0.5109923880829425,knee,63
4.75,60.0,4.8,7.578947368421052,2.5,10.078947368421051,5.078947368421052,0.32892325121282556,5,True,True,True,True,10.288644582510544,0.4389405997802244,0.9966573184635973,0.0007554940652807479,-0.0020145025466489375,0.00039124092938544805,0.0020145025466489375,0.00039124092938544805,1572.5385361249757,128.2460353635589,2.0,22.681874999999998,237,0.5175999103189269,0.22276828172863522,0.5635027724035524,longevity,63
5.0,28.0,4.9,3.3600000000000003,6.36734693877551,9.727346938775511,-3.00734693877551,0.3826513837107855,2,True,True,True,True,9.944321161826185,0.4367906800093627,0.993271782750121,0.0008410334099739173,-0.00399371420363547,0.0004468311680255339,0.00399371420363547,0.0004468311680255339,1354.3923876357003,34.87427598071489,2.0,24.356500000000004,39,0.14278411684162634,0.5249467735390517,0.5440187672050512,fast_charge,64
4.85,55.0,4.85,6.804123711340207,3.0927835051546393,9.896907216494846,3.7113402061855676,0.41152234714075303,5,True,True,True,True,10.11388143954552,0.4367906800093627,0.9960808647926923,0.0005918729140067842,-0.002390749463723028,0.00032316589377313736,0.002390749463723028,0.00032316589377313736,1499.4357798779602,46.645907054016476,2.0,23.522499999999994,120,0.3235400678502031,0.28168367903911096,0.4289800351316165,knee,64
4.75,60.0,4.8,7.578947368421052,2.5,10.078947368421051,5.078947368421052,0.32892325121282556,5,True,True,True,True,10.295921591471725,0.4367906800093627,0.997726913116108,0.0004949748452630942,-0.0014253481821024988,0.0002778057896948665,0.0014253481821024988,0.0002778057896948665,1661.3541190405106,74.52067133014178,2.0,22.681874999999998,237,0.5175999103189269,0.13517608760322783,0.5349600375933484,longevity,64
5.0,28.0,4.9,3.3600000000000003,6.36734693877551,9.727346938775511,-3.00734693877551,0.3826513837107855,2,True,True,True,True,10.119313548933793,0.5422904470787325,0.9922375705755969,0.0006196884532012385,-0.004614945161164123,0.00031201609501979154,0.004614945161164123,0.00031201609501979154,1340.543557901359,47.98890252786833,2.0,24.356500000000004,39,0.14278411684162634,0.5318326844400074,0.550666240349731,fast_charge,65
4.85,55.0,4.85,6.804123711340207,3.0927835051546393,9.896907216494846,3.7113402061855676,0.41152234714075303,5,True,True,True,True,10.288873826653127,0.5422904470787325,0.9954244821849244,0.0003794841690410717,-0.002801701161776128,0.00019679313119838986,0.002801701161776128,0.00019679313119838986,1481.7404456131087,55.10737152446404,2.0,23.522499999999994,120,0.3235400678502031,0.28844835538374886,0.4334519918377392,knee,65
4.75,60.0,4.8,7.578947368421052,2.5,10.078947368421051,5.078947368421052,0.32892325121282556,5,True,True,True,True,10.470913978579333,0.5422904470787325,0.9973142887766736,0.00030420737411737474,-0.0016941635453568836,0.00016251762572085557,0.0016941635453568836,0.00016251762572085557,1639.1127173379814,83.25367089993597,2.0,22.681874999999998,237,0.5175999103189269,0.13978810901439853,0.5361439942627191,longevity,65
5.0,28.0,4.9,3.3600000000000003,6.36734693877551,9.727346938775511,-3.00734693877551,0.3826513837107855,2,True,True,True,True,10.132176926663648,0.5317768877582475,0.99185651572707,0.00043402001687883575,-0.0048111365621668085,0.00020942416246161848,0.0048111365621668085,0.00020942416246161848,1320.7664582396258,38.107539997673776,2.0,24.356500000000004,39,0.14278411684162634,0.5305517953273918,0.5494292598209181,fast_charge,66
4.85,55.0,4.85,6.804123711340207,3.0927835051546393,9.896907216494846,3.7113402061855676,0.41152234714075303,5,True,True,True,True,10.301737204382983,0.5317768877582475,0.9952152361519268,0.00029212455396625893,-0.00291320470869044,0.00014526405489734615,0.00291320470869044,0.00014526405489734615,1459.6061647378212,48.24236926861423,2.0,23.522499999999994,120,0.3235400678502031,0.2871845489335716,0.43261199781177245,knee,66
4.75,60.0,4.8,7.578947368421052,2.5,10.078947368421051,5.078947368421052,0.32892325121282556,5,True,True,True,True,10.483777356309188,0.5317768877582475,0.9972005277218985,0.00022073216820368138,-0.0017569669296806343,0.00011314429235776544,0.0017569669296806343,0.00011314429235776544,1614.322045640774,68.90726634333215,2.0,22.681874999999998,237,0.5175999103189269,0.138922953587716,0.5359190742973196,longevity,66
5.2,58.0,4.55,6.692307692307692,2.901098901098901,9.593406593406593,3.7912087912087906,0.301438246295025,1,True,True,True,True,9.639523384356405,0.009257881848781659,0.9944528286422147,0.001340394636635529,-0.0033491453237710317,0.0006400935000619994,0.0033491453237710317,0.0006400935000619994,1399.1084247062754,127.17402229887331,2.0,25.297187500000003,1,0.0,0.0,0.0,fast_charge,67
5.2,58.0,4.55,6.692307692307692,2.901098901098901,9.593406593406593,3.7912087912087906,0.301438246295025,1,True,True,True,True,9.639523384356405,0.009257881848781659,0.9944528286422147,0.001340394636635529,-0.0033491453237710317,0.0006400935000619994,0.0033491453237710317,0.0006400935000619994,1399.1084247062754,127.17402229887331,2.0,25.297187500000003,1,0.0,0.0,0.0,knee,67
5.2,58.0,4.55,6.692307692307692,2.901098901098901,9.593406593406593,3.7912087912087906,0.301438246295025,1,True,True,True,True,9.639523384356405,0.009257881848781659,0.9944528286422147,0.001340394636635529,-0.0033491453237710317,0.0006400935000619994,0.0033491453237710317,0.0006400935000619994,1399.1084247062754,127.17402229887331,2.0,25.297187500000003,1,0.0,0.0,0.0,longevity,67
5.0,28.0,4.9,3.3600000000000003,6.36734693877551,9.727346938775511,-3.00734693877551,0.3826513837107855,2,True,True,True,True,9.943608248591245,0.43539734055393164,0.9864164187822694,0.002994867137763104,-0.007498294976704434,0.0009344150623784065,0.007498294976704434,0.0009344150623784065,987.4333452266293,4.225790565071529,2.0,24.356500000000004,39,0.14278411684162634,0.37671975175511996,0.4028710406379223,fast_charge,68
4.9,57.0,4.85,6.979591836734692,2.8453608247422686,9.82495266147696,4.134231011992424,0.3816132705554592,5,True,True,True,True,10.041213971292693,0.43539734055393164,0.9920948573462045,0.0008494452843316887,-0.00457910199067712,0.00027811220450031063,0.00457910199067712,0.00027811220450031063,1193.7697008398263,2.489907156746397,2.0,23.86984375,82,0.24683451984924085,0.22451192404307577,0.33366582717852467,knee,68
4.75,60.0,4.8,7.578947368421052,2.5,10.078947368421051,5.078947368421052,0.32892325121282556,5,True,True,True,True,10.295208678236785,0.43539734055393164,0.9978913732154385,0.00042261011543419776,-0.0013738634816166724,0.00015563159974156917,0.0013738634816166724,0.00015563159974156917,1897.1296970526998,7.380301347166145,2.0,22.681874999999998,237,0.5175999103189269,0.0573895744422683,0.5207717642276949,longevity,68
5.0,28.0,4.9,3.3600000000000003,6.36734693877551,9.727346938775511,-3.00734693877551,0.3826513837107855,2,True,True,True,True,10.120460504077757,0.5412744157687961,0.9918281382069032,0.00046299400370480105,-0.004855850704196481,0.00022614981419038233,0.004855850704196481,0.00022614981419038233,1303.305012347376,43.346041493282236,2.0,24.356500000000004,39,0.14278411684162634,0.5292244584830759,0.5481476365715245,fast_charge,69
4.85,55.0,4.85,6.804123711340207,3.0927835051546393,9.896907216494846,3.7113402061855676,0.41152234714075303,5,True,True,True,True,10.290020781797091,0.5412744157687961,0.9952193401327846,0.0002649417493081539,-0.0029323412335111793,0.00013358374576786285,0.0029323412335111793,0.00013358374576786285,1441.0913232960543,46.88167074748476,2.0,23.522499999999994,120,0.3235400678502031,0.2858775518721736,0.43174546919329837,knee,69
4.75,60.0,4.8,7.578947368421052,2.5,10.078947368421051,5.078947368421052,0.32892325121282556,5,True,True,True,True,10.472060933723297,0.5412744157687961,0.9972151286681129,0.0002065247159669399,-0.0017636955819805616,0.00010751451056978842,0.0017636955819805616,0.00010751451056978842,1594.7170775075479,69.42239104259363,2.0,22.681874999999998,237,0.5175999103189269,0.13802992826627689,0.5356882752677669,longevity,69
5.0,28.0,4.9,3.3600000000000003,6.36734693877551,9.727346938775511,-3.00734693877551,0.3826513837107855,2,True,True,True,True,9.959239223413391,0.42972617753224557,0.9936281223116686,0.00048704565881613595,-0.003834021210961475,0.00027410871918905245,0.003834021210961475,0.00027410871918905245,1398.6270165762692,14.189048602657858,2.0,24.356500000000004,39,0.14278411684162634,0.502301043479211,0.5222007681941376,fast_charge,70
4.85,58.0,4.9,7.175257731958763,2.6938775510204076,9.86913528297917,4.4813801809383556,0.36542463657722224,5,True,True,True,True,10.10102756761705,0.42972617753224557,0.9961308176969617,0.0003695078247288947,-0.0023965797232896055,0.0002140732588768883,0.0023965797232896055,0.0002140732588768883,1540.569781666454,19.526973593080466,2.0,23.6565625,108,0.2939344177445688,0.29035813404181704,0.41316496455905416,knee,70
4.75,60.0,4.8,7.578947368421052,2.5,10.078947368421051,5.078947368421052,0.32892325121282556,5,True,True,True,True,10.310839653058931,0.42972617753224557,0.9980683478210655,0.0002620714772815699,-0.0012457403036355622,0.00015808273355320872,0.0012457403036355622,0.00015808273355320872,1762.5410753546096,31.737973458806547,2.0,22.681874999999998,237,0.5175999103189269,0.12067313678201985,0.5314806422655234,longevity,70
5.0,28.0,4.9,3.3600000000000003,6.36734693877551,9.727346938775511,-3.00734693877551,0.3826513837107855,2,True,True,True,True,9.931866238713306,0.4417442893943093,0.9946587175059648,0.00036029936225979455,-0.003259926558310196,0.0002424810596079514,0.003259926558310196,0.0002424810596079514,1406.1957177874317,48.89422224512218,2.0,24.356500000000004,39,0.14278411684162634,0.6550284200949805,0.6704099754287443,fast_charge,71
4.85,54.0,4.8,6.680412371134023,3.2500000000000004,9.930412371134024,3.430412371134022,0.42704111562382635,5,True,True,True,True,10.134931671071818,0.4417442893943093,0.9961412854335441,0.00027756458286133195,-0.002409710133525988,0.0001911341363606624,0.002409710133525988,0.0001911341363606624,1518.4744282401716,56.30185491077385,2.0,23.365687499999996,142,0.3592574904208282,0.38427813144969875,0.5260566763514587,knee,71
4.75,60.0,4.8,7.578947368421052,2.5,10.078947368421051,5.078947368421052,0.32892325121282556,5,True,True,True,True,10.283466668358846,0.4417442893943093,0.9969168758433324,0.0004135169732490804,-0.00195608178190499,0.0002892953107468001,0.00195608178190499,0.0002892953107468001,1601.150581326811,110.69508277365941,2.0,22.681874999999998,237,0.5175999103189269,0.23982078675626828,0.5704591807680517,longevity,71
5.0,28.0,4.9,3.3600000000000003,6.36734693877551,9.727346938775511,-3.00734693877551,0.3826513837107855,2,True,True,True,True,9.954586170650149,0.4307570999044321,0.991860841514073,0.0007430764379151209,-0.004795083326855306,0.00035999536702171196,0.004795083326855306,0.00035999536702171196,1312.0198218960368,48.15755196459999,2.0,24.356500000000004,39,0.14278411684162634,0.5397869401584988,0.5583522586933073,fast_charge,72
4.85,55.0,4.85,6.804123711340207,3.0927835051546393,9.896907216494846,3.7113402061855676,0.41152234714075303,5,True,True,True,True,10.124146448369483,0.4307570999044321,0.9951090282846251,0.00048770287434654375,-0.002958404061339514,0.00024258526721566726,0.002958404061339514,0.00024258526721566726,1435.2623416188608,57.538889272625475,2.0,23.522499999999994,120,0.3235400678502031,0.2963525275964996,0.4387516337489219,knee,72
4.75,60.0,4.8,7.578947368421052,2.5,10.078947368421051,5.078947368421052,0.32892325121282556,5,True,True,True,True,10.306186600295689,0.4307570999044321,0.9970727906248654,0.00040983055389354363,-0.001818246381478663,0.00020933895179083898,0.001818246381478663,0.00020933895179083898,1571.201602644663,88.44076269404094,2.0,22.681874999999998,237,0.5175999103189269,0.1452354435001463,0.5375899935925569,longevity,72
5.0,28.0,4.9,3.3600000000000003,6.36734693877551,9.727346938775511,-3.00734693877551,0.3826513837107855,2,True,True,True,True,10.115781864022468,0.5454729685679004,0.9930055932447437,0.0005423569840528371,-0.004209907567825954,0.0003165217415305001,0.004209907567825954,0.0003165217415305001,1369.5923613139041,37.157083142101555,2.0,24.356500000000004,39,0.14278411684162634,0.5274952436981925,0.5464783034544543,fast_charge,73
4.85,55.0,4.85,6.804123711340207,3.0927835051546393,9.896907216494846,3.7113402061855676,0.41152234714075303,5,True,True,True,True,10.285342141741802,0.5454729685679004,0.9959252672476763,0.0003443046969649186,-0.002533321652585446,0.0002075538463523752,0.002533321652585446,0.0002075538463523752,1520.9743649816628,44.965730006837234,2.0,23.522499999999994,120,0.3235400678502031,0.28417886127756364,0.4306225733766483,knee,73
4.75,60.0,4.8,7.578947368421052,2.5,10.078947368421051,5.078947368421052,0.32892325121282556,5,True,True,True,True,10.467382293668008,0.5454729685679004,0.9976363488199013,0.00027684184912992127,-0.0015182940240509519,0.00017242525328759321,0.0015182940240509519,0.00017242525328759321,1690.4959797560894,69.27530322161338,2.0,22.681874999999998,237,0.5175999103189269,0.1368718557808758,0.5353910459347093,longevity,73
5.0,28.0,4.9,3.3600000000000003,6.36734693877551,9.727346938775511,-3.00734693877551,0.3826513837107855,2,True,True,True,True,10.269122865630232,0.5884866496493897,0.9936686334971591,0.0013965912258996787,-0.0037894577691139006,0.0007478313516572388,0.0037894577691139006,0.0007478313516572388,1276.5154210374117,98.46086404428132,2.0,24.356500000000004,39,0.14278411684162634,0.6018129419954288,0.6185192973347207,fast_charge,74
4.85,65.0,4.8,8.041237113402062,1.875,9.916237113402062,6.166237113402062,0.24730575611541866,5,True,True,True,True,10.458013040256782,0.5884866496493897,0.9958552195597147,0.00036299849775519173,-0.002544242920990932,0.0001993501719051322,0.002544242920990932,0.0001993501719051322,1496.7276874262375,45.8365384353257,2.0,23.432031249999998,131,0.34414627317940777,0.3400570807514477,0.48381347181788165,knee,74
4.75,60.0,4.8,7.578947368421052,2.5,10.078947368421051,5.078947368421052,0.32892325121282556,5,True,True,True,True,10.620723295275772,0.5884866496493897,0.9970610052073636,0.0005155199532012877,-0.0018414649151970769,0.00028897804807470016,0.0018414649151970769,0.00028897804807470016,1703.0494867747097,104.45750595567829,2.0,22.681874999999998,237,0.5175999103189269,0.19232654055816867,0.5521767519239054,longevity,74
5.0,28.0,4.9,3.3600000000000003,6.36734693877551,9.727346938775511,-3.00734693877551,0.3826513837107855,2,True,True,True,True,9.80778367747658,0.051759993970950435,0.9935142264555135,0.0006165498290777985,-0.003933978506632606,0.00038154592864230705,0.003933978506632606,0.00038154592864230705,1332.124178391065,32.219089356587375,2.0,24.356500000000004,39,0.14278411684162634,0.5017178859460876,0.5216398576608717,fast_charge,75
4.85,58.0,4.9,7.175257731958763,2.6938775510204076,9.86913528297917,4.4813801809383556,0.36542463657722224,5,True,True,True,True,9.94957202168024,0.051759993970950435,0.9960820309079496,0.00048062049876011515,-0.0024565512000254137,0.00030745074127477704,0.0024565512000254137,0.00030745074127477704,1444.8938985355446,45.096142162865,2.0,23.6565625,108,0.2939344177445688,0.28978723304790865,0.4127639547882077,knee,75
4.75,60.0,4.8,7.578947368421052,2.5,10.078947368421051,5.078947368421052,0.32892325121282556,5,True,True,True,True,10.15938410712212,0.051759993970950435,0.9980580680635536,0.0003300280328730533,-0.001275098753982255,0.00022108999413302473,0.001275098753982255,0.00022108999413302473,1618.006471756758,69.96151906717023,2.0,22.681874999999998,237,0.5175999103189269,0.12031291296574433,0.5313989689380889,longevity,75
5.0,28.0,4.9,3.3600000000000003,6.36734693877551,9.727346938775511,-3.00734693877551,0.3826513837107855,2,True,True,True,True,9.955403079884103,0.43029034421844037,0.9924205143342083,0.0004046678083798152,-0.004595983548481415,0.0002457456935250017,0.004595983548481415,0.0002457456935250017,1318.8929449346492,45.132452788538515,2.0,24.356500000000004,39,0.14278411684162634,0.5329029246359189,0.551699946626569,fast_charge,76
4.85,55.0,4.85,6.804123711340207,3.0927835051546393,9.896907216494846,3.7113402061855676,0.41152234714075303,5,True,True,True,True,10.124963357603438,0.43029034421844037,0.9955534493958824,0.00025711190385015767,-0.002796267426286477,0.00016192957566114026,0.002796267426286477,0.00016192957566114026,1444.58000248135,53.53786073248573,2.0,23.522499999999994,120,0.3235400678502031,0.2895062397257374,0.434156697915223,knee,76
4.75,60.0,4.8,7.578947368421052,2.5,10.078947368421051,5.078947368421052,0.32892325121282556,5,True,True,True,True,10.307003509529643,0.43029034421844037,0.9974024323727902,0.00021014726399232056,-0.0016945902569300538,0.0001372998653027924,0.0016945902569300538,0.0001372998653027924,1583.3892081817137,82.10413454807218,2.0,22.681874999999998,237,0.5175999103189269,0.14051353606780928,0.5363335911356296,longevity,76
5.0,28.0,4.9,3.3600000000000003,6.36734693877551,9.727346938775511,-3.00734693877551,0.3826513837107855,2,True,True,True,True,9.94007656367992,0.4373730381314053,0.9936882780932326,0.0016047452270740556,-0.0037677094074540242,0.0008269865172255084,0.0037677094074540242,0.0008269865172255084,1281.5235838867004,106.42805287937234,2.0,24.356500000000004,39,0.14278411684162634,0.6545401061744884,0.6699328732142898,fast_charge,77
4.85,54.0,4.8,6.680412371134023,3.2500000000000004,9.930412371134024,3.430412371134022,0.42704111562382635,5,True,True,True,True,10.143141996038432,0.4373730381314053,0.9954480087138159,0.0005262140199537161,-0.002781854884187212,0.00027762479868242263,0.002781854884187212,0.00027762479868242263,1442.37317653001,54.464046766302495,2.0,23.365687499999996,142,0.3592574904208282,0.3837098283170489,0.5256416809677202,knee,77
4.75,60.0,4.8,7.578947368421052,2.5,10.078947368421051,5.078947368421052,0.32892325121282556,5,True,True,True,True,10.29167699332546,0.4373730381314053,0.9963672406872927,0.001033868660385467,-0.002256376961171849,0.0005543744359363932,0.002256376961171849,0.0005543744359363932,1565.0121815740572,145.48484147272882,2.0,22.681874999999998,237,0.5175999103189269,0.23935249309215925,0.5702624686156308,longevity,77
5.0,28.0,4.9,3.3600000000000003,6.36734693877551,9.727346938775511,-3.00734693877551,0.3826513837107855,2,True,True,True,True,9.967858002996982,0.4242370122069687,0.9917353265875689,0.0004066669735899767,-0.004913630232836899,0.00018834189835551006,0.004913630232836899,0.00018834189835551006,1290.1855557144845,33.09270661484743,2.0,24.356500000000004,39,0.14278411684162634,0.5351340521857202,0.5538553582217584,fast_charge,78
4.85,55.0,4.85,6.804123711340207,3.0927835051546393,9.896907216494846,3.7113402061855676,0.41152234714075303,5,True,True,True,True,10.137418280716316,0.4242370122069687,0.9951079293378814,0.0002843478668049575,-0.003003103758151182,0.00013597493367277898,0.003003103758151182,0.00013597493367277898,1412.3833133837609,42.79339451253364,2.0,23.522499999999994,120,0.3235400678502031,0.2917172233388552,0.4356341514356347,knee,78
4.75,60.0,4.8,7.578947368421052,2.5,10.078947368421051,5.078947368421052,0.32892325121282556,5,True,True,True,True,10.319458432642522,0.4242370122069687,0.9971162957576253,0.0002197416621000038,-0.0018282669020234879,0.00010852568882192692,0.0018282669020234879,0.00010852568882192692,1547.2666646344464,61.46017099544614,2.0,22.681874999999998,237,0.5175999103189269,0.1420333190746826,0.5367337616449442,longevity,78
5.0,28.0,4.9,3.3600000000000003,6.36734693877551,9.727346938775511,-3.00734693877551,0.3826513837107855,2,True,True,True,True,9.954994625267126,0.4305240565776716,0.992145921980624,0.0006123904020702866,-0.004694390801096767,0.00031206856392536103,0.004694390801096767,0.00031206856392536103,1315.4527870655952,46.723010799220674,2.0,24.356500000000004,39,0.14278411684162634,0.5362697217080878,0.5549527173040179,fast_charge,79
4.85,55.0,4.85,6.804123711340207,3.0927835051546393,9.896907216494846,3.7113402061855676,0.41152234714075303,5,True,True,True,True,10.12455490298646,0.4305240565776716,0.9953378227959128,0.00039535560234524753,-0.0028757256576831917,0.00020791421840208422,0.0028757256576831917,0.00020791421840208422,1439.9377422755415,55.62438557191191,2.0,23.522499999999994,120,0.3235400678502031,0.292845554459597,0.4363905295389244,knee,79
4.75,60.0,4.8,7.578947368421052,2.5,10.078947368421051,5.078947368421052,0.32892325121282556,5,True,True,True,True,10.306595054912666,0.4305240565776716,0.9972439756185236,0.000327572874926913,-0.0017547894036062542,0.00017782282161457125,0.0017547894036062542,0.00017782282161457125,1577.3355789722111,85.40265404473841,2.0,22.681874999999998,237,0.5175999103189269,0.14281080222633735,0.5369400268136948,longevity,79
5.0,28.0,4.9,3.3600000000000003,6.36734693877551,9.727346938775511,-3.00734693877551,0.3826513837107855,2,True,True,True,True,9.938521153918979,0.4381770813327013,0.9937626911053745,0.0012550989353874709,-0.0037422393213083615,0.0006392357220552452,0.0037422393213083615,0.0006392357220552452,1373.5356078899827,94.98562492301257,2.0,24.356500000000004,39,0.14278411684162634,0.6677519570455581,0.6828469668676987,fast_charge,80
4.8,62.0,4.9,7.750000000000001,2.204081632653061,9.954081632653061,5.54591836734694,0.29973897056748366,5,True,True,True,True,10.165255847796528,0.4381770813327013,0.9953252906672837,0.0007421002466150558,-0.002767810040777425,0.00037298641499507906,0.002767810040777425,0.00037298641499507906,1453.5149364858116,79.29845313316385,2.0,23.258249999999997,154,0.3844895785790354,0.3742860465875555,0.5365838990372577,knee,80
4.75,60.0,4.8,7.578947368421052,2.5,10.078947368421051,5.078947368421052,0.32892325121282556,5,True,True,True,True,10.290121583564519,0.4381770813327013,0.9959818536891185,0.001156092989987104,-0.002362589995861361,0.000577037651889996,0.002362589995861361,0.000577037651889996,1497.3356353058548,148.05512144244577,2.0,22.681874999999998,237,0.5175999103189269,0.2522471549069497,0.575793621292223,longevity,80
5.0,28.0,4.9,3.3600000000000003,6.36734693877551,9.727346938775511,-3.00734693877551,0.3826513837107855,2,True,True,True,True,9.960386178557355,0.4290428025599277,0.9931865142200279,0.0006086504860408192,-0.004101204042988197,0.0003625471094243467,0.004101204042988197,0.0003625471094243467,1350.331754159994,30.720754428038205,2.0,24.356500000000004,39,0.14278411684162634,0.5147590927554406,0.5341949340799176,fast_charge,81
4.85,58.0,4.9,7.175257731958763,2.6938775510204076,9.86913528297917,4.4813801809383556,0.36542463657722224,5,True,True,True,True,10.102174522761015,0.4290428025599277,0.9957753490172558,0.0004544882505599841,-0.002619784879594134,0.0002789021784777431,0.002619784879594134,0.0002789021784777431,1472.143714212721,40.334326577109145,2.0,23.6565625,108,0.2939344177445688,0.30266256889109117,0.4219029183859638,knee,81
4.75,60.0,4.8,7.578947368421052,2.5,10.078947368421051,5.078947368421052,0.32892325121282556,5,True,True,True,True,10.311986608202895,0.4290428025599277,0.9978286467946782,0.000327088499610874,-0.0014035070825766723,0.00020922031894651759,0.0014035070825766723,0.00020922031894651759,1660.289496136983,63.695888162620115,2.0,22.681874999999998,237,0.5175999103189269,0.12852664627364363,0.5333186345558455,longevity,81
5.0,28.0,4.9,3.3600000000000003,6.36734693877551,9.727346938775511,-3.00734693877551,0.3826513837107855,2,True,True,True,True,9.772725229198336,0.008945037303137907,0.9944386375759171,0.00041208295654580944,-0.003418760055390429,0.00021209003862933916,0.003418760055390429,0.00021209003862933916,1422.6725914375008,41.12520808586512,2.0,24.356500000000004,39,0.14278411684162634,0.7519274213900426,0.7653640643906153,fast_charge,82
4.8,53.0,4.8,6.625,3.375000000000001,10.0,3.249999999999999,0.4426229508196722,5,True,True,True,True,10.045378290422825,0.008945037303137907,0.9947599987113825,0.0008547761440115967,-0.0031353910337681757,0.00042821404414944983,0.0031353910337681757,0.00042821404414944983,1422.6725914375008,90.53690685016416,2.0,23.04,183,0.4334398296059639,0.4295184961517171,0.6102099838787297,knee,82
4.75,60.0,4.8,7.578947368421052,2.5,10.078947368421051,5.078947368421052,0.32892325121282556,5,True,True,True,True,10.124325658843876,0.008945037303137907,0.9948441589439891,0.0011209079563356925,-0.0030624551471749983,0.0005574274658246884,0.0030624551471749983,0.0005574274658246884,1422.6725914375008,120.66326849307308,2.0,22.681874999999998,237,0.5175999103189269,0.3465341929516384,0.6228929394741961,longevity,82
5.0,28.0,4.9,3.3600000000000003,6.36734693877551,9.727346938775511,-3.00734693877551,0.3826513837107855,2,True,True,True,True,9.952700714979198,0.43184067971907714,0.9928382876341275,0.000690794736104519,-0.004277101608196251,0.0003429544557652883,0.004277101608196251,0.0003429544557652883,1386.9896750098446,46.66125404757137,2.0,24.356500000000004,39,0.14278411684162634,0.5305785055263598,0.5494550523462575,fast_charge,83
4.85,55.0,4.85,6.804123711340207,3.0927835051546393,9.896907216494846,3.7113402061855676,0.41152234714075303,5,True,True,True,True,10.122260992698532,0.43184067971907714,0.9957777610122367,0.0005064217325460858,-0.002589980545078319,0.00025823836416230685,0.002589980545078319,0.00025823836416230685,1535.4492518189027,64.23267718570914,2.0,23.522499999999994,120,0.3235400678502031,0.28721087738563933,0.43262947610298447,knee,83
4.75,60.0,4.8,7.578947368421052,2.5,10.078947368421051,5.078947368421052,0.32892325121282556,5,True,True,True,True,10.304301144624738,0.43184067971907714,0.9975211748817798,0.0004292496454309341,-0.001562114589820118,0.00022487008423178028,0.001562114589820118,0.00022487008423178028,1701.1731334460965,102.74568822627303,2.0,22.681874999999998,237,0.5175999103189269,0.1389409606343846,0.5359237424337224,longevity,83
5.0,28.0,4.9,3.3600000000000003,6.36734693877551,9.727346938775511,-3.00734693877551,0.3826513837107855,2,True,True,True,True,10.2812477428331,0.5750429065538584,0.9927510570003903,0.0005339587397791867,-0.004338805322460602,0.0003152330707662849,0.004338805322460602,0.0003152330707662849,1357.1096469305462,33.26341348099541,2.0,24.356500000000004,39,0.14278411684162634,0.5276250655686292,0.5466036167448433,fast_charge,84
4.85,55.0,4.85,6.804123711340207,3.0927835051546393,9.896907216494846,3.7113402061855676,0.41152234714075303,5,True,True,True,True,10.450808020552435,0.5750429065538584,0.9957731214386386,0.0003067936992041893,-0.0026115778748621627,0.00018696410706968135,0.0026115778748621627,0.00018696410706968135,1512.4135495790072,36.527175134777636,2.0,23.522499999999994,120,0.3235400678502031,0.2843062333808547,0.43070664012030635,knee,84
4.75,60.0,4.8,7.578947368421052,2.5,10.078947368421051,5.078947368421052,0.32892325121282556,5,True,True,True,True,10.63284817247864,0.5750429065538584,0.9975458335276901,0.0002360728602603859,-0.0015656132348686963,0.00014854400224315607,0.0015656132348686963,0.00014854400224315607,1686.9413143323854,53.99591187729145,2.0,22.681874999999998,237,0.5175999103189269,0.13695858957935048,0.535413225856185,longevity,84
5.0,28.0,4.9,3.3600000000000003,6.36734693877551,9.727346938775511,-3.00734693877551,0.3826513837107855,2,True,True,True,True,9.932604739240293,0.4413781144122995,0.9947606678499313,0.0007649517683390122,-0.0031737340838186973,0.0004125763928757267,0.0031737340838186973,0.0004125763928757267,1371.0605828006424,69.23195119447207,2.0,24.356500000000004,39,0.14278411684162634,0.7004763120152245,0.7148806667666243,fast_charge,85
4.8,56.0,4.85,7.000000000000001,2.9690721649484537,9.969072164948454,4.030927835051547,0.39432171932325016,5,True,True,True,True,10.174329965413236,0.4413781144122995,0.9958930920437709,0.0006037702177722586,-0.002523956049821295,0.0003303803604521632,0.002523956049821295,0.0003303803604521632,1500.149157358529,76.275131428457,2.0,23.18475,163,0.40046990107923564,0.39675261438284787,0.5637275748888265,knee,85
4.75,60.0,4.8,7.578947368421052,2.5,10.078947368421051,5.078947368421052,0.32892325121282556,5,True,True,True,True,10.284205168885833,0.4413781144122995,0.9963006452156988,0.0008776460332021765,-0.0022876238851673903,0.0004832298458771164,0.0022876238851673903,0.0004832298458771164,1559.212456048113,127.9353350532224,2.0,22.681874999999998,237,0.5175999103189269,0.2862846158317694,0.5914968710180173,longevity,85
5.0,28.0,4.9,3.3600000000000003,6.36734693877551,9.727346938775511,-3.00734693877551,0.3826513837107855,2,True,True,True,True,9.935397923624631,0.43988052522914517,0.9943964675206002,0.0007719967390356324,-0.0034084426868967533,0.00042145988737337406,0.0034084426868967533,0.00042145988737337406,1396.1827873848513,71.60630171746543,2.0,24.356500000000004,39,0.14278411684162634,0.6711035397636219,0.6861248174388582,fast_charge,86
4.8,54.0,4.85,6.750000000000002,3.2164948453608253,9.966494845360828,3.5335051546391765,0.42704111562382635,5,True,True,True,True,10.174545830209947,0.43988052522914517,0.9959240576498153,0.0005828889351735822,-0.002501933282022104,0.00032112948414768654,0.002501933282022104,0.00032112948414768654,1491.5809186692215,79.40721960110244,2.0,23.196812499999997,161,0.3977224070353445,0.36424059910756934,0.5393091201678581,knee,86
4.75,60.0,4.8,7.578947368421052,2.5,10.078947368421051,5.078947368421052,0.32892325121282556,5,True,True,True,True,10.286998353270171,0.43988052522914517,0.996461266335544,0.0008141708100610215,-0.002180977004270439,0.0004503658124262269,0.002180977004270439,0.0004503658124262269,1536.0046542845862,131.55748855153826,2.0,22.681874999999998,237,0.5175999103189269,0.2555935330282983,0.5772674607909656,longevity,86
5.0,28.0,4.9,3.3600000000000003,6.36734693877551,9.727346938775511,-3.00734693877551,0.3826513837107855,2,True,True,True,True,9.79026724698348,0.03215279183707869,0.9917537742339599,0.0007078317399103855,-0.004883955675938404,0.00033706019989987034,0.004883955675938404,0.00033706019989987034,1286.059871770933,37.94539032394978,2.0,24.356500000000004,39,0.14278411684162634,0.5474664009515674,0.5657797841856013,fast_charge,87
4.85,55.0,4.85,6.804123711340207,3.0927835051546393,9.896907216494846,3.7113402061855676,0.41152234714075303,5,True,True,True,True,9.959827524702815,0.03215279183707869,0.9949757118431681,0.0004968753204559485,-0.0030602835592912544,0.0002433299146419159,0.0030602835592912544,0.0002433299146419159,1386.2790908374172,47.1244814679673,2.0,23.522499999999994,120,0.3235400678502031,0.3040752562794489,0.44400443352057484,knee,87
4.75,60.0,4.8,7.578947368421052,2.5,10.078947368421051,5.078947368421052,0.32892325121282556,5,True,True,True,True,10.14186767662902,0.03215279183707869,0.9969508096327139,0.00043442087972473493,-0.001910464555254348,0.00021883968664609472,0.001910464555254348,0.00021883968664609472,1495.1991367126514,73.22311733885516,2.0,22.681874999999998,237,0.5175999103189269,0.15061797577180092,0.5390690510386921,longevity,87
5.0,28.0,4.9,3.3600000000000003,6.36734693877551,9.727346938775511,-3.00734693877551,0.3826513837107855,2,True,True,True,True,9.952201440882789,0.4322314089249151,0.9923061236818221,0.0007558034020618447,-0.004588197806332692,0.00041241034865948403,0.004588197806332692,0.00041241034865948403,1304.7195297048113,39.59903455903392,2.0,24.356500000000004,39,0.14278411684162634,0.5354321203091132,0.5541433564349174,fast_charge,88
4.85,55.0,4.85,6.804123711340207,3.0927835051546393,9.896907216494846,3.7113402061855676,0.41152234714075303,5,True,True,True,True,10.121761718602123,0.4322314089249151,0.9954425420930718,0.00048207369074362757,-0.0028059028326113435,0.00027157336371973174,0.0028059028326113435,0.00027157336371973174,1430.516293185155,46.75061901678262,2.0,23.522499999999994,120,0.3235400678502031,0.29201317505282093,0.43583238740247776,knee,88
4.75,60.0,4.8,7.578947368421052,2.5,10.078947368421051,5.078947368421052,0.32892325121282556,5,True,True,True,True,10.303801870528329,0.4322314089249151,0.997311601973981,0.00039817715756171475,-0.0017092539873804834,0.00023163978630740835,0.0017092539873804834,0.00023163978630740835,1569.5892171018154,71.82449371819395,2.0,22.681874999999998,237,0.5175999103189269,0.14223712273906836,0.5367877292256689,longevity,88
5.0,28.0,4.9,3.3600000000000003,6.36734693877551,9.727346938775511,-3.00734693877551,0.3826513837107855,2,True,True,True,True,9.938521153918979,0.4381770813327013,0.9937626911053745,0.001255098935379207,-0.003742239321308365,0.0006392357220510038,0.003742239321308365,0.0006392357220510038,1373.5356078899827,94.98562492239515,2.0,24.356500000000004,39,0.14278411684162634,0.667751957045559,0.6828469668676996,fast_charge,89
4.8,62.0,4.9,7.750000000000001,2.204081632653061,9.954081632653061,5.54591836734694,0.29973897056748366,5,True,True,True,True,10.165255847796528,0.4381770813327013,0.9953252906672837,0.0007421002466112896,-0.0027678100407774325,0.00037298641499318284,0.0027678100407774325,0.00037298641499318284,1453.514936485813,79.29845313278531,2.0,23.258249999999997,154,0.3844895785790354,0.3742860465875564,0.5365838990372583,knee,89
4.75,60.0,4.8,7.578947368421052,2.5,10.078947368421051,5.078947368421052,0.32892325121282556,5,True,True,True,True,10.290121583564519,0.4381770813327013,0.9959818536891185,0.0011560929899775314,-0.0023625899958613695,0.0005770376518852385,0.0023625899958613695,0.0005770376518852385,1497.3356353058562,148.05512144122198,2.0,22.681874999999998,237,0.5175999103189269,0.2522471549069505,0.5757936212922233,longevity,89
5.2,58.0,4.55,6.692307692307692,2.901098901098901,9.593406593406593,3.7912087912087906,0.301438246295025,1,True,True,True,True,9.63828560973301,0.012885341238333198,0.9950269411992819,0.00136361153967267,-0.0030630899267744265,0.0006175568633798987,0.0030630899267744265,0.0006175568633798987,1378.3588411937628,94.75141940204776,2.0,25.297187500000003,1,0.0,0.0,0.0,fast_charge,90
5.2,58.0,4.55,6.692307692307692,2.901098901098901,9.593406593406593,3.7912087912087906,0.301438246295025,1,True,True,True,True,9.63828560973301,0.012885341238333198,0.9950269411992819,0.00136361153967267,-0.0030630899267744265,0.0006175568633798987,0.0030630899267744265,0.0006175568633798987,1378.3588411937628,94.75141940204776,2.0,25.297187500000003,1,0.0,0.0,0.0,knee,90
5.2,58.0,4.55,6.692307692307692,2.901098901098901,9.593406593406593,3.7912087912087906,0.301438246295025,1,True,True,True,True,9.63828560973301,0.012885341238333198,0.9950269411992819,0.00136361153967267,-0.0030630899267744265,0.0006175568633798987,0.0030630899267744265,0.0006175568633798987,1378.3588411937628,94.75141940204776,2.0,25.297187500000003,1,0.0,0.0,0.0,longevity,90
5.0,28.0,4.9,3.3600000000000003,6.36734693877551,9.727346938775511,-3.00734693877551,0.3826513837107855,2,True,True,True,True,10.112988679638132,0.5479701547894543,0.9931481389529055,0.000619822618950686,-0.004114839040378455,0.00036530319210705133,0.004114839040378455,0.00036530319210705133,1358.2419716481568,32.05052766410708,2.0,24.356500000000004,39,0.14278411684162634,0.5272286254630781,0.546220951200089,fast_charge,91
4.85,55.0,4.85,6.804123711340207,3.0927835051546393,9.896907216494846,3.7113402061855676,0.41152234714075303,5,True,True,True,True,10.282548957357466,0.5479701547894543,0.9960116416455679,0.0003894676489790307,-0.0024747670533744586,0.00023716646677663888,0.0024747670533744586,0.00023716646677663888,1509.9030658993308,38.46143171781636,2.0,23.522499999999994,120,0.3235400678502031,0.28391735468453655,0.4304500433216136,knee,91
4.75,60.0,4.8,7.578947368421052,2.5,10.078947368421051,5.078947368421052,0.32892325121282556,5,True,True,True,True,10.464589109283672,0.5479701547894543,0.9976883987121575,0.00031253707369982976,-0.0014823873340611645,0.00019669442525489022,0.0014823873340611645,0.00019669442525489022,1679.9106055680384,59.24803472404749,2.0,22.681874999999998,237,0.5175999103189269,0.13669383491571704,0.5353455628527489,longevity,91
5.0,28.0,4.9,3.3600000000000003,6.36734693877551,9.727346938775511,-3.00734693877551,0.3826513837107855,2,True,True,True,True,10.114634908878504,0.5464674463611705,0.9933306865986359,0.0004761917751261646,-0.004013904107849528,0.0002612949745107115,0.004013904107849528,0.0002612949745107115,1408.0137272486331,17.846150979245508,2.0,24.356500000000004,39,0.14278411684162634,0.5220558265008061,0.541229701703152,fast_charge,92
4.85,55.0,4.85,6.804123711340207,3.0927835051546393,9.896907216494846,3.7113402061855676,0.41152234714075303,5,True,True,True,True,10.284195186597838,0.5464674463611705,0.99615197608693,0.0003186443213696714,-0.0023886583396129364,0.00018033738020072863,0.0023886583396129364,0.00018033738020072863,1574.7819444321465,23.14865475495677,2.0,23.522499999999994,120,0.3235400678502031,0.27886515341176105,0.4271345798362374,knee,92
4.75,60.0,4.8,7.578947368421052,2.5,10.078947368421051,5.078947368421052,0.32892325121282556,5,True,True,True,True,10.466235338524044,0.5464674463611705,0.9977894664460151,0.0002577766005241346,-0.0014156323440409578,0.00015050819848550192,0.0014156323440409578,0.00015050819848550192,1762.869375578359,36.49248379957702,2.0,22.681874999999998,237,0.5175999103189269,0.13326819114245797,0.5344811296318551,longevity,92
5.0,28.0,4.9,3.3600000000000003,6.36734693877551,9.727346938775511,-3.00734693877551,0.3826513837107855,2,True,True,True,True,9.782795422543856,0.0376708171162576,0.9930402561433358,0.0008383033945105542,-0.004163898166869091,0.0004565083274216349,0.004163898166869091,0.0004565083274216349,1334.9275838962194,42.783889513507326,2.0,24.356500000000004,39,0.14278411684162634,0.5297239088272385,0.5486298602933053,fast_charge,93
4.85,55.0,4.85,6.804123711340207,3.0927835051546393,9.896907216494846,3.7113402061855676,0.41152234714075303,5,True,True,True,True,9.95235570026319,0.0376708171162576,0.9959197461653196,0.00063997516264591,-0.002517046411844682,0.0003593418483265404,0.002517046411844682,0.0003593418483265404,1453.8961020193174,60.67697182346773,2.0,23.522499999999994,120,0.3235400678502031,0.2863690337601405,0.43207105781483507,knee,93
4.75,60.0,4.8,7.578947368421052,2.5,10.078947368421051,5.078947368421052,0.32892325121282556,5,True,True,True,True,10.134395852189396,0.0376708171162576,0.9976180155206884,0.0005515648919434258,-0.0015154646000113238,0.0003194067718082434,0.0015154646000113238,0.0003194067718082434,1584.5412633279404,97.6283229747446,2.0,22.681874999999998,237,0.5175999103189269,0.1383655380328812,0.5357748494258479,longevity,93
5.0,28.0,4.9,3.3600000000000003,6.36734693877551,9.727346938775511,-3.00734693877551,0.3826513837107855,2,True,True,True,True,10.116928819166434,0.5444732918398936,0.9926623534897787,0.0005556780479952285,-0.004415199372056303,0.000338296112294785,0.004415199372056303,0.000338296112294785,1332.4918743094543,39.701691314691,2.0,24.356500000000004,39,0.14278411684162634,0.5293275513707039,0.5482471711393944,fast_charge,94
4.85,55.0,4.85,6.804123711340207,3.0927835051546393,9.896907216494846,3.7113402061855676,0.41152234714075303,5,True,True,True,True,10.286489096885768,0.5444732918398936,0.9957150279773144,0.00033264767988499427,-0.002666801784693214,0.0002094630766309789,0.002666801784693214,0.0002094630766309789,1475.6988436246693,45.07256041436079,2.0,23.522499999999994,120,0.3235400678502031,0.28597896884202734,0.4318126284911817,knee,94
4.75,60.0,4.8,7.578947368421052,2.5,10.078947368421051,5.078947368421052,0.32892325121282556,5,True,True,True,True,10.468529248811974,0.5444732918398936,0.9975083703506972,0.0002632897342767702,-0.001604323029495193,0.00017152304850085226,0.001604323029495193,0.00017152304850085226,1635.6224825396716,68.0004038748318,2.0,22.681874999999998,237,0.5175999103189269,0.1380991611180777,0.5357061185609867,longevity,94
5.0,28.0,4.9,3.3600000000000003,6.36734693877551,9.727346938775511,-3.00734693877551,0.3826513837107855,2,True,True,True,True,9.791822656744424,0.031232827425902998,0.9916638562050267,0.00037100635800471984,-0.005007057409440786,0.00013266085920613738,0.005007057409440786,0.00013266085920613738,1257.6295465971884,4.1483310897520385,2.0,24.356500000000004,39,0.14278411684162634,0.5402197893462811,0.5587707265270645,fast_charge,95
4.85,55.0,4.85,6.804123711340207,3.0927835051546393,9.896907216494846,3.7113402061855676,0.41152234714075303,5,True,True,True,True,9.961382934463758,0.031232827425902998,0.9950350216604072,0.00023621206298724267,-0.0030918901041518437,8.756949469974958e-05,0.0030918901041518437,8.756949469974958e-05,1359.6530557375722,4.794213184533125,2.0,23.522499999999994,120,0.3235400678502031,0.2967854204459118,0.4390441450398475,knee,95
4.75,60.0,4.8,7.578947368421052,2.5,10.078947368421051,5.078947368421052,0.32892325121282556,5,True,True,True,True,10.143423086389964,0.031232827425902998,0.9970550236006952,0.00019826349973332968,-0.0019019647244014873,7.622676466299667e-05,0.0019019647244014873,7.622676466299667e-05,1470.8641674329797,7.339019501236193,2.0,22.681874999999998,237,0.5175999103189269,0.14553558809021688,0.5376711583885884,longevity,95
5.0,28.0,4.9,3.3600000000000003,6.36734693877551,9.727346938775511,-3.00734693877551,0.3826513837107855,2,True,True,True,True,9.94007656367992,0.4373730381314053,0.9936882780932326,0.0016047452270625104,-0.0037677094074540307,0.0008269865172195334,0.0037677094074540307,0.0008269865172195334,1281.5235838866981,106.42805287860463,2.0,24.356500000000004,39,0.14278411684162634,0.6545401061744888,0.6699328732142902,fast_charge,96
4.85,54.0,4.8,6.680412371134023,3.2500000000000004,9.930412371134024,3.430412371134022,0.42704111562382635,5,True,True,True,True,10.143141996038432,0.4373730381314053,0.9954480087138159,0.00052621401995232,-0.002781854884187212,0.00027762479868163035,0.002781854884187212,0.00027762479868163035,1442.3731765300074,54.46404676618365,2.0,23.365687499999996,142,0.3592574904208282,0.38370982831704814,0.5256416809677197,knee,96
4.75,60.0,4.8,7.578947368421052,2.5,10.078947368421051,5.078947368421052,0.32892325121282556,5,True,True,True,True,10.29167699332546,0.4373730381314053,0.9963672406872927,0.0010338686603776264,-0.002256376961171849,0.0005543744359322169,0.002256376961171849,0.0005543744359322169,1565.0121815740558,145.48484147162966,2.0,22.681874999999998,237,0.5175999103189269,0.23935249309215895,0.5702624686156307,longevity,96
5.0,28.0,4.9,3.3600000000000003,6.36734693877551,9.727346938775511,-3.00734693877551,0.3826513837107855,2,True,True,True,True,9.951792986265811,0.43245983882649486,0.9920279882566849,0.0008872117694413441,-0.004686294500715927,0.00045912033205888964,0.004686294500715927,0.00045912033205888964,1301.3510493507238,41.10994085545244,2.0,24.356500000000004,39,0.14278411684162634,0.5387641011110927,0.5573634906129814,fast_charge,97
4.85,55.0,4.85,6.804123711340207,3.0927835051546393,9.896907216494846,3.7113402061855676,0.41152234714075303,5,True,True,True,True,10.121353263985146,0.43245983882649486,0.995222133324768,0.0005749834328864131,-0.0028853079195114554,0.0003056687607695853,0.0028853079195114554,0.0003056687607695853,1425.9204792412324,48.709046921407875,2.0,23.522499999999994,120,0.3235400678502031,0.29533072157216816,0.4380621081637301,knee,97
4.75,60.0,4.8,7.578947368421052,2.5,10.078947368421051,5.078947368421052,0.32892325121282556,5,True,True,True,True,10.303393415911351,0.43245983882649486,0.9971481020429399,0.00048142223301271406,-0.0017696261580571807,0.0002629730684675217,0.0017696261580571807,0.0002629730684675217,1563.5490703509095,74.9198151719629,2.0,22.681874999999998,237,0.5175999103189269,0.14452772030876262,0.537399226925206,longevity,97
5.0,28.0,4.9,3.3600000000000003,6.36734693877551,9.727346938775511,-3.00734693877551,0.3826513837107855,2,True,True,True,True,10.103248532202622,0.5549199754261901,0.9936791492301392,0.0012257294271568924,-0.003783290463133856,0.0006223414742498016,0.003783290463133856,0.0006223414742498016,1366.297481864797,91.82223408451206,2.0,24.356500000000004,39,0.14278411684162634,0.6204586299880964,0.6366759109224636,fast_charge,98
4.85,58.0,4.8,7.175257731958763,2.75,9.925257731958762,4.425257731958763,0.3616145488155888,5,True,True,True,True,10.301159325385873,0.5549199754261901,0.9956951832693545,0.000502846970311647,-0.002602834925391818,0.00025790976130632426,0.002602834925391818,0.00025790976130632426,1505.189146045895,60.93344891997376,2.0,23.389812499999998,138,0.3537625023330364,0.3506877499404317,0.4981262952457081,knee,98
4.75,60.0,4.8,7.578947368421052,2.5,10.078947368421051,5.078947368421052,0.32892325121282556,5,True,True,True,True,10.454848961848162,0.5549199754261901,0.9967507271674361,0.0007473904475336997,-0.001979241557166607,0.0003861892206249998,0.001979241557166607,0.0003861892206249998,1615.781484130147,128.8034518904075,2.0,22.681874999999998,237,0.5175999103189269,0.2081772306033071,0.5578955336833444,longevity,98
5.0,28.0,4.9,3.3600000000000003,6.36734693877551,9.727346938775511,-3.00734693877551,0.3826513837107855,2,True,True,True,True,9.94007656367992,0.4373730381314053,0.9936882780932326,0.0016047452270739643,-0.0037677094074540277,0.0008269865172255092,0.0037677094074540277,0.0008269865172255092,1281.5235838866993,106.4280528793791,2.0,24.356500000000004,39,0.14278411684162634,0.6545401061744892,0.6699328732142906,fast_charge,99
4.85,54.0,4.8,6.680412371134023,3.2500000000000004,9.930412371134024,3.430412371134022,0.42704111562382635,5,True,True,True,True,10.143141996038432,0.4373730381314053,0.9954480087138159,0.0005262140199535753,-0.0027818548841872146,0.0002776247986825219,0.0027818548841872146,0.0002776247986825219,1442.373176530006,54.46404676633627,2.0,23.365687499999996,142,0.3592574904208282,0.38370982831704903,0.5256416809677203,knee,99
4.75,60.0,4.8,7.578947368421052,2.5,10.078947368421051,5.078947368421052,0.32892325121282556,5,True,True,True,True,10.29167699332546,0.4373730381314053,0.9963672406872928,0.0010338686603854653,-0.002256376961171853,0.0005543744359363941,0.002256376961171853,0.0005543744359363941,1565.0121815740501,145.48484147272816,2.0,22.681874999999998,237,0.5175999103189269,0.23935249309215959,0.570262468615631,longevity,99
5.0,28.0,4.9,3.3600000000000003,6.36734693877551,9.727346938775511,-3.00734693877551,0.3826513837107855,2,True,True,True,True,9.775019139486266,0.010028841197063152,0.9946572560112884,0.0006051636106056902,-0.0032574100051946868,0.00028420690987430227,0.0032574100051946868,0.00028420690987430227,1385.9225597990378,49.21573853090473,2.0,24.356500000000004,39,0.14278411684162634,0.7598172077412106,0.7731167396984062,fast_charge,100
4.8,77.0,4.75,9.625000000000002,0.3789473684210526,10.003947368421054,9.24605263157895,0.05577835982629009,5,True,True,True,True,10.051619569131809,0.010028841197063152,0.9950997662841001,0.0006806942470652065,-0.003067728072217779,0.00032825088991563054,0.003067728072217779,0.00032825088991563054,1385.9225597990378,60.35744558483039,2.0,23.022093749999996,185,0.43764783364161336,0.4360702837280365,0.6178130126841352,knee,100
4.75,60.0,4.8,7.578947368421052,2.5,10.078947368421051,5.078947368421052,0.32892325121282556,5,True,True,True,True,10.126619569131806,0.010028841197063152,0.9952065996095055,0.0009277648057615044,-0.0030211602515039615,0.00045042419877684784,0.0030211602515039615,0.00045042419877684784,1385.9225597990378,84.09879098176111,2.0,22.681874999999998,237,0.5175999103189269,0.35658886724578864,0.6285421922240351,longevity,100
5.0,28.0,4.9,3.3600000000000003,6.36734693877551,9.727346938775511,-3.00734693877551,0.3826513837107855,2,True,True,True,True,9.814847047299228,0.04256673019302186,0.9909601825449437,0.00039777641025527823,-0.005254534288309066,0.00013764412325640356,0.005254534288309066,0.00013764412325640356,1250.0987012320188,4.076882472302496,2.0,24.356500000000004,39,0.14278411684162634,0.5492282393864922,0.5674847689249723,fast_charge,101
4.85,55.0,4.85,6.804123711340207,3.0927835051546393,9.896907216494846,3.7113402061855676,0.41152234714075303,5,True,True,True,True,9.984407325018562,0.04256673019302186,0.9944491252908985,0.0003155185784898861,-0.0033041773248875545,0.00011180750038775363,0.0033041773248875545,0.00011180750038775363,1348.4588074183678,5.680750566298916,2.0,23.522499999999994,120,0.3235400678502031,0.3058597318194437,0.44522842570210636,knee,101
4.75,60.0,4.8,7.578947368421052,2.5,10.078947368421051,5.078947368421052,0.32892325121282556,5,True,True,True,True,10.166447476944768,0.04256673019302186,0.9966046797866408,0.00025134760074309103,-0.002070103451449372,9.122841604856874e-05,0.002070103451449372,9.122841604856874e-05,1455.433469294656,7.985293572611026,2.0,22.681874999999998,237,0.5175999103189269,0.15187011738534542,0.53942024407395,longevity,101
5.0,28.0,4.9,3.3600000000000003,6.36734693877551,9.727346938775511,-3.00734693877551,0.3826513837107855,2,True,True,True,True,9.787882517216122,0.034769474053472436,0.9922100887369116,0.0007513953090806843,-0.0046710878429625,0.0004124746559179034,0.0046710878429625,0.0004124746559179034,1279.6722989706411,26.464844206043747,2.0,24.356500000000004,39,0.14278411684162634,0.5410973283231829,0.5596191765305489,fast_charge,102
4.85,55.0,4.85,6.804123711340207,3.0927835051546393,9.896907216494846,3.7113402061855676,0.41152234714075303,5,True,True,True,True,9.957442794935456,0.034769474053472436,0.995346078512766,0.0005093759901593667,-0.0028895477096276905,0.00028952932171855524,0.0028895477096276905,0.00028952932171855524,1383.201441332935,32.459322782926215,2.0,23.522499999999994,120,0.3235400678502031,0.29766392557696875,0.4396384743108879,knee,102
4.75,60.0,4.8,7.578947368421052,2.5,10.078947368421051,5.078947368421052,0.32892325121282556,5,True,True,True,True,10.139482946861662,0.034769474053472436,0.9972309646894749,0.0004356361859229474,-0.0017806753803160228,0.00025646226457852017,0.0017806753803160228,0.00025646226457852017,1496.0306319256154,50.46270690481965,2.0,22.681874999999998,237,0.5175999103189269,0.14614527085535214,0.5378365061573502,longevity,102
5.0,28.0,4.9,3.3600000000000003,6.36734693877551,9.727346938775511,-3.00734693877551,0.3826513837107855,2,True,True,True,True,9.785588606928192,0.03565071078095645,0.9928895770725614,0.0007879844139824665,-0.004263064896369574,0.00042128755677576385,0.004263064896369574,0.00042128755677576385,1345.024597303893,48.00733792941068,2.0,24.356500000000004,39,0.14278411684162634,0.5328088992344278,0.5516091253103467,fast_charge,103
4.85,55.0,4.85,6.804123711340207,3.0927835051546393,9.896907216494846,3.7113402061855676,0.41152234714075303,5,True,True,True,True,9.955148884647526,0.03565071078095645,0.9958052565734916,0.0006114874221878376,-0.00259321898039862,0.0003370977173802866,0.00259321898039862,0.0003370977173802866,1464.953691335954,68.77985031723226,2.0,23.522499999999994,120,0.3235400678502031,0.28941322988741586,0.4340946822277143,knee,103
4.75,60.0,4.8,7.578947368421052,2.5,10.078947368421051,5.078947368421052,0.32892325121282556,5,True,True,True,True,10.137189036573732,0.03565071078095645,0.9975356932493765,0.0005303886965893663,-0.001571236442582785,0.0003015612470279611,0.001571236442582785,0.0003015612470279611,1596.659190485088,110.67943211259738,2.0,22.681874999999998,237,0.5175999103189269,0.140449710874342,0.5363168731700014,longevity,103
5.0,28.0,4.9,3.3600000000000003,6.36734693877551,9.727346938775511,-3.00734693877551,0.3826513837107855,2,True,True,True,True,10.11972200355077,0.5419315629522807,0.992508489447133,0.00038944959307620733,-0.004518390471330671,0.0002332296721307562,0.004518390471330671,0.0002332296721307562,1344.0243618809732,45.596316396946925,2.0,24.356500000000004,39,0.14278411684162634,0.5293268775568423,0.5482465205783977,fast_charge,104
4.85,55.0,4.85,6.804123711340207,3.0927835051546393,9.896907216494846,3.7113402061855676,0.41152234714075303,5,True,True,True,True,10.289282281270104,0.5419315629522807,0.9956235015998407,0.00023547769972713216,-0.0027291259608208307,0.00014580243437261852,0.0027291259608208307,0.00014580243437261852,1486.027091836996,52.178368651062186,2.0,23.522499999999994,120,0.3235400678502031,0.2859783059293738,0.4318121894605901,knee,104
4.75,60.0,4.8,7.578947368421052,2.5,10.078947368421051,5.078947368421052,0.32892325121282556,5,True,True,True,True,10.47132243319631,0.5419315629522807,0.997454167847232,0.00018673037755728638,-0.0016418143992128374,0.00011957143800619372,0.0016418143992128374,0.00011957143800619372,1644.3445073014357,78.70798227237658,2.0,22.681874999999998,237,0.5175999103189269,0.13809870854332693,0.5357060018923588,longevity,104
5.0,28.0,4.9,3.3600000000000003,6.36734693877551,9.727346938775511,-3.00734693877551,0.3826513837107855,2,True,True,True,True,10.117428093262841,0.5439515270773101,0.9931935676066859,0.00039380010647142145,-0.004105185511563301,0.00020290936299498634,0.004105185511563301,0.00020290936299498634,1419.5613520530783,19.501847293018752,2.0,24.356500000000004,39,0.14278411684162634,0.5231231633768889,0.5422592996746911,fast_charge,105
4.85,55.0,4.85,6.804123711340207,3.0927835051546393,9.896907216494846,3.7113402061855676,0.41152234714075303,5,True,True,True,True,10.286988370982176,0.5439515270773101,0.9960638676786268,0.00026652302928715816,-0.0024483267995246117,0.000141627452483592,0.0024483267995246117,0.000141627452483592,1587.7740234644295,25.528131822331197,2.0,23.522499999999994,120,0.3235400678502031,0.27990427063411333,0.42781371673162727,knee,105
4.75,60.0,4.8,7.578947368421052,2.5,10.078947368421051,5.078947368421052,0.32892325121282556,5,True,True,True,True,10.469028522908381,0.5439515270773101,0.9977336318954301,0.00021628033656687572,-0.001454195939873089,0.00011855572230257866,0.001454195939873089,0.00011855572230257866,1777.4997702765033,40.27740024624044,2.0,22.681874999999998,237,0.5175999103189269,0.13397064022313296,0.5346567119226666,longevity,105
5.0,28.0,4.9,3.3600000000000003,6.36734693877551,9.727346938775511,-3.00734693877551,0.3826513837107855,2,True,True,True,True,9.96630259323604,0.42520820183590957,0.9917656693683083,0.0007475526131192876,-0.004803768912459159,0.0003594198348393498,0.004803768912459159,0.0003594198348393498,1322.9385665710465,45.781706908139775,2.0,24.356500000000004,39,0.14278411684162634,0.5366898092116962,0.555358672691739,fast_charge,106
4.85,55.0,4.85,6.804123711340207,3.0927835051546393,9.896907216494846,3.7113402061855676,0.41152234714075303,5,True,True,True,True,10.135862870955375,0.42520820183590957,0.9950700669398348,0.0005512091654513693,-0.0029452363169358226,0.0002713951143526547,0.0029452363169358226,0.0002713951143526547,1454.2857272928666,61.98177234199714,2.0,23.522499999999994,120,0.3235400678502031,0.2932634258474829,0.4366710574841389,knee,106
4.75,60.0,4.8,7.578947368421052,2.5,10.078947368421051,5.078947368421052,0.32892325121282556,5,True,True,True,True,10.31790302288158,0.42520820183590957,0.9970604286870312,0.0004365325231212327,-0.0017987485809116614,0.00022014536172718725,0.0017987485809116614,0.00022014536172718725,1599.8761720169973,90.56446293982002,2.0,22.681874999999998,237,0.5175999103189269,0.143099062938798,0.5370167678724038,longevity,106
5.0,28.0,4.9,3.3600000000000003,6.36734693877551,9.727346938775511,-3.00734693877551,0.3826513837107855,2,True,True,True,True,9.951054485738824,0.432879390839616,0.992654561575768,0.0007752043084344595,-0.004380650083250712,0.0004140623847549887,0.004380650083250712,0.0004140623847549887,1339.5473487413203,45.545031975446804,2.0,24.356500000000004,39,0.14278411684162634,0.5339110496659842,0.5526737853179543,fast_charge,107
4.85,55.0,4.85,6.804123711340207,3.0927835051546393,9.896907216494846,3.7113402061855676,0.41152234714075303,5,True,True,True,True,10.120614763458159,0.432879390839616,0.995652324911792,0.0005279141199242619,-0.0026707193746947767,0.0002904445381886103,0.0026707193746947767,0.0002904445381886103,1472.1569187839004,57.58969633072004,2.0,23.522499999999994,120,0.3235400678502031,0.2905043229394517,0.4348228802064391,knee,107
4.75,60.0,4.8,7.578947368421052,2.5,10.078947368421051,5.078947368421052,0.32892325121282556,5,True,True,True,True,10.302654915384364,0.432879390839616,0.997437362426892,0.00044278411567814555,-0.001621850349549669,0.0002509830436965566,0.001621850349549669,0.0002509830436965566,1619.1079214819677,90.12911937286779,2.0,22.681874999999998,237,0.5175999103189269,0.1411989885782562,0.5365135800123644,longevity,107
5.0,28.0,4.9,3.3600000000000003,6.36734693877551,9.727346938775511,-3.00734693877551,0.3826513837107855,2,True,True,True,True,9.939338063152933,0.4377602106909939,0.9940480943177347,0.0009059448679210011,-0.0036271305985269876,0.0004974521260549546,0.0036271305985269876,0.0004974521260549546,1382.755078428617,88.92105758184331,2.0,24.356500000000004,39,0.14278411684162634,0.655089984593293,0.670470127549829,fast_charge,108
4.85,54.0,4.8,6.680412371134023,3.2500000000000004,9.930412371134024,3.430412371134022,0.42704111562382635,5,True,True,True,True,10.142403495511445,0.4377602106909939,0.9956584316883347,0.0004446218475061489,-0.0026815334252445165,0.00024743990748910596,0.0026815334252445165,0.00024743990748910596,1454.6947347242315,62.94042275541322,2.0,23.365687499999996,142,0.3592574904208282,0.38434981323977796,0.5261090413221614,knee,108
4.75,60.0,4.8,7.578947368421052,2.5,10.078947368421051,5.078947368421052,0.32892325121282556,5,True,True,True,True,10.290938492798473,0.4377602106909939,0.99650788006989,0.0007371110144939587,-0.0021769523447856725,0.00041403308087600496,0.0021769523447856725,0.00041403308087600496,1506.515486646867,134.34793007136633,2.0,22.681874999999998,237,0.5175999103189269,0.2398798718682838,0.5704840226419189,longevity,108
5.0,28.0,4.9,3.3600000000000003,6.36734693877551,9.727346938775511,-3.00734693877551,0.3826513837107855,2,True,True,True,True,9.976042740671549,0.4205614966957187,0.9927953437287144,0.000550425765130919,-0.0043309536440137315,0.00032942745708814476,0.0043309536440137315,0.00032942745708814476,1341.1480200618487,31.28483492229155,2.0,24.356500000000004,39,0.14278411684162634,0.5184006300247033,0.5377048607110154,fast_charge,109
4.85,58.0,4.9,7.175257731958763,2.6938775510204076,9.86913528297917,4.4813801809383556,0.36542463657722224,5,True,True,True,True,10.117831084875208,0.4205614966957187,0.9955045044734715,0.00042267050089782966,-0.002784007843774641,0.00026060670952349977,0.002784007843774641,0.00026060670952349977,1460.4501113467452,41.92593539391306,2.0,23.6565625,108,0.2939344177445688,0.3062982016301246,0.42451858646788027,knee,109
4.75,60.0,4.8,7.578947368421052,2.5,10.078947368421051,5.078947368421052,0.32892325121282556,5,True,True,True,True,10.327643170317089,0.4205614966957187,0.9976690299995492,0.000296834163177785,-0.0015046128391708142,0.00019076237992476754,0.0015046128391708142,0.00019076237992476754,1644.4643649857258,63.94010304582976,2.0,22.681874999999998,237,0.5175999103189269,0.13087978211573434,0.533890611013926,longevity,109
5.0,28.0,4.9,3.3600000000000003,6.36734693877551,9.727346938775511,-3.00734693877551,0.3826513837107855,2,True,True,True,True,9.786735562072158,0.03523899063699784,0.9925533890069812,0.0007890447525293235,-0.004466251130913821,0.0004295879796449308,0.004466251130913821,0.0004295879796449308,1311.4702275098482,41.66594265853112,2.0,24.356500000000004,39,0.14278411684162634,0.5392761156147041,0.5578584344569211,fast_charge,110
4.85,55.0,4.85,6.804123711340207,3.0927835051546393,9.896907216494846,3.7113402061855676,0.41152234714075303,5,True,True,True,True,9.956295839791492,0.03523899063699784,0.9955590708551094,0.0005740644321330275,-0.0027526798286378025,0.0003230044524284968,0.0027526798286378025,0.0003230044524284968,1419.421679531187,55.01460979336698,2.0,23.522499999999994,120,0.3235400678502031,0.29584201938929533,0.4384069752420121,knee,110
4.75,60.0,4.8,7.578947368421052,2.5,10.078947368421051,5.078947368421052,0.32892325121282556,5,True,True,True,True,10.138335991717698,0.03523899063699784,0.9973624190756518,0.000497144489303816,-0.0016900463180736982,0.00028916215758267286,0.0016900463180736982,0.00028916215758267286,1537.2245810476725,86.87482927947116,2.0,22.681874999999998,237,0.5175999103189269,0.14488172499161386,0.5374945408082829,longevity,110
5.0,28.0,4.9,3.3600000000000003,6.36734693877551,9.727346938775511,-3.00734693877551,0.3826513837107855,2,True,True,True,True,9.775019139486266,0.010028841197063152,0.9946572560112884,0.0006051636106092935,-0.00325741000519469,0.0002842069098759937,0.00325741000519469,0.0002842069098759937,1385.9225597990392,49.215738531195086,2.0,24.356500000000004,39,0.14278411684162634,0.7598172077412078,0.7731167396984033,fast_charge,111
4.8,77.0,4.75,9.625000000000002,0.3789473684210526,10.003947368421054,9.24605263157895,0.05577835982629009,5,True,True,True,True,10.051619569131809,0.010028841197063152,0.9950997662841001,0.0006806942470697484,-0.003067728072217771,0.0003282508899178196,0.003067728072217771,0.0003282508899178196,1385.9225597990392,60.35744558522969,2.0,23.022093749999996,185,0.43764783364161336,0.43607028372803047,0.617813012684131,knee,111
4.75,60.0,4.8,7.578947368421052,2.5,10.078947368421051,5.078947368421052,0.32892325121282556,5,True,True,True,True,10.126619569131806,0.010028841197063152,0.9952065996095055,0.0009277648057681455,-0.0030211602515039532,0.0004504241987800682,0.0030211602515039532,0.0004504241987800682,1385.9225597990392,84.09879098236216,2.0,22.681874999999998,237,0.5175999103189269,0.35658886724578653,0.628542192224034,longevity,111
5.0,28.0,4.9,3.3600000000000003,6.36734693877551,9.727346938775511,-3.00734693877551,0.3826513837107855,2,True,True,True,True,9.777403869253625,0.0033697560900812613,0.9941378250474899,0.0005957033863027714,-0.0035995573563587543,0.0002273295722747092,0.0035995573563587543,0.0002273295722747092,1388.4972993142308,57.209992169841655,2.0,24.356500000000004,39,0.14278411684162634,0.7333869329706186,0.7471570768414724,fast_charge,112
4.8,71.0,4.85,8.875,1.1134020618556701,9.98840206185567,7.76159793814433,0.14986948528374183,5,True,True,True,True,10.038458992333783,0.0033697560900812613,0.9947989881246454,0.0006355355334385794,-0.003119149793448748,0.00023687747611093944,0.003119149793448748,0.00023687747611093944,1388.4972993142308,68.79432075669322,2.0,23.094281249999998,178,0.42107610640844034,0.4175617483438161,0.5930117208521569,knee,112
4.75,60.0,4.8,7.578947368421052,2.5,10.078947368421051,5.078947368421052,0.32892325121282556,5,True,True,True,True,10.129004298899165,0.0033697560900812613,0.9949984188347012,0.0009114728178757914,-0.0029765237150575735,0.00033711749490801356,0.0029765237150575735,0.00033711749490801356,1388.4972993142308,102.59755131363136,2.0,22.681874999999998,237,0.5175999103189269,0.3237978049378551,0.6105363917447791,longevity,112
5.0,28.0,4.9,3.3600000000000003,6.36734693877551,9.727346938775511,-3.00734693877551,0.3826513837107855,2,True,True,True,True,9.797305029514083,0.045447114460492544,0.9930533498196115,0.000826254802869122,-0.004134379536177787,0.0004238642267278504,0.004134379536177787,0.0004238642267278504,1365.7784787606784,47.649669573717965,2.0,24.356500000000004,39,0.14278411684162634,0.5144116664785241,0.5338601564374846,fast_charge,113
4.85,58.0,4.9,7.175257731958763,2.6938775510204076,9.86913528297917,4.4813801809383556,0.36542463657722224,5,True,True,True,True,9.939093373717743,0.045447114460492544,0.9956725140393569,0.0006722175762696893,-0.002639389172769297,0.0003533909970545778,0.002639389172769297,0.0003533909970545778,1487.745010533924,67.7865855905566,2.0,23.6565625,108,0.2939344177445688,0.3023166269274361,0.42165481718061903,knee,113
4.75,60.0,4.8,7.578947368421052,2.5,10.078947368421051,5.078947368421052,0.32892325121282556,5,True,True,True,True,10.148905459159623,0.045447114460492544,0.9977612049095984,0.0005040180116540828,-0.001412826152451864,0.0002741563381758382,0.001412826152451864,0.0002741563381758382,1675.9409975376934,110.67040427817118,2.0,22.681874999999998,237,0.5175999103189269,0.12830351040606539,0.5332649040999047,longevity,113
5.0,28.0,4.9,3.3600000000000003,6.36734693877551,9.727346938775511,-3.00734693877551,0.3826513837107855,2,True,True,True,True,9.76754731504664,0.012917383044867886,0.9949386931109765,0.0002767872025417397,-0.0030677604660237024,0.00018061826668052194,0.0030677604660237024,0.00018061826668052194,1412.284593927856,31.307025887192353,2.0,24.356500000000004,39,0.14278411684162634,0.7649342779938675,0.7781463574882572,fast_charge,114
4.8,74.0,4.75,9.25,0.7578947368421052,10.007894736842106,8.492105263157894,0.101820132453138,5,True,True,True,True,10.048095113113234,0.012917383044867886,0.9954905359597886,0.0005083702000995687,-0.0029404730090922364,0.000356885779117375,0.0029404730090922364,0.000356885779117375,1412.284593927856,64.5377223249004,2.0,23.0041875,188,0.44185583767726094,0.43892158166485706,0.6228071420115971,knee,114
4.75,60.0,4.8,7.578947368421052,2.5,10.078947368421051,5.078947368421052,0.32892325121282556,5,True,True,True,True,10.11914774469218,0.012917383044867886,0.9956129254784306,0.0006455036408746025,-0.00291092286036519,0.00046111714478653675,0.00291092286036519,0.00046111714478653675,1412.284593927856,84.23297929444489,2.0,22.681874999999998,237,0.5175999103189269,0.36323679782464985,0.632337440340256,longevity,114
5.0,28.0,4.9,3.3600000000000003,6.36734693877551,9.727346938775511,-3.00734693877551,0.3826513837107855,2,True,True,True,True,9.937782653391992,0.43855987721926143,0.9939712355198054,0.0009072743081866859,-0.003658721845414196,0.000468038778586318,0.003658721845414196,0.000468038778586318,1413.4116799691385,75.87625118930457,2.0,24.356500000000004,39,0.14278411684162634,0.6592122991362153,0.6744984502240893,fast_charge,115
4.85,62.0,4.75,7.670103092783506,2.2736842105263158,9.943787303309822,5.396418882257191,0.29741958396448653,5,True,True,True,True,10.154223017926302,0.43855987721926143,0.9955058862426628,0.0006618142930522162,-0.0026840447245758967,0.00033598816374037565,0.0026840447245758967,0.00033598816374037565,1474.7864775730063,77.47259848454236,2.0,23.3065,149,0.37351553845913954,0.3753983501674595,0.5295637627131141,knee,115
4.75,60.0,4.8,7.578947368421052,2.5,10.078947368421051,5.078947368421052,0.32892325121282556,5,True,True,True,True,10.289383083037531,0.43855987721926143,0.9962264803386778,0.0009897652744129298,-0.0022323108801319477,0.0004977169378407669,0.0022323108801319477,0.0004977169378407669,1512.554142844352,141.52182482468376,2.0,22.681874999999998,237,0.5175999103189269,0.2438590295725475,0.5721685883253517,longevity,115
5.0,28.0,4.9,3.3600000000000003,6.36734693877551,9.727346938775511,-3.00734693877551,0.3826513837107855,2,True,True,True,True,9.81410854677224,0.04349487694541846,0.9919503652182499,0.0007029791260751752,-0.004781365119584801,0.00034872107432126287,0.004781365119584801,0.00034872107432126287,1298.742180755086,42.127584217337414,2.0,24.356500000000004,39,0.14278411684162634,0.5356913279804091,0.5543938157083441,fast_charge,116
4.85,55.0,4.85,6.804123711340207,3.0927835051546393,9.896907216494846,3.7113402061855676,0.41152234714075303,5,True,True,True,True,9.983668824491575,0.04349487694541846,0.9952239663475794,0.0005536652228983206,-0.002925571704384128,0.00028323743056895623,0.002925571704384128,0.00028323743056895623,1415.8620799749403,60.96466254519819,2.0,23.522499999999994,120,0.3235400678502031,0.2922706523815612,0.43600494234361314,knee,116
4.75,60.0,4.8,7.578947368421052,2.5,10.078947368421051,5.078947368421052,0.32892325121282556,5,True,True,True,True,10.16570897641778,0.04349487694541846,0.9971779956058088,0.0004293540484705209,-0.0017830966266075155,0.00022656498256927178,0.0017830966266075155,0.00022656498256927178,1544.6028293137038,87.28750086155193,2.0,22.681874999999998,237,0.5175999103189269,0.1424145029797394,0.5368347583951019,longevity,116
5.0,28.0,4.9,3.3600000000000003,6.36734693877551,9.727346938775511,-3.00734693877551,0.3826513837107855,2,True,True,True,True,10.10904854010983,0.5514054283323478,0.9935963421257477,0.0005722445707795054,-0.0038374305122858207,0.00032275118196837556,0.0038374305122858207,0.00032275118196837556,1385.057734733418,1.981611010317289,2.0,24.356500000000004,39,0.14278411684162634,0.5207055392041756,0.5399273678747489,fast_charge,117
4.85,58.0,4.9,7.175257731958763,2.6938775510204076,9.86913528297917,4.4813801809383556,0.36542463657722224,5,True,True,True,True,10.25083688431349,0.5514054283323478,0.9959743079880526,0.0003914796648857185,-0.0024765819831498977,0.00022667056554963902,0.0024765819831498977,0.00022667056554963902,1522.0941845824098,2.3697752448851364,2.0,23.6565625,108,0.2939344177445688,0.30860847802627744,0.4261884966121611,knee,117
4.75,60.0,4.8,7.578947368421052,2.5,10.078947368421051,5.078947368421052,0.32892325121282556,5,True,True,True,True,10.46064896975537,0.5514054283323478,0.9978907756214344,0.0003017112732059317,-0.0013458898278343706,0.00018119742559302742,0.0013458898278343706,0.00018119742559302742,1735.796346742906,3.9752504462058234,2.0,22.681874999999998,237,0.5175999103189269,0.13238277905623885,0.5342610479464268,longevity,117
5.0,28.0,4.9,3.3600000000000003,6.36734693877551,9.727346938775511,-3.00734693877551,0.3826513837107855,2,True,True,True,True,9.794920299746725,0.04782831276987617,0.9936057298575541,0.0005496113480349636,-0.003886506966209654,0.00033968804721619454,0.003886506966209654,0.00033968804721619454,1357.832031634941,38.423200138708616,2.0,24.356500000000004,39,0.14278411684162634,0.502161357158296,0.5220664063558438,fast_charge,118
4.85,58.0,4.9,7.175257731958763,2.6938775510204076,9.86913528297917,4.4813801809383556,0.36542463657722224,5,True,True,True,True,9.936708643950384,0.04782831276987617,0.996136412845761,0.0004301714903329715,-0.0024287935551422293,0.0002749777894789718,0.0024287935551422293,0.0002749777894789718,1477.9376802594602,54.173862949846985,2.0,23.6565625,108,0.2939344177445688,0.29022134227158003,0.4130688434689262,knee,118
4.75,60.0,4.8,7.578947368421052,2.5,10.078947368421051,5.078947368421052,0.32892325121282556,5,True,True,True,True,10.146520729392265,0.04782831276987617,0.9980844050939204,0.00030838395824003844,-0.0012620551238567874,0.00020659629713142328,0.0012620551238567874,0.00020659629713142328,1663.088793725332,88.14269286121892,2.0,22.681874999999998,237,0.5175999103189269,0.12058679091318371,0.5314610440144235,longevity,118
5.0,28.0,4.9,3.3600000000000003,6.36734693877551,9.727346938775511,-3.00734693877551,0.3826513837107855,2,True,True,True,True,10.280839288216123,0.5755416466790018,0.9924863979562165,0.000752150345619303,-0.004432606349992906,0.0003922243726602681,0.004432606349992906,0.0003922243726602681,1353.5688575409217,37.316835760248885,2.0,24.356500000000004,39,0.14278411684162634,0.5292877189268811,0.5482087133830182,fast_charge,119
4.85,55.0,4.85,6.804123711340207,3.0927835051546393,9.896907216494846,3.7113402061855676,0.41152234714075303,5,True,True,True,True,10.450399565935458,0.5755416466790018,0.995591570479364,0.00043632929933849095,-0.002677098382251517,0.00023421448404481514,0.002677098382251517,0.00023421448404481514,1508.3832975868756,41.115935543345515,2.0,23.522499999999994,120,0.3235400678502031,0.28593978201029335,0.4317866770068388,knee,119
4.75,60.0,4.8,7.578947368421052,2.5,10.078947368421051,5.078947368421052,0.32892325121282556,5,True,True,True,True,10.632439717861663,0.5755416466790018,0.9974243897168908,0.0003385055514590041,-0.0016103856121886563,0.00018708306193461875,0.0016103856121886563,0.00018708306193461875,1682.3512544163111,60.89341188893074,2.0,22.681874999999998,237,0.5175999103189269,0.13807240877851565,0.5356992227249007,longevity,119
5.0,28.0,4.9,3.3600000000000003,6.36734693877551,9.727346938775511,-3.00734693877551,0.3826513837107855,2,True,True,True,True,9.79804353004107,0.044947844769183495,0.9921922099471542,0.0009975932414029891,-0.004558509067952803,0.0005052112030968963,0.004558509067952803,0.0005052112030968963,1313.667572908209,44.60192762482667,2.0,24.356500000000004,39,0.14278411684162634,0.5337161822742629,0.552485535777777,fast_charge,120
4.85,55.0,4.85,6.804123711340207,3.0927835051546393,9.896907216494846,3.7113402061855676,0.41152234714075303,5,True,True,True,True,9.967603807760405,0.044947844769183495,0.9953444785264307,0.0007879230522038071,-0.0027780537082295986,0.0004078316143819803,0.0027780537082295986,0.0004078316143819803,1433.4666011188651,64.46824219653442,2.0,23.522499999999994,120,0.3235400678502031,0.2903112758015284,0.43469392952055946,knee,120
4.75,60.0,4.8,7.578947368421052,2.5,10.078947368421051,5.078947368421052,0.32892325121282556,5,True,True,True,True,10.14964395968661,0.044947844769183495,0.9972354482868935,0.0006364817649638475,-0.0016863585381713619,0.00033677197323153717,0.0016863585381713619,0.00033677197323153717,1565.2753942501565,95.76234743779506,2.0,22.681874999999998,237,0.5175999103189269,0.1410663316283302,0.5364786827836081,longevity,120
5.0,28.0,4.9,3.3600000000000003,6.36734693877551,9.727346938775511,-3.00734693877551,0.3826513837107855,2,True,True,True,True,10.11972200355077,0.5419315629522807,0.992508489447133,0.00038944959307620527,-0.004518390471330631,0.00023322967213076383,0.004518390471330631,0.00023322967213076383,1344.024361880971,45.59631639694905,2.0,24.356500000000004,39,0.14278411684162634,0.5293268775568443,0.5482465205783996,fast_charge,121
4.85,55.0,4.85,6.804123711340207,3.0927835051546393,9.896907216494846,3.7113402061855676,0.41152234714075303,5,True,True,True,True,10.289282281270104,0.5419315629522807,0.9956235015998407,0.00023547769972713091,-0.0027291259608208064,0.00014580243437261722,0.0027291259608208064,0.00014580243437261722,1486.0270918369933,52.178368651064446,2.0,23.522499999999994,120,0.3235400678502031,0.2859783059293747,0.43181218946059063,knee,121
4.75,60.0,4.8,7.578947368421052,2.5,10.078947368421051,5.078947368421052,0.32892325121282556,5,True,True,True,True,10.47132243319631,0.5419315629522807,0.997454167847232,0.0001867303775572838,-0.001641814399212826,0.00011957143800619414,0.001641814399212826,0.00011957143800619414,1644.3445073014327,78.70798227237741,2.0,22.681874999999998,237,0.5175999103189269,0.13809870854332762,0.5357060018923591,longevity,121
5.0,28.0,4.9,3.3600000000000003,6.36734693877551,9.727346938775511,-3.00734693877551,0.3826513837107855,2,True,True,True,True,10.103248532202622,0.5549199754261901,0.9936791492301392,0.0012257294271508796,-0.003783290463133876,0.0006223414742468633,0.003783290463133876,0.0006223414742468633,1366.2974818647886,91.82223408406911,2.0,24.356500000000004,39,0.14278411684162634,0.6204586299880932,0.6366759109224605,fast_charge,122
4.85,58.0,4.8,7.175257731958763,2.75,9.925257731958762,4.425257731958763,0.3616145488155888,5,True,True,True,True,10.301159325385873,0.5549199754261901,0.9956951832693545,0.0005028469703107306,-0.002602834925391813,0.00025790976130599715,0.002602834925391813,0.00025790976130599715,1505.1891460458924,60.93344891988284,2.0,23.389812499999998,138,0.3537625023330364,0.3506877499404283,0.4981262952457057,knee,122
4.75,60.0,4.8,7.578947368421052,2.5,10.078947368421051,5.078947368421052,0.32892325121282556,5,True,True,True,True,10.454848961848162,0.5549199754261901,0.9967507271674362,0.0007473904475295051,-0.001979241557166593,0.00038618922062287083,0.001979241557166593,0.00038618922062287083,1615.7814841301483,128.8034518896785,2.0,22.681874999999998,237,0.5175999103189269,0.20817723060330437,0.5578955336833434,longevity,122
5.0,28.0,4.9,3.3600000000000003,6.36734693877551,9.727346938775511,-3.00734693877551,0.3826513837107855,2,True,True,True,True,9.80272217009636,0.04024892181256099,0.990824120999342,0.0003909602691230712,-0.00530147380661739,0.00013447007495173504,0.00530147380661739,0.00013447007495173504,1248.7153383651319,3.943237340201729,2.0,24.356500000000004,39,0.14278411684162634,0.5507960496648922,0.5690022779819898,fast_charge,123
4.85,55.0,4.85,6.804123711340207,3.0927835051546393,9.896907216494846,3.7113402061855676,0.41152234714075303,5,True,True,True,True,9.972282447815694,0.04024892181256099,0.9943356782597542,0.00029651124329598,-0.0033442138575086543,0.00010421527387450763,0.0033442138575086543,0.00010421527387450763,1346.4383592948275,5.223772471633438,2.0,23.522499999999994,120,0.3235400678502031,0.30745167890877273,0.4463235489735413,knee,123
4.75,60.0,4.8,7.578947368421052,2.5,10.078947368421051,5.078947368421052,0.32892325121282556,5,True,True,True,True,10.1543225997419,0.04024892181256099,0.9965167555175184,0.00024316000633016943,-0.00210185097451856,8.73482460118359e-05,0.00210185097451856,8.73482460118359e-05,1452.6782886302744,7.515920164613077,2.0,22.681874999999998,237,0.5175999103189269,0.15298981800488545,0.5397365575679761,longevity,123
5.0,28.0,4.9,3.3600000000000003,6.36734693877551,9.727346938775511,-3.00734693877551,0.3826513837107855,2,True,True,True,True,9.954586170650149,0.4307570999044321,0.991860841514073,0.0007430764379152396,-0.004795083326855264,0.0003599953670217229,0.004795083326855264,0.0003599953670217229,1312.019821896039,48.15755196460007,2.0,24.356500000000004,39,0.14278411684162634,0.5397869401584987,0.5583522586933073,fast_charge,124
4.85,55.0,4.85,6.804123711340207,3.0927835051546393,9.896907216494846,3.7113402061855676,0.41152234714075303,5,True,True,True,True,10.124146448369483,0.4307570999044321,0.995109028284625,0.000487702874346708,-0.002958404061339498,0.00024258526721574608,0.002958404061339498,0.00024258526721574608,1435.2623416188608,57.53888927264137,2.0,23.522499999999994,120,0.3235400678502031,0.2963525275965005,0.43875163374892245,knee,124
4.75,60.0,4.8,7.578947368421052,2.5,10.078947368421051,5.078947368421052,0.32892325121282556,5,True,True,True,True,10.306186600295689,0.4307570999044321,0.9970727906248654,0.00040983055389386537,-0.0018182463814786565,0.00020933895179099603,0.0018182463814786565,0.00020933895179099603,1571.2016026446643,88.44076269410687,2.0,22.681874999999998,237,0.5175999103189269,0.14523544350014703,0.5375899935925571,longevity,124
5.0,28.0,4.9,3.3600000000000003,6.36734693877551,9.727346938775511,-3.00734693877551,0.3826513837107855,2,True,True,True,True,9.798860439275026,0.04445758786845137,0.9929523948862425,0.0005940464893888768,-0.004291328540901621,0.00036507834613081196,0.004291328540901621,0.00036507834613081196,1323.1510693045743,40.698092551105404,2.0,24.356500000000004,39,0.14278411684162634,0.520844985219503,0.5400618507639171,fast_charge,125
4.85,58.0,4.9,7.175257731958763,2.6938775510204076,9.86913528297917,4.4813801809383556,0.36542463657722224,5,True,True,True,True,9.940648783478686,0.04445758786845137,0.9956034876766814,0.0004638353308827504,-0.00277018147826067,0.0002949709115951981,0.00277018147826067,0.0002949709115951981,1427.1835229314015,54.94410530180918,2.0,23.6565625,108,0.2939344177445688,0.3087484750876754,0.4262898811886151,knee,125
4.75,60.0,4.8,7.578947368421052,2.5,10.078947368421051,5.078947368421052,0.32892325121282556,5,True,True,True,True,10.150460868920566,0.04445758786845137,0.9977210671020731,0.0003432797679663878,-0.0015059488610836562,0.00022895088797219337,0.0015059488610836562,0.00022895088797219337,1585.8167272504882,87.16766569782601,2.0,22.681874999999998,237,0.5175999103189269,0.13247404858183895,0.5342836706374476,longevity,125
5.0,28.0,4.9,3.3600000000000003,6.36734693877551,9.727346938775511,-3.00734693877551,0.3826513837107855,2,True,True,True,True,9.951054485738824,0.432879390839616,0.992654561575768,0.0007752043084344342,-0.004380650083250727,0.0004140623847550004,0.004380650083250727,0.0004140623847550004,1339.547348741318,45.545031975446726,2.0,24.356500000000004,39,0.14278411684162634,0.5339110496659824,0.5526737853179525,fast_charge,126
4.85,55.0,4.85,6.804123711340207,3.0927835051546393,9.896907216494846,3.7113402061855676,0.41152234714075303,5,True,True,True,True,10.120614763458159,0.432879390839616,0.9956523249117919,0.0005279141199242806,-0.0026707193746947863,0.0002904445381886168,0.0026707193746947863,0.0002904445381886168,1472.156918783899,57.589696330721026,2.0,23.522499999999994,120,0.3235400678502031,0.29050432293945094,0.4348228802064386,knee,126
4.75,60.0,4.8,7.578947368421052,2.5,10.078947368421051,5.078947368421052,0.32892325121282556,5,True,True,True,True,10.302654915384364,0.432879390839616,0.997437362426892,0.00044278411567814636,-0.0016218503495496717,0.00025098304369656176,0.0016218503495496717,0.00025098304369656176,1619.1079214819677,90.12911937286698,2.0,22.681874999999998,237,0.5175999103189269,0.14119898857825564,0.5365135800123643,longevity,126
5.0,28.0,4.9,3.3600000000000003,6.36734693877551,9.727346938775511,-3.00734693877551,0.3826513837107855,2,True,True,True,True,9.794920299746725,0.04782831276987617,0.9936057298575542,0.0005496113480349763,-0.003886506966209654,0.00033968804721620446,0.003886506966209654,0.00033968804721620446,1357.8320316349482,38.42320013870882,2.0,24.356500000000004,39,0.14278411684162634,0.5021613571582926,0.5220664063558403,fast_charge,127
4.85,58.0,4.9,7.175257731958763,2.6938775510204076,9.86913528297917,4.4813801809383556,0.36542463657722224,5,True,True,True,True,9.936708643950384,0.04782831276987617,0.9961364128457612,0.00043017149033297466,-0.002428793555142225,0.00027497778947898087,0.002428793555142225,0.00027497778947898087,1477.9376802594682,54.17386294984783,2.0,23.6565625,108,0.2939344177445688,0.2902213422715778,0.4130688434689247,knee,127
4.75,60.0,4.8,7.578947368421052,2.5,10.078947368421051,5.078947368421052,0.32892325121282556,5,True,True,True,True,10.146520729392265,0.04782831276987617,0.9980844050939204,0.00030838395824004197,-0.0012620551238567783,0.00020659629713142694,0.0012620551238567783,0.00020659629713142694,1663.088793725345,88.14269286122048,2.0,22.681874999999998,237,0.5175999103189269,0.12058679091318214,0.5314610440144233,longevity,127
5.0,28.0,4.9,3.3600000000000003,6.36734693877551,9.727346938775511,-3.00734693877551,0.3826513837107855,2,True,True,True,True,9.954586170650149,0.4307570999044322,0.9918608415140732,0.000743076437915155,-0.0047950833268552385,0.00035999536702170686,0.0047950833268552385,0.00035999536702170686,1312.0198218960427,48.15755196459624,2.0,24.356500000000004,39,0.14278411684162634,0.5397869401584989,0.5583522586933074,fast_charge,128
4.85,55.0,4.85,6.804123711340207,3.0927835051546393,9.896907216494846,3.7113402061855676,0.41152234714075303,5,True,True,True,True,10.124146448369483,0.4307570999044322,0.9951090282846251,0.00048770287434655123,-0.0029584040613394773,0.00024258526721566422,0.0029584040613394773,0.00024258526721566422,1435.2623416188658,57.5388892726217,2.0,23.522499999999994,120,0.3235400678502031,0.2963525275965002,0.4387516337489223,knee,128
4.75,60.0,4.8,7.578947368421052,2.5,10.078947368421051,5.078947368421052,0.32892325121282556,5,True,True,True,True,10.306186600295689,0.4307570999044322,0.9970727906248654,0.00040983055389354607,-0.0018182463814786403,0.0002093389517908346,0.0018182463814786403,0.0002093389517908346,1571.2016026446713,88.44076269404064,2.0,22.681874999999998,237,0.5175999103189269,0.14523544350014658,0.537589993592557,longevity,128
5.0,28.0,4.9,3.3600000000000003,6.36734693877551,9.727346938775511,-3.00734693877551,0.3826513837107855,2,True,True,True,True,9.951792986265811,0.43245983882649475,0.992027988256685,0.0008872117694413711,-0.004686294500715918,0.00045912033205885696,0.004686294500715918,0.00045912033205885696,1301.3510493507263,41.10994085545252,2.0,24.356500000000004,39,0.14278411684162634,0.5387641011110926,0.5573634906129812,fast_charge,129
4.85,55.0,4.85,6.804123711340207,3.0927835051546393,9.896907216494846,3.7113402061855676,0.41152234714075303,5,True,True,True,True,10.121353263985146,0.43245983882649475,0.995222133324768,0.0005749834328864099,-0.00288530791951145,0.00030566876076957265,0.00288530791951145,0.00030566876076957265,1425.9204792412352,48.70904692140681,2.0,23.522499999999994,120,0.3235400678502031,0.29533072157216816,0.4380621081637301,knee,129
4.75,60.0,4.8,7.578947368421052,2.5,10.078947368421051,5.078947368421052,0.32892325121282556,5,True,True,True,True,10.303393415911351,0.43245983882649475,0.99714810204294,0.0004814222330127199,-0.0017696261580571776,0.0002629730684675212,0.0017696261580571776,0.0002629730684675212,1563.5490703509124,74.91981517196393,2.0,22.681874999999998,237,0.5175999103189269,0.14452772030876268,0.537399226925206,longevity,129
5.0,28.0,4.9,3.3600000000000003,6.36734693877551,9.727346938775511,-3.00734693877551,0.3826513837107855,2,True,True,True,True,9.798451984658048,0.04470600075472674,0.9925850607606085,0.0008281874404995894,-0.004421848892798895,0.00044257778034061855,0.004421848892798895,0.00044257778034061855,1318.4362087124596,42.7744719461022,2.0,24.356500000000004,39,0.14278411684162634,0.5271546106213374,0.5461495102273526,fast_charge,130
4.85,55.0,4.85,6.804123711340207,3.0927835051546393,9.896907216494846,3.7113402061855676,0.41152234714075303,5,True,True,True,True,9.968012262377382,0.04470600075472674,0.9956791554356073,0.0006372344882908632,-0.002659008736635595,0.0003514107628631974,0.002659008736635595,0.0003514107628631974,1440.8025548405908,61.72194320434638,2.0,23.522499999999994,120,0.3235400678502031,0.28384477806619646,0.4304021765046761,knee,130
4.75,60.0,4.8,7.578947368421052,2.5,10.078947368421051,5.078947368421052,0.32892325121282556,5,True,True,True,True,10.150052414303588,0.04470600075472674,0.9974929292139938,0.000502482367046059,-0.0015925057386141335,0.0002860223044695857,0.0015925057386141335,0.0002860223044695857,1575.6364124809156,91.73070478685148,2.0,22.681874999999998,237,0.5175999103189269,0.13664444061023498,0.5353329527610319,longevity,130
5.0,28.0,4.9,3.3600000000000003,6.36734693877551,9.727346938775511,-3.00734693877551,0.3826513837107855,2,True,True,True,True,9.773133683815315,0.009342767346274226,0.9943546682177691,0.0002536330529372149,-0.003450495254595161,0.00016689937159470577,0.003450495254595161,0.00016689937159470577,1427.8268923709784,35.66055433465953,2.0,24.356500000000004,39,0.14278411684162634,0.7099949166020187,0.724209973435157,fast_charge,131
4.8,61.0,4.85,7.625000000000001,2.350515463917526,9.975515463917526,5.2744845360824755,0.3125851111428187,5,True,True,True,True,10.02130220895733,0.009342767346274226,0.9956460116104209,0.00037435781102247164,-0.002805792835736601,0.0002597240241889076,0.002805792835736601,0.0002597240241889076,1427.8268923709784,68.24507952152327,2.0,23.154593749999997,168,0.4073386361889712,0.4016292698898966,0.5720409381893768,knee,131
4.75,60.0,4.8,7.578947368421052,2.5,10.078947368421051,5.078947368421052,0.32892325121282556,5,True,True,True,True,10.124734113460855,0.009342767346274226,0.9960688346345635,0.0005029836693925045,-0.0025865830529269484,0.00035630005422605045,0.0025865830529269484,0.00035630005422605045,1427.8268923709784,101.55569521393335,2.0,22.681874999999998,237,0.5175999103189269,0.29677970757337563,0.5966471838444388,longevity,131
5.0,28.0,4.9,3.3600000000000003,6.36734693877551,9.727346938775511,-3.00734693877551,0.3826513837107855,2,True,True,True,True,9.770340499430977,0.011747155988327233,0.994625240235924,0.00030534534953670416,-0.00327278124899037,0.00020017328652390196,0.00327278124899037,0.00020017328652390196,1420.0344794727407,34.22430151596596,2.0,24.356500000000004,39,0.14278411684162634,0.7331570204413623,0.7469314029043761,fast_charge,132
4.8,71.0,4.85,8.875,1.1134020618556701,9.98840206185567,7.76159793814433,0.14986948528374183,5,True,True,True,True,10.031395622511136,0.011747155988327233,0.9956204064220437,0.00048745950785352533,-0.002833895465613318,0.000339582616648917,0.002833895465613318,0.000339582616648917,1420.0344794727407,67.05128050026823,2.0,23.094281249999998,178,0.42107610640844034,0.4172616066489661,0.5928004181605886,knee,132
4.75,60.0,4.8,7.578947368421052,2.5,10.078947368421051,5.078947368421052,0.32892325121282556,5,True,True,True,True,10.121940929076517,0.011747155988327233,0.9959038188247635,0.00064425520048368,-0.002703661360740242,0.00045781282918991604,0.002703661360740242,0.00045781282918991604,1420.0344794727407,94.75041400339241,2.0,22.681874999999998,237,0.5175999103189269,0.3235234223491603,0.6103909173395967,longevity,132
5.0,28.0,4.9,3.3600000000000003,6.36734693877551,9.727346938775511,-3.00734693877551,0.3826513837107855,2,True,True,True,True,10.132176926663648,0.5317768877582474,0.99185651572707,0.00043402001687882724,-0.004811136562166825,0.00020942416246162222,0.004811136562166825,0.00020942416246162222,1320.7664582396221,38.10753999767431,2.0,24.356500000000004,39,0.14278411684162634,0.5305517953273935,0.5494292598209197,fast_charge,133
4.85,55.0,4.85,6.804123711340207,3.0927835051546393,9.896907216494846,3.7113402061855676,0.41152234714075303,5,True,True,True,True,10.301737204382983,0.5317768877582474,0.9952152361519268,0.0002921245539662377,-0.0029132047086904557,0.00014526405489733395,0.0029132047086904557,0.00014526405489733395,1459.606164737816,48.24236926861038,2.0,23.522499999999994,120,0.3235400678502031,0.2871845489335728,0.4326119978117733,knee,133
4.75,60.0,4.8,7.578947368421052,2.5,10.078947368421051,5.078947368421052,0.32892325121282556,5,True,True,True,True,10.483777356309188,0.5317768877582474,0.9972005277218985,0.00022073216820363685,-0.00175696692968065,0.00011314429235774373,0.00175696692968065,0.00011314429235774373,1614.3220456407653,68.90726634331814,2.0,22.681874999999998,237,0.5175999103189269,0.13892295358771709,0.5359190742973198,longevity,133
5.0,28.0,4.9,3.3600000000000003,6.36734693877551,9.727346938775511,-3.00734693877551,0.3826513837107855,2,True,True,True,True,9.80778367747658,0.05175999397095043,0.9935142264555135,0.000616549829077912,-0.003933978506632634,0.0003815459286423728,0.003933978506632634,0.0003815459286423728,1332.1241783910625,32.21908935659343,2.0,24.356500000000004,39,0.14278411684162634,0.501717885946086,0.5216398576608703,fast_charge,134
4.85,58.0,4.9,7.175257731958763,2.6938775510204076,9.86913528297917,4.4813801809383556,0.36542463657722224,5,True,True,True,True,9.94957202168024,0.05175999397095043,0.9960820309079496,0.00048062049876028184,-0.0024565512000254224,0.00030745074127487624,0.0024565512000254224,0.00030745074127487624,1444.8938985355433,45.096142162880696,2.0,23.6565625,108,0.2939344177445688,0.2897872330479068,0.41276395478820643,knee,134
4.75,60.0,4.8,7.578947368421052,2.5,10.078947368421051,5.078947368421052,0.32892325121282556,5,True,True,True,True,10.15938410712212,0.05175999397095043,0.9980580680635536,0.00033002803287319294,-0.001275098753982255,0.00022108999413311944,0.001275098753982255,0.00022108999413311944,1618.0064717567564,69.96151906720003,2.0,22.681874999999998,237,0.5175999103189269,0.12031291296574326,0.5313989689380887,longevity,134
5.0,28.0,4.9,3.3600000000000003,6.36734693877551,9.727346938775511,-3.00734693877551,0.3826513837107855,2,True,True,True,True,10.128236787135346,0.5355137780168543,0.9924091441066064,0.0007250458381729927,-0.0044708507552353805,0.0003779384851659434,0.0044708507552353805,0.0003779384851659434,1348.7735066298512,34.324143200658334,2.0,24.356500000000004,39,0.14278411684162634,0.5256631968668073,0.5447101069031811,fast_charge,135
4.85,55.0,4.85,6.804123711340207,3.0927835051546393,9.896907216494846,3.7113402061855676,0.41152234714075303,5,True,True,True,True,10.29779706485468,0.5355137780168543,0.9955760351780251,0.0004996426450371008,-0.0026802989521868196,0.00026790899708838264,0.0026802989521868196,0.00026790899708838264,1497.9124820806069,45.07339124159329,2.0,23.522499999999994,120,0.3235400678502031,0.2823841226971529,0.4294402964976095,knee,135
4.75,60.0,4.8,7.578947368421052,2.5,10.078947368421051,5.078947368421052,0.32892325121282556,5,True,True,True,True,10.479837216780886,0.5355137780168543,0.9974327393479413,0.0003787551490935142,-0.0016003359727397991,0.00020895654407691446,0.0016003359727397991,0.00020895654407691446,1664.9287980094555,65.44405601771705,2.0,22.681874999999998,237,0.5175999103189269,0.13565148232894392,0.5350803601518196,longevity,135
5.0,28.0,4.9,3.3600000000000003,6.36734693877551,9.727346938775511,-3.00734693877551,0.3826513837107855,2,True,True,True,True,9.778855283015554,0.03940717326441556,0.9935406764235303,0.0007965014101364988,-0.0038520602698698335,0.00041899178916310044,0.0038520602698698335,0.00041899178916310044,1362.009371300477,39.428362437434245,2.0,24.356500000000004,39,0.14278411684162634,0.5117402793804863,0.5312865682121668,fast_charge,136
4.85,58.0,4.9,7.175257731958763,2.6938775510204076,9.86913528297917,4.4813801809383556,0.36542463657722224,5,True,True,True,True,9.920643627219214,0.03940717326441556,0.9959883582492033,0.0006448738286933283,-0.0024477967070499975,0.0003470890289154747,0.0024477967070499975,0.0003470890289154747,1476.791892805237,55.73154017143185,2.0,23.6565625,108,0.2939344177445688,0.29966201464183373,0.4197556014564204,knee,136
4.75,60.0,4.8,7.578947368421052,2.5,10.078947368421051,5.078947368421052,0.32892325121282556,5,True,True,True,True,10.130455712661094,0.03940717326441556,0.9979334042995464,0.0005309908119557004,-0.0013018486868763052,0.00029505632222298406,0.0013018486868763052,0.00029505632222298406,1652.9201437274346,99.70397962751916,2.0,22.681874999999998,237,0.5175999103189269,0.12659573703286944,0.5328565921493855,longevity,136
5.0,28.0,4.9,3.3600000000000003,6.36734693877551,9.727346938775511,-3.00734693877551,0.3826513837107855,2,True,True,True,True,9.801983669569372,0.040924096438090134,0.9915929805050958,0.0007329950880489814,-0.0049344974226129944,0.000350175497095813,0.0049344974226129944,0.000350175497095813,1286.0245474227208,38.82503721897819,2.0,24.356500000000004,39,0.14278411684162634,0.543817238788455,0.5622494937532115,fast_charge,137
4.85,55.0,4.85,6.804123711340207,3.0927835051546393,9.896907216494846,3.7113402061855676,0.41152234714075303,5,True,True,True,True,9.971543947288707,0.040924096438090134,0.9949024457147692,0.0005674385245180673,-0.003069302220465422,0.0002780868349863077,0.003069302220465422,0.0002780868349863077,1394.0102220113686,53.731198647060246,2.0,23.522499999999994,120,0.3235400678502031,0.30039430067538203,0.4414916889169782,knee,137
4.75,60.0,4.8,7.578947368421052,2.5,10.078947368421051,5.078947368421052,0.32892325121282556,5,True,True,True,True,10.153584099214912,0.040924096438090134,0.9969213829692715,0.0004617110742509569,-0.0019019468441865992,0.00023216503636565414,0.0019019468441865992,0.00023216503636565414,1512.0314293253682,78.51977651577397,2.0,22.681874999999998,237,0.5175999103189269,0.1480450585216911,0.5383558363339735,longevity,137
5.0,28.0,4.9,3.3600000000000003,6.36734693877551,9.727346938775511,-3.00734693877551,0.3826513837107855,2,True,True,True,True,10.099716847291297,0.5578881134746451,0.9943272231205936,0.0007905649870380928,-0.0034341316201045753,0.0004140605618558512,0.0034341316201045753,0.0004140605618558512,1393.6832976549933,63.62834631648403,2.0,24.356500000000004,39,0.14278411684162634,0.6353922189385038,0.6512377261107029,fast_charge,138
4.85,54.0,4.8,6.680412371134023,3.2500000000000004,9.930412371134024,3.430412371134022,0.42704111562382635,5,True,True,True,True,10.30278227964981,0.5578881134746451,0.9960336755885568,0.00041713611779424953,-0.0024239917536634744,0.00022055949409846679,0.0024239917536634744,0.00022055949409846679,1541.5219223529255,53.110933438086825,2.0,23.365687499999996,142,0.3592574904208282,0.36178400192500026,0.5098564586943467,knee,138
4.75,60.0,4.8,7.578947368421052,2.5,10.078947368421051,5.078947368421052,0.32892325121282556,5,True,True,True,True,10.451317276936837,0.5578881134746451,0.9969016301519651,0.0005996985905045916,-0.001905990570012134,0.00031917258055424427,0.001905990570012134,0.00031917258055424427,1652.6028134874566,104.78833147749633,2.0,22.681874999999998,237,0.5175999103189269,0.22147731274435742,0.5629936653485749,longevity,138
5.0,28.0,4.9,3.3600000000000003,6.36734693877551,9.727346938775511,-3.00734693877551,0.3826513837107855,2,True,True,True,True,9.796067254890689,0.04720585018528748,0.9931192673291614,0.0006608707392320432,-0.004178542983879182,0.00040946346054769584,0.004178542983879182,0.00040946346054769584,1312.238715282999,32.06688945919424,2.0,24.356500000000004,39,0.14278411684162634,0.5170117325277175,0.5363659530521632,fast_charge,139
4.85,58.0,4.9,7.175257731958763,2.6938775510204076,9.86913528297917,4.4813801809383556,0.36542463657722224,5,True,True,True,True,9.937855599094348,0.04720585018528748,0.995733650566095,0.0005102525190727401,-0.0026796036133728686,0.0003269698657532969,0.0026796036133728686,0.0003269698657532969,1413.9151460104029,43.02434134245713,2.0,23.6565625,108,0.2939344177445688,0.3049094773485634,0.4235176871298444,knee,139
4.75,60.0,4.8,7.578947368421052,2.5,10.078947368421051,5.078947368421052,0.32892325121282556,5,True,True,True,True,10.147667684536229,0.04720585018528748,0.9978072131469249,0.0003739691892250866,-0.001443360787876032,0.0002511439651099365,0.001443360787876032,0.0002511439651099365,1568.7585430855331,68.07029889092429,2.0,22.681874999999998,237,0.5175999103189269,0.1299791923775582,0.5336705515702393,longevity,139
5.0,28.0,4.9,3.3600000000000003,6.36734693877551,9.727346938775511,-3.00734693877551,0.3826513837107855,2,True,True,True,True,10.132176926663648,0.5317768877582475,0.99185651572707,0.00043402001687883575,-0.004811136562166816,0.0002094241624616188,0.004811136562166816,0.0002094241624616188,1320.7664582396258,38.107539997673776,2.0,24.356500000000004,39,0.14278411684162634,0.5305517953273918,0.5494292598209181,fast_charge,140
4.85,55.0,4.85,6.804123711340207,3.0927835051546393,9.896907216494846,3.7113402061855676,0.41152234714075303,5,True,True,True,True,10.301737204382983,0.5317768877582475,0.9952152361519268,0.00029212455396625893,-0.0029132047086904453,0.00014526405489734964,0.0029132047086904453,0.00014526405489734964,1459.6061647378212,48.24236926861423,2.0,23.522499999999994,120,0.3235400678502031,0.28718454893357165,0.4326119978117725,knee,140
4.75,60.0,4.8,7.578947368421052,2.5,10.078947368421051,5.078947368421052,0.32892325121282556,5,True,True,True,True,10.483777356309188,0.5317768877582475,0.9972005277218985,0.00022073216820368138,-0.0017569669296806374,0.00011314429235776639,0.0017569669296806374,0.00011314429235776639,1614.322045640774,68.90726634333215,2.0,22.681874999999998,237,0.5175999103189269,0.1389229535877161,0.5359190742973196,longevity,140
5.0,28.0,4.9,3.3600000000000003,6.36734693877551,9.727346938775511,-3.00734693877551,0.3826513837107855,2,True,True,True,True,9.780909966872903,0.03803752425840597,0.9941485047238049,0.000149911863396256,-0.0035650145517456123,0.0001031556278329504,0.0035650145517456123,0.0001031556278329504,1427.347776299985,16.961021862200596,2.0,24.356500000000004,39,0.14278411684162634,0.479017800062876,0.4998453328774018,fast_charge,141
4.85,55.0,4.9,6.804123711340207,3.061224489795918,9.865348201136126,3.7428992215442887,0.41403889252472925,5,True,True,True,True,9.918911229233517,0.03803752425840597,0.9965591941053448,0.00012345467389137323,-0.0021670851594595554,8.781846003130553e-05,0.0021670851594595554,8.781846003130553e-05,1578.7118235621629,26.272614419454424,2.0,23.674843749999997,105,0.2898972836392565,0.27216999334732206,0.39763920875600395,knee,141
4.75,60.0,4.8,7.578947368421052,2.5,10.078947368421051,5.078947368421052,0.32892325121282556,5,True,True,True,True,10.132510396518443,0.03803752425840597,0.9984124208574233,9.331990865727814e-05,-0.001049442820349105,6.967230475958368e-05,0.001049442820349105,6.967230475958368e-05,1828.3826105957835,49.84930067796676,2.0,22.681874999999998,237,0.5175999103189269,0.10679549888921323,0.5285025503676942,longevity,141
5.0,28.0,4.9,3.3600000000000003,6.36734693877551,9.727346938775511,-3.00734693877551,0.3826513837107855,2,True,True,True,True,10.116928819166434,0.5444732918398935,0.9926623534897787,0.0005556780479952305,-0.004415199372056319,0.0003382961122948118,0.004415199372056319,0.0003382961122948118,1332.4918743094508,39.7016913146909,2.0,24.356500000000004,39,0.14278411684162634,0.5293275513707034,0.5482471711393939,fast_charge,142
4.85,55.0,4.85,6.804123711340207,3.0927835051546393,9.896907216494846,3.7113402061855676,0.41152234714075303,5,True,True,True,True,10.286489096885768,0.5444732918398935,0.9957150279773144,0.00033264767988498814,-0.002666801784693209,0.0002094630766309823,0.002666801784693209,0.0002094630766309823,1475.698843624668,45.072560414360744,2.0,23.522499999999994,120,0.3235400678502031,0.2859789688420257,0.43181262849118063,knee,142
4.75,60.0,4.8,7.578947368421052,2.5,10.078947368421051,5.078947368421052,0.32892325121282556,5,True,True,True,True,10.468529248811974,0.5444732918398935,0.9975083703506973,0.00026328973427676184,-0.0016043230294951842,0.0001715230485008497,0.0016043230294951842,0.0001715230485008497,1635.6224825396746,68.00040387483303,2.0,22.681874999999998,237,0.5175999103189269,0.1380991611180765,0.5357061185609864,longevity,142
5.0,28.0,4.9,3.3600000000000003,6.36734693877551,9.727346938775511,-3.00734693877551,0.3826513837107855,2,True,True,True,True,9.787065607982166,0.035037660477689976,0.9916281246535024,0.0009444651316358519,-0.004876095786060266,0.0004802061285938072,0.004876095786060266,0.0004802061285938072,1272.823971617835,27.95285041052102,2.0,24.356500000000004,39,0.14278411684162634,0.5501885623062208,0.5684142486908904,fast_charge,143
4.85,55.0,4.85,6.804123711340207,3.0927835051546393,9.896907216494846,3.7113402061855676,0.41152234714075303,5,True,True,True,True,9.9566258857015,0.035037660477689976,0.9948395550543077,0.0006669725760720144,-0.0030721301806618338,0.0003466192972921318,0.0030721301806618338,0.0003466192972921318,1372.785839153649,34.53967108622076,2.0,23.522499999999994,120,0.3235400678502031,0.3068343928280075,0.44589855362699493,knee,143
4.75,60.0,4.8,7.578947368421052,2.5,10.078947368421051,5.078947368421052,0.32892325121282556,5,True,True,True,True,10.138666037627706,0.035037660477689976,0.9968312914014653,0.0005907191769320687,-0.0019284715982114465,0.0003138371194970065,0.0019284715982114465,0.0003138371194970065,1481.4877351424664,53.76397948072758,2.0,22.681874999999998,237,0.5175999103189269,0.15255535132855777,0.539613567639974,longevity,143
5.0,28.0,4.9,3.3600000000000003,6.36734693877551,9.727346938775511,-3.00734693877551,0.3826513837107855,2,True,True,True,True,9.950646031121847,0.4331059646423154,0.9923802189051676,0.0009233460144094125,-0.0044772306232306325,0.00046903962160156084,0.0044772306232306325,0.00046903962160156084,1336.015034681283,47.61510580130949,2.0,24.356500000000004,39,0.14278411684162634,0.5381622666258663,0.5567817608741626,fast_charge,144
4.85,55.0,4.85,6.804123711340207,3.0927835051546393,9.896907216494846,3.7113402061855676,0.41152234714075303,5,True,True,True,True,10.120206308841182,0.4331059646423154,0.9954214902798023,0.0006412518319230256,-0.0027532328889617705,0.00033336922719975166,0.0027532328889617705,0.00033336922719975166,1467.1966573703112,60.437185485103925,2.0,23.522499999999994,120,0.3235400678502031,0.2947302409513321,0.43765750357527783,knee,144
4.75,60.0,4.8,7.578947368421052,2.5,10.078947368421051,5.078947368421052,0.32892325121282556,5,True,True,True,True,10.302246460767387,0.4331059646423154,0.9972600129759915,0.0005469702575450393,-0.0016865491426901777,0.00029106654229600214,0.0016865491426901777,0.00029106654229600214,1612.4580912133665,94.6705860137857,2.0,22.681874999999998,237,0.5175999103189269,0.1441123022223597,0.5372876536958484,longevity,144
5.0,28.0,4.9,3.3600000000000003,6.36734693877551,9.727346938775511,-3.00734693877551,0.3826513837107855,2,True,True,True,True,9.791822656744424,0.031232827425902998,0.9916638562050268,0.00037100635800471854,-0.005007057409440777,0.0001326608592061424,0.005007057409440777,0.0001326608592061424,1257.6295465971884,4.1483310897520385,2.0,24.356500000000004,39,0.14278411684162634,0.5402197893462816,0.5587707265270649,fast_charge,145
4.85,55.0,4.85,6.804123711340207,3.0927835051546393,9.896907216494846,3.7113402061855676,0.41152234714075303,5,True,True,True,True,9.961382934463758,0.031232827425902998,0.9950350216604072,0.0002362120629872369,-0.0030918901041518494,8.756949469974974e-05,0.0030918901041518494,8.756949469974974e-05,1359.6530557375697,4.794213184533451,2.0,23.522499999999994,120,0.3235400678502031,0.2967854204459127,0.4390441450398482,knee,145
4.75,60.0,4.8,7.578947368421052,2.5,10.078947368421051,5.078947368421052,0.32892325121282556,5,True,True,True,True,10.143423086389964,0.031232827425902998,0.9970550236006952,0.00019826349973332792,-0.0019019647244014975,7.62267646629984e-05,0.0019019647244014975,7.62267646629984e-05,1470.8641674329745,7.3390195012364225,2.0,22.681874999999998,237,0.5175999103189269,0.1455355880902177,0.5376711583885886,longevity,145
5.2,58.0,4.55,6.692307692307692,2.901098901098901,9.593406593406593,3.7912087912087906,0.301438246295025,1,True,True,True,True,9.639523384356405,0.009257881848781659,0.9944528286422147,0.001340394636635529,-0.0033491453237710317,0.000640093500062015,0.0033491453237710317,0.000640093500062015,1399.1084247062754,127.17402229887331,2.0,25.297187500000003,1,0.0,0.0,0.0,fast_charge,146
5.2,58.0,4.55,6.692307692307692,2.901098901098901,9.593406593406593,3.7912087912087906,0.301438246295025,1,True,True,True,True,9.639523384356405,0.009257881848781659,0.9944528286422147,0.001340394636635529,-0.0033491453237710317,0.000640093500062015,0.0033491453237710317,0.000640093500062015,1399.1084247062754,127.17402229887331,2.0,25.297187500000003,1,0.0,0.0,0.0,knee,146
5.2,58.0,4.55,6.692307692307692,2.901098901098901,9.593406593406593,3.7912087912087906,0.301438246295025,1,True,True,True,True,9.639523384356405,0.009257881848781659,0.9944528286422147,0.001340394636635529,-0.0033491453237710317,0.000640093500062015,0.0033491453237710317,0.000640093500062015,1399.1084247062754,127.17402229887331,2.0,25.297187500000003,1,0.0,0.0,0.0,longevity,146
5.0,28.0,4.9,3.3600000000000003,6.36734693877551,9.727346938775511,-3.00734693877551,0.3826513837107855,2,True,True,True,True,9.977688969911922,0.41935497641124914,0.9931474325739564,0.0003857363618612507,-0.004128945331752911,0.00019855891965502481,0.004128945331752911,0.00019855891965502481,1417.2861772097688,18.943494853080605,2.0,24.356500000000004,39,0.14278411684162634,0.5100888164411285,0.5296960493344787,fast_charge,147
4.85,58.0,4.9,7.175257731958763,2.6938775510204076,9.86913528297917,4.4813801809383556,0.36542463657722224,5,True,True,True,True,10.119477314115581,0.41935497641124914,0.9957850998282798,0.0003006567220331086,-0.0026162298143341495,0.00015943090876889424,0.0026162298143341495,0.00015943090876889424,1566.7255891046002,26.536390667570455,2.0,23.6565625,108,0.2939344177445688,0.29802567022131254,0.41858898939855216,knee,147
4.75,60.0,4.8,7.578947368421052,2.5,10.078947368421051,5.078947368421052,0.32892325121282556,5,True,True,True,True,10.329289399557462,0.41935497641124914,0.997857748495659,0.00020952372873947955,-0.001385883201269567,0.00011579835615581355,0.001385883201269567,0.00011579835615581355,1801.430396598216,41.83555498826459,2.0,22.681874999999998,237,0.5175999103189269,0.12554699151206097,0.5326084060920281,longevity,147
5.0,28.0,4.9,3.3600000000000003,6.36734693877551,9.727346938775511,-3.00734693877551,0.3826513837107855,2,True,True,True,True,10.116928819166434,0.5444732918398936,0.9926623534897787,0.0005556780479951856,-0.004415199372056319,0.0003382961122948246,0.004415199372056319,0.0003382961122948246,1332.4918743094543,39.701691314689754,2.0,24.356500000000004,39,0.14278411684162634,0.5293275513707041,0.5482471711393946,fast_charge,148
4.85,55.0,4.85,6.804123711340207,3.0927835051546393,9.896907216494846,3.7113402061855676,0.41152234714075303,5,True,True,True,True,10.286489096885768,0.5444732918398936,0.9957150279773144,0.00033264767988498814,-0.0026668017846932187,0.00020946307663099057,0.0026668017846932187,0.00020946307663099057,1475.6988436246693,45.07256041435945,2.0,23.522499999999994,120,0.3235400678502031,0.2859789688420269,0.4318126284911814,knee,148
4.75,60.0,4.8,7.578947368421052,2.5,10.078947368421051,5.078947368421052,0.32892325121282556,5,True,True,True,True,10.468529248811974,0.5444732918398936,0.9975083703506972,0.00026328973427675446,-0.0016043230294951957,0.00017152304850085592,0.0016043230294951957,0.00017152304850085592,1635.6224825396716,68.00040387482852,2.0,22.681874999999998,237,0.5175999103189269,0.13809916111807755,0.5357061185609867,longevity,148
5.0,28.0,4.9,3.3600000000000003,6.36734693877551,9.727346938775511,-3.00734693877551,0.3826513837107855,2,True,True,True,True,9.949169030067873,0.4339361886462931,0.9936005819437697,0.00040639146318273086,-0.0038741545992604974,0.00022436907904838967,0.0038741545992604974,0.00022436907904838967,1421.3648876109578,18.638644348433488,2.0,24.356500000000004,39,0.14278411684162634,0.5112049339597552,0.5307709379073433,fast_charge,149
4.85,58.0,4.9,7.175257731958763,2.6938775510204076,9.86913528297917,4.4813801809383556,0.36542463657722224,5,True,True,True,True,10.090957374271532,0.4339361886462931,0.9960507706022634,0.000310315212490861,-0.0024595500991770967,0.00017624968209396658,0.0024595500991770967,0.00017624968209396658,1566.44290315751,25.416159035740318,2.0,23.6565625,108,0.2939344177445688,0.2991311725946476,0.4193767999695352,knee,149
4.75,60.0,4.8,7.578947368421052,2.5,10.078947368421051,5.078947368421052,0.32892325121282556,5,True,True,True,True,10.300769459713413,0.4339361886462931,0.9979835017218157,0.00024571450804761533,-0.0013064081567705922,0.00014517565413531348,0.0013064081567705922,0.00014517565413531348,1793.4615192603658,45.126292267145644,2.0,22.681874999999998,237,0.5175999103189269,0.12625518563179283,0.5327757868569851,longevity,149
5.0,28.0,4.9,3.3600000000000003,6.36734693877551,9.727346938775511,-3.00734693877551,0.3826513837107855,2,True,True,True,True,9.94785284673751,0.4347640672676898,0.9925381252524407,0.0009981450225447464,-0.004375527908155984,0.0005174461823964213,0.004375527908155984,0.0005174461823964213,1325.4684458811787,41.873907637496956,2.0,24.356500000000004,39,0.14278411684162634,0.5367655874962952,0.5554319039652711,fast_charge,150
4.85,55.0,4.85,6.804123711340207,3.0927835051546393,9.896907216494846,3.7113402061855676,0.41152234714075303,5,True,True,True,True,10.117413124456844,0.4347640672676898,0.9955313248130927,0.000684121954460667,-0.002683089740499316,0.0003631440864843077,0.002683089740499316,0.0003631440864843077,1457.0385623292757,52.68102208632106,2.0,23.522499999999994,120,0.3235400678502031,0.2933388330308793,0.43672170368374424,knee,150
4.75,60.0,4.8,7.578947368421052,2.5,10.078947368421051,5.078947368421052,0.32892325121282556,5,True,True,True,True,10.29945327638305,0.4347640672676898,0.9973347324170497,0.0005811875149240541,-0.0016389010990972759,0.00031594918830978334,0.0016389010990972759,0.00031594918830978334,1602.8733038031535,82.54733591245707,2.0,22.681874999999998,237,0.5175999103189269,0.14315109980450663,0.5370306364979571,longevity,150
5.0,28.0,4.9,3.3600000000000003,6.36734693877551,9.727346938775511,-3.00734693877551,0.3826513837107855,2,True,True,True,True,10.271177549487582,0.5859947944110043,0.9938523713867026,0.00033394292011770154,-0.003792838650572158,0.00023512952604200509,0.003792838650572158,0.00023512952604200509,1428.514175000722,69.26258685797201,2.0,24.356500000000004,39,0.14278411684162634,0.5884229829540698,0.6054988942110536,fast_charge,151
4.85,70.0,4.8,8.659793814432991,1.25,9.909793814432991,7.409793814432991,0.16603318005393172,5,True,True,True,True,10.453624425145062,0.5859947944110043,0.9959720905497196,0.00012379925522102832,-0.0025077120707713675,8.796181598618107e-05,0.0025077120707713675,8.796181598618107e-05,1549.1520391250392,42.499313277146506,2.0,23.462187499999995,126,0.33727753806967414,0.33266990481803155,0.4737355836940884,knee,151
4.75,60.0,4.8,7.578947368421052,2.5,10.078947368421051,5.078947368421052,0.32892325121282556,5,True,True,True,True,10.622777979133122,0.5859947944110043,0.9972147817413695,0.00015576792035570383,-0.0017478173058174363,0.00011155601874402082,0.0017478173058174363,0.00011155601874402082,1662.7053726307865,83.00105730969351,2.0,22.681874999999998,237,0.5175999103189269,0.18144322547679886,0.5484809123694148,longevity,151
5.0,28.0,4.9,3.3600000000000003,6.36734693877551,9.727346938775511,-3.00734693877551,0.3826513837107855,2,True,True,True,True,9.952201440882789,0.43223140892491513,0.9923061236818221,0.0007558034020618274,-0.004588197806332692,0.00041241034865948403,0.004588197806332692,0.00041241034865948403,1304.7195297048113,39.599034559035104,2.0,24.356500000000004,39,0.14278411684162634,0.5354321203091122,0.5541433564349164,fast_charge,152
4.85,55.0,4.85,6.804123711340207,3.0927835051546393,9.896907216494846,3.7113402061855676,0.41152234714075303,5,True,True,True,True,10.121761718602123,0.43223140892491513,0.9954425420930718,0.0004820736907436171,-0.0028059028326113383,0.0002715733637197377,0.0028059028326113383,0.0002715733637197377,1430.516293185155,46.750619016783844,2.0,23.522499999999994,120,0.3235400678502031,0.2920131750528198,0.43583238740247704,knee,152
4.75,60.0,4.8,7.578947368421052,2.5,10.078947368421051,5.078947368421052,0.32892325121282556,5,True,True,True,True,10.303801870528329,0.43223140892491513,0.9973116019739812,0.00039817715756171736,-0.0017092539873804803,0.00023163978630741353,0.0017092539873804803,0.00023163978630741353,1569.5892171018168,71.82449371819497,2.0,22.681874999999998,237,0.5175999103189269,0.1422371227390679,0.5367877292256688,longevity,152
5.0,28.0,4.9,3.3600000000000003,6.36734693877551,9.727346938775511,-3.00734693877551,0.3826513837107855,2,True,True,True,True,9.938191108008969,0.43835290327356846,0.9940747131033225,0.0007338897846817149,-0.0036164933614964176,0.0003965312596731254,0.0036164933614964176,0.0003965312596731254,1417.2312104356754,71.95273183309638,2.0,24.356500000000004,39,0.14278411684162634,0.6484191937528625,0.663953880061978,fast_charge,153
4.85,54.0,4.8,6.680412371134023,3.2500000000000004,9.930412371134024,3.430412371134022,0.42704111562382635,5,True,True,True,True,10.14125654036748,0.43835290327356846,0.9957063910527322,0.00048050466897280774,-0.0026319993877423546,0.00026075293574598525,0.0026319993877423546,0.00026075293574598525,1476.8882623678294,67.74977916521058,2.0,23.365687499999996,142,0.3592574904208282,0.3766250948047787,0.5204924653250804,knee,153
4.75,60.0,4.8,7.578947368421052,2.5,10.078947368421051,5.078947368421052,0.32892325121282556,5,True,True,True,True,10.289791537654509,0.43835290327356846,0.9965622120363167,0.0007301500678305925,-0.0021136999035800573,0.00039741537869326796,0.0021136999035800573,0.00039741537869326796,1519.519109729751,132.28918159449267,2.0,22.681874999999998,237,0.5175999103189269,0.23353560412361038,0.5678455296606119,longevity,153
5.0,28.0,4.9,3.3600000000000003,6.36734693877551,9.727346938775511,-3.00734693877551,0.3826513837107855,2,True,True,True,True,10.11537340940549,0.5458253963277251,0.9927493405280008,0.0007594325599482678,-0.00430102302021658,0.00039351839821731295,0.00430102302021658,0.00039351839821731295,1366.0712910379818,40.83757903426454,2.0,24.356500000000004,39,0.14278411684162634,0.5305799297387951,0.5494564276299513,fast_charge,154
4.85,55.0,4.85,6.804123711340207,3.0927835051546393,9.896907216494846,3.7113402061855676,0.41152234714075303,5,True,True,True,True,10.284933687124825,0.5458253963277251,0.9957284354000707,0.0004894956295340756,-0.002604473604895592,0.00026071341047651723,0.002604473604895592,0.00026071341047651723,1516.52817844552,49.60063580025424,2.0,23.522499999999994,120,0.3235400678502031,0.2872122812735065,0.4326304081070191,knee,154
4.75,60.0,4.8,7.578947368421052,2.5,10.078947368421051,5.078947368421052,0.32892325121282556,5,True,True,True,True,10.46697383905103,0.5458253963277251,0.9974940576594762,0.0003987272240656014,-0.0015708604894678908,0.00021833532254074192,0.0015708604894678908,0.00021833532254074192,1684.9540581082003,76.51873793558326,2.0,22.681874999999998,237,0.5175999103189269,0.13894192082725482,0.5359239913694184,longevity,154
5.0,28.0,4.9,3.3600000000000003,6.36734693877551,9.727346938775511,-3.00734693877551,0.3826513837107855,2,True,True,True,True,9.794920299746725,0.04782831276987617,0.9936057298575541,0.0005496113480349636,-0.003886506966209668,0.0003396880472162155,0.003886506966209668,0.0003396880472162155,1357.8320316349434,38.42320013871002,2.0,24.356500000000004,39,0.14278411684162634,0.5021613571582945,0.5220664063558422,fast_charge,155
4.85,58.0,4.9,7.175257731958763,2.6938775510204076,9.86913528297917,4.4813801809383556,0.36542463657722224,5,True,True,True,True,9.936708643950384,0.04782831276987617,0.9961364128457612,0.00043017149033296994,-0.0024287935551422337,0.00027497778947897707,0.0024287935551422337,0.00027497778947897707,1477.937680259463,54.17386294984764,2.0,23.6565625,108,0.2939344177445688,0.2902213422715788,0.41306884346892536,knee,155
4.75,60.0,4.8,7.578947368421052,2.5,10.078947368421051,5.078947368421052,0.32892325121282556,5,True,True,True,True,10.146520729392265,0.04782831276987617,0.9980844050939204,0.00030838395824003996,-0.001262055123856785,0.0002065962971314212,0.001262055123856785,0.0002065962971314212,1663.0887937253378,88.14269286121966,2.0,22.681874999999998,237,0.5175999103189269,0.12058679091318283,0.5314610440144234,longevity,155
5.0,28.0,4.9,3.3600000000000003,6.36734693877551,9.727346938775511,-3.00734693877551,0.3826513837107855,2,True,True,True,True,10.112580225021153,0.5483180645288437,0.9928979912486562,0.0008285172984897325,-0.004203679839876245,0.00043879667597664394,0.004203679839876245,0.00043879667597664394,1354.7736052592265,35.97187353093337,2.0,24.356500000000004,39,0.14278411684162634,0.5301439857851492,0.5490354721567703,fast_charge,156
4.85,55.0,4.85,6.804123711340207,3.0927835051546393,9.896907216494846,3.7113402061855676,0.41152234714075303,5,True,True,True,True,10.282140502740488,0.5483180645288437,0.9958215991866146,0.0005283049031225516,-0.0025432692180258503,0.0002877267224563823,0.0025432692180258503,0.0002877267224563823,1505.5168702764677,43.32475586539423,2.0,23.522499999999994,120,0.3235400678502031,0.28678270288367574,0.4323453413392825,knee,156
4.75,60.0,4.8,7.578947368421052,2.5,10.078947368421051,5.078947368421052,0.32892325121282556,5,True,True,True,True,10.464180654666693,0.5483180645288437,0.9975520135740656,0.0004292859068096356,-0.001532573946061104,0.00024047635679940975,0.001532573946061104,0.00024047635679940975,1674.4357781549556,66.83163325029815,2.0,22.681874999999998,237,0.5175999103189269,0.13864820243481266,0.5358479179772615,longevity,156
5.0,28.0,4.9,3.3600000000000003,6.36734693877551,9.727346938775511,-3.00734693877551,0.3826513837107855,2,True,True,True,True,9.96391786346868,0.426793345843687,0.9922995898664594,0.0007465773849960665,-0.00456445211132768,0.0004002050686453662,0.00456445211132768,0.0004002050686453662,1316.4900193617052,36.71980262112934,2.0,24.356500000000004,39,0.14278411684162634,0.5293231109268233,0.5482428839332921,fast_charge,157
4.85,55.0,4.85,6.804123711340207,3.0927835051546393,9.896907216494846,3.7113402061855676,0.41152234714075303,5,True,True,True,True,10.133478141188014,0.426793345843687,0.9954876099747982,0.0005343859678905333,-0.0027569262159670275,0.0002952612912389657,0.0027569262159670275,0.0002952612912389657,1447.7282832386284,49.32388401750564,2.0,23.522499999999994,120,0.3235400678502031,0.28597460025001925,0.4318097352916819,knee,157
4.75,60.0,4.8,7.578947368421052,2.5,10.078947368421051,5.078947368421052,0.32892325121282556,5,True,True,True,True,10.31551829311422,0.426793345843687,0.997366971094871,0.0004132846513988925,-0.001658525919022097,0.00023542298892008544,0.001658525919022097,0.00023542298892008544,1593.2516509617005,71.94486811046845,2.0,22.681874999999998,237,0.5175999103189269,0.1380961786602829,0.5357053497238328,longevity,157
5.0,28.0,4.9,3.3600000000000003,6.36734693877551,9.727346938775511,-3.00734693877551,0.3826513837107855,2,True,True,True,True,9.967858002996982,0.4242370122069687,0.9917353265875689,0.000406666973589976,-0.004913630232836881,0.00018834189835550939,0.004913630232836881,0.00018834189835550939,1290.1855557144845,33.09270661484673,2.0,24.356500000000004,39,0.14278411684162634,0.5351340521857204,0.5538553582217586,fast_charge,158
4.85,55.0,4.85,6.804123711340207,3.0927835051546393,9.896907216494846,3.7113402061855676,0.41152234714075303,5,True,True,True,True,10.137418280716316,0.4242370122069687,0.9951079293378814,0.00028434786680496164,-0.003003103758151166,0.00013597493367277825,0.003003103758151166,0.00013597493367277825,1412.383313383762,42.79339451253432,2.0,23.522499999999994,120,0.3235400678502031,0.2917172233388548,0.4356341514356345,knee,158
4.75,60.0,4.8,7.578947368421052,2.5,10.078947368421051,5.078947368421052,0.32892325121282556,5,True,True,True,True,10.319458432642522,0.4242370122069687,0.9971162957576253,0.0002197416621000034,-0.001828266902023478,0.00010852568882192717,0.001828266902023478,0.00010852568882192717,1547.2666646344478,61.4601709954462,2.0,22.681874999999998,237,0.5175999103189269,0.14203331907468247,0.5367337616449441,longevity,158
5.0,28.0,4.9,3.3600000000000003,6.36734693877551,9.727346938775511,-3.00734693877551,0.3826513837107855,2,True,True,True,True,10.429910104385574,0.5631025291092054,0.9949622784750305,1.5179613273339956e-17,-0.0030617872367196975,9.225747383671577e-18,0.0030617872367196975,9.225747383671577e-18,1390.3881058502766,1.031384551823319e-12,2.0,24.356500000000004,39,0.14278411684162445,0.647205127857529,0.6627682713794643,fast_charge,159
4.85,54.0,4.8,6.680412371134023,3.2500000000000004,9.930412371134024,3.430412371134022,0.42704111562382635,5,True,True,True,True,10.632975536744087,0.5631025291092054,0.9964109607833964,5.307892152294002e-18,-0.0022219443292854136,3.286071886227326e-18,0.0022219443292854136,3.286071886227326e-18,1580.9790828518753,5.756096129697135e-13,2.0,23.365687499999996,142,0.3592574904208282,0.37522837172979867,0.5194826997836092,knee,159
4.75,60.0,4.8,7.578947368421052,2.5,10.078947368421051,5.078947368421052,0.32892325121282556,5,True,True,True,True,10.781510534031113,0.5631025291092054,0.9971597993382928,7.146042579072298e-18,-0.0017808812605487208,4.4807585209502454e-18,0.0017808812605487208,4.4807585209502454e-18,1727.5468380516415,1.0700508940358024e-12,2.0,22.681874999999998,237,0.517599910318925,0.23239344198177977,0.567376752289251,longevity,159
5.0,28.0,4.9,3.3600000000000003,6.36734693877551,9.727346938775511,-3.00734693877551,0.3826513837107855,2,True,True,True,True,9.81410854677224,0.043494876945418454,0.9919503652182499,0.0007029791260751776,-0.004781365119584793,0.00034872107432126954,0.004781365119584793,0.00034872107432126954,1298.7421807550886,42.1275842173375,2.0,24.356500000000004,39,0.14278411684162634,0.5356913279804091,0.5543938157083441,fast_charge,160
4.85,55.0,4.85,6.804123711340207,3.0927835051546393,9.896907216494846,3.7113402061855676,0.41152234714075303,5,True,True,True,True,9.983668824491575,0.043494876945418454,0.9952239663475794,0.0005536652228983308,-0.0029255717043841227,0.00028323743056895575,0.0029255717043841227,0.00028323743056895575,1415.8620799749428,60.96466254519738,2.0,23.522499999999994,120,0.3235400678502031,0.29227065238156125,0.4360049423436132,knee,160
4.75,60.0,4.8,7.578947368421052,2.5,10.078947368421051,5.078947368421052,0.32892325121282556,5,True,True,True,True,10.16570897641778,0.043494876945418454,0.9971779956058088,0.0004293540484705238,-0.0017830966266075092,0.00022656498256927256,0.0017830966266075092,0.00022656498256927256,1544.602829313708,87.28750086155179,2.0,22.681874999999998,237,0.5175999103189269,0.1424145029797391,0.5368347583951018,longevity,160
5.0,28.0,4.9,3.3600000000000003,6.36734693877551,9.727346938775511,-3.00734693877551,0.3826513837107855,2,True,True,True,True,10.285187882361402,0.5700858879540961,0.9921935087876879,0.00014080038673681207,-0.004681418838310978,0.0001278940601865005,0.004681418838310978,0.0001278940601865005,1330.1528214744892,41.870408264191205,2.0,24.356500000000004,39,0.14278411684162634,0.5248413218851206,0.5439170131374491,fast_charge,161
4.85,55.0,4.85,6.804123711340207,3.0927835051546393,9.896907216494846,3.7113402061855676,0.41152234714075303,5,True,True,True,True,10.454748160080737,0.5700858879540961,0.9954781111423551,7.666408807124378e-05,-0.0028018245808516416,7.195118242281644e-05,0.0028018245808516416,7.195118242281644e-05,1480.0380329314578,43.792793479735714,2.0,23.522499999999994,120,0.3235400678502031,0.28158064544909805,0.4289123866199771,knee,161
4.75,60.0,4.8,7.578947368421052,2.5,10.078947368421051,5.078947368421052,0.32892325121282556,5,True,True,True,True,10.636788312006942,0.5700858879540961,0.9973920445513087,5.739152732303803e-05,-0.0016700653091421586,5.5668045457544226e-05,0.0016700653091421586,5.5668045457544226e-05,1648.210091522741,63.302063361158,2.0,22.681874999999998,237,0.5175999103189269,0.13510620028297407,0.5349423824273641,longevity,161
5.0,28.0,4.9,3.3600000000000003,6.36734693877551,9.727346938775511,-3.00734693877551,0.3826513837107855,2,True,True,True,True,9.948669755971464,0.434319348909571,0.9930610750828708,0.0006522278933602866,-0.004190351520722864,0.0003963931343606712,0.004190351520722864,0.0003963931343606712,1332.4113404203986,37.30645221199492,2.0,24.356500000000004,39,0.14278411684162634,0.5288532901622068,0.5477892902728516,fast_charge,162
4.85,55.0,4.85,6.804123711340207,3.0927835051546393,9.896907216494846,3.7113402061855676,0.41152234714075303,5,True,True,True,True,10.118230033690798,0.434319348909571,0.9959606750596657,0.00043063076522853423,-0.0025285473984020305,0.00027129128888552304,0.0025285473984020305,0.00027129128888552304,1466.7574519071973,46.57930625048275,2.0,23.522499999999994,120,0.3235400678502031,0.2855125514971483,0.4315038731772008,knee,162
4.75,60.0,4.8,7.578947368421052,2.5,10.078947368421051,5.078947368421052,0.32892325121282556,5,True,True,True,True,10.300270185617004,0.434319348909571,0.9976586908133305,0.00035434316050321854,-0.001519669228674348,0.00023146367395401643,0.001519669228674348,0.00023146367395401643,1615.882192854396,72.84729505999421,2.0,22.681874999999998,237,0.5175999103189269,0.13778084488558587,0.5356241484283052,longevity,162
5.0,28.0,4.9,3.3600000000000003,6.36734693877551,9.727346938775511,-3.00734693877551,0.3826513837107855,2,True,True,True,True,9.783125468453864,0.03753109175421488,0.9921381578358746,0.0011143176293383658,-0.004563898282706377,0.0005729103347315276,0.004563898282706377,0.0005729103347315276,1294.4619222634876,36.202035278510024,2.0,24.356500000000004,39,0.14278411684162634,0.5480809644313601,0.5663744764678693,fast_charge,163
4.85,55.0,4.85,6.804123711340207,3.0927835051546393,9.896907216494846,3.7113402061855676,0.41152234714075303,5,True,True,True,True,9.952685746173199,0.03753109175421488,0.9951499569102599,0.0008387475167175977,-0.002863274501958571,0.0004385454962173265,0.002863274501958571,0.0004385454962173265,1398.84090262811,47.7323701357145,2.0,23.522499999999994,120,0.3235400678502031,0.3046971768818188,0.4444305852484327,knee,163
4.75,60.0,4.8,7.578947368421052,2.5,10.078947368421051,5.078947368421052,0.32892325121282556,5,True,True,True,True,10.134725898099404,0.03753109175421488,0.9970194221766022,0.0007537873855964852,-0.00178970578383562,0.0004008630812121845,0.00178970578383562,0.0004008630812121845,1512.5679717135886,75.47833758695087,2.0,22.681874999999998,237,0.5175999103189269,0.1510540114918968,0.539191043647755,longevity,163
5.0,28.0,4.9,3.3600000000000003,6.36734693877551,9.727346938775511,-3.00734693877551,0.3826513837107855,2,True,True,True,True,9.791414202127447,0.03145774899872287,0.9913665526668994,0.00047129099679097324,-0.005112609708274844,0.00016614666173871042,0.005112609708274844,0.00016614666173871042,1254.367452111081,5.0749784257118495,2.0,24.356500000000004,39,0.14278411684162634,0.5438638628547566,0.5622945894649358,fast_charge,164
4.85,55.0,4.85,6.804123711340207,3.0927835051546393,9.896907216494846,3.7113402061855676,0.41152234714075303,5,True,True,True,True,9.960974479846781,0.03145774899872287,0.9947939877910916,0.00030514657136877457,-0.0031803887774219234,0.00011097562628588733,0.0031803887774219234,0.00011097562628588733,1354.8843990404785,5.885862046086927,2.0,23.522499999999994,120,0.3235400678502031,0.3004412026246859,0.44152360269761526,knee,164
4.75,60.0,4.8,7.578947368421052,2.5,10.078947368421051,5.078947368421052,0.32892325121282556,5,True,True,True,True,10.143014631772987,0.03145774899872287,0.9968733370456712,0.00025981974513680827,-0.0019709704044311898,9.750239137933916e-05,0.0019709704044311898,9.750239137933916e-05,1464.3525259466223,9.018644114161424,2.0,22.681874999999998,237,0.5175999103189269,0.14807775754256763,0.5383648293127966,longevity,164
5.0,28.0,4.9,3.3600000000000003,6.36734693877551,9.727346938775511,-3.00734693877551,0.3826513837107855,2,True,True,True,True,9.810168407243939,0.048693919362252286,0.9927868614600596,0.0009229096268087433,-0.004257483289002227,0.0004735025809753576,0.004257483289002227,0.0004735025809753576,1341.0468596736216,45.90450383756466,2.0,24.356500000000004,39,0.14278411684162634,0.5162058219857864,0.5355891659418295,fast_charge,165
4.85,58.0,4.9,7.175257731958763,2.6938775510204076,9.86913528297917,4.4813801809383556,0.36542463657722224,5,True,True,True,True,9.951956751447598,0.048693919362252286,0.9954865465781563,0.0007493894766730951,-0.0027264270577780124,0.00039348393376660226,0.0027264270577780124,0.00039348393376660226,1456.281916860789,64.68752331136518,2.0,23.6565625,108,0.2939344177445688,0.30410484245735814,0.422938762873366,knee,165
4.75,60.0,4.8,7.578947368421052,2.5,10.078947368421051,5.078947368421052,0.32892325121282556,5,True,True,True,True,10.161768836889479,0.048693919362252286,0.9976505429431644,0.0005415005140122071,-0.001465737151847021,0.0002936445561237697,0.001465737151847021,0.0002936445561237697,1633.4291617958424,100.71823539645438,2.0,22.681874999999998,237,0.5175999103189269,0.12945837391076498,0.5335439417121899,longevity,165
5.0,28.0,4.9,3.3600000000000003,6.36734693877551,9.727346938775511,-3.00734693877551,0.3826513837107855,2,True,True,True,True,9.943278202681235,0.4355796809930088,0.993223195460193,0.0010790297147392663,-0.004149127285711566,0.0005666938765451113,0.004149127285711566,0.0005666938765451113,1352.7364443704662,111.85017526756393,2.0,24.356500000000004,39,0.14278411684162634,0.6036539387733083,0.6203107139319555,fast_charge,166
4.85,64.0,4.8,7.917525773195877,2.0,9.917525773195877,5.917525773195877,0.26361189426846865,5,True,True,True,True,10.1334570371016,0.4355796809930088,0.995502781479191,0.00033333334171313923,-0.0027897706419381285,0.00017737262038754165,0.0027897706419381285,0.00017737262038754165,1434.2647024121432,55.20508838368088,2.0,23.425999999999995,132,0.34552002020135525,0.34065681641212864,0.4852124801857344,knee,166
4.75,60.0,4.8,7.578947368421052,2.5,10.078947368421051,5.078947368421052,0.32892325121282556,5,True,True,True,True,10.294878632326775,0.4355796809930088,0.9967600982136865,0.0005902203664493169,-0.0020309949357281377,0.00031737630770434667,0.0020309949357281377,0.00031737630770434667,1502.9851680893607,142.18444083411828,2.0,22.681874999999998,237,0.5175999103189269,0.1938551450738016,0.5527110315831826,longevity,166
5.0,28.0,4.9,3.3600000000000003,6.36734693877551,9.727346938775511,-3.00734693877551,0.3826513837107855,2,True,True,True,True,10.115781864022468,0.5454729685679004,0.9930055932447437,0.0005423569840528572,-0.004209907567825985,0.00031652174153050237,0.004209907567825985,0.00031652174153050237,1369.5923613139053,37.15708314210299,2.0,24.356500000000004,39,0.14278411684162634,0.5274952436981933,0.5464783034544551,fast_charge,167
4.85,55.0,4.85,6.804123711340207,3.0927835051546393,9.896907216494846,3.7113402061855676,0.41152234714075303,5,True,True,True,True,10.285342141741802,0.5454729685679004,0.9959252672476763,0.0003443046969649305,-0.002533321652585464,0.0002075538463523835,0.002533321652585464,0.0002075538463523835,1520.9743649816655,44.96573000683874,2.0,23.522499999999994,120,0.3235400678502031,0.28417886127756375,0.43062257337664833,knee,167
4.75,60.0,4.8,7.578947368421052,2.5,10.078947368421051,5.078947368421052,0.32892325121282556,5,True,True,True,True,10.467382293668008,0.5454729685679004,0.9976363488199013,0.0002768418491299267,-0.0015182940240509655,0.0001724252532875977,0.0015182940240509655,0.0001724252532875977,1690.4959797560894,69.27530322161452,2.0,22.681874999999998,237,0.5175999103189269,0.13687185578087607,0.5353910459347094,longevity,167
5.0,28.0,4.9,3.3600000000000003,6.36734693877551,9.727346938775511,-3.00734693877551,0.3826513837107855,2,True,True,True,True,9.939668109062943,0.4375829394836021,0.9934202205220323,0.0018282725679264152,-0.0038732308767945598,0.000915264760602869,0.0038732308767945598,0.000915264760602869,1275.4224279278014,108.17673772336931,2.0,24.356500000000004,39,0.14278411684162634,0.6533642547133474,0.6687840857551643,fast_charge,168
4.85,54.0,4.8,6.680412371134023,3.2500000000000004,9.930412371134024,3.430412371134022,0.42704111562382635,5,True,True,True,True,10.142733541421455,0.4375829394836021,0.9952551483272338,0.0006104015480136785,-0.002851852384470628,0.0003120065989632842,0.002851852384470628,0.0003120065989632842,1439.2723247776428,56.51792208699027,2.0,23.365687499999996,142,0.3592574904208282,0.3823432469245141,0.5246449303026299,knee,168
4.75,60.0,4.8,7.578947368421052,2.5,10.078947368421051,5.078947368421052,0.32892325121282556,5,True,True,True,True,10.291268538708483,0.4375829394836021,0.9962135809656226,0.001196255098910503,-0.0023087328738134786,0.0006203154037662684,0.0023087328738134786,0.0006203154037662684,1564.4741025416026,150.87376627834047,2.0,22.681874999999998,237,0.5175999103189269,0.23822742870989397,0.5697911678429991,longevity,168
5.0,28.0,4.9,3.3600000000000003,6.36734693877551,9.727346938775511,-3.00734693877551,0.3826513837107855,2,True,True,True,True,10.116928819166434,0.5444732918398935,0.9926623534897787,0.0005556780479952285,-0.004415199372056319,0.0003382961122948118,0.004415199372056319,0.0003382961122948118,1332.4918743094543,39.701691314689754,2.0,24.356500000000004,39,0.14278411684162634,0.5293275513707041,0.5482471711393946,fast_charge,169
4.85,55.0,4.85,6.804123711340207,3.0927835051546393,9.896907216494846,3.7113402061855676,0.41152234714075303,5,True,True,True,True,10.286489096885768,0.5444732918398935,0.9957150279773144,0.00033264767988498814,-0.0026668017846932187,0.00020946307663099434,0.0026668017846932187,0.00020946307663099434,1475.6988436246693,45.07256041435945,2.0,23.522499999999994,120,0.3235400678502031,0.2859789688420269,0.4318126284911814,knee,169
4.75,60.0,4.8,7.578947368421052,2.5,10.078947368421051,5.078947368421052,0.32892325121282556,5,True,True,True,True,10.468529248811974,0.5444732918398935,0.9975083703506972,0.0002632897342767597,-0.0016043230294951957,0.00017152304850085592,0.0016043230294951957,0.00017152304850085592,1635.6224825396716,68.00040387482962,2.0,22.681874999999998,237,0.5175999103189269,0.13809916111807755,0.5357061185609867,longevity,169
5.0,28.0,4.9,3.3600000000000003,6.36734693877551,9.727346938775511,-3.00734693877551,0.3826513837107855,2,True,True,True,True,9.928664599711992,0.4433973721548516,0.9948670175056794,0.0006498841826661631,-0.0031112032714103294,0.000336666148995551,0.0031112032714103294,0.000336666148995551,1382.6361171656322,52.24659580423546,2.0,24.356500000000004,39,0.14278411684162634,0.6924224327415754,0.7069908976684245,fast_charge,170
4.8,54.0,4.85,6.750000000000002,3.2164948453608253,9.966494845360828,3.5335051546391765,0.42704111562382635,5,True,True,True,True,10.167812506297308,0.4433973721548516,0.9960013734442709,0.0006333529249737252,-0.002424177311418124,0.0003281740204098418,0.002424177311418124,0.0003281740204098418,1537.9306407756035,72.70354741486688,2.0,23.196812499999997,161,0.3977224070353445,0.3896591535436146,0.5567920338854665,knee,170
4.75,60.0,4.8,7.578947368421052,2.5,10.078947368421051,5.078947368421052,0.32892325121282556,5,True,True,True,True,10.280265029357532,0.4433973721548516,0.996421082498151,0.0008945790632383533,-0.002169938258062361,0.0004635742451101906,0.002169938258062361,0.0004635742451101906,1612.3666441556604,120.28591186570796,2.0,22.681874999999998,237,0.5175999103189269,0.2776193559571458,0.5873518314981419,longevity,170
5.0,28.0,4.9,3.3600000000000003,6.36734693877551,9.727346938775511,-3.00734693877551,0.3826513837107855,2,True,True,True,True,10.116520364549455,0.544827570068327,0.9923971362830211,0.0007558006535399618,-0.004509617339312885,0.00040530206046967936,0.004509617339312885,0.00040530206046967936,1329.0684414214682,42.219494909694404,2.0,24.356500000000004,39,0.14278411684162634,0.5316753280114457,0.5505142672432037,fast_charge,171
4.85,55.0,4.85,6.804123711340207,3.0927835051546393,9.896907216494846,3.7113402061855676,0.41152234714075303,5,True,True,True,True,10.28608064226879,0.544827570068327,0.995522347179696,0.0004580184847301466,-0.002736881261117877,0.0002531031832179546,0.002736881261117877,0.0002531031832179546,1471.4765976108192,48.09739754068419,2.0,23.522499999999994,120,0.3235400678502031,0.2882929628348128,0.43334859861846653,knee,171
4.75,60.0,4.8,7.578947368421052,2.5,10.078947368421051,5.078947368421052,0.32892325121282556,5,True,True,True,True,10.468120794194995,0.544827570068327,0.9973739851869383,0.0003663142862601616,-0.0016544337197360928,0.0002086484296965517,0.0016544337197360928,0.0002086484296965517,1630.4614311682296,72.67797947938703,2.0,22.681874999999998,237,0.5175999103189269,0.13968164610154477,0.536116246181552,longevity,171
5.0,28.0,4.9,3.3600000000000003,6.36734693877551,9.727346938775511,-3.00734693877551,0.3826513837107855,2,True,True,True,True,10.104803941963565,0.5536377759909809,0.9936695343543759,0.0013751916777708843,-0.003822949843106987,0.0007590730591485307,0.003822949843106987,0.0007590730591485307,1265.6383284903218,102.97164488996238,2.0,24.356500000000004,39,0.14278411684162634,0.6138840117451616,0.6302704847115855,fast_charge,172
4.85,60.0,4.8,7.422680412371134,2.5,9.922680412371134,4.922680412371134,0.32892325121282556,5,True,True,True,True,10.300137415559188,0.5536377759909809,0.9957829773627602,0.00037391988722218717,-0.0026035333082974656,0.00021100520497964226,0.0026035333082974656,0.00021100520497964226,1477.0978321251805,49.052635384331666,2.0,23.401874999999997,136,0.35101500828914334,0.34623547667276916,0.49304212938758796,knee,172
4.75,60.0,4.8,7.578947368421052,2.5,10.078947368421051,5.078947368421052,0.32892325121282556,5,True,True,True,True,10.456404371609105,0.5536377759909809,0.9968958792928228,0.0006277357526399978,-0.0019486418190446688,0.0003601867069093062,0.0019486418190446688,0.0003601867069093062,1659.6531898668427,125.70022678904209,2.0,22.681874999999998,237,0.5175999103189269,0.20249398824259282,0.5557998582552469,longevity,172
5.0,28.0,4.9,3.3600000000000003,6.36734693877551,9.727346938775511,-3.00734693877551,0.3826513837107855,2,True,True,True,True,10.272324504631547,0.5846377133740724,0.993477459172251,0.0005748722630478226,-0.004057932296315431,0.00040816666111131815,0.004057932296315431,0.00040816666111131815,1354.9926070274803,106.59602518198022,2.0,24.356500000000004,39,0.14278411684162634,0.5721702022412698,0.589716918830602,fast_charge,173
4.85,74.0,4.8,9.154639175257733,0.75,9.904639175257733,8.404639175257733,0.101820132453138,5,True,True,True,True,10.449616741113768,0.5846377133740724,0.9958028843534462,0.0001606774648154083,-0.0026234157604341076,0.00011461708036253538,0.0026234157604341076,0.00011461708036253538,1505.2689399064002,51.43605733127465,2.0,23.486312499999997,122,0.3317825499818861,0.32112698684152485,0.4617382398615038,knee,173
4.75,60.0,4.8,7.578947368421052,2.5,10.078947368421051,5.078947368421052,0.32892325121282556,5,True,True,True,True,10.623924934277087,0.5846377133740724,0.9972077652625599,0.0002019318774109435,-0.0017528431776023042,0.00014466857485530374,0.0017528431776023042,0.00014466857485530374,1658.9755275715,107.08841070812528,2.0,22.681874999999998,237,0.5175999103189269,0.16877507247430182,0.5444214289049127,longevity,173
5.0,28.0,4.9,3.3600000000000003,6.36734693877551,9.727346938775511,-3.00734693877551,0.3826513837107855,2,True,True,True,True,10.12005204946078,0.5416345149986851,0.9915331732641937,0.0006071538502773966,-0.004959305087970001,0.0002824014788410395,0.004959305087970001,0.0002824014788410395,1299.950152328207,44.96011699516919,2.0,24.356500000000004,39,0.14278411684162634,0.5311430864984988,0.5500002566884811,fast_charge,174
4.85,55.0,4.85,6.804123711340207,3.0927835051546393,9.896907216494846,3.7113402061855676,0.41152234714075303,5,True,True,True,True,10.289612327180114,0.5416345149986851,0.9950129860177606,0.00035105797700325824,-0.0030065388095894363,0.0001680633955519821,0.0030065388095894363,0.0001680633955519821,1437.0255961859964,48.78939314816442,2.0,23.522499999999994,120,0.3235400678502031,0.2877676436181449,0.4329992981727034,knee,174
4.75,60.0,4.8,7.578947368421052,2.5,10.078947368421051,5.078947368421052,0.32892325121282556,5,True,True,True,True,10.47165247910632,0.5416345149986851,0.9970749424619291,0.0002760903257245027,-0.001815458054839138,0.00013607271635210502,0.001815458054839138,0.00013607271635210502,1589.8207363298702,72.37483480907744,2.0,22.681874999999998,237,0.5175999103189269,0.1393219184932629,0.5360226339762199,longevity,174
5.0,28.0,4.9,3.3600000000000003,6.36734693877551,9.727346938775511,-3.00734693877551,0.3826513837107855,2,True,True,True,True,9.954586170650149,0.4307570999044321,0.9918608415140732,0.0007430764379151973,-0.004795083326855264,0.0003599953670217229,0.004795083326855264,0.0003599953670217229,1312.0198218960427,48.15755196460219,2.0,24.356500000000004,39,0.14278411684162634,0.5397869401584977,0.5583522586933063,fast_charge,175
4.85,55.0,4.85,6.804123711340207,3.0927835051546393,9.896907216494846,3.7113402061855676,0.41152234714075303,5,True,True,True,True,10.124146448369483,0.4307570999044321,0.9951090282846251,0.0004877028743467054,-0.002958404061339493,0.00024258526721574565,0.002958404061339493,0.00024258526721574565,1435.2623416188658,57.538889272643566,2.0,23.522499999999994,120,0.3235400678502031,0.29635252759649944,0.4387516337489218,knee,175
4.75,60.0,4.8,7.578947368421052,2.5,10.078947368421051,5.078947368421052,0.32892325121282556,5,True,True,True,True,10.306186600295689,0.4307570999044321,0.9970727906248654,0.0004098305538938678,-0.0018182463814786533,0.00020933895179099568,0.0018182463814786533,0.00020933895179099568,1571.20160264467,88.44076269410952,2.0,22.681874999999998,237,0.5175999103189269,0.14523544350014655,0.537589993592557,longevity,175
5.0,28.0,4.9,3.3600000000000003,6.36734693877551,9.727346938775511,-3.00734693877551,0.3826513837107855,2,True,True,True,True,10.116520364549455,0.544827570068327,0.9923971362830211,0.0007558006535399998,-0.004509617339312893,0.00040530206046965784,0.004509617339312893,0.00040530206046965784,1329.0684414214695,42.21949490969445,2.0,24.356500000000004,39,0.14278411684162634,0.5316753280114468,0.5505142672432048,fast_charge,176
4.85,55.0,4.85,6.804123711340207,3.0927835051546393,9.896907216494846,3.7113402061855676,0.41152234714075303,5,True,True,True,True,10.28608064226879,0.544827570068327,0.995522347179696,0.0004580184847301783,-0.0027368812611178817,0.0002531031832179485,0.0027368812611178817,0.0002531031832179485,1471.4765976108192,48.09739754068294,2.0,23.522499999999994,120,0.3235400678502031,0.2882929628348132,0.43334859861846675,knee,176
4.75,60.0,4.8,7.578947368421052,2.5,10.078947368421051,5.078947368421052,0.32892325121282556,5,True,True,True,True,10.468120794194995,0.544827570068327,0.9973739851869382,0.00036631428626016836,-0.001654433719736099,0.00020864842969654953,0.001654433719736099,0.00020864842969654953,1630.4614311682296,72.67797947938604,2.0,22.681874999999998,237,0.5175999103189269,0.1396816461015452,0.5361162461815521,longevity,176
5.0,28.0,4.9,3.3600000000000003,6.36734693877551,9.727346938775511,-3.00734693877551,0.3826513837107855,2,True,True,True,True,9.787882517216122,0.03476947405347243,0.9922100887369116,0.0007513953090806498,-0.004671087842962509,0.00041247465591790416,0.004671087842962509,0.00041247465591790416,1279.6722989706388,26.46484420604628,2.0,24.356500000000004,39,0.14278411684162634,0.5410973283231819,0.5596191765305479,fast_charge,177
4.85,55.0,4.85,6.804123711340207,3.0927835051546393,9.896907216494846,3.7113402061855676,0.41152234714075303,5,True,True,True,True,9.957442794935456,0.03476947405347243,0.995346078512766,0.0005093759901593582,-0.0028895477096276957,0.0002895293217185558,0.0028895477096276957,0.0002895293217185558,1383.2014413329325,32.45932278292861,2.0,23.522499999999994,120,0.3235400678502031,0.2976639255769681,0.43963847431088743,knee,177
4.75,60.0,4.8,7.578947368421052,2.5,10.078947368421051,5.078947368421052,0.32892325121282556,5,True,True,True,True,10.139482946861662,0.03476947405347243,0.9972309646894749,0.0004356361859229403,-0.0017806753803160291,0.00025646226457852104,0.0017806753803160291,0.00025646226457852104,1496.030631925614,50.4627069048196,2.0,22.681874999999998,237,0.5175999103189269,0.1461452708553522,0.5378365061573502,longevity,177
5.0,28.0,4.9,3.3600000000000003,6.36734693877551,9.727346938775511,-3.00734693877551,0.3826513837107855,2,True,True,True,True,9.790980160218423,0.050548478979472386,0.9943535052327926,0.00012335167972058877,-0.003424275104225586,8.448843433330159e-05,0.003424275104225586,8.448843433330159e-05,1403.9321910374724,14.225427855461593,2.0,24.356500000000004,39,0.14278411684162634,0.4730154172404452,0.49409603213281894,fast_charge,178
4.85,54.0,4.9,6.680412371134023,3.183673469387755,9.864085840521778,3.4967389017462676,0.430272236538375,5,True,True,True,True,9.92771906196469,0.050548478979472386,0.9966946284304166,9.59402783825631e-05,-0.0020691069570858878,6.783066955920424e-05,0.0020691069570858878,6.783066955920424e-05,1544.7788755521362,20.79697053141481,2.0,23.6809375,104,0.2885515722708197,0.2678917857025233,0.3937359758859339,knee,178
4.75,60.0,4.8,7.578947368421052,2.5,10.078947368421051,5.078947368421052,0.32892325121282556,5,True,True,True,True,10.142580589863963,0.050548478979472386,0.9985027353735847,6.426576942843281e-05,-0.0009822667967426331,4.761821233730731e-05,0.0009822667967426331,4.761821233730731e-05,1779.3807114013684,35.42444813178156,2.0,22.681874999999998,237,0.5175999103189269,0.10338334366054527,0.5278236286001183,longevity,178
5.0,28.0,4.9,3.3600000000000003,6.36734693877551,9.727346938775511,-3.00734693877551,0.3826513837107855,2,True,True,True,True,10.27191605001457,0.5851195547214043,0.9929767918130968,0.0012005020066799613,-0.004249467465899578,0.000619015244526613,0.004249467465899578,0.000619015244526613,1344.2194875135135,110.61215821129383,2.0,24.356500000000004,39,0.14278411684162634,0.5622738204498026,0.5801199472397583,fast_charge,179
4.85,55.0,4.85,6.804123711340207,3.0927835051546393,9.896907216494846,3.7113402061855676,0.41152234714075303,5,True,True,True,True,10.441476327733904,0.5851195547214043,0.9955334791463054,0.00033923303594887694,-0.002742920668801211,0.00017753398764478172,0.002742920668801211,0.00017753398764478172,1493.7832633253229,54.61622678368983,2.0,23.522499999999994,120,0.3235400678502031,0.319220844628671,0.4545108614213264,knee,179
4.75,60.0,4.8,7.578947368421052,2.5,10.078947368421051,5.078947368421052,0.32892325121282556,5,True,True,True,True,10.62351647966011,0.5851195547214043,0.9971696396099973,0.0004027330863844641,-0.00176433776308733,0.00021394236390005476,0.00176433776308733,0.00021394236390005476,1661.3798865402166,113.80198880473729,2.0,22.681874999999998,237,0.5175999103189269,0.16134490756548345,0.5421640400833272,longevity,179
5.0,28.0,4.9,3.3600000000000003,6.36734693877551,9.727346938775511,-3.00734693877551,0.3826513837107855,2,True,True,True,True,9.779263737632531,0.03941050795699865,0.9938148902754037,0.0005212948067081684,-0.003755475199506317,0.00032269949469173616,0.003755475199506317,0.00032269949469173616,1366.087850656383,35.8783588412775,2.0,24.356500000000004,39,0.14278411684162634,0.5040833210043887,0.5239153543627604,fast_charge,180
4.85,58.0,4.9,7.175257731958763,2.6938775510204076,9.86913528297917,4.4813801809383556,0.36542463657722224,5,True,True,True,True,9.92105208183619,0.03941050795699865,0.9962495270216178,0.00040975907467191345,-0.002354812043602173,0.0002622987283303528,0.002354812043602173,0.0002622987283303528,1483.1135491763691,50.493432240299114,2.0,23.6565625,108,0.2939344177445688,0.2921057635172331,0.4143950036074571,knee,180
4.75,60.0,4.8,7.578947368421052,2.5,10.078947368421051,5.078947368421052,0.32892325121282556,5,True,True,True,True,10.130864167278071,0.03941050795699865,0.998131289732739,0.000325686626040711,-0.0012293551042023153,0.00021844026725722728,0.0012293551042023153,0.00021844026725722728,1662.960823749928,90.3145914927603,2.0,22.681874999999998,237,0.5175999103189269,0.12177814972564253,0.5317326253981057,longevity,180
5.2,58.0,4.55,6.692307692307692,2.901098901098901,9.593406593406593,3.7912087912087906,0.301438246295025,1,True,True,True,True,9.634844744301116,0.010136578694824835,0.9945361745582831,0.0014252305240235518,-0.0033141958059965315,0.0008061999773765861,0.0033141958059965315,0.0008061999773765861,1433.544890049123,123.16164913290406,2.0,25.297187500000003,1,0.0,0.0,0.0,fast_charge,181
5.2,58.0,4.55,6.692307692307692,2.901098901098901,9.593406593406593,3.7912087912087906,0.301438246295025,1,True,True,True,True,9.634844744301116,0.010136578694824835,0.9945361745582831,0.0014252305240235518,-0.0033141958059965315,0.0008061999773765861,0.0033141958059965315,0.0008061999773765861,1433.544890049123,123.16164913290406,2.0,25.297187500000003,1,0.0,0.0,0.0,knee,181
5.2,58.0,4.55,6.692307692307692,2.901098901098901,9.593406593406593,3.7912087912087906,0.301438246295025,1,True,True,True,True,9.634844744301116,0.010136578694824835,0.9945361745582831,0.0014252305240235518,-0.0033141958059965315,0.0008061999773765861,0.0033141958059965315,0.0008061999773765861,1433.544890049123,123.16164913290406,2.0,25.297187500000003,1,0.0,0.0,0.0,longevity,181
5.0,28.0,4.9,3.3600000000000003,6.36734693877551,9.727346938775511,-3.00734693877551,0.3826513837107855,2,True,True,True,True,9.939338063152933,0.4377602106909939,0.9940480943177347,0.0009059448679208581,-0.0036271305985269846,0.0004974521260548133,0.0036271305985269846,0.0004974521260548133,1382.7550784286157,88.92105758182413,2.0,24.356500000000004,39,0.14278411684162634,0.6550899845932938,0.6704701275498299,fast_charge,182
4.85,54.0,4.8,6.680412371134023,3.2500000000000004,9.930412371134024,3.430412371134022,0.42704111562382635,5,True,True,True,True,10.142403495511445,0.4377602106909939,0.9956584316883347,0.0004446218475060736,-0.0026815334252445213,0.0002474399074891064,0.0026815334252445213,0.0002474399074891064,1454.6947347242287,62.940422755405635,2.0,23.365687499999996,142,0.3592574904208282,0.38434981323977935,0.5261090413221623,knee,182
4.75,60.0,4.8,7.578947368421052,2.5,10.078947368421051,5.078947368421052,0.32892325121282556,5,True,True,True,True,10.290938492798473,0.4377602106909939,0.99650788006989,0.0007371110144937543,-0.0021769523447856803,0.0004140330808758641,0.0021769523447856803,0.0004140330808758641,1506.5154866468642,134.3479300713211,2.0,22.681874999999998,237,0.5175999103189269,0.23987987186828513,0.5704840226419194,longevity,182
5.0,28.0,4.9,3.3600000000000003,6.36734693877551,9.727346938775511,-3.00734693877551,0.3826513837107855,2,True,True,True,True,9.954586170650149,0.4307570999044321,0.991860841514073,0.0007430764379151986,-0.004795083326855264,0.00035999536702170876,0.004795083326855264,0.00035999536702170876,1312.0198218960415,48.15755196460215,2.0,24.356500000000004,39,0.14278411684162634,0.5397869401584989,0.5583522586933074,fast_charge,183
4.85,55.0,4.85,6.804123711340207,3.0927835051546393,9.896907216494846,3.7113402061855676,0.41152234714075303,5,True,True,True,True,10.124146448369483,0.4307570999044321,0.9951090282846251,0.00048770287434670627,-0.002958404061339493,0.00024258526721573765,0.002958404061339493,0.00024258526721573765,1435.2623416188644,57.53888927264152,2.0,23.522499999999994,120,0.3235400678502031,0.29635252759650016,0.4387516337489223,knee,183
4.75,60.0,4.8,7.578947368421052,2.5,10.078947368421051,5.078947368421052,0.32892325121282556,5,True,True,True,True,10.306186600295689,0.4307570999044321,0.9970727906248654,0.0004098305538938724,-0.00181824638147865,0.00020933895179099703,0.00181824638147865,0.00020933895179099703,1571.2016026446684,88.4407626941102,2.0,22.681874999999998,237,0.5175999103189269,0.1452354435001466,0.537589993592557,longevity,183
5.0,28.0,4.9,3.3600000000000003,6.36734693877551,9.727346938775511,-3.00734693877551,0.3826513837107855,2,True,True,True,True,10.115781864022468,0.5454729685679004,0.9930055932447437,0.0005423569840528752,-0.004209907567825947,0.00031652174153049955,0.004209907567825947,0.00031652174153049955,1369.592361313909,37.15708314210449,2.0,24.356500000000004,39,0.14278411684162634,0.527495243698194,0.5464783034544558,fast_charge,184
4.85,55.0,4.85,6.804123711340207,3.0927835051546393,9.896907216494846,3.7113402061855676,0.41152234714075303,5,True,True,True,True,10.285342141741802,0.5454729685679004,0.9959252672476763,0.0003443046969649406,-0.0025333216525854504,0.0002075538463523824,0.0025333216525854504,0.0002075538463523824,1520.9743649816655,44.96573000683874,2.0,23.522499999999994,120,0.3235400678502031,0.2841788612775652,0.4306225733766493,knee,184
4.75,60.0,4.8,7.578947368421052,2.5,10.078947368421051,5.078947368421052,0.32892325121282556,5,True,True,True,True,10.467382293668008,0.5454729685679004,0.9976363488199013,0.0002768418491299312,-0.0015182940240509601,0.00017242525328759712,0.0015182940240509601,0.00017242525328759712,1690.4959797560894,69.27530322161338,2.0,22.681874999999998,237,0.5175999103189269,0.13687185578087688,0.5353910459347097,longevity,184
5.0,28.0,4.9,3.3600000000000003,6.36734693877551,9.727346938775511,-3.00734693877551,0.3826513837107855,2,True,True,True,True,9.807375222859601,0.05207160095705199,0.9930301779078736,0.0009672103637549512,-0.004102170612128414,0.000504172306594088,0.004102170612128414,0.000504172306594088,1325.5903909763065,36.296740172893074,2.0,24.356500000000004,39,0.14278411684162634,0.5098905171668227,0.5295050930056227,fast_charge,185
4.85,58.0,4.9,7.175257731958763,2.6938775510204076,9.86913528297917,4.4813801809383556,0.36542463657722224,5,True,True,True,True,9.94916356706326,0.05207160095705199,0.9956836908417075,0.000774532698955434,-0.002598368816139967,0.0004129467270093814,0.002598368816139967,0.0004129467270093814,1435.485636006161,50.82590160850933,2.0,23.6565625,108,0.2939344177445688,0.2978294303577288,0.41844929384818885,knee,185
4.75,60.0,4.8,7.578947368421052,2.5,10.078947368421051,5.078947368421052,0.32892325121282556,5,True,True,True,True,10.158975652505141,0.05207160095705199,0.9977853083916884,0.0005510832325123344,-0.0013757613329610412,0.000303188731018865,0.0013757613329610412,0.000303188731018865,1603.8581212435913,78.7460741232724,2.0,22.681874999999998,237,0.5175999103189269,0.1254214226565292,0.5325788208550439,longevity,185
5.0,28.0,4.9,3.3600000000000003,6.36734693877551,9.727346938775511,-3.00734693877551,0.3826513837107855,2,True,True,True,True,10.102510031675635,0.5555289496904847,0.9940195404840779,0.0007600038128547739,-0.003633630132181847,0.0003949457205457307,0.003633630132181847,0.0003949457205457307,1416.7850937539197,64.66819035520903,2.0,24.356500000000004,39,0.14278411684162634,0.6162657644634757,0.6325905440899313,fast_charge,186
4.85,59.0,4.8,7.298969072164948,2.625,9.923969072164947,4.673969072164948,0.34526663405363506,5,True,True,True,True,10.299132165065071,0.5555289496904847,0.9959394648385866,0.00039751010526479694,-0.0024819818387544455,0.00020781599700443146,0.0024819818387544455,0.00020781599700443146,1541.0154155087107,54.18478993208921,2.0,23.395843749999997,137,0.3523887553110889,0.34745942533990404,0.49487966934117916,knee,186
4.75,60.0,4.8,7.578947368421052,2.5,10.078947368421051,5.078947368421052,0.32892325121282556,5,True,True,True,True,10.454110461321175,0.5555289496904847,0.9969548291415532,0.0005519898079821547,-0.001869675087492187,0.00028986849320477627,0.001869675087492187,0.00028986849320477627,1640.349380366314,106.79754404495615,2.0,22.681874999999998,237,0.5175999103189269,0.20454084753555046,0.5565488527278827,longevity,186
5.0,28.0,4.9,3.3600000000000003,6.36734693877551,9.727346938775511,-3.00734693877551,0.3826513837107855,2,True,True,True,True,10.101771531148648,0.5561358841946303,0.9942307810811892,0.00020398314707384795,-0.0035373519605645656,0.00013318545162031823,0.0035373519605645656,0.00013318545162031823,1447.9662646750614,15.321872633358769,2.0,24.356500000000004,39,0.14278411684162634,0.5989264680556275,0.6157111483153702,fast_charge,187
4.85,66.0,4.8,8.164948453608249,1.7500000000000002,9.914948453608249,6.414948453608249,0.23101197617849054,5,True,True,True,True,10.289373045981385,0.5561358841946303,0.9961818735768927,0.0001240463744723332,-0.0023662764331809838,8.186542013717583e-05,0.0023662764331809838,8.186542013717583e-05,1583.7037417863128,15.398692603726296,2.0,23.438062499999997,130,0.3427725261574622,0.33833672986965485,0.48162718721772746,knee,187
4.75,60.0,4.8,7.578947368421052,2.5,10.078947368421051,5.078947368421052,0.32892325121282556,5,True,True,True,True,10.453371960794188,0.5561358841946303,0.99728198017964,0.0001629121687594784,-0.0016994154312603964,0.00010846801904079908,0.0016994154312603964,0.00010846801904079908,1704.961903965555,30.583819419123767,2.0,22.681874999999998,237,0.5175999103189269,0.189945674097894,0.5513519985187907,longevity,187
5.0,28.0,4.9,3.3600000000000003,6.36734693877551,9.727346938775511,-3.00734693877551,0.3826513837107855,2,True,True,True,True,9.9475228008275,0.4349511824032682,0.9933874101606626,0.0005789663029707834,-0.00399451149259402,0.0003440291303386606,0.00399451149259402,0.0003440291303386606,1368.815160989223,36.220471684137394,2.0,24.356500000000004,39,0.14278411684162634,0.5216548066019755,0.5408428988839437,fast_charge,188
4.85,58.0,4.9,7.175257731958763,2.6938775510204076,9.86913528297917,4.4813801809383556,0.36542463657722224,5,True,True,True,True,10.089311145031159,0.4349511824032682,0.9958485233910247,0.00041823611689039585,-0.002582173628917428,0.0002558905338386657,0.002582173628917428,0.0002558905338386657,1491.5074538670256,45.412139074634894,2.0,23.6565625,108,0.2939344177445688,0.30956200697524905,0.42687946553726713,knee,188
4.75,60.0,4.8,7.578947368421052,2.5,10.078947368421051,5.078947368421052,0.32892325121282556,5,True,True,True,True,10.29912323047304,0.4349511824032682,0.9978289231781392,0.0003323827385682785,-0.0014064696353113682,0.0002118085424994969,0.0014064696353113682,0.0002118085424994969,1680.8927340419532,77.77336025895855,2.0,22.681874999999998,237,0.5175999103189269,0.13300485450529878,0.5344155297931908,longevity,188
5.0,28.0,4.9,3.3600000000000003,6.36734693877551,9.727346938775511,-3.00734693877551,0.3826513837107855,2,True,True,True,True,10.111841724494166,0.5489519385101453,0.993464848563544,0.0005326476802004785,-0.003924717788161956,0.0002983925326295772,0.003924717788161956,0.0002983925326295772,1396.5188624144096,13.867401595387552,2.0,24.356500000000004,39,0.14278411684162634,0.5212506309969531,0.5404530732052183,fast_charge,189
4.85,58.0,4.9,7.175257731958763,2.6938775510204076,9.86913528297917,4.4813801809383556,0.36542463657722224,5,True,True,True,True,10.253630068697825,0.5489519385101453,0.9958870935448673,0.000367880944695212,-0.0025352929277815146,0.00021153475839992344,0.0025352929277815146,0.00021153475839992344,1534.2572821966223,16.719394955358034,2.0,23.6565625,108,0.2939344177445688,0.3091558706445211,0.42658503758196975,knee,189
4.75,60.0,4.8,7.578947368421052,2.5,10.078947368421051,5.078947368421052,0.32892325121282556,5,True,True,True,True,10.463442154139706,0.5489519385101453,0.9978417560538524,0.00028444138912916197,-0.001379597635967994,0.00016960546182221762,0.001379597635967994,0.00016960546182221762,1748.981363754685,28.08286059272016,2.0,22.681874999999998,237,0.5175999103189269,0.13273977003544848,0.5343496174895468,longevity,189
5.0,28.0,4.9,3.3600000000000003,6.36734693877551,9.727346938775511,-3.00734693877551,0.3826513837107855,2,True,True,True,True,10.270030594343618,0.5873456042546331,0.9940179332383429,1.410812274450998e-17,-0.0036764898350567085,1.1632889318798119e-17,0.0036764898350567085,1.1632889318798119e-17,1463.751553527925,2.183309671502967e-12,2.0,24.356500000000004,39,0.14278411684162634,0.5884548920296526,0.6055299034530609,fast_charge,190
4.85,70.0,4.8,8.659793814432991,1.25,9.909793814432991,7.409793814432991,0.16603318005393172,5,True,True,True,True,10.452477470001098,0.5873456042546331,0.9960803338599571,6.461422960697545e-18,-0.002430950158705858,5.376397872287492e-18,0.002430950158705858,5.376397872287492e-18,1587.2812172151644,1.6548665062434056e-12,2.0,23.462187499999995,126,0.33727753806967414,0.33270382789291797,0.4737594060078817,knee,190
4.75,60.0,4.8,7.578947368421052,2.5,10.078947368421051,5.078947368421052,0.32892325121282556,5,True,True,True,True,10.621631023989158,0.5873456042546331,0.9972894896102358,7.946625513320389e-18,-0.0016944160503119367,6.664813177082805e-18,0.0016944160503119367,6.664813177082805e-18,1703.5507771316968,3.1587608708806024e-12,2.0,22.681874999999998,237,0.5175999103189269,0.18146867611788484,0.5484893322336716,longevity,190
5.0,28.0,4.9,3.3600000000000003,6.36734693877551,9.727346938775511,-3.00734693877551,0.3826513837107855,2,True,True,True,True,10.284779427744425,0.5705929096644882,0.9919055420197915,0.0004881014209374257,-0.004783392574951657,0.00023863478792727154,0.004783392574951657,0.00023863478792727154,1326.624530851624,44.48298177915708,2.0,24.356500000000004,39,0.14278411684162634,0.5260262085680038,0.5450604334591461,fast_charge,191
4.85,55.0,4.85,6.804123711340207,3.0927835051546393,9.896907216494846,3.7113402061855676,0.41152234714075303,5,True,True,True,True,10.45433970546376,0.5705929096644882,0.9952907875892028,0.0002677941699783086,-0.0028697971691443737,0.00013501420755618535,0.0028697971691443737,0.00013501420755618535,1476.1118117480758,46.67621825795773,2.0,23.522499999999994,120,0.3235400678502031,0.2827393358569042,0.42967395493015087,knee,191
4.75,60.0,4.8,7.578947368421052,2.5,10.078947368421051,5.078947368421052,0.32892325121282556,5,True,True,True,True,10.636379857389965,0.5705929096644882,0.9972720266214901,0.0002017814919147542,-0.001714761824756216,0.00010493501721767025,0.001714761824756216,0.00010493501721767025,1643.8373496869438,67.61197359472402,2.0,22.681874999999998,237,0.5175999103189269,0.1358927579678671,0.5351415783045403,longevity,191
5.0,28.0,4.9,3.3600000000000003,6.36734693877551,9.727346938775511,-3.00734693877551,0.3826513837107855,2,True,True,True,True,9.962770908324716,0.4274935826420548,0.9926974822383781,0.0007832571434484626,-0.0043220392296065505,0.00040464163000076815,0.0043220392296065505,0.00040464163000076815,1357.5848691984152,40.49365732791015,2.0,24.356500000000004,39,0.14278411684162634,0.5227180687285645,0.5418685111699734,fast_charge,192
4.85,55.0,4.85,6.804123711340207,3.0927835051546393,9.896907216494846,3.7113402061855676,0.41152234714075303,5,True,True,True,True,10.13233118604405,0.4274935826420548,0.9957693015277523,0.0005768030228882356,-0.0025755204806957007,0.0003065000688100995,0.0025755204806957007,0.0003065000688100995,1505.057414802986,57.06328820264149,2.0,23.522499999999994,120,0.3235400678502031,0.27950968220503747,0.42755565479931973,knee,192
4.75,60.0,4.8,7.578947368421052,2.5,10.078947368421051,5.078947368421052,0.32892325121282556,5,True,True,True,True,10.314371337970256,0.4274935826420548,0.9975595585062286,0.0004459573050636565,-0.001528464623496269,0.00024379813986746083,0.001528464623496269,0.00024379813986746083,1669.9170968584551,84.86098431585712,2.0,22.681874999999998,237,0.5175999103189269,0.13370376641496254,0.5345899029309364,longevity,192
5.0,28.0,4.9,3.3600000000000003,6.36734693877551,9.727346938775511,-3.00734693877551,0.3826513837107855,2,True,True,True,True,9.948261301354487,0.43454203373371464,0.9928048485807011,0.0008472101807649802,-0.0042817744966616965,0.0004619802636048823,0.0042817744966616965,0.0004619802636048823,1328.938983143471,39.72068605325749,2.0,24.356500000000004,39,0.14278411684162634,0.5327227450178194,0.551525907896958,fast_charge,193
4.85,55.0,4.85,6.804123711340207,3.0927835051546393,9.896907216494846,3.7113402061855676,0.41152234714075303,5,True,True,True,True,10.117821579073821,0.43454203373371464,0.9957529122820855,0.0005697486417232877,-0.0026041439713183276,0.0003201145848313694,0.0026041439713183276,0.0003201145848313694,1461.9199785286155,49.78243559757798,2.0,23.522499999999994,120,0.3235400678502031,0.28932801804882646,0.43403787568894964,knee,193
4.75,60.0,4.8,7.578947368421052,2.5,10.078947368421051,5.078947368421052,0.32892325121282556,5,True,True,True,True,10.299861731000027,0.43454203373371464,0.9975035444571173,0.0004762250299916476,-0.0015775774519252515,0.0002757575900108654,0.0015775774519252515,0.0002757575900108654,1609.4266021958094,77.93275487768946,2.0,22.681874999999998,237,0.5175999103189269,0.14039124446928827,0.5363015650599918,longevity,193
5.0,28.0,4.9,3.3600000000000003,6.36734693877551,9.727346938775511,-3.00734693877551,0.3826513837107855,2,True,True,True,True,9.939338063152933,0.4377602106909939,0.9940480943177347,0.000905944867920997,-0.0036271305985269846,0.0004974521260549542,0.0036271305985269846,0.0004974521260549542,1382.7550784286157,88.92105758183845,2.0,24.356500000000004,39,0.14278411684162634,0.6550899845932938,0.6704701275498299,fast_charge,194
4.85,54.0,4.8,6.680412371134023,3.2500000000000004,9.930412371134024,3.430412371134022,0.42704111562382635,5,True,True,True,True,10.142403495511445,0.4377602106909939,0.9956584316883347,0.0004446218475060736,-0.0026815334252445213,0.000247439907489158,0.0026815334252445213,0.000247439907489158,1454.6947347242287,62.9404227554131,2.0,23.365687499999996,142,0.3592574904208282,0.38434981323977935,0.5261090413221623,knee,194
4.75,60.0,4.8,7.578947368421052,2.5,10.078947368421051,5.078947368421052,0.32892325121282556,5,True,True,True,True,10.290938492798473,0.4377602106909939,0.99650788006989,0.0007371110144938719,-0.0021769523447856803,0.00041403308087594544,0.0021769523447856803,0.00041403308087594544,1506.5154866468642,134.34793007134357,2.0,22.681874999999998,237,0.5175999103189269,0.23987987186828513,0.5704840226419194,longevity,194
5.0,28.0,4.9,3.3600000000000003,6.36734693877551,9.727346938775511,-3.00734693877551,0.3826513837107855,2,True,True,True,True,9.951054485738824,0.432879390839616,0.992654561575768,0.0007752043084343976,-0.004380650083250712,0.00041406238475501955,0.004380650083250712,0.00041406238475501955,1339.547348741325,45.54503197544478,2.0,24.356500000000004,39,0.14278411684162634,0.5339110496659831,0.5526737853179533,fast_charge,195
4.85,55.0,4.85,6.804123711340207,3.0927835051546393,9.896907216494846,3.7113402061855676,0.41152234714075303,5,True,True,True,True,10.120614763458159,0.432879390839616,0.995652324911792,0.000527914119924246,-0.0026707193746947815,0.00029044453818862176,0.0026707193746947815,0.00029044453818862176,1472.1569187839043,57.58969633072123,2.0,23.522499999999994,120,0.3235400678502031,0.29050432293945183,0.43482288020643917,knee,195
4.75,60.0,4.8,7.578947368421052,2.5,10.078947368421051,5.078947368421052,0.32892325121282556,5,True,True,True,True,10.302654915384364,0.432879390839616,0.997437362426892,0.00044278411567815216,-0.001621850349549669,0.00025098304369656826,0.001621850349549669,0.00025098304369656826,1619.1079214819733,90.12911937286972,2.0,22.681874999999998,237,0.5175999103189269,0.1411989885782559,0.5365135800123643,longevity,195
5.0,28.0,4.9,3.3600000000000003,6.36734693877551,9.727346938775511,-3.00734693877551,0.3826513837107855,2,True,True,True,True,9.951054485738824,0.432879390839616,0.992654561575768,0.0007752043084344032,-0.004380650083250751,0.00041406238475503353,0.004380650083250751,0.00041406238475503353,1339.547348741311,45.545031975446484,2.0,24.356500000000004,39,0.14278411684162634,0.5339110496659832,0.5526737853179534,fast_charge,196
4.85,55.0,4.85,6.804123711340207,3.0927835051546393,9.896907216494846,3.7113402061855676,0.41152234714075303,5,True,True,True,True,10.120614763458159,0.432879390839616,0.9956523249117919,0.0005279141199242815,-0.002670719374694805,0.0002904445381886189,0.002670719374694805,0.0002904445381886189,1472.1569187838913,57.58969633072177,2.0,23.522499999999994,120,0.3235400678502031,0.2905043229394518,0.43482288020643917,knee,196
4.75,60.0,4.8,7.578947368421052,2.5,10.078947368421051,5.078947368421052,0.32892325121282556,5,True,True,True,True,10.302654915384364,0.432879390839616,0.997437362426892,0.0004427841156781619,-0.0016218503495496832,0.0002509830436965658,0.0016218503495496832,0.0002509830436965658,1619.107921481959,90.12911937286893,2.0,22.681874999999998,237,0.5175999103189269,0.1411989885782559,0.5365135800123643,longevity,196
5.0,28.0,4.9,3.3600000000000003,6.36734693877551,9.727346938775511,-3.00734693877551,0.3826513837107855,2,True,True,True,True,9.949169030067873,0.433936188646293,0.9936005819437697,0.00040639146318273086,-0.0038741545992604974,0.00022436907904838227,0.0038741545992604974,0.00022436907904838227,1421.3648876109603,18.638644348434273,2.0,24.356500000000004,39,0.14278411684162634,0.5112049339597552,0.5307709379073433,fast_charge,197
4.85,58.0,4.9,7.175257731958763,2.6938775510204076,9.86913528297917,4.4813801809383556,0.36542463657722224,5,True,True,True,True,10.090957374271532,0.433936188646293,0.9960507706022634,0.0003103152124908554,-0.0024595500991770923,0.00017624968209396628,0.0024595500991770923,0.00017624968209396628,1566.4429031575128,25.41615903573969,2.0,23.6565625,108,0.2939344177445688,0.299131172594647,0.41937679996953475,knee,197
4.75,60.0,4.8,7.578947368421052,2.5,10.078947368421051,5.078947368421052,0.32892325121282556,5,True,True,True,True,10.300769459713413,0.433936188646293,0.9979835017218157,0.000245714508047614,-0.0013064081567705898,0.0001451756541353132,0.0013064081567705898,0.0001451756541353132,1793.461519260369,45.126292267145224,2.0,22.681874999999998,237,0.5175999103189269,0.12625518563179258,0.5327757868569851,longevity,197
5.0,28.0,4.9,3.3600000000000003,6.36734693877551,9.727346938775511,-3.00734693877551,0.3826513837107855,2,True,True,True,True,9.96391786346868,0.4267933458436869,0.9922995898664594,0.0007465773849961018,-0.00456445211132768,0.0004002050686453546,0.00456445211132768,0.0004002050686453546,1316.4900193617052,36.71980262112999,2.0,24.356500000000004,39,0.14278411684162634,0.5293231109268236,0.5482428839332925,fast_charge,198
4.85,55.0,4.85,6.804123711340207,3.0927835051546393,9.896907216494846,3.7113402061855676,0.41152234714075303,5,True,True,True,True,10.133478141188014,0.4267933458436869,0.9954876099747982,0.0005343859678905323,-0.0027569262159670227,0.00029526129123896513,0.0027569262159670227,0.00029526129123896513,1447.7282832386297,49.32388401750628,2.0,23.522499999999994,120,0.3235400678502031,0.28597460025001903,0.4318097352916817,knee,198
4.75,60.0,4.8,7.578947368421052,2.5,10.078947368421051,5.078947368421052,0.32892325121282556,5,True,True,True,True,10.31551829311422,0.4267933458436869,0.997366971094871,0.0004132846513988947,-0.0016585259190220912,0.00023542298892008327,0.0016585259190220912,0.00023542298892008327,1593.2516509617033,71.94486811046954,2.0,22.681874999999998,237,0.5175999103189269,0.13809617866028265,0.5357053497238327,longevity,198
5.0,28.0,4.9,3.3600000000000003,6.36734693877551,9.727346938775511,-3.00734693877551,0.3826513837107855,2,True,True,True,True,9.769932044814,0.011292810771461104,0.994704921428575,0.0004574203423573027,-0.003231275391224923,0.0002432773342163305,0.003231275391224923,0.0002432773342163305,1414.9083083085593,39.89278826068167,2.0,24.356500000000004,39,0.14278411684162634,0.7755645183497775,0.7885985202530915,fast_charge,199
4.8,68.0,4.75,8.500000000000002,1.5157894736842104,10.015789473684212,6.984210526315792,0.19847366365396812,5,True,True,True,True,10.0583745797227,0.011292810771461104,0.994704921428575,0.0010381179753680945,-0.003219627165599069,0.0005501289434259666,0.003219627165599069,0.0005501289434259666,1414.9083083085593,90.53690172050938,2.0,22.968375,194,0.450271845748558,0.4453780822836706,0.633329591328633,knee,199
4.75,60.0,4.8,7.578947368421052,2.5,10.078947368421051,5.078947368421052,0.32892325121282556,5,True,True,True,True,10.12153247445954,0.011292810771461104,0.994704921428575,0.0013040531568804213,-0.003217228279924308,0.0006905408466323302,0.003217228279924308,0.0006905408466323302,1414.9083083085593,113.72978341978163,2.0,22.681874999999998,237,0.5175999103189269,0.37737806778178773,0.6405652763027955,longevity,199
5.0,28.0,4.9,3.3600000000000003,6.36734693877551,9.727346938775511,-3.00734693877551,0.3826513837107855,2,True,True,True,True,9.963179362941693,0.42724780480566454,0.9930312429884935,0.000541244973624431,-0.00420468861254171,0.00031935694299113247,0.00420468861254171,0.00031935694299113247,1361.798455986627,36.87299976240559,2.0,24.356500000000004,39,0.14278411684162634,0.5176503340966188,0.5369815382418508,fast_charge,200
4.85,58.0,4.9,7.175257731958763,2.6938775510204076,9.86913528297917,4.4813801809383556,0.36542463657722224,5,True,True,True,True,10.104967707145352,0.42724780480566454,0.9956587363462044,0.00040807056894908003,-0.002699345182190532,0.0002481312735071655,0.002699345182190532,0.0002481312735071655,1486.1075254457892,48.69971541019757,2.0,23.6565625,108,0.2939344177445688,0.3055476809813566,0.42397739006688023,knee,200
4.75,60.0,4.8,7.578947368421052,2.5,10.078947368421051,5.078947368421052,0.32892325121282556,5,True,True,True,True,10.314779792587233,0.42724780480566454,0.997754072778476,0.0002960302487916839,-0.001456228959179821,0.00018770422305601034,0.001456228959179821,0.00018770422305601034,1678.3378421128132,77.12175016205671,2.0,22.681874999999998,237,0.5175999103189269,0.13039280023119773,0.5337714393954535,longevity,200
5.0,28.0,4.9,3.3600000000000003,6.36734693877551,9.727346938775511,-3.00734693877551,0.3826513837107855,2,True,True,True,True,9.940984292393306,0.4367949334409118,0.9937862461258982,0.0006526011730433909,-0.0038035209700540197,0.0003372483132236454,0.0038035209700540197,0.0003372483132236454,1435.2376304725353,71.04639196747326,2.0,24.356500000000004,39,0.14278411684162634,0.6309570176732299,0.6469111702338581,fast_charge,201
4.85,54.0,4.8,6.680412371134023,3.2500000000000004,9.930412371134024,3.430412371134022,0.42704111562382635,5,True,True,True,True,10.144049724751818,0.4367949334409118,0.9956664963008562,0.0004302472665634349,-0.0026569637690177753,0.00022270745168168597,0.0026569637690177753,0.00022270745168168597,1477.8451132192467,69.15638443446481,2.0,23.365687499999996,142,0.3592574904208282,0.35680400280336017,0.5063349097583256,knee,201
4.75,60.0,4.8,7.578947368421052,2.5,10.078947368421051,5.078947368421052,0.32892325121282556,5,True,True,True,True,10.292584722038846,0.4367949334409118,0.9966207531584318,0.0006244173815930572,-0.0020742429596077466,0.00032358237623750057,0.0020742429596077466,0.00032358237623750057,1507.9862837712028,131.33390888020642,2.0,22.681874999999998,237,0.5175999103189269,0.21746977108532128,0.5614292194908128,longevity,201
5.0,28.0,4.9,3.3600000000000003,6.36734693877551,9.727346938775511,-3.00734693877551,0.3826513837107855,2,True,True,True,True,10.1036569868196,0.5545858294103532,0.9939204114197266,0.0009579839662435463,-0.0036891515595012143,0.0005175116626393833,0.0036891515595012143,0.0005175116626393833,1372.6935742821881,87.98621076172927,2.0,24.356500000000004,39,0.14278411684162634,0.6206563968491855,0.6368686418501518,fast_charge,202
4.85,58.0,4.8,7.175257731958763,2.75,9.925257731958762,4.425257731958763,0.3616145488155888,5,True,True,True,True,10.30156778000285,0.5545858294103532,0.9958706611472228,0.00038724870359446164,-0.002539215661234105,0.0002119915900525428,0.002539215661234105,0.0002119915900525428,1508.718561984716,57.553885410182495,2.0,23.389812499999998,138,0.3537625023330364,0.3509061176833272,0.49828005326775493,knee,202
4.75,60.0,4.8,7.578947368421052,2.5,10.078947368421051,5.078947368421052,0.32892325121282556,5,True,True,True,True,10.45525741646514,0.5545858294103532,0.996889335621776,0.0005735777057456361,-0.0019315031074500788,0.00031706193955227614,0.0019315031074500788,0.00031706193955227614,1616.8110322310317,121.2705464852708,2.0,22.681874999999998,237,0.5175999103189269,0.20834979668937254,0.557959949228136,longevity,202
5.0,28.0,4.9,3.3600000000000003,6.36734693877551,9.727346938775511,-3.00734693877551,0.3826513837107855,2,True,True,True,True,9.950315985211837,0.4332967744595346,0.9932513534084286,0.0005241800450110526,-0.004085743652805891,0.0003082213027833358,0.004085743652805891,0.0003082213027833358,1379.728754094018,40.12348472700115,2.0,24.356500000000004,39,0.14278411684162634,0.523285979941426,0.5424163721952922,fast_charge,203
4.85,55.0,4.85,6.804123711340207,3.0927835051546393,9.896907216494846,3.7113402061855676,0.41152234714075303,5,True,True,True,True,10.119876262931172,0.4332967744595346,0.9961116939084877,0.0003701805825144036,-0.00243754415347128,0.00022538936457709908,0.00243754415347128,0.00022538936457709908,1528.2948578520454,54.475530972231944,2.0,23.522499999999994,120,0.3235400678502031,0.280062934901371,0.42791754230235013,knee,203
4.75,60.0,4.8,7.578947368421052,2.5,10.078947368421051,5.078947368421052,0.32892325121282556,5,True,True,True,True,10.301916414857377,0.4332967744595346,0.997769500911312,0.00030599112224538805,-0.0014482780886968104,0.00019296852431381048,0.0014482780886968104,0.00019296852431381048,1694.2340004838998,87.02044517566597,2.0,22.681874999999998,237,0.5175999103189269,0.1340779951374798,0.5346836222872805,longevity,203
5.0,28.0,4.9,3.3600000000000003,6.36734693877551,9.727346938775511,-3.00734693877551,0.3826513837107855,2,True,True,True,True,9.938929608535956,0.4379689622610007,0.9938997368200877,0.0011172194161099274,-0.003686942311648793,0.0005787168292522183,0.003686942311648793,0.0005787168292522183,1378.0107372354717,92.128518310539,2.0,24.356500000000004,39,0.14278411684162634,0.660890746518368,0.6761389523284759,fast_charge,204
4.85,62.0,4.75,7.670103092783506,2.2736842105263158,9.943787303309822,5.396418882257191,0.29741958396448653,5,True,True,True,True,10.155369973070266,0.4379689622610007,0.9955135262482189,0.0006019936242379152,-0.0027161364278547777,0.00031235481666082895,0.0027161364278547777,0.00031235481666082895,1454.5761814190237,71.24835051635522,2.0,23.3065,149,0.37351553845913954,0.3773534809149756,0.5309515109961265,knee,204
4.75,60.0,4.8,7.578947368421052,2.5,10.078947368421051,5.078947368421052,0.32892325121282556,5,True,True,True,True,10.290530038181496,0.4379689622610007,0.9962630079824595,0.0009636631260965334,-0.0022646552374763563,0.0005005126219168275,0.0022646552374763563,0.0005005126219168275,1502.126745475514,141.40384936819837,2.0,22.681874999999998,237,0.5175999103189269,0.2454921641180704,0.5728665375159687,longevity,204
5.0,28.0,4.9,3.3600000000000003,6.36734693877551,9.727346938775511,-3.00734693877551,0.3826513837107855,2,True,True,True,True,10.104395487346586,0.5539736777952727,0.9932366994584536,0.0017554800885958375,-0.00398942666305199,0.0008981295519960151,0.00398942666305199,0.0008981295519960151,1257.641531872745,104.89965330765246,2.0,24.356500000000004,39,0.14278411684162634,0.6051387824309274,0.62175578004891,fast_charge,205
4.85,64.0,4.8,7.917525773195877,2.0,9.917525773195877,5.917525773195877,0.26361189426846865,5,True,True,True,True,10.294574321766952,0.5539736777952727,0.9955704134318872,0.0004703410636717509,-0.002691167103996666,0.00024784584827604864,0.002691167103996666,0.00024784584827604864,1468.2415585969363,50.09878307216919,2.0,23.425999999999995,132,0.34552002020135525,0.3422644658976094,0.4863425222784049,knee,205
4.75,60.0,4.8,7.578947368421052,2.5,10.078947368421051,5.078947368421052,0.32892325121282556,5,True,True,True,True,10.455995916992126,0.5539736777952727,0.9968422254657083,0.0007744855262938242,-0.0019643340170143546,0.0004178677021581604,0.0019643340170143546,0.0004178677021581604,1661.7670893692593,130.97315892952068,2.0,22.681874999999998,237,0.5175999103189269,0.1950937790795548,0.5531466801832072,longevity,205
5.0,28.0,4.9,3.3600000000000003,6.36734693877551,9.727346938775511,-3.00734693877551,0.3826513837107855,2,True,True,True,True,10.268384365103245,0.58935198890323,0.9942666978908877,0.00045595656553945206,-0.0035216824723644825,0.00031144561752164773,0.0035216824723644825,0.00031144561752164773,1396.244929441435,68.9217879732303,2.0,24.356500000000004,39,0.14278411684162634,0.6126921482172699,0.6291096665203423,fast_charge,206
4.85,61.0,4.8,7.54639175257732,2.375,9.921391752577321,5.17139175257732,0.3125851111428187,5,True,True,True,True,10.462429178905055,0.58935198890323,0.9961461044395704,0.00016685372939763285,-0.002397777182051366,0.00011544049531502303,0.002397777182051366,0.00011544049531502303,1548.589805400301,41.61488056814505,2.0,23.40790625,135,0.34964126126719774,0.34631939764349917,0.4921241070753118,knee,206
4.75,60.0,4.8,7.578947368421052,2.5,10.078947368421051,5.078947368421052,0.32892325121282556,5,True,True,True,True,10.619984794748785,0.58935198890323,0.9971563982272947,0.00022515855748712354,-0.0017866350080688266,0.00015731455364008325,0.0017866350080688266,0.00015731455364008325,1676.3281403017463,82.3862995467298,2.0,22.681874999999998,237,0.5175999103189269,0.20147478904662203,0.5554293454468733,longevity,206
5.0,28.0,4.9,3.3600000000000003,6.36734693877551,9.727346938775511,-3.00734693877551,0.3826513837107855,2,True,True,True,True,9.791414202127447,0.03145774899872287,0.9913665526668995,0.00047129099679098826,-0.005112609708274816,0.00016614666173870953,0.005112609708274816,0.00016614666173870953,1254.3674521110831,5.07497842571226,2.0,24.356500000000004,39,0.14278411684162634,0.5438638628547576,0.5622945894649368,fast_charge,207
4.85,55.0,4.85,6.804123711340207,3.0927835051546393,9.896907216494846,3.7113402061855676,0.41152234714075303,5,True,True,True,True,9.960974479846781,0.03145774899872287,0.9947939877910916,0.0003051465713687735,-0.003180388777421901,0.00011097562628588654,0.003180388777421901,0.00011097562628588654,1354.8843990404798,5.885862046087338,2.0,23.522499999999994,120,0.3235400678502031,0.3004412026246857,0.4415236026976151,knee,207
4.75,60.0,4.8,7.578947368421052,2.5,10.078947368421051,5.078947368421052,0.32892325121282556,5,True,True,True,True,10.143014631772987,0.03145774899872287,0.9968733370456713,0.00025981974513680735,-0.0019709704044311794,9.750239137933865e-05,0.0019709704044311794,9.750239137933865e-05,1464.352525946625,9.018644114161955,2.0,22.681874999999998,237,0.5175999103189269,0.1480777575425679,0.5383648293127967,longevity,207
5.0,28.0,4.9,3.3600000000000003,6.36734693877551,9.727346938775511,-3.00734693877551,0.3826513837107855,2,True,True,True,True,9.952201440882789,0.4322314089249151,0.9923061236818221,0.0007558034020618099,-0.004588197806332692,0.00041241034865946137,0.004588197806332692,0.00041241034865946137,1304.7195297048113,39.599034559032724,2.0,24.356500000000004,39,0.14278411684162634,0.5354321203091132,0.5541433564349174,fast_charge,208
4.85,55.0,4.85,6.804123711340207,3.0927835051546393,9.896907216494846,3.7113402061855676,0.41152234714075303,5,True,True,True,True,10.121761718602123,0.4322314089249151,0.9954425420930718,0.0004820736907434936,-0.0028059028326113435,0.0002715733637196545,0.0028059028326113435,0.0002715733637196545,1430.516293185155,46.750619016771694,2.0,23.522499999999994,120,0.3235400678502031,0.29201317505282093,0.43583238740247776,knee,208
4.75,60.0,4.8,7.578947368421052,2.5,10.078947368421051,5.078947368421052,0.32892325121282556,5,True,True,True,True,10.303801870528329,0.4322314089249151,0.997311601973981,0.0003981771575614125,-0.0017092539873804834,0.0002316397863072319,0.0017092539873804834,0.0002316397863072319,1569.5892171018154,71.82449371813875,2.0,22.681874999999998,237,0.5175999103189269,0.14223712273906836,0.5367877292256689,longevity,208
5.0,28.0,4.9,3.3600000000000003,6.36734693877551,9.727346938775511,-3.00734693877551,0.3826513837107855,2,True,True,True,True,9.951384531648834,0.43268760832264547,0.9917393224135181,0.0009824383830631105,-0.004786638010951337,0.0004968265208760803,0.004786638010951337,0.0004968265208760803,1297.989674510336,42.45529234861794,2.0,24.356500000000004,39,0.14278411684162634,0.5422464812676631,0.5607303723443249,fast_charge,209
4.85,55.0,4.85,6.804123711340207,3.0927835051546393,9.896907216494846,3.7113402061855676,0.41152234714075303,5,True,True,True,True,10.120944809368169,0.43268760832264547,0.994988322765963,0.0006472676723017226,-0.002967908739184486,0.00033453064024749075,0.002967908739184486,0.00033453064024749075,1421.291531283783,50.48413740757723,2.0,23.522499999999994,120,0.3235400678502031,0.2988161215472264,0.4404194023894052,knee,209
4.75,60.0,4.8,7.578947368421052,2.5,10.078947368421051,5.078947368421052,0.32892325121282556,5,True,True,True,True,10.302984961294374,0.43268760832264547,0.9969715076211565,0.0005496341629371636,-0.001833249426390268,0.00029037105818497565,0.001833249426390268,0.00029037105818497565,1557.4286993521268,77.7367456566383,2.0,22.681874999999998,237,0.5175999103189269,0.14694606097174112,0.5380546552138284,longevity,209
5.0,28.0,4.9,3.3600000000000003,6.36734693877551,9.727346938775511,-3.00734693877551,0.3826513837107855,2,True,True,True,True,9.779593783542541,0.03931849761034384,0.992909204479673,0.0010433045921372495,-0.0041651675766596445,0.0005427685254279113,0.0041651675766596445,0.0005427685254279113,1321.0971719117142,38.3539366656923,2.0,24.356500000000004,39,0.14278411684162634,0.533465134926786,0.5522430209651339,fast_charge,210
4.85,55.0,4.85,6.804123711340207,3.0927835051546393,9.896907216494846,3.7113402061855676,0.41152234714075303,5,True,True,True,True,9.949154061261876,0.03931849761034384,0.9957691360115695,0.0008069345991048222,-0.002537048838699153,0.0004285525857245766,0.002537048838699153,0.0004285525857245766,1437.05151039781,54.080492154011395,2.0,23.522499999999994,120,0.3235400678502031,0.2900626588160995,0.43452792953270447,knee,210
4.75,60.0,4.8,7.578947368421052,2.5,10.078947368421051,5.078947368421052,0.32892325121282556,5,True,True,True,True,10.131194213188081,0.03931849761034384,0.997485905037658,0.0007089124299132114,-0.0015392702663594954,0.00038440746501605216,0.0015392702663594954,0.00038440746501605216,1564.2283386800027,87.0302216594855,2.0,22.681874999999998,237,0.5175999103189269,0.14089554375550742,0.5364337996550192,longevity,210
5.0,28.0,4.9,3.3600000000000003,6.36734693877551,9.727346938775511,-3.00734693877551,0.3826513837107855,2,True,True,True,True,9.959977723940378,0.4292838320132676,0.992865465087162,0.0008440984004850523,-0.0042136617502049585,0.0004452275432510233,0.0042136617502049585,0.0004452275432510233,1346.1690115769904,34.562144308136816,2.0,24.356500000000004,39,0.14278411684162634,0.5196117314922168,0.5388725781913409,fast_charge,211
4.85,58.0,4.9,7.175257731958763,2.6938775510204076,9.86913528297917,4.4813801809383556,0.36542463657722224,5,True,True,True,True,10.101766068144038,0.4292838320132676,0.9955110141425032,0.0006412513534816756,-0.002714273056065857,0.00034628089945591407,0.002714273056065857,0.00034628089945591407,1466.4177168073222,45.45811646791937,2.0,23.6565625,108,0.2939344177445688,0.30751124358177995,0.4253946483726041,knee,211
4.75,60.0,4.8,7.578947368421052,2.5,10.078947368421051,5.078947368421052,0.32892325121282556,5,True,True,True,True,10.311578153585918,0.4292838320132676,0.9976452439945538,0.0004716310790563198,-0.0014711968935926668,0.0002631614349512776,0.0014711968935926668,0.0002631614349512776,1651.9681485677347,71.80122482663742,2.0,22.681874999999998,237,0.5175999103189269,0.13166820728238973,0.5340844352451395,longevity,211
5.0,28.0,4.9,3.3600000000000003,6.36734693877551,9.727346938775511,-3.00734693877551,0.3826513837107855,2,True,True,True,True,9.787474062599145,0.034907170582793835,0.9919249236681088,0.0008671747892277582,-0.004772293532192128,0.00045098927465221585,0.004772293532192128,0.00045098927465221585,1276.2497080104304,27.306901718035892,2.0,24.356500000000004,39,0.14278411684162634,0.5455450690680768,0.5639208511898951,fast_charge,212
4.85,55.0,4.85,6.804123711340207,3.0927835051546393,9.896907216494846,3.7113402061855676,0.41152234714075303,5,True,True,True,True,9.95703434031848,0.034907170582793835,0.9951012318680853,0.0005998022810556117,-0.002978768347192091,0.0003209497322888816,0.002978768347192091,0.0003209497322888816,1378.0216235191788,33.6166185281037,2.0,23.522499999999994,120,0.3235400678502031,0.3021346479980817,0.44267767170418565,knee,212
4.75,60.0,4.8,7.578947368421052,2.5,10.078947368421051,5.078947368421052,0.32892325121282556,5,True,True,True,True,10.139074492244685,0.034907170582793835,0.9970399238347906,0.0005218583695875884,-0.001852338376149645,0.0002873751095732647,0.001852338376149645,0.0002873751095732647,1488.8162296492646,52.29589812361884,2.0,22.681874999999998,237,0.5175999103189269,0.14925985379367337,0.5386911648771213,longevity,212
5.0,28.0,4.9,3.3600000000000003,6.36734693877551,9.727346938775511,-3.00734693877551,0.3826513837107855,2,True,True,True,True,9.965564092709053,0.4256701454307898,0.9925216489242227,0.0006968908648348539,-0.004435627414488446,0.00034321430816127785,0.004435627414488446,0.00034321430816127785,1369.2761245903807,45.15773799386715,2.0,24.356500000000004,39,0.14278411684162634,0.5260869339741032,0.5451190384865636,fast_charge,213
4.85,55.0,4.85,6.804123711340207,3.0927835051546393,9.896907216494846,3.7113402061855676,0.41152234714075303,5,True,True,True,True,10.135124370428388,0.4256701454307898,0.9956383421659691,0.0005194409963949923,-0.0026614855446251513,0.0002631844013313063,0.0026614855446251513,0.0002631844013313063,1520.0492218314007,64.0655417897042,2.0,23.522499999999994,120,0.3235400678502031,0.2827987762987825,0.42971307099110084,knee,213
4.75,60.0,4.8,7.578947368421052,2.5,10.078947368421051,5.078947368421052,0.32892325121282556,5,True,True,True,True,10.317164522354593,0.4256701454307898,0.9974669877054753,0.0004046995192379163,-0.0015904902756761203,0.0002109977443475438,0.0015904902756761203,0.0002109977443475438,1688.8249771607454,95.49095920952922,2.0,22.681874999999998,237,0.5175999103189269,0.13593314492643246,0.5351518355118963,longevity,213
5.0,28.0,4.9,3.3600000000000003,6.36734693877551,9.727346938775511,-3.00734693877551,0.3826513837107855,2,True,True,True,True,9.766400359902676,0.011594090677496042,0.9947188853256868,0.00031456583918329083,-0.003211432130904525,0.00020594042136200198,0.003211432130904525,0.00020594042136200198,1430.8866171975728,26.868316542898334,2.0,24.356500000000004,39,0.14278411684162634,0.7302210687287524,0.7440498056162669,fast_charge,214
4.8,71.0,4.85,8.875,1.1134020618556701,9.98840206185567,7.76159793814433,0.14986948528374183,5,True,True,True,True,10.027455482982834,0.011594090677496042,0.9957341119098239,0.0007215996677027614,-0.0027547633577953436,0.0005016814612770032,0.0027547633577953436,0.0005016814612770032,1430.8866171975728,76.30295593076731,2.0,23.094281249999998,178,0.42107610640844034,0.413441936515684,0.5901180578985286,knee,214
4.75,60.0,4.8,7.578947368421052,2.5,10.078947368421051,5.078947368421052,0.32892325121282556,5,True,True,True,True,10.118000789548216,0.011594090677496042,0.9960215289489935,0.0009351564392698892,-0.0026201085122522683,0.0006630468759575249,0.0026201085122522683,0.0006630468759575249,1430.8866171975728,106.02848659871962,2.0,22.681874999999998,237,0.5175999103189269,0.3200354072515911,0.6085493645193074,longevity,214
5.0,28.0,4.9,3.3600000000000003,6.36734693877551,9.727346938775511,-3.00734693877551,0.3826513837107855,2,True,True,True,True,9.782795422543856,0.0376708171162576,0.9930402561433358,0.0008383033945105753,-0.004163898166869083,0.00045650832742166774,0.004163898166869083,0.00045650832742166774,1334.9275838962217,42.7838895135074,2.0,24.356500000000004,39,0.14278411684162634,0.5297239088272381,0.548629860293305,fast_charge,215
4.85,55.0,4.85,6.804123711340207,3.0927835051546393,9.896907216494846,3.7113402061855676,0.41152234714075303,5,True,True,True,True,9.95235570026319,0.0376708171162576,0.9959197461653198,0.0006399751626459538,-0.002517046411844686,0.00035934184832657235,0.002517046411844686,0.00035934184832657235,1453.896102019316,60.676971823467674,2.0,23.522499999999994,120,0.3235400678502031,0.28636903376014117,0.43207105781483546,knee,215
4.75,60.0,4.8,7.578947368421052,2.5,10.078947368421051,5.078947368421052,0.32892325121282556,5,True,True,True,True,10.134395852189396,0.0376708171162576,0.9976180155206884,0.0005515648919434487,-0.0015154646000113293,0.00031940677180825413,0.0015154646000113293,0.00031940677180825413,1584.5412633279377,97.62832297474728,2.0,22.681874999999998,237,0.5175999103189269,0.13836553803288162,0.5357748494258479,longevity,215
5.0,28.0,4.9,3.3600000000000003,6.36734693877551,9.727346938775511,-3.00734693877551,0.3826513837107855,2,True,True,True,True,9.932196284623316,0.4415764361938261,0.9946712647625312,0.0009568966417769106,-0.0032123340821996076,0.000493022198647448,0.0032123340821996076,0.000493022198647448,1367.277433580717,73.27932351865273,2.0,24.356500000000004,39,0.14278411684162634,0.7105025852676834,0.7247076843074765,fast_charge,216
4.8,61.0,4.85,7.625000000000001,2.350515463917526,9.975515463917526,5.2744845360824755,0.3125851111428187,5,True,True,True,True,10.180364809765331,0.4415764361938261,0.9956218646100824,0.0008325858515835498,-0.0026160740972823314,0.00042520147293081733,0.0026160740972823314,0.00042520147293081733,1498.6094517852607,85.0574236168848,2.0,23.154593749999997,168,0.4073386361889712,0.4022656440330403,0.57248791507036,knee,216
4.75,60.0,4.8,7.578947368421052,2.5,10.078947368421051,5.078947368421052,0.32892325121282556,5,True,True,True,True,10.283796714268856,0.4415764361938261,0.9959474693395619,0.0012020645829281043,-0.0024131179430397997,0.0006117654156414524,0.0024131179430397997,0.0006117654156414524,1553.6551241186717,137.54348735000323,2.0,22.681874999999998,237,0.5175999103189269,0.2973473436759509,0.5969297361945586,longevity,216
5.0,28.0,4.9,3.3600000000000003,6.36734693877551,9.727346938775511,-3.00734693877551,0.3826513837107855,2,True,True,True,True,9.976042740671549,0.4205614966957187,0.9927953437287144,0.000550425765130921,-0.004330953644013785,0.00032942745708814254,0.004330953644013785,0.00032942745708814254,1341.1480200618391,31.28483492229133,2.0,24.356500000000004,39,0.14278411684162634,0.5184006300247028,0.537704860711015,fast_charge,217
4.85,58.0,4.9,7.175257731958763,2.6938775510204076,9.86913528297917,4.4813801809383556,0.36542463657722224,5,True,True,True,True,10.117831084875208,0.4205614966957187,0.9955045044734715,0.0004226705008978364,-0.0027840078437746706,0.00026060670952350254,0.0027840078437746706,0.00026060670952350254,1460.450111346735,41.92593539391347,2.0,23.6565625,108,0.2939344177445688,0.306298201630124,0.4245185864678799,knee,217
4.75,60.0,4.8,7.578947368421052,2.5,10.078947368421051,5.078947368421052,0.32892325121282556,5,True,True,True,True,10.327643170317089,0.4205614966957187,0.9976690299995492,0.0002968341631777916,-0.0015046128391708222,0.0001907623799247692,0.0015046128391708222,0.0001907623799247692,1644.4643649857185,63.94010304583006,2.0,22.681874999999998,237,0.5175999103189269,0.13087978211573345,0.5338906110139258,longevity,217
5.0,28.0,4.9,3.3600000000000003,6.36734693877551,9.727346938775511,-3.00734693877551,0.3826513837107855,2,True,True,True,True,9.954177716033172,0.43098947528399356,0.9915647708231171,0.0008268214625620587,-0.004898146161939872,0.00039513167086166544,0.004898146161939872,0.00039513167086166544,1308.5931782807074,49.45086443551917,2.0,24.356500000000004,39,0.14278411684162634,0.5434586622084164,0.5619026797868159,fast_charge,218
4.85,55.0,4.85,6.804123711340207,3.0927835051546393,9.896907216494846,3.7113402061855676,0.41152234714075303,5,True,True,True,True,10.123737993752506,0.43098947528399356,0.9948660496732015,0.0005519852116427148,-0.003044488215531381,0.00026939238985288747,0.003044488215531381,0.00026939238985288747,1430.5522463470004,59.297158774990685,2.0,23.522499999999994,120,0.3235400678502031,0.30003369792615175,0.44124641119872615,knee,218
4.75,60.0,4.8,7.578947368421052,2.5,10.078947368421051,5.078947368421052,0.32892325121282556,5,True,True,True,True,10.305778145678712,0.43098947528399356,0.9968876141716453,0.00047067490364596776,-0.0018851953201193604,0.00023462766126231793,0.0018851953201193604,0.00023462766126231793,1564.9850998461227,91.24145473192841,2.0,22.681874999999998,237,0.5175999103189269,0.147793727113238,0.5382867757396456,longevity,218
5.0,28.0,4.9,3.3600000000000003,6.36734693877551,9.727346938775511,-3.00734693877551,0.3826513837107855,2,True,True,True,True,10.432703288769911,0.5584579762689548,0.9944608659178056,0.00023712257779166985,-0.0033873209206997934,0.00015441469195549064,0.0033873209206997934,0.00015441469195549064,1430.4367076289043,18.32634303296579,2.0,24.356500000000004,39,0.14278411684162634,0.6140917846474937,0.6304728574600076,fast_charge,219
4.85,60.0,4.8,7.422680412371134,2.5,9.922680412371134,4.922680412371134,0.32892325121282556,5,True,True,True,True,10.628036762365534,0.5584579762689548,0.9962755068577114,8.262202349137413e-05,-0.002307939267591968,5.4519801981524095e-05,0.002307939267591968,5.4519801981524095e-05,1585.2362611033825,10.524434787320567,2.0,23.401874999999997,136,0.35101500828914334,0.34646293328454447,0.4932018858280634,knee,219
4.75,60.0,4.8,7.578947368421052,2.5,10.078947368421051,5.078947368421052,0.32892325121282556,5,True,True,True,True,10.784303718415451,0.5584579762689548,0.9972390519178098,0.00010261555922591245,-0.0017280119299534129,6.839163054098282e-05,0.0017280119299534129,6.839163054098282e-05,1712.9767103072181,19.053842452200644,2.0,22.681874999999998,237,0.5175999103189269,0.2026720074342647,0.5558647405256029,longevity,219
5.0,28.0,4.9,3.3600000000000003,6.36734693877551,9.727346938775511,-3.00734693877551,0.3826513837107855,2,True,True,True,True,9.93145778409633,0.44194149129597093,0.9945834502167744,0.0006719052555723026,-0.003292620414673177,0.00035662117317712406,0.003292620414673177,0.00035662117317712406,1402.7240299750256,54.78534925500461,2.0,24.356500000000004,39,0.14278411684162634,0.6691679956723886,0.6842317666218407,fast_charge,220
4.8,62.0,4.9,7.750000000000001,2.204081632653061,9.954081632653061,5.54591836734694,0.29973897056748366,5,True,True,True,True,10.158192477973879,0.44194149129597093,0.9959650736442439,0.0006100096351447951,-0.00244434912466063,0.0003226595152710534,0.00244434912466063,0.0003226595152710534,1525.3381798727803,72.60626925673925,2.0,23.258249999999997,154,0.3844895785790354,0.3759484750237289,0.5377448204386087,knee,220
4.75,60.0,4.8,7.578947368421052,2.5,10.078947368421051,5.078947368421052,0.32892325121282556,5,True,True,True,True,10.28305821374187,0.44194149129597093,0.9965428447075028,0.0008684735050043432,-0.00209056587525755,0.00045854472464473286,0.00209056587525755,0.00045854472464473286,1593.918479898614,126.06969151115942,2.0,22.681874999999998,237,0.5175999103189269,0.2536572268996034,0.5764127478817224,longevity,220
5.0,28.0,4.9,3.3600000000000003,6.36734693877551,9.727346938775511,-3.00734693877551,0.3826513837107855,2,True,True,True,True,9.778142369780612,0.0027157763656371274,0.9940788813568733,0.0009347322425963021,-0.003622008567419136,0.00035535994729300475,0.003622008567419136,0.00035535994729300475,1365.499188530472,65.41526772453176,2.0,24.356500000000004,39,0.14278411684162634,0.7383364537735541,0.7520159725651782,fast_charge,221
4.8,71.0,4.85,8.875,1.1134020618556701,9.98840206185567,7.76159793814433,0.14986948528374183,5,True,True,True,True,10.03919749286077,0.0027157763656371274,0.9946102681736082,0.0007613136104104217,-0.0031890145442673226,0.00027995516247081986,0.0031890145442673226,0.00027995516247081986,1365.499188530472,58.531829671174656,2.0,23.094281249999998,178,0.42107610640844034,0.4240595917096074,0.5976049068649044,knee,221
4.75,60.0,4.8,7.578947368421052,2.5,10.078947368421051,5.078947368421052,0.32892325121282556,5,True,True,True,True,10.129742799426152,0.0027157763656371274,0.9947733362260625,0.0011823195743054934,-0.0030590780674986866,0.0004300672977301348,0.0030590780674986866,0.0004300672977301348,1365.499188530472,93.73590557661493,2.0,22.681874999999998,237,0.5175999103189269,0.3297487559866528,0.6137132141618805,longevity,221
5.0,28.0,4.9,3.3600000000000003,6.36734693877551,9.727346938775511,-3.00734693877551,0.3826513837107855,2,True,True,True,True,9.769193544287013,0.010701872166947823,0.9944923347410223,0.0003002552142335087,-0.003359991151711287,0.00019720505512870493,0.003359991151711287,0.00019720505512870493,1438.7385810005264,27.57905575041233,2.0,24.356500000000004,39,0.14278411684162634,0.7094862053475972,0.7237112543002051,fast_charge,222
4.8,61.0,4.85,7.625000000000001,2.350515463917526,9.975515463917526,5.2744845360824755,0.3125851111428187,5,True,True,True,True,10.017362069429028,0.010701872166947823,0.9957581446661,0.0006469107171224095,-0.002728073905811531,0.00044792109193162816,0.002728073905811531,0.00044792109193162816,1438.7385810005264,77.15158714904801,2.0,23.154593749999997,168,0.4073386361889712,0.4009922446702352,0.5715938635237128,knee,222
4.75,60.0,4.8,7.578947368421052,2.5,10.078947368421051,5.078947368421052,0.32892325121282556,5,True,True,True,True,10.120793973932553,0.010701872166947823,0.9961721916417228,0.0008534133395931945,-0.00251344207510246,0.0006033023405625714,0.00251344207510246,0.0006033023405625714,1438.7385810005264,112.78870554249278,2.0,22.681874999999998,237,0.5175999103189269,0.29621171530108115,0.5963648610068923,longevity,222
5.0,28.0,4.9,3.3600000000000003,6.36734693877551,9.727346938775511,-3.00734693877551,0.3826513837107855,2,True,True,True,True,10.271507595397592,0.5856006007484941,0.9924674668390645,0.0015978175624745473,-0.004439263085397928,0.0007703212214510409,0.004439263085397928,0.0007703212214510409,1334.0298377963659,113.94272296004019,2.0,24.356500000000004,39,0.14278411684162634,0.5533512448207094,0.5714760748857924,fast_charge,223
4.85,55.0,4.85,6.804123711340207,3.0927835051546393,9.896907216494846,3.7113402061855676,0.41152234714075303,5,True,True,True,True,10.441067873116927,0.5856006007484941,0.9953372753391847,0.00044250414774328167,-0.002814723287336974,0.00021851845543872258,0.002814723287336974,0.00021851845543872258,1489.0527502212667,56.901350039658794,2.0,23.522499999999994,120,0.3235400678502031,0.3100542740575318,0.4481203279989171,knee,223
4.75,60.0,4.8,7.578947368421052,2.5,10.078947368421051,5.078947368421052,0.32892325121282556,5,True,True,True,True,10.623108025043132,0.5856006007484941,0.997124695675475,0.0005150237186364353,-0.0017782330542299473,0.00026055951200060223,0.0017782330542299473,0.00026055951200060223,1663.5424530279759,119.98092709877217,2.0,22.681874999999998,237,0.5175999103189269,0.15482573841835892,0.5402598230841816,longevity,223
5.0,28.0,4.9,3.3600000000000003,6.36734693877551,9.727346938775511,-3.00734693877551,0.3826513837107855,2,True,True,True,True,10.118166593789828,0.5433011884790658,0.9925979924505233,0.0006676881273557853,-0.004400224108879754,0.00032938932441901533,0.004400224108879754,0.00032938932441901533,1377.3298912998678,44.55706456793896,2.0,24.356500000000004,39,0.14278411684162634,0.5312698162917504,0.5501226424397685,fast_charge,224
4.85,55.0,4.85,6.804123711340207,3.0927835051546393,9.896907216494846,3.7113402061855676,0.41152234714075303,5,True,True,True,True,10.287726871509163,0.5433011884790658,0.9956313939922197,0.00043517656938453026,-0.002668288451927685,0.00022057993038819334,0.002668288451927685,0.00022057993038819334,1527.755296479832,54.57966834106184,2.0,23.522499999999994,120,0.3235400678502031,0.28789268601382295,0.43308241036177825,knee,224
4.75,60.0,4.8,7.578947368421052,2.5,10.078947368421051,5.078947368421052,0.32892325121282556,5,True,True,True,True,10.469767023435368,0.5433011884790658,0.9974324607809263,0.00035550619994611306,-0.0016116289628403675,0.0001851849760511788,0.0016116289628403675,0.0001851849760511788,1696.0053308341953,84.21932857010898,2.0,22.681874999999998,237,0.5175999103189269,0.13940751966094303,0.5360448896316217,longevity,224
5.0,28.0,4.9,3.3600000000000003,6.36734693877551,9.727346938775511,-3.00734693877551,0.3826513837107855,2,True,True,True,True,9.950646031121847,0.4331059646423154,0.9923802189051675,0.0009233460144093337,-0.004477230623230649,0.0004690396216015625,0.004477230623230649,0.0004690396216015625,1336.015034681283,47.61510580131157,2.0,24.356500000000004,39,0.14278411684162634,0.5381622666258663,0.5567817608741626,fast_charge,225
4.85,55.0,4.85,6.804123711340207,3.0927835051546393,9.896907216494846,3.7113402061855676,0.41152234714075303,5,True,True,True,True,10.120206308841182,0.4331059646423154,0.9954214902798022,0.0006412518319231452,-0.00275323288896178,0.0003333692271998134,0.00275323288896178,0.0003333692271998134,1467.1966573703098,60.4371854851177,2.0,23.522499999999994,120,0.3235400678502031,0.29473024095133193,0.4376575035752777,knee,225
4.75,60.0,4.8,7.578947368421052,2.5,10.078947368421051,5.078947368421052,0.32892325121282556,5,True,True,True,True,10.302246460767387,0.4331059646423154,0.9972600129759915,0.0005469702575452869,-0.0016865491426901837,0.000291066542296142,0.0016865491426901837,0.000291066542296142,1612.458091213365,94.67058601382828,2.0,22.681874999999998,237,0.5175999103189269,0.14411230222235957,0.5372876536958484,longevity,225
5.2,58.0,4.55,6.692307692307692,2.901098901098901,9.593406593406593,3.7912087912087906,0.301438246295025,1,True,True,True,True,9.63205155991678,0.010929254733727259,0.9947182467662804,0.0015688434532798794,-0.0031993468372449774,0.0008714329386963785,0.0031993468372449774,0.0008714329386963785,1425.7212709877986,120.86329568653949,2.0,25.297187500000003,1,0.0,0.0,0.0,fast_charge,226
5.2,58.0,4.55,6.692307692307692,2.901098901098901,9.593406593406593,3.7912087912087906,0.301438246295025,1,True,True,True,True,9.63205155991678,0.010929254733727259,0.9947182467662804,0.0015688434532798794,-0.0031993468372449774,0.0008714329386963785,0.0031993468372449774,0.0008714329386963785,1425.7212709877986,120.86329568653949,2.0,25.297187500000003,1,0.0,0.0,0.0,knee,226
5.2,58.0,4.55,6.692307692307692,2.901098901098901,9.593406593406593,3.7912087912087906,0.301438246295025,1,True,True,True,True,9.63205155991678,0.010929254733727259,0.9947182467662804,0.0015688434532798794,-0.0031993468372449774,0.0008714329386963785,0.0031993468372449774,0.0008714329386963785,1425.7212709877986,120.86329568653949,2.0,25.297187500000003,1,0.0,0.0,0.0,longevity,226
5.0,28.0,4.9,3.3600000000000003,6.36734693877551,9.727346938775511,-3.00734693877551,0.3826513837107855,2,True,True,True,True,9.936544878768595,0.43930010354184873,0.9945452755941279,0.0009402482688480042,-0.003304225405228441,0.0005174382039888134,0.003304225405228441,0.0005174382039888134,1347.042517497421,85.81106904041552,2.0,24.356500000000004,39,0.14278411684162634,0.6939280898142746,0.7084655939814799,fast_charge,227
4.8,54.0,4.85,6.750000000000002,3.2164948453608253,9.966494845360828,3.5335051546391765,0.42704111562382635,5,True,True,True,True,10.175692785353911,0.43930010354184873,0.9958290684224315,0.0005585804404668481,-0.0025855397993492417,0.00031457411353751454,0.0025855397993492417,0.00031457411353751454,1477.695242131759,73.13576576854919,2.0,23.196812499999997,161,0.3977224070353445,0.3914942879157208,0.558077853465469,knee,227
4.75,60.0,4.8,7.578947368421052,2.5,10.078947368421051,5.078947368421052,0.32892325121282556,5,True,True,True,True,10.288145308414135,0.43930010354184873,0.9962975792211681,0.0008579417888936831,-0.0023187488462615507,0.00048814051365881,0.0023187488462615507,0.00048814051365881,1539.7014447292322,131.85628761208596,2.0,22.681874999999998,237,0.5175999103189269,0.27922460894289414,0.5881122761866762,longevity,227
5.2,58.0,4.55,6.692307692307692,2.901098901098901,9.593406593406593,3.7912087912087906,0.301438246295025,1,True,True,True,True,9.637138654589046,0.012191042019340778,0.99486845665612,0.0012858618260163995,-0.003144603444940501,0.0006435395586954905,0.003144603444940501,0.0006435395586954905,1396.5140086070076,107.41113467712586,2.0,25.297187500000003,1,0.0,0.0,0.0,fast_charge,228
5.2,58.0,4.55,6.692307692307692,2.901098901098901,9.593406593406593,3.7912087912087906,0.301438246295025,1,True,True,True,True,9.637138654589046,0.012191042019340778,0.99486845665612,0.0012858618260163995,-0.003144603444940501,0.0006435395586954905,0.003144603444940501,0.0006435395586954905,1396.5140086070076,107.41113467712586,2.0,25.297187500000003,1,0.0,0.0,0.0,knee,228
5.2,58.0,4.55,6.692307692307692,2.901098901098901,9.593406593406593,3.7912087912087906,0.301438246295025,1,True,True,True,True,9.637138654589046,0.012191042019340778,0.99486845665612,0.0012858618260163995,-0.003144603444940501,0.0006435395586954905,0.003144603444940501,0.0006435395586954905,1396.5140086070076,107.41113467712586,2.0,25.297187500000003,1,0.0,0.0,0.0,longevity,228
5.0,28.0,4.9,3.3600000000000003,6.36734693877551,9.727346938775511,-3.00734693877551,0.3826513837107855,2,True,True,True,True,9.794511845129746,0.048012401063729525,0.9932363353881832,0.000858590275463158,-0.004015742416367492,0.0004475643154609292,0.004015742416367492,0.0004475643154609292,1352.7639704241512,42.14801859514613,2.0,24.356500000000004,39,0.14278411684162634,0.5094579025017043,0.5290885166431788,fast_charge,229
4.85,58.0,4.9,7.175257731958763,2.6938775510204076,9.86913528297917,4.4813801809383556,0.36542463657722224,5,True,True,True,True,9.936300189333405,0.048012401063729525,0.9958207614619212,0.0006892840677540134,-0.002541711659674055,0.00036805529083259336,0.002541711659674055,0.00036805529083259336,1470.4893736775393,59.52702865015855,2.0,23.6565625,108,0.2939344177445688,0.29740149019210443,0.41814481738187675,knee,229
4.75,60.0,4.8,7.578947368421052,2.5,10.078947368421051,5.078947368421052,0.32892325121282556,5,True,True,True,True,10.146112274775286,0.048012401063729525,0.9978623376754523,0.000510412447763052,-0.001344354244451031,0.0002818263400358907,0.001344354244451031,0.0002818263400358907,1651.6847899958852,96.79670141104855,2.0,22.681874999999998,237,0.5175999103189269,0.12514774543710472,0.5325144367527997,longevity,229
5.0,28.0,4.9,3.3600000000000003,6.36734693877551,9.727346938775511,-3.00734693877551,0.3826513837107855,2,True,True,True,True,10.118905094316816,0.5426486634308739,0.9919568434265401,0.0007672567413882696,-0.0047135532066316845,0.0003695034120266978,0.0047135532066316845,0.0003695034120266978,1337.0778800038404,50.15990068724195,2.0,24.356500000000004,39,0.14278411684162634,0.5344595895258902,0.5532037209368953,fast_charge,230
4.85,55.0,4.85,6.804123711340207,3.0927835051546393,9.896907216494846,3.7113402061855676,0.41152234714075303,5,True,True,True,True,10.28846537203615,0.5426486634308739,0.995214483098767,0.0004760675940077324,-0.002876880380115115,0.00023518922411869513,0.002876880380115115,0.00023518922411869513,1477.4361198773645,57.800853563244274,2.0,23.522499999999994,120,0.3235400678502031,0.2910480497545355,0.4351863310932831,knee,230
4.75,60.0,4.8,7.578947368421052,2.5,10.078947368421051,5.078947368421052,0.32892325121282556,5,True,True,True,True,10.470505523962355,0.5426486634308739,0.9971644330076149,0.0003859473859866617,-0.0017490082828832548,0.0001956302036817208,0.0017490082828832548,0.0001956302036817208,1633.8233309396792,87.45387530351731,2.0,22.681874999999998,237,0.5175999103189269,0.1415728248321738,0.5366120869800852,longevity,230
5.0,28.0,4.9,3.3600000000000003,6.36734693877551,9.727346938775511,-3.00734693877551,0.3826513837107855,2,True,True,True,True,9.954256124740139,0.4309531743261494,0.9927716244082635,0.0004641853619368856,-0.0043849443459223715,0.0002732324100806822,0.0043849443459223715,0.0002732324100806822,1353.7280200042155,48.00005713473034,2.0,24.356500000000004,39,0.14278411684162634,0.5311060253119874,0.5499644662566306,fast_charge,231
4.85,55.0,4.85,6.804123711340207,3.0927835051546393,9.896907216494846,3.7113402061855676,0.41152234714075303,5,True,True,True,True,10.123816402459473,0.4309531743261494,0.9957719079620743,0.00031401912135214525,-0.002658136753681068,0.0001915606839823232,0.002658136753681068,0.0001915606839823232,1487.6286137751672,61.00505046213231,2.0,23.522499999999994,120,0.3235400678502031,0.28773108052384727,0.4329749995137534,knee,231
4.75,60.0,4.8,7.578947368421052,2.5,10.078947368421051,5.078947368421052,0.32892325121282556,5,True,True,True,True,10.305856554385679,0.4309531743261494,0.9975373759925402,0.0002600148943869435,-0.0016049581478519738,0.0001644300641837949,0.0016049581478519738,0.0001644300641837949,1635.9989649112554,95.37680012734403,2.0,22.681874999999998,237,0.5175999103189269,0.13929689121557579,0.5360161294816465,longevity,231
5.0,28.0,4.9,3.3600000000000003,6.36734693877551,9.727346938775511,-3.00734693877551,0.3826513837107855,2,True,True,True,True,9.962032407797729,0.42794452698849944,0.9934776605735729,0.0004434253340230532,-0.003934417514647076,0.0002448284123487612,0.003934417514647076,0.0002448284123487612,1412.0085938365778,17.936995662053633,2.0,24.356500000000004,39,0.14278411684162634,0.5057173692602251,0.5254877368633126,fast_charge,232
4.85,58.0,4.9,7.175257731958763,2.6938775510204076,9.86913528297917,4.4813801809383556,0.36542463657722224,5,True,True,True,True,10.103820752001388,0.42794452698849944,0.996017473010434,0.00033995732637060556,-0.002474065081217368,0.00019330409876590045,0.002474065081217368,0.00019330409876590045,1558.1966353791481,24.85325048417614,2.0,23.6565625,108,0.2939344177445688,0.29371176614945016,0.41552863139556095,knee,232
4.75,60.0,4.8,7.578947368421052,2.5,10.078947368421051,5.078947368421052,0.32892325121282556,5,True,True,True,True,10.313632837443269,0.42794452698849944,0.9979963792611842,0.00024328326117509886,-0.0012967552758835856,0.00014411825662163162,0.0012967552758835856,0.00014411825662163162,1787.3177403146385,40.55026847344227,2.0,22.681874999999998,237,0.5175999103189269,0.12279667085164668,0.5319668124370249,longevity,232
5.0,28.0,4.9,3.3600000000000003,6.36734693877551,9.727346938775511,-3.00734693877551,0.3826513837107855,2,True,True,True,True,9.939338063152933,0.4377602106909939,0.9940480943177347,0.0009059448679208622,-0.003627130598526981,0.0004974521260548128,0.003627130598526981,0.0004974521260548128,1382.7550784286134,88.92105758182399,2.0,24.356500000000004,39,0.14278411684162634,0.655089984593294,0.67047012754983,fast_charge,233
4.85,54.0,4.8,6.680412371134023,3.2500000000000004,9.930412371134024,3.430412371134022,0.42704111562382635,5,True,True,True,True,10.142403495511445,0.4377602106909939,0.9956584316883347,0.00044462184750607473,-0.0026815334252445187,0.0002474399074891062,0.0026815334252445187,0.0002474399074891062,1454.6947347242276,62.940422755405585,2.0,23.365687499999996,142,0.3592574904208282,0.3843498132397795,0.5261090413221625,knee,233
4.75,60.0,4.8,7.578947368421052,2.5,10.078947368421051,5.078947368421052,0.32892325121282556,5,True,True,True,True,10.290938492798473,0.4377602106909939,0.99650788006989,0.0007371110144937556,-0.0021769523447856785,0.00041403308087589426,0.0021769523447856785,0.00041403308087589426,1506.5154866468615,134.34793007132083,2.0,22.681874999999998,237,0.5175999103189269,0.23987987186828547,0.5704840226419197,longevity,233
5.0,28.0,4.9,3.3600000000000003,6.36734693877551,9.727346938775511,-3.00734693877551,0.3826513837107855,2,True,True,True,True,9.937044152865004,0.4389405997802244,0.9940899223630264,0.0006279519422681866,-0.0036093138906428362,0.0003295325215453261,0.0036093138906428362,0.0003295325215453261,1435.6279709349624,55.04041881722075,2.0,24.356500000000004,39,0.14278411684162634,0.6368094668983522,0.6526205644580981,fast_charge,234
4.85,54.0,4.8,6.680412371134023,3.2500000000000004,9.930412371134024,3.430412371134022,0.42704111562382635,5,True,True,True,True,10.140109585223517,0.4389405997802244,0.9957815020886811,0.0005270720250936182,-0.0025561252472609385,0.00027443194539503364,0.0025561252472609385,0.00027443194539503364,1515.1223647591657,68.30719209969034,2.0,23.365687499999996,142,0.3592574904208282,0.36338309847217215,0.5109923880829418,knee,234
4.75,60.0,4.8,7.578947368421052,2.5,10.078947368421051,5.078947368421052,0.32892325121282556,5,True,True,True,True,10.288644582510544,0.4389405997802244,0.9966573184635973,0.0007554940652807472,-0.002014502546648934,0.00039124092938543824,0.002014502546648934,0.00039124092938543824,1572.5385361249757,128.2460353635589,2.0,22.681874999999998,237,0.5175999103189269,0.22276828172863453,0.5635027724035522,longevity,234
5.0,28.0,4.9,3.3600000000000003,6.36734693877551,9.727346938775511,-3.00734693877551,0.3826513837107855,2,True,True,True,True,9.935397923624631,0.43988052522914517,0.9943964675206002,0.0007719967390356324,-0.0034084426868967502,0.00042145988737332473,0.0034084426868967502,0.00042145988737332473,1396.1827873848513,71.60630171746543,2.0,24.356500000000004,39,0.14278411684162634,0.6711035397636218,0.6861248174388581,fast_charge,235
4.8,54.0,4.85,6.750000000000002,3.2164948453608253,9.966494845360828,3.5335051546391765,0.42704111562382635,5,True,True,True,True,10.174545830209947,0.43988052522914517,0.9959240576498153,0.0005828889351736328,-0.0025019332820221014,0.0003211294841476516,0.0025019332820221014,0.0003211294841476516,1491.5809186692215,79.40721960110244,2.0,23.196812499999997,161,0.3977224070353445,0.3642405991075689,0.5393091201678578,knee,235
4.75,60.0,4.8,7.578947368421052,2.5,10.078947368421051,5.078947368421052,0.32892325121282556,5,True,True,True,True,10.286998353270171,0.43988052522914517,0.996461266335544,0.0008141708100610215,-0.002180977004270439,0.00045036581242621754,0.002180977004270439,0.00045036581242621754,1536.0046542845862,131.55748855153826,2.0,22.681874999999998,237,0.5175999103189269,0.25559353302829857,0.5772674607909657,longevity,235
5.0,28.0,4.9,3.3600000000000003,6.36734693877551,9.727346938775511,-3.00734693877551,0.3826513837107855,2,True,True,True,True,9.777733915163635,0.0024145663124295474,0.9941149356107861,0.0007706866715324429,-0.003594001103175285,0.0002924091730564804,0.003594001103175285,0.0002924091730564804,1360.5698838789701,67.3935515976173,2.0,24.356500000000004,39,0.14278411684162634,0.7584404056842905,0.7717636639521158,fast_charge,236
4.8,78.0,4.75,9.750000000000002,0.25263157894736843,10.002631578947371,9.497368421052633,0.04204165338983692,5,True,True,True,True,10.053018555335495,0.0024145663124295474,0.9941149356107861,0.0007691232278386129,-0.0033692788348089996,0.0002735695899717661,0.0033692788348089996,0.0002735695899717661,1360.5698838789701,67.25683452810354,2.0,23.0280625,184,0.4362451656297321,0.4355844493372154,0.6164768098150307,knee,236
4.75,60.0,4.8,7.578947368421052,2.5,10.078947368421051,5.078947368421052,0.32892325121282556,5,True,True,True,True,10.129334344809175,0.0024145663124295474,0.9941149356107861,0.0011239692337827794,-0.00331306131446392,0.0003931142937567525,0.00331306131446392,0.0003931142937567525,1360.5698838789701,98.28673746292013,2.0,22.681874999999998,237,0.5175999103189269,0.3548173699266073,0.6275388698429732,longevity,236
5.0,28.0,4.9,3.3600000000000003,6.36734693877551,9.727346938775511,-3.00734693877551,0.3826513837107855,2,True,True,True,True,9.939338063152933,0.4377602106909939,0.9940480943177347,0.0009059448679208622,-0.0036271305985269876,0.0004974521260548136,0.0036271305985269876,0.0004974521260548136,1382.755078428617,88.92105758183854,2.0,24.356500000000004,39,0.14278411684162634,0.655089984593293,0.670470127549829,fast_charge,237
4.85,54.0,4.8,6.680412371134023,3.2500000000000004,9.930412371134024,3.430412371134022,0.42704111562382635,5,True,True,True,True,10.142403495511445,0.4377602106909939,0.9956584316883347,0.0004446218475059987,-0.0026815334252445165,0.00024743990748915756,0.0026815334252445165,0.00024743990748915756,1454.6947347242315,62.94042275541322,2.0,23.365687499999996,142,0.3592574904208282,0.38434981323977796,0.5261090413221614,knee,237
4.75,60.0,4.8,7.578947368421052,2.5,10.078947368421051,5.078947368421052,0.32892325121282556,5,True,True,True,True,10.290938492798473,0.4377602106909939,0.99650788006989,0.0007371110144938412,-0.0021769523447856725,0.0004140330808759541,0.0021769523447856725,0.0004140330808759541,1506.515486646867,134.34793007135133,2.0,22.681874999999998,237,0.5175999103189269,0.2398798718682838,0.5704840226419189,longevity,237
5.0,28.0,4.9,3.3600000000000003,6.36734693877551,9.727346938775511,-3.00734693877551,0.3826513837107855,2,True,True,True,True,9.967119502469995,0.42470379867318886,0.9924608363491954,0.000387328433746098,-0.004559336069809721,0.0002309234009625584,0.004559336069809721,0.0002309234009625584,1331.0041377292025,41.62318105625134,2.0,24.356500000000004,39,0.14278411684162634,0.5276835001676262,0.5466600226570445,fast_charge,238
4.85,55.0,4.85,6.804123711340207,3.0927835051546393,9.896907216494846,3.7113402061855676,0.41152234714075303,5,True,True,True,True,10.13667978018933,0.42470379867318886,0.9956254179292676,0.0002752597108802013,-0.0027446451285568366,0.0001702559942446954,0.0027446451285568366,0.0001702559942446954,1465.811813528062,56.14149219718053,2.0,23.522499999999994,120,0.3235400678502031,0.28436357368422127,0.4307444921795003,knee,238
4.75,60.0,4.8,7.578947368421052,2.5,10.078947368421051,5.078947368421052,0.32892325121282556,5,True,True,True,True,10.318719932115535,0.42470379867318886,0.9974726103915907,0.00021078384986226824,-0.001645583381088131,0.00013529917865150341,0.001645583381088131,0.00013529917865150341,1615.5107740844894,82.01147994701445,2.0,22.681874999999998,237,0.5175999103189269,0.13699764072255924,0.5354232164612482,longevity,238
5.0,28.0,4.9,3.3600000000000003,6.36734693877551,9.727346938775511,-3.00734693877551,0.3826513837107855,2,True,True,True,True,9.769932044814,0.011292810771461104,0.994704921428575,0.0004574203423531651,-0.003231275391224917,0.00024327733421408097,0.003231275391224917,0.00024327733421408097,1414.9083083085593,39.89278826032509,2.0,24.356500000000004,39,0.14278411684162634,0.7755645183498094,0.7885985202531229,fast_charge,239
4.8,68.0,4.75,8.500000000000002,1.5157894736842104,10.015789473684212,6.984210526315792,0.19847366365396812,5,True,True,True,True,10.0583745797227,0.011292810771461104,0.994704921428575,0.0010381179753520705,-0.00321962716559908,0.0005501289434174666,0.00321962716559908,0.0005501289434174666,1414.9083083085593,90.5369017191125,2.0,22.968375,194,0.450271845748558,0.4453780822836625,0.6333295913286273,knee,239
4.75,60.0,4.8,7.578947368421052,2.5,10.078947368421051,5.078947368421052,0.32892325121282556,5,True,True,True,True,10.12153247445954,0.011292810771461104,0.994704921428575,0.0013040531568596061,-0.0032172282799243224,0.0006905408466212836,0.0032172282799243224,0.0006905408466212836,1414.9083083085593,113.72978341797,2.0,22.681874999999998,237,0.5175999103189269,0.37737806778175625,0.6405652763027769,longevity,239
5.0,28.0,4.9,3.3600000000000003,6.36734693877551,9.727346938775511,-3.00734693877551,0.3826513837107855,2,True,True,True,True,9.783533923070843,0.037469480721233954,0.992429277000051,0.0010052085044247965,-0.004462572789124244,0.0005309829750134959,0.004462572789124244,0.0005309829750134959,1298.0810226374012,35.08483899426755,2.0,24.356500000000004,39,0.14278411684162634,0.5424711132735573,0.5609476025071289,fast_charge,240
4.85,55.0,4.85,6.804123711340207,3.0927835051546393,9.896907216494846,3.7113402061855676,0.41152234714075303,5,True,True,True,True,9.953094200790177,0.037469480721233954,0.9954201555115142,0.0007380667603455529,-0.0027682304780236523,0.0003997823779103352,0.0027682304780236523,0.0003997823779103352,1404.5776056622285,46.077567541409714,2.0,23.522499999999994,120,0.3235400678502031,0.2990415839981026,0.440572405473389,knee,240
4.75,60.0,4.8,7.578947368421052,2.5,10.078947368421051,5.078947368421052,0.32892325121282556,5,True,True,True,True,10.135134352716383,0.037469480721233954,0.9972405017995941,0.0006492906282331006,-0.0017106919090478644,0.00036070927216569343,0.0017106919090478644,0.00036070927216569343,1520.763570486174,72.83994496838234,2.0,22.681874999999998,237,0.5175999103189269,0.1471029147281416,0.5380975141028586,longevity,240
5.0,28.0,4.9,3.3600000000000003,6.36734693877551,9.727346938775511,-3.00734693877551,0.3826513837107855,2,True,True,True,True,10.272324504631547,0.5846377133740724,0.9934774591722509,0.0005748722630478615,-0.004057932296315481,0.0004081666611113053,0.004057932296315481,0.0004081666611113053,1354.9926070274719,106.59602518197957,2.0,24.356500000000004,39,0.14278411684162634,0.5721702022412648,0.5897169188305972,fast_charge,241
4.85,74.0,4.8,9.154639175257733,0.75,9.904639175257733,8.404639175257733,0.101820132453138,5,True,True,True,True,10.449616741113768,0.5846377133740724,0.9958028843534462,0.0001606774648154573,-0.002623415760434117,0.0001146170803625358,0.002623415760434117,0.0001146170803625358,1505.2689399063988,51.436057331255036,2.0,23.486312499999997,122,0.3317825499818861,0.32112698684152,0.4617382398615005,knee,241
4.75,60.0,4.8,7.578947368421052,2.5,10.078947368421051,5.078947368421052,0.32892325121282556,5,True,True,True,True,10.623924934277087,0.5846377133740724,0.99720776526256,0.00020193187741095889,-0.0017528431776022949,0.00014466857485530299,0.0017528431776022949,0.00014466857485530299,1658.9755275715058,107.08841070811427,2.0,22.681874999999998,237,0.5175999103189269,0.16877507247429818,0.5444214289049116,longevity,241
5.0,28.0,4.9,3.3600000000000003,6.36734693877551,9.727346938775511,-3.00734693877551,0.3826513837107855,2,True,True,True,True,9.785180152311215,0.03574834161515855,0.9925910553752499,0.0009482760150123682,-0.004368194663831693,0.0004805358942686774,0.004368194663831693,0.0004805358942686774,1341.0526878175306,49.92465303534502,2.0,24.356500000000004,39,0.14278411684162634,0.5399204523329048,0.5584813326062131,fast_charge,242
4.85,55.0,4.85,6.804123711340207,3.0927835051546393,9.896907216494846,3.7113402061855676,0.41152234714075303,5,True,True,True,True,9.954740430030549,0.03574834161515855,0.9955182460069869,0.0007588765549092711,-0.0026957560178024983,0.00039232784910715377,0.0026957560178024983,0.00039232784910715377,1458.5075402028945,71.83276729397176,2.0,23.522499999999994,120,0.3235400678502031,0.2964860227387436,0.43884181339516043,knee,242
4.75,60.0,4.8,7.578947368421052,2.5,10.078947368421051,5.078947368421052,0.32892325121282556,5,True,True,True,True,10.136780581956755,0.03574834161515855,0.997299740420796,0.0006760559432313683,-0.001657272884662441,0.00035662893500732997,0.001657272884662441,0.00035662893500732997,1587.3078508462206,115.59234682982054,2.0,22.681874999999998,237,0.5175999103189269,0.14532798189860502,0.537615001171733,longevity,242
5.0,28.0,4.9,3.3600000000000003,6.36734693877551,9.727346938775511,-3.00734693877551,0.3826513837107855,2,True,True,True,True,9.978835925055886,0.41858390332674966,0.9925929473384164,0.0003905280920737797,-0.004465080946349267,0.00022537109102322456,0.004465080946349267,0.00022537109102322456,1354.379797944666,39.020980065015685,2.0,24.356500000000004,39,0.14278411684162634,0.5226100097392767,0.5417642718950099,fast_charge,243
4.85,55.0,4.85,6.804123711340207,3.0927835051546393,9.896907216494846,3.7113402061855676,0.41152234714075303,5,True,True,True,True,10.14839620277522,0.41858390332674966,0.9957434045864463,0.00028941441906456505,-0.0026601707319885435,0.0001731527231227772,0.0026601707319885435,0.0001731527231227772,1502.224399741475,55.814040355598515,2.0,23.522499999999994,120,0.3235400678502031,0.27940446795885265,0.4274868795879981,knee,243
4.75,60.0,4.8,7.578947368421052,2.5,10.078947368421051,5.078947368421052,0.32892325121282556,5,True,True,True,True,10.330436354701426,0.41858390332674966,0.9975646117480669,0.0002150212824789654,-0.0015783488640706837,0.00013340689199467002,0.0015783488640706837,0.00013340689199467002,1667.5796064437166,80.45456203300105,2.0,22.681874999999998,237,0.5175999103189269,0.13363263321411886,0.5345721165772682,longevity,243
5.0,28.0,4.9,3.3600000000000003,6.36734693877551,9.727346938775511,-3.00734693877551,0.3826513837107855,2,True,True,True,True,10.119313548933793,0.5422904470787325,0.9922375705755969,0.0006196884532012352,-0.004614945161164107,0.00031201609501978287,0.004614945161164107,0.00031201609501978287,1340.5435579013638,47.98890252786955,2.0,24.356500000000004,39,0.14278411684162634,0.5318326844400066,0.5506662403497302,fast_charge,244
4.85,55.0,4.85,6.804123711340207,3.0927835051546393,9.896907216494846,3.7113402061855676,0.41152234714075303,5,True,True,True,True,10.288873826653127,0.5422904470787325,0.9954244821849245,0.00037948416904106904,-0.002801701161776113,0.00019679313119838444,0.002801701161776113,0.00019679313119838444,1481.7404456131128,55.10737152446641,2.0,23.522499999999994,120,0.3235400678502031,0.2884483553837481,0.43345199183773864,knee,244
4.75,60.0,4.8,7.578947368421052,2.5,10.078947368421051,5.078947368421052,0.32892325121282556,5,True,True,True,True,10.470913978579333,0.5422904470787325,0.9973142887766736,0.00030420737411736943,-0.0016941635453568745,0.00016251762572085275,0.0016941635453568745,0.00016251762572085275,1639.1127173379887,83.25367089993814,2.0,22.681874999999998,237,0.5175999103189269,0.13978810901439837,0.5361439942627191,longevity,244
5.0,28.0,4.9,3.3600000000000003,6.36734693877551,9.727346938775511,-3.00734693877551,0.3826513837107855,2,True,True,True,True,9.785588606928192,0.03565071078095644,0.9928895770725614,0.0007879844139824652,-0.004263064896369566,0.000421287556775744,0.004263064896369566,0.000421287556775744,1345.024597303894,48.00733792941281,2.0,24.356500000000004,39,0.14278411684162634,0.5328088992344293,0.5516091253103482,fast_charge,245
4.85,55.0,4.85,6.804123711340207,3.0927835051546393,9.896907216494846,3.7113402061855676,0.41152234714075303,5,True,True,True,True,9.955148884647526,0.03565071078095644,0.9958052565734916,0.0006114874221878504,-0.00259321898039862,0.00033709771738029543,0.00259321898039862,0.00033709771738029543,1464.953691335954,68.77985031723054,2.0,23.522499999999994,120,0.3235400678502031,0.28941322988741697,0.434094682227715,knee,245
4.75,60.0,4.8,7.578947368421052,2.5,10.078947368421051,5.078947368421052,0.32892325121282556,5,True,True,True,True,10.137189036573732,0.03565071078095644,0.9975356932493765,0.0005303886965893663,-0.0015712364425827905,0.00030156124702796936,0.0015712364425827905,0.00030156124702796936,1596.6591904850836,110.6794321125958,2.0,22.681874999999998,237,0.5175999103189269,0.1404497108743429,0.5363168731700018,longevity,245
5.0,28.0,4.9,3.3600000000000003,6.36734693877551,9.727346938775511,-3.00734693877551,0.3826513837107855,2,True,True,True,True,9.940984292393306,0.4367949334409118,0.9937862461258982,0.0006526011730446497,-0.003803520970054006,0.00033724831322429183,0.003803520970054006,0.00033724831322429183,1435.2376304725442,71.04639196762176,2.0,24.356500000000004,39,0.14278411684162634,0.6309570176732318,0.6469111702338599,fast_charge,246
4.85,54.0,4.8,6.680412371134023,3.2500000000000004,9.930412371134024,3.430412371134022,0.42704111562382635,5,True,True,True,True,10.144049724751818,0.4367949334409118,0.9956664963008562,0.00043024726656424824,-0.0026569637690177753,0.00022270745168210827,0.0026569637690177753,0.00022270745168210827,1477.8451132192492,69.15638443460517,2.0,23.365687499999996,142,0.3592574904208282,0.356804002803362,0.5063349097583268,knee,246
4.75,60.0,4.8,7.578947368421052,2.5,10.078947368421051,5.078947368421052,0.32892325121282556,5,True,True,True,True,10.292584722038846,0.4367949334409118,0.9966207531584318,0.0006244173815951526,-0.002074242959607754,0.0003235823762386118,0.002074242959607754,0.0003235823762386118,1507.9862837712014,131.3339088806523,2.0,22.681874999999998,237,0.5175999103189269,0.21746977108532328,0.5614292194908136,longevity,246
5.0,28.0,4.9,3.3600000000000003,6.36734693877551,9.727346938775511,-3.00734693877551,0.3826513837107855,2,True,True,True,True,10.131029971519684,0.5328463391748867,0.9922420143698429,0.0006000633228509846,-0.0045786862776416425,0.00029242002012701507,0.0045786862776416425,0.00029242002012701507,1359.7514967545496,39.79843544651996,2.0,24.356500000000004,39,0.14278411684162634,0.5277767720551836,0.5467500572869036,fast_charge,247
4.85,55.0,4.85,6.804123711340207,3.0927835051546393,9.896907216494846,3.7113402061855676,0.41152234714075303,5,True,True,True,True,10.300590249239018,0.5328463391748867,0.9954589899407031,0.00041752126790674634,-0.0027568181817663653,0.0002092918739016258,0.0027568181817663653,0.0002092918739016258,1510.8413417585002,52.56580758521747,2.0,23.522499999999994,120,0.3235400678502031,0.28445510966031307,0.4308049267549929,knee,247
4.75,60.0,4.8,7.578947368421052,2.5,10.078947368421051,5.078947368421052,0.32892325121282556,5,True,True,True,True,10.482630401165224,0.5328463391748867,0.9973532782092999,0.000318273010360359,-0.0016531989314759227,0.00016414767592918246,0.0016531989314759227,0.00016414767592918246,1680.1252951686167,76.45247184441683,2.0,22.681874999999998,237,0.5175999103189269,0.13705998745601342,0.5354391723843184,longevity,247
5.0,28.0,4.9,3.3600000000000003,6.36734693877551,9.727346938775511,-3.00734693877551,0.3826513837107855,2,True,True,True,True,10.26518272610193,0.5931405617627377,0.9944293194056479,0.000972679091840751,-0.0033365873907409984,0.0004979304751238895,0.0033365873907409984,0.0004979304751238895,1349.277064835726,70.31474050604169,2.0,24.356500000000004,39,0.14278411684162634,0.638291828359612,0.654067093020968,fast_charge,248
4.85,54.0,4.8,6.680412371134023,3.2500000000000004,9.930412371134024,3.430412371134022,0.42704111562382635,5,True,True,True,True,10.468248158460442,0.5931405617627377,0.9961272809788405,0.00035611360196926406,-0.002371209872645003,0.00018635774587233309,0.002371209872645003,0.00018635774587233309,1545.4882839953577,42.415267294636216,2.0,23.365687499999996,142,0.3592574904208282,0.3650596979704057,0.5121860282218905,knee,248
4.75,60.0,4.8,7.578947368421052,2.5,10.078947368421051,5.078947368421052,0.32892325121282556,5,True,True,True,True,10.61678315574747,0.5931405617627377,0.9969866739890716,0.0005122992919197657,-0.0018732589917283163,0.00027219512439300006,0.0018732589917283163,0.00027219512439300006,1697.3066580434313,86.12353899626048,2.0,22.681874999999998,237,0.5175999103189269,0.2241239733738866,0.5640400895353626,longevity,248
5.0,28.0,4.9,3.3600000000000003,6.36734693877551,9.727346938775511,-3.00734693877551,0.3826513837107855,2,True,True,True,True,10.284779427744425,0.5705929096644882,0.9919055420197916,0.0004881014209374092,-0.004783392574951648,0.00023863478792726577,0.004783392574951648,0.00023863478792726577,1326.6245308516216,44.482981779157,2.0,24.356500000000004,39,0.14278411684162634,0.5260262085680038,0.5450604334591461,fast_charge,249
4.85,55.0,4.85,6.804123711340207,3.0927835051546393,9.896907216494846,3.7113402061855676,0.41152234714075303,5,True,True,True,True,10.45433970546376,0.5705929096644882,0.9952907875892028,0.00026779416997830765,-0.002869797169144369,0.00013501420755617836,0.002869797169144369,0.00013501420755617836,1476.1118117480744,46.6762182579564,2.0,23.522499999999994,120,0.3235400678502031,0.28273933585690436,0.429673954930151,knee,249
4.75,60.0,4.8,7.578947368421052,2.5,10.078947368421051,5.078947368421052,0.32892325121282556,5,True,True,True,True,10.636379857389965,0.5705929096644882,0.9972720266214901,0.00020178149191475144,-0.001714761824756213,0.00010493501721766852,0.001714761824756213,0.00010493501721766852,1643.8373496869424,67.61197359472284,2.0,22.681874999999998,237,0.5175999103189269,0.13589275796786723,0.5351415783045405,longevity,249
5.0,28.0,4.9,3.3600000000000003,6.36734693877551,9.727346938775511,-3.00734693877551,0.3826513837107855,2,True,True,True,True,9.810576861860916,0.04832751434884595,0.9933035836379736,0.0005688284551253683,-0.004076587920232463,0.00035009285513971374,0.004076587920232463,0.00035009285513971374,1347.6739139338595,41.97487163778124,2.0,24.356500000000004,39,0.14278411684162634,0.5075530297317824,0.5272545704042354,fast_charge,250
4.85,58.0,4.9,7.175257731958763,2.6938775510204076,9.86913528297917,4.4813801809383556,0.36542463657722224,5,True,True,True,True,9.952365206064576,0.04832751434884595,0.9959172923253398,0.0004491128560499028,-0.002571682957196042,0.000286004060135062,0.002571682957196042,0.000286004060135062,1465.8408831537524,59.123443730156545,2.0,23.6565625,108,0.2939344177445688,0.2955201637629612,0.4168088400278071,knee,250
4.75,60.0,4.8,7.578947368421052,2.5,10.078947368421051,5.078947368421052,0.32892325121282556,5,True,True,True,True,10.162177291506456,0.04832751434884595,0.9979502512479855,0.0003127102375015365,-0.0013539414022349834,0.00020882808563908956,0.0013539414022349834,0.00020882808563908956,1647.8480254491355,92.17737042978254,2.0,22.681874999999998,237,0.5175999103189269,0.12394704901506778,0.5322335372012035,longevity,250
5.0,28.0,4.9,3.3600000000000003,6.36734693877551,9.727346938775511,-3.00734693877551,0.3826513837107855,2,True,True,True,True,9.78599706154517,0.03554624159673097,0.9931725895287679,0.0005692230724610529,-0.004161688324248907,0.00034842150814216785,0.004161688324248907,0.00034842150814216785,1348.96787823307,45.87886143895883,2.0,24.356500000000004,39,0.14278411684162634,0.5260307055025534,0.5450647733561188,fast_charge,251
4.85,55.0,4.85,6.804123711340207,3.0927835051546393,9.896907216494846,3.7113402061855676,0.41152234714075303,5,True,True,True,True,9.955557339264505,0.03554624159673097,0.9960677983741482,0.0004288091634772749,-0.00249682853820708,0.000273417256727258,0.00249682853820708,0.000273417256727258,1471.2859030392383,65.45003677985352,2.0,23.522499999999994,120,0.3235400678502031,0.2827437374426977,0.4296768513285062,knee,251
4.75,60.0,4.8,7.578947368421052,2.5,10.078947368421051,5.078947368421052,0.32892325121282556,5,True,True,True,True,10.13759749119071,0.03554624159673097,0.9977451789276093,0.000362509041030014,-0.001491919342374742,0.00024085797183622383,0.001491919342374742,0.00024085797183622383,1605.8019418726897,105.31331375561962,2.0,22.681874999999998,237,0.5175999103189269,0.13589574851339162,0.5351423377253721,longevity,251
5.0,28.0,4.9,3.3600000000000003,6.36734693877551,9.727346938775511,-3.00734693877551,0.3826513837107855,2,True,True,True,True,9.950646031121847,0.4331059646423154,0.9923802189051676,0.0009233460144094422,-0.004477230623230609,0.0004690396216015774,0.004477230623230609,0.0004690396216015774,1336.0150346812877,47.61510580130965,2.0,24.356500000000004,39,0.14278411684162634,0.5381622666258645,0.556781760874161,fast_charge,252
4.85,55.0,4.85,6.804123711340207,3.0927835051546393,9.896907216494846,3.7113402061855676,0.41152234714075303,5,True,True,True,True,10.120206308841182,0.4331059646423154,0.9954214902798023,0.0006412518319231552,-0.0027532328889617558,0.00033336922719982056,0.0027532328889617558,0.00033336922719982056,1467.196657370315,60.43718548511595,2.0,23.522499999999994,120,0.3235400678502031,0.29473024095133127,0.4376575035752773,knee,252
4.75,60.0,4.8,7.578947368421052,2.5,10.078947368421051,5.078947368421052,0.32892325121282556,5,True,True,True,True,10.302246460767387,0.4331059646423154,0.9972600129759916,0.0005469702575452944,-0.0016865491426901627,0.0002910665422961341,0.0016865491426901627,0.0002910665422961341,1612.4580912133722,94.67058601382871,2.0,22.681874999999998,237,0.5175999103189269,0.14411230222235874,0.5372876536958482,longevity,252
5.0,28.0,4.9,3.3600000000000003,6.36734693877551,9.727346938775511,-3.00734693877551,0.3826513837107855,2,True,True,True,True,10.280839288216123,0.5755416466790018,0.9924863979562165,0.0007521503456192904,-0.004432606349992922,0.00039222437266025844,0.004432606349992922,0.00039222437266025844,1353.5688575409195,37.31683576024678,2.0,24.356500000000004,39,0.14278411684162634,0.5292877189268819,0.548208713383019,fast_charge,253
4.85,55.0,4.85,6.804123711340207,3.0927835051546393,9.896907216494846,3.7113402061855676,0.41152234714075303,5,True,True,True,True,10.450399565935458,0.5755416466790018,0.995591570479364,0.0004363292993384736,-0.0026770983822515314,0.00023421448404480283,0.0026770983822515314,0.00023421448404480283,1508.383297586873,41.11593554334237,2.0,23.522499999999994,120,0.3235400678502031,0.28593978201029413,0.4317866770068393,knee,253
4.75,60.0,4.8,7.578947368421052,2.5,10.078947368421051,5.078947368421052,0.32892325121282556,5,True,True,True,True,10.632439717861663,0.5755416466790018,0.9974243897168908,0.0003385055514590021,-0.0016103856121886676,0.00018708306193462005,0.0016103856121886676,0.00018708306193462005,1682.351254416302,60.893411888926536,2.0,22.681874999999998,237,0.5175999103189269,0.13807240877851615,0.5356992227249008,longevity,253
5.0,28.0,4.9,3.3600000000000003,6.36734693877551,9.727346938775511,-3.00734693877551,0.3826513837107855,2,True,True,True,True,9.95614158041109,0.42985780612011054,0.9917485541725463,0.0004264504961155026,-0.004929594221246806,0.00019676153798244196,0.004929594221246806,0.00019676153798244196,1280.532001473278,35.17223893630966,2.0,24.356500000000004,39,0.14278411684162634,0.5337920052218345,0.5525587831724242,fast_charge,254
4.85,55.0,4.85,6.804123711340207,3.0927835051546393,9.896907216494846,3.7113402061855676,0.41152234714075303,5,True,True,True,True,10.125701858130425,0.42985780612011054,0.9951360650747237,0.0002562755533684501,-0.003004663679698142,0.0001222660148043602,0.003004663679698142,0.0001222660148043602,1402.870945098432,39.28331704006804,2.0,23.522499999999994,120,0.3235400678502031,0.2903863836073901,0.4347440940243954,knee,254
4.75,60.0,4.8,7.578947368421052,2.5,10.078947368421051,5.078947368421052,0.32892325121282556,5,True,True,True,True,10.30774201005663,0.42985780612011054,0.9971448951852189,0.00020703073259450167,-0.0018242004453702298,0.00010215880059144263,0.0018242004453702298,0.00010215880059144263,1538.012234032743,59.271178139782734,2.0,22.681874999999998,237,0.5175999103189269,0.14111793929593144,0.5364922552593759,longevity,254
5.0,28.0,4.9,3.3600000000000003,6.36734693877551,9.727346938775511,-3.00734693877551,0.3826513837107855,2,True,True,True,True,9.800506668515398,0.04218782260601727,0.99326875739062,0.00044719972696728017,-0.004115894212422727,0.00026781594923902345,0.004115894212422727,0.00026781594923902345,1384.5427704254755,48.11629659426808,2.0,24.356500000000004,39,0.14278411684162634,0.5117041244673823,0.5312517435445963,fast_charge,255
4.85,58.0,4.9,7.175257731958763,2.6938775510204076,9.86913528297917,4.4813801809383556,0.36542463657722224,5,True,True,True,True,9.942295012719057,0.04218782260601727,0.9958710223920748,0.00035899827801615965,-0.0026152862405704495,0.000222707587733849,0.0026152862405704495,0.000222707587733849,1513.6563074047863,68.8425016778253,2.0,23.6565625,108,0.2939344177445688,0.29962615186152713,0.41972999989777426,knee,255
4.75,60.0,4.8,7.578947368421052,2.5,10.078947368421051,5.078947368421052,0.32892325121282556,5,True,True,True,True,10.152107098160938,0.04218782260601727,0.9979093892395979,0.00026339950352415406,-0.001390805657934585,0.0001716224773105236,0.001390805657934585,0.0001716224773105236,1713.7500617833343,112.94546173423363,2.0,22.681874999999998,237,0.5175999103189269,0.1265727199647823,0.5328511242377597,longevity,255
5.0,28.0,4.9,3.3600000000000003,6.36734693877551,9.727346938775511,-3.00734693877551,0.3826513837107855,2,True,True,True,True,9.934989469007654,0.4400831513301932,0.9942997858769375,0.0009525474082410173,-0.003448944873388965,0.0004958172285021467,0.003448944873388965,0.0004958172285021467,1392.3919590431376,75.53429347278689,2.0,24.356500000000004,39,0.14278411684162634,0.6815424221843146,0.6963385507489196,fast_charge,256
4.8,54.0,4.85,6.750000000000002,3.2164948453608253,9.966494845360828,3.5335051546391765,0.42704111562382635,5,True,True,True,True,10.17413737559297,0.4400831513301932,0.9956330422349675,0.0007702083141838991,-0.0026064489558687573,0.00039547439075614504,0.0026064489558687573,0.00039547439075614504,1486.0709147346633,85.08558317261112,2.0,23.196812499999997,161,0.3977224070353445,0.3765561068175503,0.5477021221791811,knee,256
4.75,60.0,4.8,7.578947368421052,2.5,10.078947368421051,5.078947368421052,0.32892325121282556,5,True,True,True,True,10.286589898653194,0.4400831513301932,0.9961202908633426,0.001100522499430831,-0.0023016462792240155,0.0005616661749905313,0.0023016462792240155,0.0005616661749905313,1529.6633541519361,140.85843392880128,2.0,22.681874999999998,237,0.5175999103189269,0.26621652732448126,0.5820488867637043,longevity,256
5.0,28.0,4.9,3.3600000000000003,6.36734693877551,9.727346938775511,-3.00734693877551,0.3826513837107855,2,True,True,True,True,9.935806378241608,0.4396772745190907,0.9945025282563764,0.0004657723274061325,-0.003364315670805949,0.00031641396081875305,0.003364315670805949,0.00031641396081875305,1400.1796485791444,67.17751842731212,2.0,24.356500000000004,39,0.14278411684162634,0.6617761195266151,0.6770043843269761,fast_charge,257
4.85,61.0,4.75,7.54639175257732,2.4,9.94639175257732,5.146391752577321,0.31369088683573765,5,True,True,True,True,10.154851192043417,0.4396772745190907,0.9960634912825076,0.0003060201878990409,-0.00247536590798877,0.00021361241364342134,0.00247536590798877,0.00021361241364342134,1488.4613955888512,65.52483776862918,2.0,23.2945,150,0.3762919534929683,0.375619652625111,0.5316820080666292,knee,257
4.75,60.0,4.8,7.578947368421052,2.5,10.078947368421051,5.078947368421052,0.32892325121282556,5,True,True,True,True,10.287406807887148,0.4396772745190907,0.9967533409249604,0.000452032987117789,-0.002073808356955513,0.00032051642067315903,0.002073808356955513,0.00032051642067315903,1541.897132391373,121.56774524149476,2.0,22.681874999999998,237,0.5175999103189269,0.24635667864428637,0.5732375426250494,longevity,257
5.0,28.0,4.9,3.3600000000000003,6.36734693877551,9.727346938775511,-3.00734693877551,0.3826513837107855,2,True,True,True,True,9.94990753059486,0.43352215600710714,0.9929870264104438,0.0007564489526471344,-0.004179789210855394,0.00039049342566762523,0.004179789210855394,0.00039049342566762523,1376.0484574501224,43.660075665433126,2.0,24.356500000000004,39,0.14278411684162634,0.528384046690681,0.5473362812928291,fast_charge,258
4.85,55.0,4.85,6.804123711340207,3.0927835051546393,9.896907216494846,3.7113402061855676,0.41152234714075303,5,True,True,True,True,10.119467808314194,0.43352215600710714,0.9958844539757764,0.0005467832456583868,-0.0025197621015760445,0.0002899540630917865,0.0025197621015760445,0.0002899540630917865,1523.0387286383789,59.521246332947044,2.0,23.522499999999994,120,0.3235400678502031,0.28505140613726676,0.4311988864147808,knee,258
4.75,60.0,4.8,7.578947368421052,2.5,10.078947368421051,5.078947368421052,0.32892325121282556,5,True,True,True,True,10.3015079602404,0.43352215600710714,0.9975950061563865,0.00046111942114289076,-0.0015129296232859984,0.0002512465429841896,0.0015129296232859984,0.0002512465429841896,1687.0901890000885,95.15050081725559,2.0,22.681874999999998,237,0.5175999103189269,0.13746634311765596,0.5355433340564536,longevity,258
5.0,28.0,4.9,3.3600000000000003,6.36734693877551,9.727346938775511,-3.00734693877551,0.3826513837107855,2,True,True,True,True,10.116928819166434,0.5444732918398935,0.9926623534897787,0.0005556780479952305,-0.004415199372056319,0.0003382961122948118,0.004415199372056319,0.0003382961122948118,1332.4918743094508,39.7016913146909,2.0,24.356500000000004,39,0.14278411684162634,0.5293275513707034,0.5482471711393939,fast_charge,259
4.85,55.0,4.85,6.804123711340207,3.0927835051546393,9.896907216494846,3.7113402061855676,0.41152234714075303,5,True,True,True,True,10.286489096885768,0.5444732918398935,0.9957150279773144,0.00033264767988498814,-0.002666801784693209,0.0002094630766309823,0.002666801784693209,0.0002094630766309823,1475.698843624668,45.072560414360744,2.0,23.522499999999994,120,0.3235400678502031,0.2859789688420257,0.43181262849118063,knee,259
4.75,60.0,4.8,7.578947368421052,2.5,10.078947368421051,5.078947368421052,0.32892325121282556,5,True,True,True,True,10.468529248811974,0.5444732918398935,0.9975083703506973,0.00026328973427676184,-0.0016043230294951842,0.0001715230485008497,0.0016043230294951842,0.0001715230485008497,1635.6224825396746,68.00040387483303,2.0,22.681874999999998,237,0.5175999103189269,0.1380991611180765,0.5357061185609864,longevity,259
5.0,28.0,4.9,3.3600000000000003,6.36734693877551,9.727346938775511,-3.00734693877551,0.3826513837107855,2,True,True,True,True,9.966711047853018,0.4249563499081121,0.9921225864079671,0.0006115647077566426,-0.004679375253343917,0.00030630916168196073,0.004679375253343917,0.00030630916168196073,1326.982120326073,43.81291286303332,2.0,24.356500000000004,39,0.14278411684162634,0.5321127983922989,0.5509367788005504,fast_charge,260
4.85,55.0,4.85,6.804123711340207,3.0927835051546393,9.896907216494846,3.7113402061855676,0.41152234714075303,5,True,True,True,True,10.136271325572352,0.4249563499081121,0.995358085772593,0.0004425971779181027,-0.002842434977959885,0.0002285153686175465,0.002842434977959885,0.0002285153686175465,1460.0774506843766,59.205998849911296,2.0,23.522499999999994,120,0.3235400678502031,0.28872506676865534,0.4336361835514635,knee,260
4.75,60.0,4.8,7.578947368421052,2.5,10.078947368421051,5.078947368421052,0.32892325121282556,5,True,True,True,True,10.318311477498558,0.4249563499081121,0.9972761321961985,0.0003445928182329337,-0.001719782104815353,0.00018344545946638973,0.001719782104815353,0.00018344545946638973,1607.7423937541578,86.49976920397546,2.0,22.681874999999998,237,0.5175999103189269,0.13997775045305552,0.5361934704787621,longevity,260
5.2,58.0,4.55,6.692307692307692,2.901098901098901,9.593406593406593,3.7912087912087906,0.301438246295025,1,True,True,True,True,9.640670339500371,0.00977038336150481,0.9946241495995887,0.0016509237717402747,-0.0032623297290640847,0.000744667806697473,0.0032623297290640847,0.000744667806697473,1380.9195289821569,125.12936428409914,2.0,25.297187500000003,1,0.0,0.0,0.0,fast_charge,261
5.2,58.0,4.55,6.692307692307692,2.901098901098901,9.593406593406593,3.7912087912087906,0.301438246295025,1,True,True,True,True,9.640670339500371,0.00977038336150481,0.9946241495995887,0.0016509237717402747,-0.0032623297290640847,0.000744667806697473,0.0032623297290640847,0.000744667806697473,1380.9195289821569,125.12936428409914,2.0,25.297187500000003,1,0.0,0.0,0.0,knee,261
5.2,58.0,4.55,6.692307692307692,2.901098901098901,9.593406593406593,3.7912087912087906,0.301438246295025,1,True,True,True,True,9.640670339500371,0.00977038336150481,0.9946241495995887,0.0016509237717402747,-0.0032623297290640847,0.000744667806697473,0.0032623297290640847,0.000744667806697473,1380.9195289821569,125.12936428409914,2.0,25.297187500000003,1,0.0,0.0,0.0,longevity,261
5.0,28.0,4.9,3.3600000000000003,6.36734693877551,9.727346938775511,-3.00734693877551,0.3826513837107855,2,True,True,True,True,9.9475228008275,0.4349511824032682,0.9933874101606626,0.0005789663029707647,-0.00399451149259402,0.00034402913033863993,0.00399451149259402,0.00034402913033863993,1368.8151609892266,36.220471684137486,2.0,24.356500000000004,39,0.14278411684162634,0.5216548066019759,0.540842898883944,fast_charge,262
4.85,58.0,4.9,7.175257731958763,2.6938775510204076,9.86913528297917,4.4813801809383556,0.36542463657722224,5,True,True,True,True,10.089311145031159,0.4349511824032682,0.9958485233910247,0.0004182361168903859,-0.002582173628917437,0.0002558905338386666,0.002582173628917437,0.0002558905338386666,1491.5074538670256,45.41213907463353,2.0,23.6565625,108,0.2939344177445688,0.3095620069752502,0.42687946553726797,knee,262
4.75,60.0,4.8,7.578947368421052,2.5,10.078947368421051,5.078947368421052,0.32892325121282556,5,True,True,True,True,10.29912323047304,0.4349511824032682,0.9978289231781392,0.0003323827385682665,-0.0014064696353113782,0.000211808542499488,0.0014064696353113782,0.000211808542499488,1680.8927340419502,77.7733602589564,2.0,22.681874999999998,237,0.5175999103189269,0.13300485450529956,0.5344155297931911,longevity,262
5.0,28.0,4.9,3.3600000000000003,6.36734693877551,9.727346938775511,-3.00734693877551,0.3826513837107855,2,True,True,True,True,9.959977723940378,0.4292838320132676,0.992865465087162,0.0008440984004850792,-0.004213661750204974,0.0004452275432510338,0.004213661750204974,0.0004452275432510338,1346.1690115769893,34.56214430813534,2.0,24.356500000000004,39,0.14278411684162634,0.5196117314922178,0.5388725781913419,fast_charge,263
4.85,58.0,4.9,7.175257731958763,2.6938775510204076,9.86913528297917,4.4813801809383556,0.36542463657722224,5,True,True,True,True,10.101766068144038,0.4292838320132676,0.9955110141425032,0.0006412513534817035,-0.0027142730560658665,0.0003462808994559153,0.0027142730560658665,0.0003462808994559153,1466.4177168073209,45.45811646791867,2.0,23.6565625,108,0.2939344177445688,0.30751124358178017,0.42539464837260427,knee,263
4.75,60.0,4.8,7.578947368421052,2.5,10.078947368421051,5.078947368421052,0.32892325121282556,5,True,True,True,True,10.311578153585918,0.4292838320132676,0.9976452439945538,0.00047163107905632764,-0.0014711968935926746,0.0002631614349512808,0.0014711968935926746,0.0002631614349512808,1651.968148567732,71.80122482663678,2.0,22.681874999999998,237,0.5175999103189269,0.13166820728238998,0.5340844352451395,longevity,263
5.0,28.0,4.9,3.3600000000000003,6.36734693877551,9.727346938775511,-3.00734693877551,0.3826513837107855,2,True,True,True,True,9.952201440882789,0.4322314089249151,0.9923061236818222,0.0007558034020618406,-0.0045881978063326756,0.0004124103486594939,0.0045881978063326756,0.0004124103486594939,1304.7195297048113,39.599034559032724,2.0,24.356500000000004,39,0.14278411684162634,0.5354321203091124,0.5541433564349165,fast_charge,264
4.85,55.0,4.85,6.804123711340207,3.0927835051546393,9.896907216494846,3.7113402061855676,0.41152234714075303,5,True,True,True,True,10.121761718602123,0.4322314089249151,0.9954425420930719,0.000482073690743605,-0.0028059028326113283,0.0002715733637197303,0.0028059028326113283,0.0002715733637197303,1430.516293185155,46.75061901678262,2.0,23.522499999999994,120,0.3235400678502031,0.29201317505281993,0.43583238740247715,knee,264
4.75,60.0,4.8,7.578947368421052,2.5,10.078947368421051,5.078947368421052,0.32892325121282556,5,True,True,True,True,10.303801870528329,0.4322314089249151,0.9973116019739812,0.0003981771575617193,-0.0017092539873804742,0.00023163978630741272,0.0017092539873804742,0.00023163978630741272,1569.5892171018181,71.82449371819598,2.0,22.681874999999998,237,0.5175999103189269,0.14223712273906805,0.5367877292256688,longevity,264
5.0,28.0,4.9,3.3600000000000003,6.36734693877551,9.727346938775511,-3.00734693877551,0.3826513837107855,2,True,True,True,True,9.798860439275026,0.04445758786845137,0.9929523948862425,0.0005940464893888768,-0.004291328540901605,0.0003650783461307882,0.004291328540901605,0.0003650783461307882,1323.151069304572,40.69809255110414,2.0,24.356500000000004,39,0.14278411684162634,0.5208449852195028,0.540061850763917,fast_charge,265
4.85,58.0,4.9,7.175257731958763,2.6938775510204076,9.86913528297917,4.4813801809383556,0.36542463657722224,5,True,True,True,True,9.940648783478686,0.04445758786845137,0.9956034876766814,0.0004638353308827504,-0.002770181478260665,0.00029497091159519183,0.002770181478260665,0.00029497091159519183,1427.1835229313976,54.94410530180903,2.0,23.6565625,108,0.2939344177445688,0.3087484750876759,0.4262898811886155,knee,265
4.75,60.0,4.8,7.578947368421052,2.5,10.078947368421051,5.078947368421052,0.32892325121282556,5,True,True,True,True,10.150460868920566,0.04445758786845137,0.9977210671020731,0.0003432797679663878,-0.0015059488610836562,0.00022895088797219448,0.0015059488610836562,0.00022895088797219448,1585.8167272504825,87.1676656978257,2.0,22.681874999999998,237,0.5175999103189269,0.13247404858183937,0.5342836706374477,longevity,265
5.0,28.0,4.9,3.3600000000000003,6.36734693877551,9.727346938775511,-3.00734693877551,0.3826513837107855,2,True,True,True,True,9.967119502469995,0.42470379867318886,0.9924608363491954,0.00038732843374608635,-0.004559336069809697,0.00023092340096255215,0.004559336069809697,0.00023092340096255215,1331.0041377292098,41.62318105625157,2.0,24.356500000000004,39,0.14278411684162634,0.5276835001676251,0.5466600226570434,fast_charge,266
4.85,55.0,4.85,6.804123711340207,3.0927835051546393,9.896907216494846,3.7113402061855676,0.41152234714075303,5,True,True,True,True,10.13667978018933,0.42470379867318886,0.9956254179292676,0.0002752597108801912,-0.002744645128556822,0.00017025599424469695,0.002744645128556822,0.00017025599424469695,1465.8118135280697,56.1414921971803,2.0,23.522499999999994,120,0.3235400678502031,0.2843635736842206,0.43074449217949984,knee,266
4.75,60.0,4.8,7.578947368421052,2.5,10.078947368421051,5.078947368421052,0.32892325121282556,5,True,True,True,True,10.318719932115535,0.42470379867318886,0.9974726103915907,0.0002107838498622643,-0.0016455833810881222,0.0001352991786515038,0.0016455833810881222,0.0001352991786515038,1615.510774084498,82.01147994701356,2.0,22.681874999999998,237,0.5175999103189269,0.13699764072255888,0.5354232164612481,longevity,266
5.0,28.0,4.9,3.3600000000000003,6.36734693877551,9.727346938775511,-3.00734693877551,0.3826513837107855,2,True,True,True,True,9.978835925055886,0.41858390332674966,0.9925929473384164,0.00039052809207377836,-0.004465080946349283,0.00022537109102322537,0.004465080946349283,0.00022537109102322537,1354.379797944666,39.020980065016985,2.0,24.356500000000004,39,0.14278411684162634,0.5226100097392761,0.5417642718950092,fast_charge,267
4.85,55.0,4.85,6.804123711340207,3.0927835051546393,9.896907216494846,3.7113402061855676,0.41152234714075303,5,True,True,True,True,10.14839620277522,0.41858390332674966,0.9957434045864463,0.00028941441906456754,-0.0026601707319885482,0.00017315272312277752,0.0026601707319885482,0.00017315272312277752,1502.224399741475,55.814040355599076,2.0,23.522499999999994,120,0.3235400678502031,0.2794044679588518,0.4274868795879975,knee,267
4.75,60.0,4.8,7.578947368421052,2.5,10.078947368421051,5.078947368421052,0.32892325121282556,5,True,True,True,True,10.330436354701426,0.41858390332674966,0.997564611748067,0.00021502128247896654,-0.0015783488640706837,0.00013340689199467002,0.0015783488640706837,0.00013340689199467002,1667.5796064437166,80.45456203300296,2.0,22.681874999999998,237,0.5175999103189269,0.13363263321411828,0.5345721165772681,longevity,267
5.0,28.0,4.9,3.3600000000000003,6.36734693877551,9.727346938775511,-3.00734693877551,0.3826513837107855,2,True,True,True,True,9.801653623659362,0.041263987752428975,0.9927766147250114,0.0004916098795531833,-0.004410408796927015,0.00029398462322523884,0.004410408796927015,0.00029398462322523884,1334.3688283702136,47.50455362881534,2.0,24.356500000000004,39,0.14278411684162634,0.5250081401261109,0.5440779826650967,fast_charge,268
4.85,55.0,4.85,6.804123711340207,3.0927835051546393,9.896907216494846,3.7113402061855676,0.41152234714075303,5,True,True,True,True,9.971213901378697,0.041263987752428975,0.9958508195443444,0.00037375735725920817,-0.0026405258292148182,0.00023296130689642484,0.0026405258292148182,0.00023296130689642484,1462.409743842391,68.90901307781563,2.0,23.522499999999994,120,0.3235400678502031,0.2817436462509753,0.4290194141379953,knee,268
4.75,60.0,4.8,7.578947368421052,2.5,10.078947368421051,5.078947368421052,0.32892325121282556,5,True,True,True,True,10.153254053304902,0.041263987752428975,0.997627144952527,0.0002904351794505381,-0.0015744622135321837,0.00018874532361945628,0.0015744622135321837,0.00018874532361945628,1603.9039575225443,102.69183185192209,2.0,22.681874999999998,237,0.5175999103189269,0.13521676812470138,0.5349703183768708,longevity,268
5.0,28.0,4.9,3.3600000000000003,6.36734693877551,9.727346938775511,-3.00734693877551,0.3826513837107855,2,True,True,True,True,9.951792986265811,0.43245983882649486,0.9920279882566849,0.0008872117694413139,-0.004686294500715935,0.0004591203320588799,0.004686294500715935,0.0004591203320588799,1301.3510493507263,41.10994085545252,2.0,24.356500000000004,39,0.14278411684162634,0.5387641011110926,0.5573634906129812,fast_charge,269
4.85,55.0,4.85,6.804123711340207,3.0927835051546393,9.896907216494846,3.7113402061855676,0.41152234714075303,5,True,True,True,True,10.121353263985146,0.43245983882649486,0.995222133324768,0.0005749834328863965,-0.0028853079195114606,0.00030566876076956165,0.0028853079195114606,0.00030566876076956165,1425.9204792412352,48.70904692140797,2.0,23.522499999999994,120,0.3235400678502031,0.295330721572168,0.43806210816373,knee,269
4.75,60.0,4.8,7.578947368421052,2.5,10.078947368421051,5.078947368421052,0.32892325121282556,5,True,True,True,True,10.303393415911351,0.43245983882649486,0.9971481020429399,0.00048142223301271667,-0.001769626158057184,0.0002629730684675169,0.001769626158057184,0.0002629730684675169,1563.5490703509124,74.91981517196304,2.0,22.681874999999998,237,0.5175999103189269,0.1445277203087625,0.537399226925206,longevity,269
5.0,28.0,4.9,3.3600000000000003,6.36734693877551,9.727346938775511,-3.00734693877551,0.3826513837107855,2,True,True,True,True,9.939338063152933,0.4377602106909939,0.9940480943177347,0.0009059448679207168,-0.0036271305985269746,0.0004974521260548119,0.0036271305985269746,0.0004974521260548119,1382.7550784286257,88.92105758182478,2.0,24.356500000000004,39,0.14278411684162634,0.6550899845932966,0.6704701275498326,fast_charge,270
4.85,54.0,4.8,6.680412371134023,3.2500000000000004,9.930412371134024,3.430412371134022,0.42704111562382635,5,True,True,True,True,10.142403495511445,0.4377602106909939,0.9956584316883347,0.00044462184750599943,-0.002681533425244531,0.00024743990748910726,0.002681533425244531,0.00024743990748910726,1454.6947347242326,62.940422755420734,2.0,23.365687499999996,142,0.3592574904208282,0.3843498132397825,0.5261090413221646,knee,270
4.75,60.0,4.8,7.578947368421052,2.5,10.078947368421051,5.078947368421052,0.32892325121282556,5,True,True,True,True,10.290938492798473,0.4377602106909939,0.99650788006989,0.0007371110144937001,-0.0021769523447856976,0.00041403308087587757,0.0021769523447856976,0.00041403308087587757,1506.5154866468615,134.34793007132083,2.0,22.681874999999998,237,0.5175999103189269,0.23987987186828783,0.5704840226419206,longevity,270
5.0,28.0,4.9,3.3600000000000003,6.36734693877551,9.727346938775511,-3.00734693877551,0.3826513837107855,2,True,True,True,True,9.800506668515398,0.042187822606017264,0.99326875739062,0.00044719972696729464,-0.004115894212422742,0.00026781594923902443,0.004115894212422742,0.00026781594923902443,1384.542770425473,48.11629659426799,2.0,24.356500000000004,39,0.14278411684162634,0.511704124467384,0.5312517435445979,fast_charge,271
4.85,58.0,4.9,7.175257731958763,2.6938775510204076,9.86913528297917,4.4813801809383556,0.36542463657722224,5,True,True,True,True,9.942295012719057,0.042187822606017264,0.9958710223920748,0.00035899827801616225,-0.0026152862405704634,0.00022270758773384675,0.0026152862405704634,0.00022270758773384675,1513.6563074047824,68.84250167782697,2.0,23.6565625,108,0.2939344177445688,0.29962615186152847,0.41972999989777526,knee,271
4.75,60.0,4.8,7.578947368421052,2.5,10.078947368421051,5.078947368421052,0.32892325121282556,5,True,True,True,True,10.152107098160938,0.042187822606017264,0.9979093892395978,0.0002633995035241551,-0.0013908056579345974,0.00017162247731052638,0.0013908056579345974,0.00017162247731052638,1713.7500617833282,112.94546173423612,2.0,22.681874999999998,237,0.5175999103189269,0.1265727199647833,0.5328511242377599,longevity,271
5.0,28.0,4.9,3.3600000000000003,6.36734693877551,9.727346938775511,-3.00734693877551,0.3826513837107855,2,True,True,True,True,9.94990753059486,0.43352215600710714,0.9929870264104438,0.0007564489526471592,-0.004179789210855387,0.0003904934256676444,0.004179789210855387,0.0003904934256676444,1376.04845745013,43.66007566543457,2.0,24.356500000000004,39,0.14278411684162634,0.5283840466906818,0.54733628129283,fast_charge,272
4.85,55.0,4.85,6.804123711340207,3.0927835051546393,9.896907216494846,3.7113402061855676,0.41152234714075303,5,True,True,True,True,10.119467808314194,0.43352215600710714,0.9958844539757764,0.0005467832456581233,-0.0025197621015760445,0.00028995406309164067,0.0025197621015760445,0.00028995406309164067,1523.0387286383855,59.521246332917016,2.0,23.522499999999994,120,0.3235400678502031,0.2850514061372676,0.4311988864147814,knee,272
4.75,60.0,4.8,7.578947368421052,2.5,10.078947368421051,5.078947368421052,0.32892325121282556,5,True,True,True,True,10.3015079602404,0.43352215600710714,0.9975950061563865,0.00046111942114243865,-0.0015129296232859984,0.0002512465429839408,0.0015129296232859984,0.0002512465429839408,1687.0901890000944,95.15050081716126,2.0,22.681874999999998,237,0.5175999103189269,0.1374663431176562,0.5355433340564537,longevity,272
5.0,28.0,4.9,3.3600000000000003,6.36734693877551,9.727346938775511,-3.00734693877551,0.3826513837107855,2,True,True,True,True,9.787144016689135,0.0351146241903987,0.9928283241973319,0.000603417241210724,-0.004367335743248891,0.0003707419375085794,0.004367335743248891,0.0003707419375085794,1315.1403108461154,40.2581123940743,2.0,24.356500000000004,39,0.14278411684162634,0.5338859355444381,0.5526495238344127,fast_charge,273
4.85,55.0,4.85,6.804123711340207,3.0927835051546393,9.896907216494846,3.7113402061855676,0.41152234714075303,5,True,True,True,True,9.95670429440847,0.0351146241903987,0.9958027322840919,0.0004286154380959024,-0.002662466321834718,0.00027431106796964414,0.002662466321834718,0.00027431106796964414,1425.1131171831164,52.946191800512004,2.0,23.522499999999994,120,0.3235400678502031,0.2904794401588373,0.43480625646315807,knee,273
4.75,60.0,4.8,7.578947368421052,2.5,10.078947368421051,5.078947368421052,0.32892325121282556,5,True,True,True,True,10.138744446334675,0.0351146241903987,0.9975539542698286,0.0003636330302717129,-0.0016167553948753036,0.00024249408016586705,0.0016167553948753036,0.00024249408016586705,1545.267382996189,83.5769740068879,2.0,22.681874999999998,237,0.5175999103189269,0.14118188767737724,0.536509079671825,longevity,273
5.0,28.0,4.9,3.3600000000000003,6.36734693877551,9.727346938775511,-3.00734693877551,0.3826513837107855,2,True,True,True,True,9.950315985211837,0.43329677445953463,0.9932513534084286,0.0005241800450110526,-0.004085743652805899,0.00030822130278333634,0.004085743652805899,0.00030822130278333634,1379.728754094018,40.12348472700246,2.0,24.356500000000004,39,0.14278411684162634,0.5232859799414271,0.5424163721952932,fast_charge,274
4.85,55.0,4.85,6.804123711340207,3.0927835051546393,9.896907216494846,3.7113402061855676,0.41152234714075303,5,True,True,True,True,10.119876262931172,0.43329677445953463,0.9961116939084877,0.0003701805825144217,-0.00243754415347128,0.00022538936457709908,0.00243754415347128,0.00022538936457709908,1528.2948578520454,54.47553097223432,2.0,23.522499999999994,120,0.3235400678502031,0.2800629349013709,0.4279175423023501,knee,274
4.75,60.0,4.8,7.578947368421052,2.5,10.078947368421051,5.078947368421052,0.32892325121282556,5,True,True,True,True,10.301916414857377,0.43329677445953463,0.997769500911312,0.00030599112224538805,-0.0014482780886968104,0.00019296852431381048,0.0014482780886968104,0.00019296852431381048,1694.2340004838998,87.0204451756669,2.0,22.681874999999998,237,0.5175999103189269,0.13407799513747967,0.5346836222872805,longevity,274
5.0,28.0,4.9,3.3600000000000003,6.36734693877551,9.727346938775511,-3.00734693877551,0.3826513837107855,2,True,True,True,True,9.79026724698348,0.0321527918370787,0.9917537742339599,0.0007078317399103843,-0.004883955675938387,0.00033706019989988487,0.004883955675938387,0.00033706019989988487,1286.0598717709317,37.94539032395096,2.0,24.356500000000004,39,0.14278411684162634,0.5474664009515651,0.565779784185599,fast_charge,275
4.85,55.0,4.85,6.804123711340207,3.0927835051546393,9.896907216494846,3.7113402061855676,0.41152234714075303,5,True,True,True,True,9.959827524702815,0.0321527918370787,0.9949757118431681,0.0004968753204559458,-0.0030602835592912327,0.00024332991464191416,0.0030602835592912327,0.00024332991464191416,1386.2790908374197,47.12448146796512,2.0,23.522499999999994,120,0.3235400678502031,0.30407525627944704,0.44400443352057356,knee,275
4.75,60.0,4.8,7.578947368421052,2.5,10.078947368421051,5.078947368421052,0.32892325121282556,5,True,True,True,True,10.14186767662902,0.0321527918370787,0.9969508096327139,0.00043442087972474447,-0.0019104645552543277,0.00021883968664609051,0.0019104645552543277,0.00021883968664609051,1495.1991367126552,73.22311733885536,2.0,22.681874999999998,237,0.5175999103189269,0.15061797577179983,0.5390690510386917,longevity,275
5.0,28.0,4.9,3.3600000000000003,6.36734693877551,9.727346938775511,-3.00734693877551,0.3826513837107855,2,True,True,True,True,9.948669755971464,0.43431934890957097,0.9930610750828708,0.0006522278933602866,-0.004190351520722864,0.00039639313436071053,0.004190351520722864,0.00039639313436071053,1332.4113404203986,37.30645221199492,2.0,24.356500000000004,39,0.14278411684162634,0.528853290162206,0.5477892902728508,fast_charge,276
4.85,55.0,4.85,6.804123711340207,3.0927835051546393,9.896907216494846,3.7113402061855676,0.41152234714075303,5,True,True,True,True,10.118230033690798,0.43431934890957097,0.9959606750596657,0.0004306307652286091,-0.002528547398402026,0.0002712912888855801,0.002528547398402026,0.0002712912888855801,1466.7574519071973,46.57930625049045,2.0,23.522499999999994,120,0.3235400678502031,0.2855125514971473,0.4315038731772002,knee,276
4.75,60.0,4.8,7.578947368421052,2.5,10.078947368421051,5.078947368421052,0.32892325121282556,5,True,True,True,True,10.300270185617004,0.43431934890957097,0.9976586908133305,0.00035434316050336214,-0.0015196692286743455,0.00023146367395411574,0.0015196692286743455,0.00023146367395411574,1615.882192854396,72.84729506002405,2.0,22.681874999999998,237,0.5175999103189269,0.13778084488558548,0.5356241484283051,longevity,276
5.0,28.0,4.9,3.3600000000000003,6.36734693877551,9.727346938775511,-3.00734693877551,0.3826513837107855,2,True,True,True,True,9.78164846739989,0.037889622893870586,0.9933996098198633,0.0007786578902903981,-0.00394430720317864,0.0004065830201102945,0.00394430720317864,0.0004065830201102945,1372.9850510993606,43.73242548203145,2.0,24.356500000000004,39,0.14278411684162634,0.515383615387758,0.534796760491684,fast_charge,277
4.85,58.0,4.9,7.175257731958763,2.6938775510204076,9.86913528297917,4.4813801809383556,0.36542463657722224,5,True,True,True,True,9.92343681160355,0.037889622893870586,0.9958752489885451,0.0006404544317444283,-0.0025222855440239626,0.0003422048605724642,0.0025222855440239626,0.0003422048605724642,1490.1826890929053,62.47275930586156,2.0,23.6565625,108,0.2939344177445688,0.3032848268396811,0.42234953311920925,knee,277
4.75,60.0,4.8,7.578947368421052,2.5,10.078947368421051,5.078947368421052,0.32892325121282556,5,True,True,True,True,10.13324889704543,0.037889622893870586,0.9978567084562557,0.0005321661269310727,-0.001353308140920691,0.00029360543936268583,0.001353308140920691,0.00029360543936268583,1670.2333284620747,111.97054692529049,2.0,22.681874999999998,237,0.5175999103189269,0.12892834679445564,0.5334155844829739,longevity,277
5.0,28.0,4.9,3.3600000000000003,6.36734693877551,9.727346938775511,-3.00734693877551,0.3826513837107855,2,True,True,True,True,10.1036569868196,0.5545858294103533,0.9939204114197266,0.0009579839662435463,-0.0036891515595012143,0.0005175116626393833,0.0036891515595012143,0.0005175116626393833,1372.693574282187,87.9862107617292,2.0,24.356500000000004,39,0.14278411684162634,0.6206563968491842,0.6368686418501505,fast_charge,278
4.85,58.0,4.8,7.175257731958763,2.75,9.925257731958762,4.425257731958763,0.3616145488155888,5,True,True,True,True,10.30156778000285,0.5545858294103533,0.9958706611472228,0.0003872487035943052,-0.002539215661234105,0.00021199159005246172,0.002539215661234105,0.00021199159005246172,1508.718561984716,57.55388541016494,2.0,23.389812499999998,138,0.3537625023330364,0.35090611768332647,0.4982800532677544,knee,278
4.75,60.0,4.8,7.578947368421052,2.5,10.078947368421051,5.078947368421052,0.32892325121282556,5,True,True,True,True,10.45525741646514,0.5545858294103533,0.996889335621776,0.0005735777057457271,-0.0019315031074500788,0.0003170619395522866,0.0019315031074500788,0.0003170619395522866,1616.8110322310347,121.27054648528059,2.0,22.681874999999998,237,0.5175999103189269,0.2083497966893721,0.5579599492281357,longevity,278
5.0,28.0,4.9,3.3600000000000003,6.36734693877551,9.727346938775511,-3.00734693877551,0.3826513837107855,2,True,True,True,True,9.954994625267126,0.4305240565776716,0.992145921980624,0.0006123904020702844,-0.00469439080109675,0.00031206856392535995,0.00469439080109675,0.00031206856392535995,1315.4527870656011,46.723010799218834,2.0,24.356500000000004,39,0.14278411684162634,0.5362697217080877,0.5549527173040177,fast_charge,279
4.85,55.0,4.85,6.804123711340207,3.0927835051546393,9.896907216494846,3.7113402061855676,0.41152234714075303,5,True,True,True,True,10.12455490298646,0.4305240565776716,0.9953378227959129,0.0003953556023452462,-0.0028757256576831818,0.0002079142184020835,0.0028757256576831818,0.0002079142184020835,1439.9377422755479,55.62438557191008,2.0,23.522499999999994,120,0.3235400678502031,0.292845554459597,0.4363905295389244,knee,279
4.75,60.0,4.8,7.578947368421052,2.5,10.078947368421051,5.078947368421052,0.32892325121282556,5,True,True,True,True,10.306595054912666,0.4305240565776716,0.9972439756185236,0.00032757287492691183,-0.001754789403606248,0.0001778228216145706,0.001754789403606248,0.0001778228216145706,1577.3355789722168,85.40265404473791,2.0,22.681874999999998,237,0.5175999103189269,0.14281080222633738,0.5369400268136948,longevity,279
5.0,28.0,4.9,3.3600000000000003,6.36734693877551,9.727346938775511,-3.00734693877551,0.3826513837107855,2,True,True,True,True,9.963179362941693,0.42724780480566454,0.9930312429884935,0.0005412449736244173,-0.00420468861254171,0.00031935694299112634,0.00420468861254171,0.00031935694299112634,1361.7984559866293,36.87299976240426,2.0,24.356500000000004,39,0.14278411684162634,0.5176503340966202,0.5369815382418521,fast_charge,280
4.85,58.0,4.9,7.175257731958763,2.6938775510204076,9.86913528297917,4.4813801809383556,0.36542463657722224,5,True,True,True,True,10.104967707145352,0.42724780480566454,0.9956587363462044,0.0004080705689490845,-0.0026993451821905414,0.00024813127350716636,0.0026993451821905414,0.00024813127350716636,1486.1075254457905,48.69971541019762,2.0,23.6565625,108,0.2939344177445688,0.3055476809813584,0.42397739006688157,knee,280
4.75,60.0,4.8,7.578947368421052,2.5,10.078947368421051,5.078947368421052,0.32892325121282556,5,True,True,True,True,10.314779792587233,0.42724780480566454,0.997754072778476,0.0002960302487916806,-0.0014562289591798314,0.0001877042230560117,0.0014562289591798314,0.0001877042230560117,1678.3378421128132,77.12175016205622,2.0,22.681874999999998,237,0.5175999103189269,0.13039280023119879,0.5337714393954537,longevity,280
5.0,28.0,4.9,3.3600000000000003,6.36734693877551,9.727346938775511,-3.00734693877551,0.3826513837107855,2,True,True,True,True,9.938929608535956,0.4379689622610007,0.9938997368200877,0.001117219416106614,-0.003686942311648796,0.0005787168292505081,0.003686942311648796,0.0005787168292505081,1378.0107372354692,92.12851831026421,2.0,24.356500000000004,39,0.14278411684162634,0.660890746518368,0.6761389523284759,fast_charge,281
4.85,62.0,4.75,7.670103092783506,2.2736842105263158,9.943787303309822,5.396418882257191,0.29741958396448653,5,True,True,True,True,10.155369973070266,0.4379689622610007,0.9955135262482189,0.0006019936242367272,-0.0027161364278547777,0.00031235481666015767,0.0027161364278547777,0.00031235481666015767,1454.576181419021,71.24835051622321,2.0,23.3065,149,0.37351553845913954,0.37735348091497495,0.530951510996126,knee,281
4.75,60.0,4.8,7.578947368421052,2.5,10.078947368421051,5.078947368421052,0.32892325121282556,5,True,True,True,True,10.290530038181496,0.4379689622610007,0.9962630079824595,0.0009636631260928523,-0.0022646552374763563,0.0005005126219149163,0.0022646552374763563,0.0005005126219149163,1502.1267454755114,141.40384936765955,2.0,22.681874999999998,237,0.5175999103189269,0.24549216411806984,0.5728665375159685,longevity,281
5.0,28.0,4.9,3.3600000000000003,6.36734693877551,9.727346938775511,-3.00734693877551,0.3826513837107855,2,True,True,True,True,9.943582661299198,0.4371884064213954,0.9938546873055827,0.00046850277929468595,-0.0037039613715160375,0.00026572900027580204,0.0037039613715160375,0.00026572900027580204,1397.882958514051,13.460570146628413,2.0,24.356500000000004,39,0.14278411684162634,0.506925921005327,0.526650921777739,fast_charge,282
4.85,58.0,4.9,7.175257731958763,2.6938775510204076,9.86913528297917,4.4813801809383556,0.36542463657722224,5,True,True,True,True,10.085371005502857,0.4371884064213954,0.9962344524888106,0.0003489794467973606,-0.002334062571766476,0.00020355816730541866,0.002334062571766476,0.00020355816730541866,1537.789471534481,18.000851996802503,2.0,23.6565625,108,0.2939344177445688,0.29490186396054846,0.41637068977324104,knee,282
4.75,60.0,4.8,7.578947368421052,2.5,10.078947368421051,5.078947368421052,0.32892325121282556,5,True,True,True,True,10.295183090944738,0.4371884064213954,0.998096232761245,0.00027312496793036067,-0.0012269703954246034,0.00016564790893509293,0.0012269703954246034,0.00016564790893509293,1756.2411199318117,31.824101830332168,2.0,22.681874999999998,237,0.5175999103189269,0.12355331267088418,0.5321419812738988,longevity,282
5.0,28.0,4.9,3.3600000000000003,6.36734693877551,9.727346938775511,-3.00734693877551,0.3826513837107855,2,True,True,True,True,9.943582661299198,0.4371884064213954,0.9938546873055827,0.00046850277929463054,-0.0037039613715160245,0.0002657290002757667,0.0037039613715160245,0.0002657290002757667,1397.882958514051,13.4605701466269,2.0,24.356500000000004,39,0.14278411684162634,0.506925921005327,0.526650921777739,fast_charge,283
4.85,58.0,4.9,7.175257731958763,2.6938775510204076,9.86913528297917,4.4813801809383556,0.36542463657722224,5,True,True,True,True,10.085371005502857,0.4371884064213954,0.9962344524888106,0.00034897944679741473,-0.0023340625717664723,0.00020355816730544804,0.0023340625717664723,0.00020355816730544804,1537.789471534481,18.000851996805693,2.0,23.6565625,108,0.2939344177445688,0.294901863960549,0.41637068977324143,knee,283
4.75,60.0,4.8,7.578947368421052,2.5,10.078947368421051,5.078947368421052,0.32892325121282556,5,True,True,True,True,10.295183090944738,0.4371884064213954,0.998096232761245,0.0002731249679304991,-0.0012269703954246034,0.00016564790893517772,0.0012269703954246034,0.00016564790893517772,1756.2411199318117,31.824101830347974,2.0,22.681874999999998,237,0.5175999103189269,0.12355331267088467,0.5321419812738989,longevity,283
5.0,28.0,4.9,3.3600000000000003,6.36734693877551,9.727346938775511,-3.00734693877551,0.3826513837107855,2,True,True,True,True,10.280100787689136,0.57644743412259,0.9930938515285348,0.0005054833106378783,-0.0041346796671434555,0.0002786492138498967,0.0041346796671434555,0.0002786492138498967,1395.8061014545,14.411583379957229,2.0,24.356500000000004,39,0.14278411684162634,0.526337898882189,0.5453612452512193,fast_charge,284
4.85,55.0,4.85,6.804123711340207,3.0927835051546393,9.896907216494846,3.7113402061855676,0.41152234714075303,5,True,True,True,True,10.44966106540847,0.57644743412259,0.9959769543838829,0.0003072080282564315,-0.002482181574031562,0.00017452441649742573,0.002482181574031562,0.00017452441649742573,1559.8545293870602,16.80263518522746,2.0,23.522499999999994,120,0.3235400678502031,0.28304449029311335,0.42987481781304937,knee,284
4.75,60.0,4.8,7.578947368421052,2.5,10.078947368421051,5.078947368421052,0.32892325121282556,5,True,True,True,True,10.631701217334676,0.57644743412259,0.9976664893845213,0.00024095371590379823,-0.00148410575289954,0.00014110218507550895,0.00148410575289954,0.00014110218507550895,1744.7228812041408,25.41358887409314,2.0,22.681874999999998,237,0.5175999103189269,0.13610013400869858,0.5351942765382931,longevity,284
5.0,28.0,4.9,3.3600000000000003,6.36734693877551,9.727346938775511,-3.00734693877551,0.3826513837107855,2,True,True,True,True,9.799598939802014,0.04391047001674884,0.9921734291348161,0.0007675841603576101,-0.004672419013249626,0.0004179220232694966,0.004672419013249626,0.0004179220232694966,1280.5902714305928,26.664370231588762,2.0,24.356500000000004,39,0.14278411684162634,0.5344904877920267,0.5532335723384851,fast_charge,285
4.85,55.0,4.85,6.804123711340207,3.0927835051546393,9.896907216494846,3.7113402061855676,0.41152234714075303,5,True,True,True,True,9.969159217521348,0.04391047001674884,0.9953785683418404,0.0005736992598121061,-0.002851953323419376,0.00032288595981727435,0.002851953323419376,0.00032288595981727435,1389.1709103459102,36.6125590643955,2.0,23.522499999999994,120,0.3235400678502031,0.29107869055909963,0.4352068239378998,knee,285
4.75,60.0,4.8,7.578947368421052,2.5,10.078947368421051,5.078947368421052,0.32892325121282556,5,True,True,True,True,10.151199369447554,0.04391047001674884,0.9972825342314109,0.00045361399855340013,-0.0017339634215706719,0.0002639740836992595,0.0017339634215706719,0.0002639740836992595,1507.932615297199,53.44055397187723,2.0,22.681874999999998,237,0.5175999103189269,0.14159390058613855,0.536617647720757,longevity,285
5.0,28.0,4.9,3.3600000000000003,6.36734693877551,9.727346938775511,-3.00734693877551,0.3826513837107855,2,True,True,True,True,10.099716847291297,0.5578881134746451,0.9943272231205936,0.000790564987037948,-0.0034341316201045753,0.00041406056185575,0.0034341316201045753,0.00041406056185575,1393.6832976549933,63.62834631648063,2.0,24.356500000000004,39,0.14278411684162634,0.6353922189385038,0.6512377261107029,fast_charge,286
4.85,54.0,4.8,6.680412371134023,3.2500000000000004,9.930412371134024,3.430412371134022,0.42704111562382635,5,True,True,True,True,10.30278227964981,0.5578881134746451,0.9960336755885568,0.0004171361177941483,-0.0024239917536634744,0.00022055949409837216,0.0024239917536634744,0.00022055949409837216,1541.521922352924,53.1109334380818,2.0,23.365687499999996,142,0.3592574904208282,0.36178400192500026,0.5098564586943467,knee,286
4.75,60.0,4.8,7.578947368421052,2.5,10.078947368421051,5.078947368421052,0.32892325121282556,5,True,True,True,True,10.451317276936837,0.5578881134746451,0.9969016301519651,0.0005996985905045052,-0.001905990570012134,0.00031917258055419375,0.001905990570012134,0.00031917258055419375,1652.6028134874566,104.78833147748188,2.0,22.681874999999998,237,0.5175999103189269,0.22147731274435742,0.5629936653485749,longevity,286
5.0,28.0,4.9,3.3600000000000003,6.36734693877551,9.727346938775511,-3.00734693877551,0.3826513837107855,2,True,True,True,True,9.950315985211837,0.43329677445953463,0.9932513534084286,0.0005241800450110931,-0.004085743652805906,0.0003082213027833369,0.004085743652805906,0.0003082213027833369,1379.728754094018,40.12348472700378,2.0,24.356500000000004,39,0.14278411684162634,0.5232859799414261,0.5424163721952923,fast_charge,287
4.85,55.0,4.85,6.804123711340207,3.0927835051546393,9.896907216494846,3.7113402061855676,0.41152234714075303,5,True,True,True,True,10.119876262931172,0.43329677445953463,0.9961116939084877,0.0003701805825145312,-0.0024375441534712845,0.0002253893645771639,0.0024375441534712845,0.0002253893645771639,1528.2948578520454,54.4755309722486,2.0,23.522499999999994,120,0.3235400678502031,0.28006293490137035,0.42791754230234974,knee,287
4.75,60.0,4.8,7.578947368421052,2.5,10.078947368421051,5.078947368421052,0.32892325121282556,5,True,True,True,True,10.301916414857377,0.43329677445953463,0.997769500911312,0.0003059911222455475,-0.001448278088696813,0.0001929685243139098,0.001448278088696813,0.0001929685243139098,1694.2340004839011,87.0204451757109,2.0,22.681874999999998,237,0.5175999103189269,0.13407799513747942,0.5346836222872804,longevity,287
5.0,28.0,4.9,3.3600000000000003,6.36734693877551,9.727346938775511,-3.00734693877551,0.3826513837107855,2,True,True,True,True,9.931866238713306,0.4417442893943093,0.9946587175059648,0.00036029936225965393,-0.003259926558310199,0.00024248105960793213,0.003259926558310199,0.00024248105960793213,1406.1957177874317,48.89422224510422,2.0,24.356500000000004,39,0.14278411684162634,0.6550284200949822,0.6704099754287459,fast_charge,288
4.85,54.0,4.8,6.680412371134023,3.2500000000000004,9.930412371134024,3.430412371134022,0.42704111562382635,5,True,True,True,True,10.134931671071818,0.4417442893943093,0.9961412854335441,0.00027756458286126045,-0.002409710133525992,0.00019113413636062226,0.002409710133525992,0.00019113413636062226,1518.4744282401716,56.30185491075111,2.0,23.365687499999996,142,0.3592574904208282,0.3842781314496996,0.5260566763514594,knee,288
4.75,60.0,4.8,7.578947368421052,2.5,10.078947368421051,5.078947368421052,0.32892325121282556,5,True,True,True,True,10.283466668358846,0.4417442893943093,0.9969168758433324,0.00041351697324899876,-0.0019560817819049953,0.000289295310746748,0.0019560817819049953,0.000289295310746748,1601.150581326811,110.69508277363113,2.0,22.681874999999998,237,0.5175999103189269,0.23982078675626872,0.5704591807680519,longevity,288
5.0,28.0,4.9,3.3600000000000003,6.36734693877551,9.727346938775511,-3.00734693877551,0.3826513837107855,2,True,True,True,True,9.772725229198336,0.008945037303137907,0.9944386375759171,0.00041208295654567543,-0.003418760055390429,0.00021209003862933916,0.003418760055390429,0.00021209003862933916,1422.6725914375008,41.12520808586512,2.0,24.356500000000004,39,0.14278411684162634,0.7519274213900471,0.7653640643906197,fast_charge,289
4.8,53.0,4.8,6.625,3.375000000000001,10.0,3.249999999999999,0.4426229508196722,5,True,True,True,True,10.045378290422825,0.008945037303137907,0.9947599987113825,0.0008547761440115442,-0.0031353910337681866,0.0004282140441494309,0.0031353910337681866,0.0004282140441494309,1422.6725914375008,90.53690685016416,2.0,23.04,183,0.4334398296059639,0.4295184961517153,0.6102099838787285,knee,289
4.75,60.0,4.8,7.578947368421052,2.5,10.078947368421051,5.078947368421052,0.32892325121282556,5,True,True,True,True,10.124325658843876,0.008945037303137907,0.9948441589439891,0.0011209079563356573,-0.0030624551471750147,0.0005574274658246765,0.0030624551471750147,0.0005574274658246765,1422.6725914375008,120.66326849307308,2.0,22.681874999999998,237,0.5175999103189269,0.3465341929516382,0.622892939474196,longevity,289
5.0,28.0,4.9,3.3600000000000003,6.36734693877551,9.727346938775511,-3.00734693877551,0.3826513837107855,2,True,True,True,True,9.784350832304797,0.0373271864003635,0.9929740074995004,0.0006822338433798734,-0.004268562436221733,0.0004228785493140759,0.004268562436221733,0.0004228785493140759,1305.282263937496,32.24721135863044,2.0,24.356500000000004,39,0.14278411684162634,0.5319722746659002,0.5508010575838206,fast_charge,290
4.85,55.0,4.85,6.804123711340207,3.0927835051546393,9.896907216494846,3.7113402061855676,0.41152234714075303,5,True,True,True,True,9.953911110024132,0.0373271864003635,0.9959036462033458,0.00047782120958697046,-0.0025921504073375774,0.0003084868116461575,0.0025921504073375774,0.0003084868116461575,1415.8211219451937,42.01830227311396,2.0,23.522499999999994,120,0.3235400678502031,0.2885862350473584,0.43354375853346483,knee,290
4.75,60.0,4.8,7.578947368421052,2.5,10.078947368421051,5.078947368421052,0.32892325121282556,5,True,True,True,True,10.135951261950337,0.0373271864003635,0.9976219227462816,0.00040369427575952916,-0.0015678986743957143,0.000271552037306918,0.0015678986743957143,0.000271552037306918,1536.7130496769746,66.37148906492344,2.0,22.681874999999998,237,0.5175999103189269,0.13988259384342452,0.5361686369254786,longevity,290
5.0,28.0,4.9,3.3600000000000003,6.36734693877551,9.727346938775511,-3.00734693877551,0.3826513837107855,2,True,True,True,True,10.112988679638132,0.5479701547894543,0.9931481389529055,0.0006198226189506366,-0.00411483904037847,0.00036530319210705263,0.00411483904037847,0.00036530319210705263,1358.2419716481545,32.05052766410623,2.0,24.356500000000004,39,0.14278411684162634,0.5272286254630765,0.5462209512000873,fast_charge,291
4.85,55.0,4.85,6.804123711340207,3.0927835051546393,9.896907216494846,3.7113402061855676,0.41152234714075303,5,True,True,True,True,10.282548957357466,0.5479701547894543,0.9960116416455679,0.00038946764897902097,-0.0024747670533744586,0.00023716646677663888,0.0024747670533744586,0.00023716646677663888,1509.9030658993295,38.46143171781468,2.0,23.522499999999994,120,0.3235400678502031,0.2839173546845348,0.43045004332161235,knee,291
4.75,60.0,4.8,7.578947368421052,2.5,10.078947368421051,5.078947368421052,0.32892325121282556,5,True,True,True,True,10.464589109283672,0.5479701547894543,0.9976883987121575,0.00031253707369982103,-0.001482387334061162,0.00019669442525488737,0.001482387334061162,0.00019669442525488737,1679.91060556804,59.24803472404557,2.0,22.681874999999998,237,0.5175999103189269,0.1366938349157161,0.5353455628527486,longevity,291
5.0,28.0,4.9,3.3600000000000003,6.36734693877551,9.727346938775511,-3.00734693877551,0.3826513837107855,2,True,True,True,True,9.935806378241608,0.43967727451909067,0.9945025282563764,0.0004657723274062453,-0.0033643156708059313,0.00031641396081875136,0.0033643156708059313,0.00031641396081875136,1400.1796485791492,67.17751842731883,2.0,24.356500000000004,39,0.14278411684162634,0.6617761195266165,0.6770043843269775,fast_charge,292
4.85,61.0,4.75,7.54639175257732,2.4,9.94639175257732,5.146391752577321,0.31369088683573765,5,True,True,True,True,10.154851192043417,0.43967727451909067,0.9960634912825076,0.00030602018789904116,-0.002475365907988774,0.00021361241364342172,0.002475365907988774,0.00021361241364342172,1488.4613955888499,65.52483776863664,2.0,23.2945,150,0.3762919534929683,0.37561965262511365,0.5316820080666312,knee,292
4.75,60.0,4.8,7.578947368421052,2.5,10.078947368421051,5.078947368421052,0.32892325121282556,5,True,True,True,True,10.287406807887148,0.43967727451909067,0.9967533409249604,0.0004520329871178017,-0.0020738083569555236,0.0003205164206731607,0.0020738083569555236,0.0003205164206731607,1541.8971323913688,121.56774524149878,2.0,22.681874999999998,237,0.5175999103189269,0.24635667864428848,0.5732375426250503,longevity,292
5.0,28.0,4.9,3.3600000000000003,6.36734693877551,9.727346938775511,-3.00734693877551,0.3826513837107855,2,True,True,True,True,9.76754731504664,0.012917383044867886,0.9949386931109765,0.0002767872025417399,-0.003067760466023705,0.00018061826668047584,0.003067760466023705,0.00018061826668047584,1412.2845939278545,31.307025887192324,2.0,24.356500000000004,39,0.14278411684162634,0.7649342779938682,0.7781463574882578,fast_charge,293
4.8,74.0,4.75,9.25,0.7578947368421052,10.007894736842106,8.492105263157894,0.101820132453138,5,True,True,True,True,10.048095113113234,0.012917383044867886,0.9954905359597886,0.0005083702000993914,-0.0029404730090922546,0.00035688577911725886,0.0029404730090922546,0.00035688577911725886,1412.2845939278545,64.53772232487975,2.0,23.0041875,188,0.44185583767726094,0.43892158166486,0.6228071420115993,knee,293
4.75,60.0,4.8,7.578947368421052,2.5,10.078947368421051,5.078947368421052,0.32892325121282556,5,True,True,True,True,10.11914774469218,0.012917383044867886,0.9956129254784306,0.0006455036408743773,-0.0029109228603652134,0.00046111714478638545,0.0029109228603652134,0.00046111714478638545,1412.2845939278545,84.23297929441851,2.0,22.681874999999998,237,0.5175999103189269,0.3632367978246574,0.6323374403402603,longevity,293
5.0,28.0,4.9,3.3600000000000003,6.36734693877551,9.727346938775511,-3.00734693877551,0.3826513837107855,2,True,True,True,True,10.270769094870605,0.5864744024706946,0.9935552034013237,0.0008636322984454471,-0.003907540547490764,0.00042834923388349565,0.003907540547490764,0.00042834923388349565,1420.490129308745,76.64658209178553,2.0,24.356500000000004,39,0.14278411684162634,0.5855606482642827,0.6027176592882693,fast_charge,294
4.85,71.0,4.8,8.783505154639174,1.125,9.908505154639174,7.658505154639174,0.14986948528374183,5,True,True,True,True,10.451927310734268,0.5864744024706946,0.9957965285402722,0.00032093679686115255,-0.00257519232838023,0.0001608406876956018,0.00257519232838023,0.0001608406876956018,1544.1549919623442,47.4719654410628,2.0,23.46821875,125,0.3359037910477248,0.3310246471439821,0.4716022411492882,knee,294
4.75,60.0,4.8,7.578947368421052,2.5,10.078947368421051,5.078947368421052,0.32892325121282556,5,True,True,True,True,10.622369524516145,0.5864744024706946,0.9971205719678892,0.00040223357443903117,-0.0017803190379972328,0.00020344394407483094,0.0017803190379972328,0.00020344394407483094,1662.582751250096,93.51693680232418,2.0,22.681874999999998,237,0.5175999103189269,0.17916954963314255,0.5477329592766025,longevity,294
5.0,28.0,4.9,3.3600000000000003,6.36734693877551,9.727346938775511,-3.00734693877551,0.3826513837107855,2,True,True,True,True,10.132176926663648,0.5317768877582474,0.99185651572707,0.00043402001687881033,-0.004811136562166816,0.00020942416246161574,0.004811136562166816,0.00020942416246161574,1320.7664582396258,38.107539997673776,2.0,24.356500000000004,39,0.14278411684162634,0.5305517953273927,0.549429259820919,fast_charge,295
4.85,55.0,4.85,6.804123711340207,3.0927835051546393,9.896907216494846,3.7113402061855676,0.41152234714075303,5,True,True,True,True,10.301737204382983,0.5317768877582474,0.9952152361519268,0.00029212455396622467,-0.0029132047086904505,0.00014526405489733205,0.0029132047086904505,0.00014526405489733205,1459.6061647378199,48.24236926860929,2.0,23.522499999999994,120,0.3235400678502031,0.2871845489335725,0.43261199781177306,knee,295
4.75,60.0,4.8,7.578947368421052,2.5,10.078947368421051,5.078947368421052,0.32892325121282556,5,True,True,True,True,10.483777356309188,0.5317768877582474,0.9972005277218985,0.00022073216820363685,-0.0017569669296806437,0.00011314429235774256,0.0017569669296806437,0.00011314429235774256,1614.322045640771,68.90726634331838,2.0,22.681874999999998,237,0.5175999103189269,0.1389229535877167,0.5359190742973198,longevity,295
5.0,28.0,4.9,3.3600000000000003,6.36734693877551,9.727346938775511,-3.00734693877551,0.3826513837107855,2,True,True,True,True,10.284779427744425,0.5705929096644882,0.9919055420197915,0.00048810142093744246,-0.004783392574951657,0.00023863478792728217,0.004783392574951657,0.00023863478792728217,1326.624530851624,44.48298177915818,2.0,24.356500000000004,39,0.14278411684162634,0.5260262085680038,0.5450604334591461,fast_charge,296
4.85,55.0,4.85,6.804123711340207,3.0927835051546393,9.896907216494846,3.7113402061855676,0.41152234714075303,5,True,True,True,True,10.45433970546376,0.5705929096644882,0.9952907875892028,0.00026779416997830955,-0.0028697971691443737,0.00013501420755618535,0.0028697971691443737,0.00013501420755618535,1476.1118117480758,46.67621825796032,2.0,23.522499999999994,120,0.3235400678502031,0.2827393358569042,0.42967395493015087,knee,296
4.75,60.0,4.8,7.578947368421052,2.5,10.078947368421051,5.078947368421052,0.32892325121282556,5,True,True,True,True,10.636379857389965,0.5705929096644882,0.9972720266214901,0.00020178149191475695,-0.001714761824756216,0.00010493501721767337,0.001714761824756216,0.00010493501721767337,1643.8373496869438,67.61197359472402,2.0,22.681874999999998,237,0.5175999103189269,0.1358927579678671,0.5351415783045403,longevity,296
5.2,58.0,4.55,6.692307692307692,2.901098901098901,9.593406593406593,3.7912087912087906,0.301438246295025,1,True,True,True,True,9.640670339500371,0.00977038336150481,0.9946241495995887,0.0016509237717145277,-0.0032623297290640878,0.0007446678066859097,0.0032623297290640878,0.0007446678066859097,1380.9195289821594,125.12936428215023,2.0,25.297187500000003,1,0.0,0.0,0.0,fast_charge,297
5.2,58.0,4.55,6.692307692307692,2.901098901098901,9.593406593406593,3.7912087912087906,0.301438246295025,1,True,True,True,True,9.640670339500371,0.00977038336150481,0.9946241495995887,0.0016509237717145277,-0.0032623297290640878,0.0007446678066859097,0.0032623297290640878,0.0007446678066859097,1380.9195289821594,125.12936428215023,2.0,25.297187500000003,1,0.0,0.0,0.0,knee,297
5.2,58.0,4.55,6.692307692307692,2.901098901098901,9.593406593406593,3.7912087912087906,0.301438246295025,1,True,True,True,True,9.640670339500371,0.00977038336150481,0.9946241495995887,0.0016509237717145277,-0.0032623297290640878,0.0007446678066859097,0.0032623297290640878,0.0007446678066859097,1380.9195289821594,125.12936428215023,2.0,25.297187500000003,1,0.0,0.0,0.0,longevity,297
5.0,28.0,4.9,3.3600000000000003,6.36734693877551,9.727346938775511,-3.00734693877551,0.3826513837107855,2,True,True,True,True,10.104803941963565,0.5536377759909809,0.9936695343543759,0.0013751916777711432,-0.003822949843106987,0.0007590730591486332,0.003822949843106987,0.0007590730591486332,1265.6383284903206,102.9716448899692,2.0,24.356500000000004,39,0.14278411684162634,0.6138840117451616,0.6302704847115855,fast_charge,298
4.85,60.0,4.8,7.422680412371134,2.5,9.922680412371134,4.922680412371134,0.32892325121282556,5,True,True,True,True,10.300137415559188,0.5536377759909809,0.9957829773627602,0.0003739198872220182,-0.0026035333082974656,0.00021100520497952815,0.0026035333082974656,0.00021100520497952815,1477.0978321251805,49.05263538431191,2.0,23.401874999999997,136,0.35101500828914334,0.34623547667276916,0.49304212938758796,knee,298
4.75,60.0,4.8,7.578947368421052,2.5,10.078947368421051,5.078947368421052,0.32892325121282556,5,True,True,True,True,10.456404371609105,0.5536377759909809,0.9968958792928228,0.0006277357526401341,-0.0019486418190446688,0.00036018670690938105,0.0019486418190446688,0.00036018670690938105,1659.6531898668427,125.7002267890567,2.0,22.681874999999998,237,0.5175999103189269,0.20249398824259282,0.5557998582552469,longevity,298
5.0,28.0,4.9,3.3600000000000003,6.36734693877551,9.727346938775511,-3.00734693877551,0.3826513837107855,2,True,True,True,True,9.951462940355801,0.4326521585293618,0.9929178906683225,0.000574510985574799,-0.004286540214880073,0.0003466769864040152,0.004286540214880073,0.0003466769864040152,1343.0805150441463,43.25395026443223,2.0,24.356500000000004,39,0.14278411684162634,0.5298390640824959,0.5487410480819331,fast_charge,299
4.85,55.0,4.85,6.804123711340207,3.0927835051546393,9.896907216494846,3.7113402061855676,0.41152234714075303,5,True,True,True,True,10.121023218075136,0.4326521585293618,0.9958684695424638,0.0003838806695016233,-0.002591790529396624,0.00024008641299474258,0.002591790529396624,0.00024008641299474258,1477.0712998636718,54.4847248457321,2.0,23.522499999999994,120,0.3235400678502031,0.2864824056923229,0.4321462070593409,knee,299
4.75,60.0,4.8,7.578947368421052,2.5,10.078947368421051,5.078947368421052,0.32892325121282556,5,True,True,True,True,10.303063370001341,0.4326521585293618,0.99760006175269,0.0003167882966890553,-0.0015608355661514922,0.000205403866293611,0.0015608355661514922,0.000205403866293611,1625.6570758705982,85.18948992737188,2.0,22.681874999999998,237,0.5175999103189269,0.13844298904270175,0.5357948566170068,longevity,299
