C1,Q1,C2,phase1_ideal_minutes,phase2_ideal_minutes,T_ideal_physical,T_ideal_as_written_minus,nearest_observed_distance_normalized,nearest_observed_index,inside_rectangle,inside_convex_hull,inside_trust_region,inside_main_domain,predicted_charge_time,predicted_charge_time_se,predicted_SOH200,predicted_SOH200_se,predicted_slope50_200,predicted_slope50_200_se,predicted_degradation_rate,predicted_degradation_rate_se,predicted_EOL,predicted_EOL_se,stress_p,soc_weighted_stress,pareto_rank,delta_time_from_previous,degradation_reduction_from_previous,EOL_gain_from_previous,degradation_reduction_per_added_minute,EOL_gain_per_added_minute
5.2,58.0,4.55,6.692307692307692,2.901098901098901,9.593406593406593,3.7912087912087906,0.301438246295025,1,True,True,True,True,9.817114140369906,0.432879390839616,0.9867286802872021,0.0019084585792392866,-0.00765492199764254,0.0009859120081669628,0.00765492199764254,0.0009859120081669628,1204.2529308546302,55.79185813018216,2.0,25.297187500000003,1,,,,,
5.0,24.0,5.0,2.88,6.720000000000001,9.600000000000001,-3.8400000000000007,0.38828204356554963,2,True,True,True,True,9.823707546963314,0.432879390839616,0.9889908471616224,0.0013971623952684985,-0.006417407925736078,0.0007294262579887121,0.006417407925736078,0.0007294262579887121,1245.4498257031291,50.92179569311701,2.0,25.0,2,0.006593406593408346,0.001237514071906462,41.196894848498914,0.18768963423909685,6248.195718687341
5.1,61.0,4.65,7.176470588235295,2.4516129032258065,9.628083491461101,4.724857685009489,0.3580228565826378,5,True,True,True,True,9.851791038424414,0.432879390839616,0.9892103750345185,0.0013518918161924615,-0.006296593179345398,0.0007065940627741527,0.006296593179345398,0.0007065940627741527,1249.9733728349233,50.456931786625844,2.0,24.967968749999997,3,0.028083491461099896,0.00012081474639067964,4.523547131794203,0.004301984550533087,161.0749553010542
4.95,25.0,5.0,3.0303030303030303,6.6,9.630303030303029,-3.5696969696969694,0.4135603454362771,2,True,True,True,True,9.854010577266342,0.432879390839616,0.9900161908055041,0.0011933515807112359,-0.005851908027941473,0.0006264672784031289,0.005851908027941473,0.0006264672784031289,1267.5597648143842,48.81182801806677,2.0,24.84453125,4,0.002219538841927715,0.0004446851514039252,17.586391979460814,0.20035024528685744,7923.444116971015
4.95,26.0,5.0,3.151515151515152,6.480000000000001,9.631515151515153,-3.3284848484848495,0.41776290382319564,2,True,True,True,True,9.855222698478466,0.432879390839616,0.9900551561760312,0.0011860054974907666,-0.005830355090121471,0.0006227482277238782,0.005830355090121471,0.0006227482277238782,1268.4522805717302,48.735716500157594,2.0,24.8383125,5,0.0012121212121236624,2.1552937820002414e-05,0.8925157573460183,0.017781173701466046,736.3254998089766
4.95,27.0,5.0,3.2727272727272734,6.36,9.632727272727273,-3.087272727272727,0.4225600764699244,2,True,True,True,True,9.856434819690586,0.432879390839616,0.9900939694703246,0.0011787187392467936,-0.005808881533099378,0.0006190586625386756,0.005808881533099378,0.0006190586625386756,1269.3454247683808,48.66030589397634,2.0,24.83209375,6,0.0012121212121201097,2.1473557022092665e-05,0.89314419665061,0.01771568454324256,736.8439622374234
4.95,28.0,5.0,3.393939393939394,6.24,9.633939393939395,-2.846060606060606,0.4279318667309225,2,True,True,True,True,9.857646940902708,0.432879390839616,0.9901326312819159,0.0011714910122763095,-0.005787487064510867,0.000615398448630081,0.005787487064510867,0.000615398448630081,1270.2391978468324,48.58560345728947,2.0,24.825875,7,0.001212121212121886,2.1394468588510976e-05,0.8937730784516589,0.017650436585511742,737.3627897222086
4.95,29.0,5.0,3.5151515151515147,6.12,9.635151515151515,-2.6048484848484854,0.43385693128428826,2,True,True,True,True,9.858859062114828,0.432879390839616,0.9901711422020204,0.0011643220236884702,-0.005766171393068322,0.0006117674520802603,0.005766171393068322,0.0006117674520802603,1271.133600249895,48.51161647357518,2.0,24.819656249999998,8,0.0012121212121201097,2.1315671442544842e-05,0.894402403062486,0.01758542894011549,737.881982527222
4.95,30.0,5.0,3.6363636363636362,6.0,9.636363636363637,-2.3636363636363638,0.4403129353142958,2,True,True,True,True,9.86007118332695,0.432879390839616,0.9902095028195458,0.001157211481384268,-0.005744934228557031,0.0006081655392605772,0.005744934228557031,0.0006081655392605772,1272.0286324206895,48.43835225115931,2.0,24.8134375,9,0.001212121212121886,2.1237164511291214e-05,0.8950321707945932,0.017520660721805508,738.4015409051289
5.05,24.0,4.95,2.8514851485148514,6.787878787878788,9.63936393639364,-3.9363936393639367,0.35277068455549887,2,True,True,True,True,9.863071483356952,0.432879390839616,0.9902766083787837,0.0011448464124135564,-0.005707772017084793,0.0006019006708373261,0.005707772017084793,0.0006019006708373261,1273.6043388174037,48.311271353156805,2.0,24.8025,10,0.003000300030002734,3.7162211472238464e-05,1.5757063967141676,0.01238616508369818,525.1829420248787
5.05,63.0,4.7,7.485148514851485,2.170212765957447,9.655361280808933,5.314935748894038,0.3126505976826482,5,True,True,True,True,9.879068827772246,0.432879390839616,0.9904292108299783,0.0011170808738557758,-0.005623208658218309,0.0005878273994800106,0.005623208658218309,0.0005878273994800106,1277.2358749011394,48.02777439555641,2.0,24.77734375,11,0.015997344415293213,8.456335886648358e-05,3.631536083735682,0.005286087282439348,227.00868278262422
5.0,32.0,4.95,3.84,5.8181818181818175,9.658181818181816,-1.9781818181818176,0.42317184229305194,2,True,True,True,True,9.88188936514513,0.432879390839616,0.9908749499734183,0.0010388872413847165,-0.005375765425700016,0.0005481535462769407,0.005375765425700016,0.0005481535462769407,1288.2474088067597,47.25164397852986,2.0,24.7015,12,0.0028205373728837912,0.0002474432325182928,11.011533905620354,0.08772910967150219,3904.055309276712
5.0,31.0,4.95,3.72,5.939393939393939,9.659393939393938,-2.2193939393939384,0.4151575412826992,2,True,True,True,True,9.883101486357251,0.432879390839616,0.9909105637304961,0.0010328325831815688,-0.0053559661504206015,0.0005450791433511601,0.0053559661504206015,0.0005450791433511601,1289.15449117371,47.193526861524376,2.0,24.69528125,13,0.001212121212121886,1.9799275279414746e-05,0.9070823669503625,0.016334402105508083,748.342952733633
5.0,30.0,4.95,3.6,6.0606060606060606,9.66060606060606,-2.4606060606060605,0.40764525016263903,2,True,True,True,True,9.884313607569373,0.432879390839616,0.9909460384922052,0.001026830664140519,-0.005336239797091913,0.0005420311962911234,0.005336239797091913,0.0005420311962911234,1290.0622122366253,47.136282375166104,2.0,24.6890625,14,0.001212121212121886,1.9726353328688648e-05,0.9077210629152432,0.016274241496159084,748.8698769046593
5.0,29.0,4.95,3.4799999999999995,6.181818181818182,9.66181818181818,-2.701818181818182,0.4006632074429707,2,True,True,True,True,9.885525728781493,0.432879390839616,0.9909813748010244,0.0010208812041004479,-0.005316586097137941,0.0005390095751438832,0.005316586097137941,0.0005390095751438832,1290.9705724452228,47.079918111405114,2.0,24.68284375,15,0.0012121212121201097,1.965369995397207e-05,0.9083602085975144,0.016214302462041707,749.397172093631
5.0,28.0,4.95,3.3600000000000003,6.303030303030304,9.663030303030304,-2.9430303030303033,0.3942395864685348,2,True,True,True,True,9.886737849993617,0.432879390839616,0.9910165731973155,0.0010149839232514557,-0.005297004782971831,0.000536014150019505,0.005297004782971831,0.000536014150019505,1291.8795722495395,47.02444166229523,2.0,24.676625,16,0.0012121212121236624,1.958131416611008e-05,0.9089998043166361,0.01615458418700816,749.9248385597087
5.0,27.0,4.95,3.2400000000000007,6.424242424242424,9.664242424242424,-3.184242424242423,0.38840209474375603,2,True,True,True,True,9.887949971205737,0.432879390839616,0.9910516342193313,0.0010091385421161926,-0.005277495587992238,0.0005330447910811985,0.005277495587992238,0.0005330447910811985,1292.7892120999295,46.969860618606276,2.0,24.67040625,17,0.0012121212121201097,1.9509194979592387e-05,0.9096398503900218,0.016095085858178357,750.4528765724506
5.0,26.0,4.95,3.12,6.545454545454547,9.665454545454548,-3.4254545454545466,0.3831775212429063,2,True,True,True,True,9.88916209241786,0.432879390839616,0.9910865584032238,0.0010033447815313975,-0.005258058246579792,0.0005301013685357573,0.005258058246579792,0.0005301013685357573,1293.6994924470605,46.91618256839666,2.0,24.6641875,18,0.0012121212121236624,1.9437341412446678e-05,0.9102803471309926,0.01603580666523609,750.9812863815508
5.1,26.0,4.9,3.0588235294117654,6.612244897959185,9.671068427370951,-3.5534213685474194,0.32764512597524126,2,True,True,True,True,9.894775974334264,0.432879390839616,0.9911099983646836,0.000999472398043373,-0.005245010134554807,0.0005281339126979923,0.005245010134554807,0.0005281339126979923,1294.3128061215982,46.88055009929549,2.0,24.660000000000004,19,0.005613881916403329,1.3048112024984654e-05,0.6133136745377215,0.0023242583686805163,109.24947900055865
5.05,34.0,4.9,4.0396039603960405,5.63265306122449,9.672257021620531,-1.5930491008284493,0.41133122663499416,2,True,True,True,True,9.895964568583844,0.432879390839616,0.991197264063925,0.0009851709250364973,-0.005196415614767177,0.0005208666494416894,0.005196415614767177,0.0005208666494416894,1296.6130299951499,46.750771326717384,2.0,24.644312499999998,20,0.0011885942495801771,4.8594519787630366e-05,2.3002238735516585,0.04088402733295607,1935.24735153659
5.1,25.0,4.9,2.9411764705882355,6.73469387755102,9.675870348139256,-3.793517406962785,0.32226952087021193,2,True,True,True,True,9.899577895102569,0.432879390839616,0.9912486614817454,0.0009768333544702603,-0.005167781896427713,0.0005166291807750487,0.005167781896427713,0.0005166291807750487,1297.9804346864403,46.67653723981318,2.0,24.635000000000005,21,0.003613326518724591,2.8633718339463564e-05,1.3674046912904032,0.007924475740313254,378.433746356546
5.05,33.0,4.9,3.920792079207921,5.755102040816326,9.675894120024248,-1.834309961608405,0.40174590742796806,2,True,True,True,True,9.89960166698756,0.432879390839616,0.9912999297645766,0.0009685805746037599,-0.005139210665767498,0.0005124342819073506,0.005139210665767498,0.0005124342819073506,1299.3538773139971,46.60418629982796,2.0,24.62565625,22,2.3771884992029868e-05,2.857123066021469e-05,1.3734426275568694,1.2018916745472195,57775.92429112589
5.05,32.0,4.9,3.801980198019802,5.877551020408163,9.679531218427964,-2.075570822388361,0.39261133476665955,2,True,True,True,True,9.903238765391277,0.432879390839616,0.991401398082259,0.0009524367991792484,-0.0050826354597354245,0.0005042269397105155,0.0050826354597354245,0.0005042269397105155,1302.1005183768914,46.46621763882953,2.0,24.607000000000003,23,0.003637098403716621,5.6575206032073895e-05,2.7466410628942413,0.015555038591824107,755.1737011260259
5.05,31.0,4.9,3.6831683168316838,5.999999999999999,9.683168316831683,-2.3168316831683153,0.3839596803851395,2,True,True,True,True,9.906875863794996,0.432879390839616,0.9915016829819674,0.0009367321165110992,-0.005026683064120289,0.0004962411172880368,0.005026683064120289,0.0004962411172880368,1304.852965430949,46.33706761218382,2.0,24.588343750000003,24,0.0036370984037183973,5.5952395615135875e-05,2.7524470540577113,0.015383800327737295,756.7700261405464
5.05,30.0,4.9,3.5643564356435644,6.122448979591836,9.686805415235401,-2.558092543948272,0.37582429679003315,2,True,True,True,True,9.910512962198714,0.432879390839616,0.9916007982658236,0.000921459054375991,-0.004971346622688731,0.0004884733045069987,0.004971346622688731,0.0004884733045069987,1307.611230749172,46.2169368708986,2.0,24.5696875,25,0.0036370984037183973,5.5336441431557554e-05,2.7582653182228114,0.015214447146930144,758.3697255490507
5.05,29.0,4.9,3.4455445544554455,6.244897959183674,9.69044251363912,-2.7993534047282282,0.36823940293788676,2,True,True,True,True,9.914150060602433,0.432879390839616,0.9916987575749764,0.0009066101469845262,-0.004916619354684519,0.00048091998475850283,0.004916619354684519,0.00048091998475850283,1310.375326630507,46.1060240456135,2.0,24.55103125,26,0.0036370984037183973,5.472726800421178e-05,2.7640958813351517,0.015046958297378265,759.9728064847711
5.05,28.0,4.9,3.326732673267327,6.36734693877551,9.694079612042838,-3.040614265508183,0.3612396761382168,2,True,True,True,True,9.917787159006151,0.432879390839616,0.9917955743914789,0.0008921779316669673,-0.004862494553997629,0.00047357763319332376,0.004862494553997629,0.00047357763319332376,1313.1452653998952,46.00452533446299,2.0,24.532375000000002,27,0.0036370984037183973,5.4124800686890066e-05,2.769938769388091,0.014881313255521333,761.5792760944374
4.95,29.0,4.95,3.5151515151515147,6.181818181818182,9.696969696969695,-2.666666666666667,0.42171557380427704,2,True,True,True,True,9.920677243933008,0.432879390839616,0.9919482646925383,0.0008699162804216786,-0.004777060616508224,0.0004622505973489145,0.004777060616508224,0.0004622505973489145,1317.5930797874769,45.86208144900926,2.0,24.502499999999998,28,0.0028900849268573836,8.543393748940489e-05,4.4478143875817295,0.029561047391885444,1538.9908947825238
5.05,26.0,4.9,3.0891089108910896,6.612244897959185,9.701353808850275,-3.523135987068095,0.3491335917144329,2,True,True,True,True,9.925061355813588,0.432879390839616,0.9919858336903778,0.0008645337244843484,-0.004756025898445378,0.0004595116845447301,0.004756025898445378,0.0004595116845447301,1318.7027210329372,45.83054036262529,2.0,24.495062500000003,29,0.004384111880579411,2.1034718062846666e-05,1.1096412454603524,0.004797942807076968,253.1051386657816
5.05,39.0,4.85,4.633663366336634,5.072164948453608,9.705828314790242,-0.43850158211697376,0.41232115195575253,3,True,True,True,True,9.929535861753555,0.432879390839616,0.9920226003713809,0.0008593027285151266,-0.004735435007043534,0.000456849845363929,0.004735435007043534,0.000456849845363929,1319.7946239241535,45.80107632015885,2.0,24.48775,30,0.004474505939967344,2.059089140184385e-05,1.0919028912162503,0.0046018245764121455,244.02758781994584
5.0,63.0,4.75,7.56,2.1473684210526316,9.707368421052632,5.412631578947368,0.29906545591866335,5,True,True,True,True,9.931075968015945,0.432879390839616,0.9920512362248051,0.0008552537419615905,-0.004719394013599027,0.0004547894581987942,0.004719394013599027,0.0004547894581987942,1320.6491779509383,45.779109935969146,2.0,24.48203125,31,0.001540106262389429,1.6040993444506498e-05,0.8545540267848537,0.010415510823012546,554.8669255191772
5.0,35.0,4.9,4.2,5.5102040816326525,9.710204081632654,-1.3102040816326523,0.4398322971728832,2,True,True,True,True,9.933911628595967,0.432879390839616,0.9922433442788978,0.0008286666911413639,-0.004611695593056791,0.00044126020174611625,0.004611695593056791,0.00044126020174611625,1326.4776527284228,45.655151822305164,2.0,24.443125000000002,32,0.002835660580021937,0.00010769842054223627,5.828474777484416,0.0379800111836386,2055.42046130194
5.0,34.0,4.9,4.08,5.63265306122449,9.71265306122449,-1.5526530612244898,0.4302573135280608,2,True,True,True,True,9.936360608187803,0.432879390839616,0.9923034698706749,0.0008205537862498851,-0.004577957598385321,0.0004371320056008844,0.004577957598385321,0.0004371320056008844,1328.3369157377838,45.625202925031026,2.0,24.430750000000003,33,0.00244897959183632,3.373799467147002e-05,1.8592630093610296,0.013776347824185924,759.1990621558823
5.0,33.0,4.9,3.96,5.755102040816326,9.715102040816326,-1.7951020408163263,0.42110301824429686,2,True,True,True,True,9.93880958777964,0.432879390839616,0.9923631293998965,0.0008126030101329433,-0.004544466422321335,0.0004330865071072113,0.004544466422321335,0.0004330865071072113,1330.1987847910016,45.59991450610546,2.0,24.418375000000005,34,0.00244897959183632,3.349117606398638e-05,1.861869053217788,0.013675563559463422,760.2631967307254
5.0,32.0,4.9,3.84,5.877551020408163,9.717551020408163,-2.037551020408163,0.41239742727930917,2,True,True,True,True,9.941258567371476,0.432879390839616,0.9924223264792391,0.0008048121717969235,-0.0045112202592025325,0.0004291226494096811,0.0045112202592025325,0.0004291226494096811,1332.0632635408483,45.57933493860627,2.0,24.406000000000002,35,0.00244897959183632,3.3246163118802116e-05,1.8644787498467394,0.013575516606846496,761.3288228542142
5.0,31.0,4.9,3.72,5.999999999999999,9.719999999999999,-2.279999999999999,0.4041695362107263,2,True,True,True,True,9.943707546963312,0.432879390839616,0.9924810646933756,0.0007971790782764444,-0.004478217316576409,0.00042523937264749706,0.004478217316576409,0.00042523937264749706,1333.9303556452167,45.563511463704465,2.0,24.393625000000004,36,0.00244897959183632,3.3002942626123716e-05,1.8670921043683393,0.013476201572336133,762.395942617201
5.0,30.0,4.9,3.6,6.122448979591836,9.722448979591837,-2.5224489795918363,0.3964490886571163,2,True,True,True,True,9.94615652655515,0.432879390839616,0.992539347599192,0.0007897015346709014,-0.004445455815103527,0.0004214356139695641,0.004445455815103527,0.0004214356139695641,1335.8000647671258,45.552490140141714,2.0,24.38125,37,0.0024489795918380963,3.2761501472881524e-05,1.8697091219091817,0.013377613101419184,763.4645581124914
5.0,29.0,4.9,3.4799999999999995,6.244897959183674,9.724897959183673,-2.764897959183674,0.38926627867744523,2,True,True,True,True,9.948605506146986,0.432879390839616,0.9925971787260036,0.0007823773442223364,-0.004412933988461704,0.0004177103075715082,0.004412933988461704,0.0004177103075715082,1337.6723945747294,45.54631579492038,2.0,24.368875000000003,38,0.00244897959183632,3.2521826641823334e-05,1.8723298076035917,0.013279745878746778,764.5346714382628
5.0,28.0,4.9,3.3600000000000003,6.36734693877551,9.727346938775511,-3.00734693877551,0.3826513837107855,2,True,True,True,True,9.951054485738824,0.432879390839616,0.992654561575768,0.0007752043084343949,-0.004380650083250688,0.0004140623847549967,0.004380650083250688,0.0004140623847549967,1339.5473487413228,45.54503197544689,2.0,24.356500000000004,39,0.0024489795918380963,3.228390521101566e-05,1.8749541665933975,0.013182594627824064,765.6062846918783
5.05,33.0,4.85,3.920792079207921,5.814432989690722,9.735225068898643,-1.8936409104828011,0.39215053946573303,2,True,True,True,True,9.958932615861956,0.432879390839616,0.9927338083929397,0.0007654535801937282,-0.004336041965523539,0.000409104493100652,0.004336041965523539,0.000409104493100652,1342.1653069117654,45.55148171030367,2.0,24.339249999999996,40,0.007878130123131655,4.460811772714901e-05,2.6179581704425345,0.005662272268919662,332.30704869366434
5.0,58.0,4.75,6.959999999999999,2.7789473684210524,9.738947368421051,4.181052631578947,0.37662370388104116,5,True,True,True,True,9.962654915384364,0.432879390839616,0.9927773697631557,0.0007601707908516206,-0.004311509549099324,0.00040641891152035873,0.004311509549099324,0.00040641891152035873,1343.6187699786224,45.55922685135698,2.0,24.3296875,41,0.0037222995224084343,2.4532416424215275e-05,1.4534630668570117,0.006590661572645852,390.4745059088043
5.05,32.0,4.85,3.801980198019802,5.938144329896907,9.74012452791671,-2.1361641318771056,0.38278705784731276,2,True,True,True,True,9.963832074880022,0.432879390839616,0.9928460193343746,0.0007519570209933253,-0.00427283126574206,0.0004022441707824138,0.00427283126574206,0.0004022441707824138,1345.930447128457,45.57769534571573,2.0,24.3145,42,0.0011771594956577758,3.867828335726419e-05,2.3116771498346225,0.03285730056117116,1963.7756466832036
5.0,42.0,4.85,5.04,4.701030927835052,9.741030927835052,0.3389690721649483,0.4395370566144763,3,True,True,True,True,9.964738474798365,0.432879390839616,0.9929190274402387,0.0007433720689227416,-0.004231674324360917,0.0003978820288443515,0.004231674324360917,0.0003978820288443515,1348.417789842185,45.606032052453564,2.0,24.298187499999997,43,0.0009063999183425153,4.1156941381142835e-05,2.4873427137279123,0.04540704444943498,2744.2000637824217
5.0,41.0,4.85,4.92,4.824742268041238,9.744742268041238,0.09525773195876219,0.4361612426224567,3,True,True,True,True,9.96844981500455,0.432879390839616,0.9930007871451279,0.0007339426874468084,-0.004185555394276743,0.0003930925385353251,0.004185555394276743,0.0003930925385353251,1351.2394679924853,45.64884099263534,2.0,24.279718749999997,44,0.003711340206185909,4.6118930084174115e-05,2.821678150300386,0.012426489494901324,760.285501608645
5.0,40.0,4.85,4.8,4.948453608247423,9.748453608247424,-0.14845360824742304,0.43337965447939264,3,True,True,True,True,9.972161155210737,0.432879390839616,0.9930816028201838,0.0007248146294824833,-0.004139939091651358,0.0003884580903946235,0.004139939091651358,0.0003884580903946235,1354.0670507427133,45.70314817916976,2.0,24.261249999999997,45,0.003711340206185909,4.561630262538488e-05,2.8275827502279753,0.012291059318505349,761.8764632558009
5.0,39.0,4.85,4.680000000000001,5.072164948453608,9.752164948453608,-0.3921649484536074,0.43120379194697933,3,True,True,True,True,9.97587249541692,0.432879390839616,0.9931614853655479,0.0007159805733188722,-0.004094819938596163,0.00038397506899827313,0.004094819938596163,0.00038397506899827313,1356.9005504487425,45.7690569005219,2.0,24.24278125,46,0.0037113402061841327,4.511915305519497e-05,2.8334997060292153,0.012157105128765566,763.4707541248337
4.95,69.0,4.75,8.363636363636363,1.3894736842105262,9.753110047846889,6.974162679425837,0.19860349453396423,5,True,True,True,True,9.976817594810202,0.432879390839616,0.9931916545029368,0.0007126930993443481,-0.004077772127724821,0.0003823073786575444,0.004077772127724821,0.0003823073786575444,1357.98085170093,45.797218345692635,2.0,24.235750000000003,47,0.0009450993932809126,1.7047810871342363e-05,1.0803012521876099,0.018038114289927628,1143.0557038422635
4.95,71.0,4.7,8.606060606060604,1.1489361702127658,9.75499677627337,7.457124435847838,0.17541696590322425,5,True,True,True,True,9.978704323236682,0.432879390839616,0.9932115598864599,0.0007105387338016422,-0.004066521769832574,0.0003812146902123174,0.004066521769832574,0.0003812146902123174,1358.696724528596,45.81680301833618,2.0,24.23109375,48,0.0018867284264807438,1.1250357892247063e-05,0.7158728276658621,0.00596289202746153,379.42547407374235
4.95,33.0,4.9,4.0,5.755102040816326,9.755102040816325,-1.7551020408163263,0.4411811094834391,2,True,True,True,True,9.978809587779638,0.432879390839616,0.9932876999454032,0.0007024058953112182,-0.004023470811355803,0.00037709120253894365,0.004023470811355803,0.00037709120253894365,1361.4580454288023,45.89924431149286,2.0,24.213156250000004,49,0.00010526454295600729,4.305095847677038e-05,2.7613209002063286,0.4089787241537016,26232.203386475107
4.95,32.0,4.9,3.8787878787878785,5.877551020408163,9.756338899196042,-1.9987631416202842,0.43287949526071895,2,True,True,True,True,9.980046446159355,0.432879390839616,0.9933136343079991,0.0006996747852692875,-0.00400880078018365,0.00037570703892420275,0.00400880078018365,0.00037570703892420275,1362.407039115431,45.93010766300672,2.0,24.207000000000004,50,0.0012368583797162103,1.4670031172153014e-05,0.9489936866286826,0.011860720202679116,767.2613956388633
4.95,31.0,4.9,3.757575757575758,5.999999999999999,9.757575757575758,-2.2424242424242413,0.42504827183671184,2,True,True,True,True,9.98128330453907,0.432879390839616,0.9933394684678093,0.0006969739589190862,-0.003994184237609945,0.0003743385177109732,0.003994184237609945,0.0003743385177109732,1363.3566942906896,45.96228855453905,2.0,24.200843750000004,51,0.0012368583797162103,1.4616542573704996e-05,0.9496551752586129,0.01181747467083392,767.7962091961616
4.95,30.0,4.9,3.6363636363636362,6.122448979591836,9.758812615955472,-2.4860853432282,0.4177138964502375,2,True,True,True,True,9.982520162918785,0.432879390839616,0.9933652028119881,0.0006943031468253315,-0.0039796209886091794,0.00037298550460897515,0.0039796209886091794,0.00037298550460897515,1364.3070114156624,45.99578969775525,2.0,24.194687500000004,52,0.001236858379714434,1.4563249000765742e-05,0.9503171249727984,0.011774386817129466,768.3313955411838
4.95,54.0,4.85,6.545454545454547,3.2164948453608253,9.761949390815372,3.3289597000937214,0.43427733237397004,5,True,True,True,True,9.985656937778685,0.432879390839616,0.993409642762337,0.0006897369946739529,-0.003954464591594162,0.0003706730526484473,0.003954464591594162,0.0003706730526484473,1365.9583739910831,46.05709220796267,2.0,24.183999999999997,53,0.003136774859900271,2.5156397015017352e-05,1.6513625754207624,0.008019828689846476,526.4523751868073
4.95,62.0,4.8,7.515151515151516,2.25,9.765151515151516,5.265151515151516,0.3054603973594141,5,True,True,True,True,9.988859062114829,0.432879390839616,0.9934532704819538,0.0006853109520235731,-0.003929758667583255,0.0003684324842377569,0.003929758667583255,0.0003684324842377569,1367.5923862605996,46.121607478375964,2.0,24.1734375,54,0.0032021243361430862,2.4705924010906717e-05,1.634012269516461,0.007715479293556931,510.2900755829506
5.0,35.0,4.85,4.2,5.567010309278351,9.767010309278351,-1.367010309278351,0.42870356949901645,3,True,True,True,True,9.990717856241664,0.432879390839616,0.993471897878302,0.0006834382878303525,-0.003919207340218751,0.0003674847871734106,0.003919207340218751,0.0003674847871734106,1368.2939668544464,46.150484488550674,2.0,24.16890625,55,0.001858794126835761,1.0551327364504565e-05,0.7015805938467565,0.005676436788869226,377.43856821898953
4.95,66.0,4.75,8.0,1.7684210526315791,9.76842105263158,6.231578947368421,0.24412951504990324,5,True,True,True,True,9.992128599594892,0.432879390839616,0.993496098183845,0.000681020628175486,-0.003905496748731903,0.00036626155149542696,0.003905496748731903,0.00036626155149542696,1369.2089812050779,46.189208105374206,2.0,24.163,56,0.0014107433532277724,1.3710591486847893e-05,0.9150143506315089,0.009718700042412492,648.6044031594844
4.95,61.0,4.8,7.393939393939394,2.375,9.768939393939394,5.018939393939394,0.321324785712454,5,True,True,True,True,9.992646940902707,0.432879390839616,0.9935280985858288,0.0006778501932332102,-0.0038873626203801046,0.0003646579155251213,0.0038873626203801046,0.0003646579155251213,1370.4251049712861,46.24253392818146,2.0,24.15515625,57,0.000518341307815362,1.813412835179832e-05,1.216123766208284,0.0349849183894444,2346.183388960153
5.0,34.0,4.85,4.08,5.690721649484537,9.770721649484537,-1.610721649484537,0.421311793464802,2,True,True,True,True,9.99442919644785,0.432879390839616,0.9935472739228286,0.0006759648320663527,-0.0038764938335888927,0.0003637045461445064,0.0038764938335888927,0.0003637045461445064,1371.1572375844426,46.275659802300495,2.0,24.150437499999995,58,0.0017822555451427746,1.0868786791211858e-05,0.7321326131564092,0.006098332430965264,410.7899201950632
4.95,60.0,4.8,7.2727272727272725,2.5,9.772727272727273,4.7727272727272725,0.3372397832305698,5,True,True,True,True,9.996434819690586,0.432879390839616,0.9936020714160723,0.0006706365636067922,-0.0038454239612688177,0.00036101132629719245,0.0038454239612688177,0.00036101132629719245,1373.2636911431935,46.37525003688314,2.0,24.136875000000003,59,0.002005623242736121,3.1069872320075e-05,2.1064535587509,0.015491380264265742,1050.2738070971016
5.0,33.0,4.85,3.96,5.814432989690722,9.774432989690723,-1.8544329896907223,0.4119587642502591,2,True,True,True,True,9.998140536654036,0.432879390839616,0.993621779645785,0.0006687417624089702,-0.003834245840388237,0.0003600540008348111,0.003834245840388237,0.0003600540008348111,1374.026499950353,46.412880416465164,2.0,24.13196875,60,0.0017057169634497882,1.1178120880580861e-05,0.7628088071594448,0.006553326911853694,447.20714133995295
4.95,59.0,4.8,7.151515151515151,2.625,9.776515151515152,4.526515151515151,0.3531985486885711,5,True,True,True,True,10.000222698478465,0.432879390839616,0.9936751987483293,0.0006636630980179348,-0.0038039377557358913,0.0003574892186806997,0.0038039377557358913,0.0003574892186806997,1376.1081569297032,46.51980044648047,2.0,24.11859375,61,0.0020821618244291074,3.030808465234562e-05,2.0816569793503277,0.014556065862294623,999.7575380199288
5.0,32.0,4.85,3.84,5.938144329896907,9.778144329896907,-2.0981443298969076,0.4030557151247667,2,True,True,True,True,10.00185187686022,0.432879390839616,0.9936954250962478,0.0006617619073389754,-0.0037924582872156266,0.00035652954753612865,0.0037924582872156266,0.00035652954753612865,1376.901766490181,46.56219009464228,2.0,24.1135,62,0.0016291783817550254,1.1479468520264689e-05,0.793609560477762,0.00704617041867354,487.12257010361844
4.95,58.0,4.8,7.030303030303029,2.75,9.78030303030303,4.280303030303029,0.3691954064179131,5,True,True,True,True,10.004010577266342,0.432879390839616,0.9937474902465108,0.0006569228705883364,-0.0037628991225036866,0.0003540881065523905,0.0037628991225036866,0.0003540881065523905,1378.958514509363,46.676221459917684,2.0,24.1003125,63,0.002158700406122094,2.9559164711940016e-05,2.0567480191821232,0.013693037082918018,952.7714051237343
5.0,31.0,4.85,3.72,6.061855670103093,9.781855670103093,-2.3418556701030924,0.39463310234816534,2,True,True,True,True,10.005563217066406,0.432879390839616,0.9937682202072627,0.0006550181377474678,-0.0037511261559624288,0.00035312759561721897,0.0037511261559624288,0.00035312759561721897,1379.7830497681716,46.723623923511084,2.0,24.095031249999998,64,0.0015526398000638153,1.1772966541257791e-05,0.8245352588085098,0.007582548470529938,531.0537954615232
4.95,63.0,4.75,7.636363636363636,2.1473684210526316,9.783732057416268,5.488995215311004,0.29084790096281443,5,True,True,True,True,10.00743960437958,0.432879390839616,0.9937869282849364,0.0006533098893607157,-0.003740499561182143,0.00035226641010557,0.003740499561182143,0.00035226641010557,1380.5299477267768,46.76739553296344,2.0,24.090249999999997,65,0.0018763873131746323,1.0626594780285912e-05,0.7468979586051319,0.0056633269185277805,398.0510598003704
4.95,57.0,4.8,6.909090909090908,2.8750000000000004,9.784090909090908,4.034090909090908,0.38522561099507285,5,True,True,True,True,10.007798456054221,0.432879390839616,0.9938189554640708,0.0006504090001934872,-0.0037223032329559715,0.0003508045185617952,0.0037223032329559715,0.0003508045185617952,1381.8147760859517,46.8445410860983,2.0,24.08203125,66,0.000358851674640448,1.819632822617134e-05,1.2848283591749805,0.05070710132369643,3580.3883609079335
5.0,30.0,4.85,3.6,6.185567010309279,9.78556701030928,-2.5855670103092785,0.3867223181627898,2,True,True,True,True,10.009274557272592,0.432879390839616,0.9938401747971849,0.0006485033727621697,-0.0037102444832099123,0.0003498445707254751,0.0037102444832099123,0.0003498445707254751,1382.6703623748538,46.897208369015914,2.0,24.076562499999998,67,0.0014761012183708289,1.2058749746059194e-05,0.8555862889020318,0.0081693244311311,579.6257588936492
4.95,56.0,4.8,6.787878787878788,3.0,9.787878787878789,3.787878787878788,0.4012851661038946,5,True,True,True,True,10.011586334842102,0.432879390839616,0.9938896038452687,0.0006441146560664318,-0.0036821453105698827,0.00034763500121855363,0.0036821453105698827,0.00034763500121855363,1384.676953888525,47.02477911528635,2.0,24.06375,68,0.002311777569509843,2.8099172640029622e-05,2.00659151367131,0.012154790759557105,867.9864101704039
4.95,55.0,4.8,6.666666666666666,3.125,9.791666666666666,3.541666666666666,0.4173706837160432,5,True,True,True,True,10.015374213629979,0.432879390839616,0.9939594447264176,0.0006380330634596008,-0.0036424206303538875,0.00034457612202306285,0.0036424206303538875,0.00034457612202306285,1387.545060171465,47.216947223902366,2.0,24.04546875,69,0.003787878787877119,3.972468021599517e-05,2.8681062829398343,0.010487315577027345,757.1800586964498
4.95,61.0,4.75,7.393939393939394,2.4,9.793939393939393,4.993939393939394,0.3224005872959566,5,True,True,True,True,10.017646940902706,0.432879390839616,0.993973553669313,0.000636821389079003,-0.003634392490754823,0.0003439671236012181,0.003634392490754823,0.0003439671236012181,1388.1292136632069,47.25749853385096,2.0,24.04175,70,0.002272727272726982,8.028139599064715e-06,0.5841534917419722,0.0035323814235889263,257.0275363665006
4.95,54.0,4.8,6.545454545454547,3.2500000000000004,9.795454545454547,3.2954545454545463,0.43347927359705263,5,True,True,True,True,10.01916209241786,0.432879390839616,0.9940284873371179,0.0006321575093246816,-0.0036031245182918184,0.0003416244726187903,0.0036031245182918184,0.0003416244726187903,1390.4191072145431,47.42104910761935,2.0,24.0271875,71,0.0015151515151536898,3.126797246300441e-05,2.289893551336263,0.02063686182555329,1511.3297438797645
4.95,60.0,4.75,7.2727272727272725,2.526315789473684,9.799043062200957,4.746411483253588,0.3382649733109016,5,True,True,True,True,10.02275060916427,0.432879390839616,0.9940647535544526,0.0006291252133248349,-0.0035824730802161793,0.0003401026606115967,0.0035824730802161793,0.0003401026606115967,1391.9445188659895,47.53404205892141,2.0,24.017500000000002,72,0.003588516746409809,2.0651438075639135e-05,1.5254116514463476,0.005754867410414124,425.0813802032472
4.95,59.0,4.75,7.151515151515151,2.6526315789473682,9.80414673046252,4.498883572567783,0.35417754809041213,5,True,True,True,True,10.027854277425833,0.432879390839616,0.9941545732864151,0.0006217737505045184,-0.0035312953686540537,0.00033641780122063773,0.0035312953686540537,0.00033641780122063773,1395.7703105232395,47.83156673407788,2.0,23.99325,73,0.005103668261563499,5.1177711562125534e-05,3.8257916572499653,0.010027632859202988,749.6160528423416
4.95,63.0,4.7,7.636363636363636,2.170212765957447,9.806576402321083,5.466150870406189,0.2943977986013905,5,True,True,True,True,10.030283949284396,0.432879390839616,0.994167080369204,0.0006207678731699559,-0.003524165547283076,0.0003359141519867686,0.003524165547283076,0.0003359141519867686,1396.3085377869218,47.875036766577175,2.0,23.98984375,74,0.0024296718585627985,7.129821370977559e-06,0.5382272636823018,0.0029344791338180936,221.5226149924107
4.95,58.0,4.75,7.030303030303029,2.7789473684210524,9.809250398724082,4.251355661881977,0.3701320965489366,5,True,True,True,True,10.032957945687395,0.432879390839616,0.9942430337514417,0.0006147517860409231,-0.003480848760467198,0.0003329047788961205,0.003480848760467198,0.0003329047788961205,1399.6066174572138,48.15003308810164,2.0,23.969,75,0.002673996402998924,4.331678681587835e-05,3.2980796702920543,0.016199268917227404,1233.3897183231857
4.95,34.0,4.85,4.121212121212121,5.690721649484537,9.811933770696658,-1.569509528272416,0.4413803877644652,2,True,True,True,True,10.035641317659971,0.432879390839616,0.9943506191366339,0.0006064984639863918,-0.003419436691101769,0.00032878513796919396,0.003419436691101769,0.00032878513796919396,1404.3671581862595,48.5728965341583,2.0,23.938999999999997,76,0.0026833719725765093,6.141206936542904e-05,4.760540729045715,0.022886155923609295,1774.0890110269575
4.95,33.0,4.85,4.0,5.814432989690722,9.814432989690722,-1.8144329896907223,0.432461608507833,2,True,True,True,True,10.038140536654035,0.432879390839616,0.9943939695886366,0.0006032603556664289,-0.003394672726943442,0.0003271719084942218,0.003394672726943442,0.0003271719084942218,1406.315698359102,48.75471791143848,2.0,23.92675,77,0.002499218994064023,2.4763964158326657e-05,1.9485401728425131,0.00990868115885177,779.6596366587141
4.95,32.0,4.85,3.8787878787878785,5.938144329896907,9.816932208684786,-2.059356451109029,0.42398930279585917,2,True,True,True,True,10.0406397556481,0.432879390839616,0.9944369873914988,0.0006000960300840538,-0.003370088106336768,0.00032559724701818537,0.003370088106336768,0.00032559724701818537,1408.2669421047137,48.941827390043436,2.0,23.9145,78,0.002499218994064023,2.4584620606673928e-05,1.9512437456116913,0.009836921320246711,780.7414037129817
4.9,60.0,4.85,7.346938775510203,2.4742268041237114,9.821165579633915,4.872711971386492,0.3331074725834121,5,True,True,True,True,10.044873126597228,0.432879390839616,0.9945284901896161,0.000593524899601277,-0.003317758580354382,0.00032233339443594957,0.003317758580354382,0.00032233339443594957,1412.4772839047312,49.36256514159861,2.0,23.888125000000002,79,0.004233370949128457,5.232952598238638e-05,4.2103418000174315,0.012361195513272869,994.5600918540422
4.9,59.0,4.85,7.224489795918367,2.597938144329897,9.822427940248264,4.6265516515884695,0.3492551097596424,5,True,True,True,True,10.046135487211577,0.432879390839616,0.9945494162903956,0.000592052214383554,-0.0033057842455849113,0.0003216031258159743,0.0033057842455849113,0.0003216031258159743,1413.4518412102993,49.46323294212243,2.0,23.882031250000004,80,0.0012623606143495891,1.197433476947049e-05,0.9745573055681689,0.00948566885987652,772.0118122271216
4.9,58.0,4.85,7.10204081632653,2.7216494845360826,9.823690300862612,4.380391331790447,0.36542463657722224,5,True,True,True,True,10.047397847825925,0.432879390839616,0.9945702623581114,0.0005905961555426737,-0.0032938531281532,0.00032088155974019405,0.0032938531281532,0.00032088155974019405,1414.4270709245177,49.565194725125224,2.0,23.875937500000006,81,0.0012623606143478128,1.1931117431711238e-05,0.9752297142183579,0.009451433525494886,772.5444719472665
4.9,57.0,4.85,6.979591836734692,2.8453608247422686,9.82495266147696,4.134231011992424,0.3816132705554592,5,True,True,True,True,10.048660208440273,0.432879390839616,0.9945910286988543,0.000589156506375905,-0.003281965072080778,0.00032016858419536923,0.003281965072080778,0.00032016858419536923,1415.402973511323,49.66844820594929,2.0,23.86984375,82,0.0012623606143478128,1.1888056072422142e-05,0.9759025868052049,0.00941732175204468,773.0774991814809
4.9,56.0,4.85,6.857142857142857,2.9690721649484537,9.826215022091311,3.888070692194403,0.39781867908952845,5,True,True,True,True,10.049922569054624,0.432879390839616,0.9946117156175448,0.0005877330515704723,-0.0032701199219521667,0.00031946408782438073,0.0032701199219521667,0.00031946408782438073,1416.3795494349704,49.77299103343986,2.0,23.863750000000003,83,0.0012623606143513655,1.1845150128611277e-05,0.9765759236474878,0.009383333093529404,773.6108941811992
4.9,55.0,4.85,6.73469387755102,3.0927835051546393,9.82747738270566,3.641910372396381,0.41403889252472925,5,True,True,True,True,10.051184929668972,0.432879390839616,0.994632323417937,0.0005863255772186308,-0.0032583175229127562,0.00031876795993519494,0.0032583175229127562,0.00031876795993519494,1417.3567991600373,49.87882079126955,2.0,23.857656250000005,84,0.0012623606143478128,1.1802399039410449e-05,0.9772497250669403,0.009349467105727195,774.1446572078198
4.9,54.0,4.85,6.612244897959185,3.2164948453608253,9.82873974332001,3.3957500525983595,0.430272236538375,5,True,True,True,True,10.052447290283324,0.432879390839616,0.9946528524026232,0.00058493387083229,-0.0032465577206668497,0.00031808009050963846,0.0032465577206668497,0.00031808009050963846,1418.3347231514258,49.98593499927373,2.0,23.8515625,85,0.0012623606143513655,1.17598022459065e-05,0.9779239913884794,0.00931572334578024,774.6787885100192
4.9,71.0,4.75,8.693877551020407,1.1368421052631579,9.830719656283565,7.557035445757249,0.15884251862050922,5,True,True,True,True,10.054427203246878,0.432879390839616,0.994667647509277,0.0005839372634517583,-0.0032380809281268197,0.0003175877908312906,0.0032380809281268197,0.0003175877908312906,1419.0422577251559,50.06418553512681,2.0,23.847156250000005,86,0.0019799129635540424,8.476792540030014e-06,0.7075345737300722,0.004281396554328201,357.3564024046857
4.9,66.0,4.8,8.081632653061224,1.7500000000000002,9.831632653061224,6.331632653061224,0.2354656991257141,5,True,True,True,True,10.055340200024537,0.432879390839616,0.9946907546800502,0.0005823913807141852,-0.003224839117949334,0.00031682464646784865,0.003224839117949334,0.00031682464646784865,1420.1519405704782,50.18817971035052,2.0,23.840250000000005,87,0.000912996777659103,1.3241810177485637e-05,1.109682845322368,0.01450367679438831,1215.429092934547
4.9,65.0,4.8,7.959183673469387,1.875,9.834183673469386,6.084183673469387,0.25147107057212126,5,True,True,True,True,10.0578912204327,0.432879390839616,0.9947310809704888,0.0005797242897202708,-0.0032017219090704594,0.0003155094271446569,0.0032017219090704594,0.0003155094271446569,1422.1022615681097,50.409836229050676,2.0,23.828125000000004,88,0.0025510204081626853,2.3117208878874716e-05,1.9503209976314793,0.00906194588052095,764.5258310717137
4.9,64.0,4.8,7.83673469387755,2.0,9.836734693877549,5.83673469387755,0.2675234440692631,5,True,True,True,True,10.060442240840862,0.432879390839616,0.9947711009632141,0.0005771156313321863,-0.0031787704155425843,0.0003142248324461604,0.0031787704155425843,0.0003142248324461604,1424.0552609777358,50.636526941322906,2.0,23.816000000000003,89,0.0025510204081626853,2.295149352787504e-05,1.9529994096260452,0.00899698546292906,765.5757685735838
4.9,69.0,4.75,8.448979591836734,1.3894736842105262,9.838453276047261,7.059505907626208,0.18968590923678547,5,True,True,True,True,10.062160823010574,0.432879390839616,0.994787617829312,0.0005760499473177716,-0.003169295096057707,0.0003137005852963851,0.003169295096057707,0.0003137005852963851,1424.8664422206432,50.732064484892334,2.0,23.810968750000004,90,0.0017185821697118797,9.475319484877464e-06,0.8111812429074234,0.00551345152525701,472.0060857162378
4.9,63.0,4.8,7.7142857142857135,2.1250000000000004,9.839285714285714,5.5892857142857135,0.28361483889376365,5,True,True,True,True,10.062993261249026,0.432879390839616,0.9948108169847057,0.0005745638050639122,-0.0031559834494378084,0.00031297003085939895,0.0031559834494378084,0.00031297003085939895,1426.010942477671,50.8682293731612,2.0,23.803875000000005,91,0.0008324382384525819,1.3311646619898476e-05,1.1445002570278575,0.01599115226211073,1374.8770829597727
4.9,62.0,4.8,7.591836734693878,2.25,9.841836734693878,5.341836734693878,0.29973897056748366,5,True,True,True,True,10.065544281657191,0.432879390839616,0.9948502313437724,0.0005720672342292251,-0.0031333598313438497,0.0003117442023755151,0.0031333598313438497,0.0003117442023755151,1427.9693097512807,51.10492021689758,2.0,23.79175,92,0.0025510204081644616,2.2623618093958655e-05,1.9583672736096105,0.008868458292827635,767.6799712546073
4.9,61.0,4.8,7.469387755102041,2.375,9.84438775510204,5.094387755102041,0.3158908261330774,5,True,True,True,True,10.068095302065354,0.432879390839616,0.9948893463316865,0.0005696243662646564,-0.0031108983903030654,0.0003105465386919531,0.0031108983903030654,0.0003105465386919531,1429.930366486985,51.34657537377092,2.0,23.779625000000003,93,0.0025510204081626853,2.2461441040784284e-05,1.9610567357042328,0.008804884887989441,768.734240396234
4.9,67.0,4.75,8.204081632653061,1.642105263157895,9.846186895810956,6.5619763694951665,0.2210893536390233,5,True,True,True,True,10.069894442774268,0.432879390839616,0.994904888988383,0.0005686631476958122,-0.00310197046610134,0.0003100757851874648,0.00310197046610134,0.0003100757851874648,1430.7145309549585,51.44449504606932,2.0,23.774781250000004,94,0.0017991407089148481,8.927924201725286e-06,0.7841644679735964,0.004962326824959769,435.8549968259933
4.9,60.0,4.8,7.346938775510203,2.5,9.846938775510203,4.846938775510203,0.33206636010786367,5,True,True,True,True,10.070646322473516,0.432879390839616,0.9949281642223168,0.000567233673022902,-0.00308859796375177,0.00030937624339931577,0.00308859796375177,0.00030937624339931577,1431.8941163782736,51.59316999638051,2.0,23.767500000000005,95,0.0007518796992478372,1.3372502349570138e-05,1.1795854233150749,0.01778542812493498,1568.8486130096403
4.9,59.0,4.8,7.224489795918367,2.625,9.849489795918366,4.599489795918367,0.34826227317583025,5,True,True,True,True,10.073197342881679,0.432879390839616,0.9949666872722612,0.0005648936510368586,-0.0030664573974601038,0.0003082325321525212,0.0030664573974601038,0.0003082325321525212,1433.8605631237083,51.844678530934985,2.0,23.755375000000004,96,0.0025510204081626853,2.2140566291666258e-05,1.9664467454347232,0.008679101986335147,770.8471242105868
4.9,58.0,4.8,7.10204081632653,2.75,9.852040816326529,4.35204081632653,0.36447584864016946,5,True,True,True,True,10.075748363289842,0.432879390839616,0.9950049177209775,0.0005626028217547327,-0.0030444755454722954,0.00030711463282661147,0.0030444755454722954,0.00030711463282661147,1435.8297104269275,52.101074759191796,2.0,23.743250000000003,97,0.0025510204081626853,2.198185198780834e-05,1.969147303219188,0.008616885979222827,771.9057428620972
4.9,65.0,4.75,7.959183673469387,1.894736842105263,9.85392051557465,6.064446831364124,0.25284426058408377,5,True,True,True,True,10.077628062537963,0.432879390839616,0.9950195217137592,0.0005617358610935251,-0.003036075998266639,0.00030669203500350423,0.003036075998266639,0.00030669203500350423,1436.5866220384282,52.20082943452175,2.0,23.738593750000003,98,0.0018796992481213692,8.399547205656301e-06,0.7569116115007546,0.004468559113406612,402.67697731817253
4.9,57.0,4.8,6.979591836734692,2.8750000000000004,9.854591836734693,4.104591836734691,0.3807048298727123,5,True,True,True,True,10.078299383698006,0.432879390839616,0.995042857790914,0.0005603597317456647,-0.003022651270047336,0.00030602178565676053,0.003022651270047336,0.00030602178565676053,1437.801561996656,52.36233184001297,2.0,23.731125000000002,99,0.0006713211600430924,1.3424728219303163e-05,1.21493995822766,0.019997475155470183,1809.774561775578
4.9,56.0,4.8,6.857142857142857,3.0,9.857142857142858,3.8571428571428568,0.39694732730793636,5,True,True,True,True,10.08085040410617,0.432879390839616,0.995080509687638,0.0005581629528767847,-0.003000983441600094,0.00030495324336309336,0.003000983441600094,0.00030495324336309336,1439.7761215467144,52.628422350463644,2.0,23.719,100,0.0025510204081644616,2.166782844724175e-05,1.9745595500585296,0.008493788751314783,774.0273436225806
4.9,55.0,4.8,6.73469387755102,3.125,9.85969387755102,3.6096938775510203,0.4132017470285926,5,True,True,True,True,10.083401424514333,0.432879390839616,0.9951178755999646,0.0005560110824615746,-0.002979470938642858,0.00030390827126005547,0.002979470938642858,0.00030390827126005547,1441.7533927960237,52.899318326357026,2.0,23.706875000000004,101,0.0025510204081626853,2.1512502957236196e-05,1.9772712493092968,0.008432901159238506,775.0903297294205
4.9,63.0,4.75,7.7142857142857135,2.1473684210526316,9.861654135338345,5.566917293233082,0.2848331048462569,5,True,True,True,True,10.085361682301658,0.432879390839616,0.9951315753664326,0.0005552290468962152,-0.0029715813119381403,0.00030352893992249835,0.0029715813119381403,0.00030352893992249835,1442.4828139840533,53.000365116769835,2.0,23.702406250000003,102,0.0019602577873243376,7.889626704717708e-06,0.7294211880296189,0.004024790390189797,372.104726606007
4.9,54.0,4.8,6.612244897959185,3.2500000000000004,9.862244897959185,3.3622448979591844,0.429466735335942,5,True,True,True,True,10.085952444922498,0.432879390839616,0.995154957700084,0.0005539027433801842,-0.0029581126477272656,0.00030288614735074043,0.0029581126477272656,0.00030288614735074043,1443.7333794686083,53.174991302208554,2.0,23.694750000000003,103,0.000590762620840124,1.3468664210874656e-05,1.2505654845549543,0.022798775236863935,2116.866302029272
4.85,54.0,4.9,6.680412371134023,3.183673469387755,9.864085840521778,3.4967389017462676,0.430272236538375,5,True,True,True,True,10.08779338748509,0.432879390839616,0.9951968576484181,0.0005515522943844943,-0.0029339683013970465,0.00030174870473411597,0.0029339683013970465,0.00030174870473411597,1445.9922446528562,53.49481475954505,2.0,23.6809375,104,0.0018409425625929288,2.4144346330219092e-05,2.258865184247952,0.01311520892656873,1227.0155680829
4.85,55.0,4.9,6.804123711340207,3.061224489795918,9.865348201136126,3.7428992215442887,0.41403889252472925,5,True,True,True,True,10.089055748099439,0.432879390839616,0.9952152275397993,0.0005505322254433578,-0.002923379128679058,0.00030125575869899317,0.002923379128679058,0.00030125575869899317,1446.989926047016,53.63786096383072,2.0,23.674843749999997,105,0.0012623606143478128,1.0589172717988433e-05,0.9976813941598266,0.008388389654773279,790.3299444075809
4.85,56.0,4.9,6.927835051546393,2.9387755102040813,9.866610561750473,3.9890595413423116,0.39781867908952845,5,True,True,True,True,10.090318108713786,0.432879390839616,0.9952335271744851,0.0005495222637276743,-0.002912828174021854,0.0003007681173400466,0.002912828174021854,0.0003007681173400466,1447.9882958045914,53.78209423755975,2.0,23.66875,106,0.0012623606143478128,1.0550954657204212e-05,0.9983697575753467,0.008358114580955355,790.8752429599093
4.85,57.0,4.9,7.051546391752577,2.816326530612245,9.867872922364821,4.235219861140332,0.3816132705554592,5,True,True,True,True,10.091580469328134,0.432879390839616,0.9952517568211761,0.0005485222455013648,-0.00290231529949017,0.00030028569453388615,0.00290231529949017,0.00030028569453388615,1448.9873544005318,53.92751078747702,2.0,23.66265625,107,0.0012623606143478128,1.0512874531683897e-05,0.9990585959403688,0.008327948774855654,791.4209177514014
4.85,58.0,4.9,7.175257731958763,2.6938775510204076,9.86913528297917,4.4813801809383556,0.36542463657722224,5,True,True,True,True,10.092842829942484,0.432879390839616,0.9952699167475455,0.0005475320086731123,-0.002891840367646589,0.00029980840498176686,0.002891840367646589,0.00029980840498176686,1449.9871023101089,54.074106798406696,2.0,23.6565625,108,0.0012623606143495891,1.047493184358093e-05,0.9997479095770814,0.008297891842085053,791.9669690361699
4.9,60.0,4.75,7.346938775510203,2.526315789473684,9.873254564983888,4.820622986036519,0.3331074725834121,5,True,True,True,True,10.096962111947201,0.432879390839616,0.9952949466570297,0.0005461767609705987,-0.002877399000005276,0.00029915585976326157,0.002877399000005276,0.00029915585976326157,1451.3725075116474,54.279025899911176,2.0,23.648125000000004,109,0.0041192820047175616,1.4441367641313246e-05,1.3854052015385605,0.0035057972784515437,336.32200950358356
4.9,59.0,4.75,7.224489795918367,2.6526315789473682,9.877121374865736,4.571858216970998,0.3492551097596424,5,True,True,True,True,10.100828921829049,0.432879390839616,0.99534817625,0.0005433307446530643,-0.0028466729744716776,0.00029778811923625585,0.0028466729744716776,0.00029778811923625585,1454.3478965370607,54.726014707584305,2.0,23.630031250000005,110,0.0038668098818472885,3.0726025533598256e-05,2.9753890254132784,0.007946091603272601,769.4686618499712
4.9,64.0,4.7,7.83673469387755,2.0425531914893615,9.879287885366912,5.794181502388188,0.27265156560924636,5,True,True,True,True,10.102995432330225,0.432879390839616,0.9953599534204324,0.0005427075383134736,-0.002839872097824809,0.0002974890975256857,0.002839872097824809,0.0002974890975256857,1455.011637496212,54.82699804901237,2.0,23.626000000000005,111,0.002166510501176333,6.800876646868761e-06,0.6637409591512551,0.0031390923991257568,306.36406275938606
4.9,58.0,4.75,7.10204081632653,2.7789473684210524,9.880988184747583,4.323093447905477,0.36542463657722224,5,True,True,True,True,10.104695731710896,0.432879390839616,0.9954008036416007,0.000540563569239099,-0.0028162750538151143,0.000296461737565344,0.0028162750538151143,0.000296461737565344,1457.3293852645165,55.183219003036356,2.0,23.611937500000003,112,0.0017002993806709554,2.3597044009694527e-05,2.317747768304571,0.013878170090483062,1363.1409824956615
4.9,63.0,4.7,7.7142857142857135,2.170212765957447,9.88449848024316,5.5440729483282665,0.2884570330971816,5,True,True,True,True,10.108206027206473,0.432879390839616,0.9954294540738461,0.0005390758898024782,-0.0027997181417053745,0.0002957501015080963,0.0027997181417053745,0.0002957501015080963,1458.969486387022,55.43863479328023,2.0,23.602000000000004,113,0.0035102954955767984,1.655691210973977e-05,1.6401011225054845,0.00471667189574284,467.2259428222265
4.9,57.0,4.75,6.979591836734692,2.905263157894737,9.884854994629428,4.074328678839955,0.3816132705554592,5,True,True,True,True,10.108562541592741,0.432879390839616,0.9954528356447052,0.0005378713065497877,-0.0027862017343995636,0.00029517464047874333,0.0027862017343995636,0.00029517464047874333,1460.3169861987262,55.650535634496435,2.0,23.593843750000005,114,0.0003565143862687137,1.3516407305810916e-05,1.3474998117042105,0.03791265605653082,3779.6505936469184
4.9,66.0,4.65,8.081632653061224,1.8064516129032258,9.88808426596445,6.275181040157998,0.2483481073923671,5,True,True,True,True,10.111791812927763,0.432879390839616,0.9954575689958325,0.0005376284736294325,-0.00278346500439719,0.0002950587153623612,0.00278346500439719,0.0002950587153623612,1460.5907684131548,55.69381403372524,2.0,23.592187500000005,115,0.0032292713350212665,2.736730002373799e-06,0.27378221442859285,0.0008474760150050309,84.78142157317042
4.9,56.0,4.75,6.857142857142857,3.0315789473684207,9.888721804511277,3.825563909774436,0.39781867908952845,5,True,True,True,True,10.11242935147459,0.432879390839616,0.9955042789951114,0.00053525015486121,-0.0027564495500022055,0.00029392481771387305,0.0027564495500022055,0.00029392481771387305,1463.3107118700275,56.127860539563294,2.0,23.575750000000003,116,0.0006375385468277983,2.7015454394984338e-05,2.71994345687267,0.042374621157269914,4266.320005913834
4.9,55.0,4.75,6.73469387755102,3.1578947368421053,9.892588614393127,3.576799140708915,0.41403889252472925,5,True,True,True,True,10.11629616135644,0.432879390839616,0.9955551403524127,0.000532696437974139,-0.0027270150714139778,0.00029271032272028627,0.0027270150714139778,0.00029271032272028627,1466.3105748344503,56.61508897535904,2.0,23.557656250000004,117,0.003866809881849065,2.94344785882277e-05,2.999862964422846,0.0076120832126746465,775.797894410145
4.9,61.0,4.7,7.469387755102041,2.425531914893617,9.894919669995659,5.0438558402084235,0.32024537020467786,5,True,True,True,True,10.118627216958972,0.432879390839616,0.9955653479395598,0.0005321882732332005,-0.002721105454801302,0.00029246902828359395,0.002721105454801302,0.00029246902828359395,1466.9175112733037,56.71473790204038,2.0,23.554000000000002,118,0.002331055602532217,5.909616612675972e-06,0.6069364388533813,0.0025351675894201655,260.36978191085126
4.9,54.0,4.75,6.612244897959185,3.28421052631579,9.896455424274976,3.328034371643395,0.430272236538375,5,True,True,True,True,10.120162971238289,0.432879390839616,0.9956054263008611,0.000530206604066996,-0.0026978949060442693,0.0002915292722419697,0.0026978949060442693,0.0002915292722419697,1469.3165876737646,57.11211573720807,2.0,23.539562500000002,119,0.0015357542793168477,2.3210548757032507e-05,2.399076400460899,0.015113452112506759,1562.1486020068812
4.85,55.0,4.85,6.804123711340207,3.0927835051546393,9.896907216494846,3.7113402061855676,0.41152234714075303,5,True,True,True,True,10.120614763458159,0.432879390839616,0.995652324911792,0.0005279141199242749,-0.0026707193746947624,0.0002904445381886143,0.0026707193746947624,0.0002904445381886143,1472.1569187839043,57.58969633072123,2.0,23.522499999999994,120,0.0004517922198701285,2.717553134950687e-05,2.8403311101396866,0.06015050758802067,6286.8083716806
4.8,54.0,4.95,6.750000000000002,3.151515151515152,9.901515151515154,3.59848484848485,0.43347927359705263,5,True,True,True,True,10.125222698478467,0.432879390839616,0.9956719306044933,0.0005269638398031995,-0.002659353908181941,0.00028999565868943446,0.002659353908181941,0.00028999565868943446,1473.3550382490498,57.79343379660876,2.0,23.5153125,121,0.004607935020308318,1.1365466512821588e-05,1.1981194651455098,0.0024664988683067678,260.0122310460323
4.85,74.0,4.8,9.154639175257733,0.75,9.904639175257733,8.404639175257733,0.101820132453138,5,True,True,True,True,10.128346722221046,0.432879390839616,0.9957501413957263,0.0005232174515590852,-0.0026139858777596697,0.0002882303683639292,0.0026139858777596697,0.0002882303683639292,1478.1991021330084,58.630711046565914,2.0,23.486312499999997,122,0.0031240237425791406,4.53680304222711e-05,4.844063883958597,0.014522306538175035,1550.5848492557936
4.85,73.0,4.8,9.030927835051546,0.8750000000000001,9.905927835051546,8.155927835051546,0.117732849562857,5,True,True,True,True,10.12963538201486,0.432879390839616,0.9957662288319317,0.0005224551920571104,-0.002604648163134372,0.00028787204637443966,0.002604648163134372,0.00028787204637443966,1479.2085409588542,58.80788507851665,2.0,23.480281249999997,123,0.0012886597938130961,9.337714625297627e-06,1.0094388258457911,0.007246066549238476,783.3245288571466
4.85,72.0,4.8,8.907216494845361,1.0,9.907216494845361,7.907216494845361,0.13376172203463155,5,True,True,True,True,10.130924041808674,0.432879390839616,0.995782255370675,0.0005216984940626766,-0.0025953438048156837,0.0002875166228599502,0.0025953438048156837,0.0002875166228599502,1480.218669114534,58.98609776023529,2.0,23.474249999999998,124,0.0012886597938148725,9.304358318688432e-06,1.0101281556796948,0.007220182055299761,783.8594488071758
4.85,71.0,4.8,8.783505154639174,1.125,9.908505154639174,7.658505154639174,0.14986948528374183,5,True,True,True,True,10.132212701602487,0.432879390839616,0.9957982212424776,0.0005209472479480976,-0.0025860726836477786,0.0002871640393028011,0.0025860726836477786,0.0002871640393028011,1481.2294870707808,59.165345214338615,2.0,23.46821875,125,0.0012886597938130961,9.271121167905069e-06,1.0108179562469104,0.007194390026301797,784.3947340484162
4.85,70.0,4.8,8.659793814432991,1.25,9.909793814432991,7.409793814432991,0.16603318005393172,5,True,True,True,True,10.133501361396304,0.432879390839616,0.9958141266769887,0.0005202013455014062,-0.002576834680900461,0.00028681423791498186,0.002576834680900461,0.00028681423791498186,1482.240995298649,59.34562357023899,2.0,23.462187499999995,126,0.0012886597938166489,9.238002747317519e-06,1.011508227868262,0.007168690131906068,784.9303848244217
4.85,69.0,4.8,8.536082474226804,1.375,9.911082474226804,7.161082474226804,0.18223792432008468,5,True,True,True,True,10.134790021190117,0.432879390839616,0.9958299719029875,0.0005194606799174614,-0.002567629678267689,0.00028646716163408697,0.002567629678267689,0.00028646716163408697,1483.2531942695143,59.52692896475015,2.0,23.45615625,127,0.0012886597938130961,9.205002632772016e-06,1.0121989708652563,0.007143082043038494,785.4664013922537
4.85,68.0,4.8,8.41237113402062,1.5,9.91237113402062,6.912371134020621,0.19847366365396812,5,True,True,True,True,10.136078680983934,0.432879390839616,0.995845757148388,0.0005187251457890528,-0.002558457557865998,0.0002861227541190877,0.002558457557865998,0.0002861227541190877,1484.2660844550753,59.709257542652196,2.0,23.450124999999996,128,0.0012886597938166489,9.17212040169122e-06,1.012890185560991,0.007117565431700149,786.0027839939776
4.85,67.0,4.8,8.288659793814434,1.6250000000000002,9.913659793814434,6.663659793814434,0.21473336766797096,5,True,True,True,True,10.137367340777747,0.432879390839616,0.9958614826402409,0.0005179946390975755,-0.002549318202233073,0.00028578095974613664,0.002549318202233073,0.00028578095974613664,1485.2796663273505,59.89260545728445,2.0,23.444093749999997,129,0.0012886597938130961,9.13935563292504e-06,1.0135818722751537,0.007092139971157188,786.5395328863352
4.85,66.0,4.8,8.164948453608249,1.7500000000000002,9.914948453608249,6.414948453608249,0.23101197617849054,5,True,True,True,True,10.138656000571562,0.432879390839616,0.9958771486047375,0.0005172690572037622,-0.002540211494326169,0.00028544172360415955,0.002540211494326169,0.00028544172360415955,1486.29394035868,60.076968871091736,2.0,23.438062499999997,130,0.0012886597938148725,9.106707906903714e-06,1.014274031329478,0.007066805335754872,787.0766483114065
4.85,65.0,4.8,8.041237113402062,1.875,9.916237113402062,6.166237113402062,0.24730575611541866,5,True,True,True,True,10.139944660365375,0.432879390839616,0.9958927552672131,0.000516548298838323,-0.002531137317520646,0.0002851049914904816,0.002531137317520646,0.0002851049914904816,1487.3089070217302,60.26234395616207,2.0,23.432031249999998,131,0.0012886597938130961,9.074176805522888e-06,1.0149666630502452,0.007041561201093066,787.6141305278073
4.85,64.0,4.8,7.917525773195877,2.0,9.917525773195877,5.917525773195877,0.26361189426846865,5,True,True,True,True,10.14123332015919,0.432879390839616,0.9959083028521498,0.0005158322640922728,-0.0025220955556084826,0.00028477070990628474,0.0025220955556084826,0.00028477070990628474,1488.3245667894892,60.4487268947566,2.0,23.425999999999995,132,0.0012886597938148725,9.041761912163566e-06,1.0156597677589616,0.007016407243836534,788.1519797806855
4.85,63.0,4.8,7.793814432989691,2.1250000000000004,9.918814432989691,5.66881443298969,0.2799282310054948,5,True,True,True,True,10.142521979953004,0.432879390839616,0.9959237915831801,0.0005151208544073193,-0.00251308609279678,0.00028443882605208993,0.00251308609279678,0.00028443882605208993,1489.3409201352638,60.63611387982092,2.0,23.41996875,133,0.0012886597938148725,9.009462811702517e-06,1.0163533457746325,0.006991343141878769,788.6901963208459
4.85,62.0,4.8,7.670103092783506,2.25,9.920103092783506,5.420103092783506,0.2962530812497736,5,True,True,True,True,10.14381063974682,0.432879390839616,0.9959392216830897,0.0005144139725659933,-0.0025041088137062457,0.00028410928782306275,0.0025041088137062457,0.00028410928782306275,1490.3579675326935,60.824501115478625,2.0,23.413937499999996,134,0.0012886597938148725,8.977279090534394e-06,1.0170473974296783,0.006966368574252314,789.2287804051612
4.85,61.0,4.8,7.54639175257732,2.375,9.921391752577321,5.17139175257732,0.3125851111428187,5,True,True,True,True,10.145099299540634,0.432879390839616,0.9959545933738213,0.0005137115226818098,-0.0024951636033697954,0.0002837820438043405,0.0024951636033697954,0.0002837820438043405,1491.3757094557277,61.01388481751943,2.0,23.40790625,135,0.0012886597938148725,8.9452103364503e-06,1.0177419230342366,0.006941483221083065,789.7677322742983
4.85,60.0,4.8,7.422680412371134,2.5,9.922680412371134,4.922680412371134,0.32892325121282556,5,True,True,True,True,10.146387959334447,0.432879390839616,0.9959699068764772,0.000513013410189183,-0.002486250347230984,0.0002834570432662461,0.002486250347230984,0.0002834570432662461,1492.3941463786537,61.20426121386503,2.0,23.401874999999997,136,0.0012886597938130961,8.913256138811266e-06,1.0184369229259573,0.006916686763724718,790.3070521913628
4.85,59.0,4.8,7.298969072164948,2.625,9.923969072164947,4.673969072164948,0.34526663405363506,5,True,True,True,True,10.14767661912826,0.432879390839616,0.995985162411323,0.0005123195418333735,-0.0024773689311426202,0.0002831342361594576,0.0024773689311426202,0.0002831342361594576,1493.4132787760716,61.395626545023134,2.0,23.395843749999997,137,0.0012886597938130961,8.88141608836393e-06,1.019132397417934,0.00689197888457756,790.8467403971372
4.85,58.0,4.8,7.175257731958763,2.75,9.925257731958762,4.425257731958763,0.3616145488155888,5,True,True,True,True,10.148965278922075,0.432879390839616,0.99600036019779,0.0005116298256603056,-0.00246851924136525,0.00028281357311015897,0.00246851924136525,0.00028281357311015897,1494.4331071229115,61.58797706453142,2.0,23.389812499999998,138,0.0012886597938148725,8.849689777370214e-06,1.0198283468398586,0.006867359267236944,791.3867971474604
4.85,57.0,4.8,7.051546391752577,2.8750000000000004,9.926546391752577,4.176546391752577,0.3779664074511662,5,True,True,True,True,10.15025393871589,0.432879390839616,0.9960155004544796,0.00051094417100612,-0.0024597011645657377,0.00028249500541501643,0.0024597011645657377,0.00028249500541501643,1495.4536318944274,61.78130903938707,2.0,23.38378125,139,0.0012886597938148725,8.818076799512343e-06,1.0205247715159658,0.006842827596419244,791.9272226961193
4.85,56.0,4.8,6.927835051546393,3.0,9.927835051546392,3.927835051546393,0.39432171932325016,5,True,True,True,True,10.151542598509705,0.432879390839616,0.9960305833991651,0.0005102624884870986,-0.0024509145878157854,0.00028217848503628496,0.0024509145878157854,0.00028217848503628496,1496.4748535661943,61.97561875045198,2.0,23.37775,140,0.0012886597938148725,8.78657674995226e-06,1.0212216717668525,0.006818383557960629,792.4680172908073
4.85,55.0,4.8,6.804123711340207,3.125,9.929123711340207,3.679123711340207,0.41068007185717104,5,True,True,True,True,10.15283125830352,0.432879390839616,0.9960456092487956,0.0005095846899889211,-0.0024421593985904937,0.0002818639645966922,0.0024421593985904937,0.0002818639645966922,1497.4967726141167,62.17090249286444,2.0,23.371718749999996,141,0.0012886597938148725,8.755189225291733e-06,1.021919047922438,0.006794026838824067,793.0091811875415
4.85,54.0,4.8,6.680412371134023,3.2500000000000004,9.930412371134024,3.430412371134022,0.42704111562382635,5,True,True,True,True,10.154119918097336,0.432879390839616,0.9960605782194991,0.0005089106886563791,-0.0024334354847669534,0.0002815513973744103,0.0024334354847669534,0.0002815513973744103,1498.5193895144196,62.36715657642297,2.0,23.365687499999996,142,0.0012886597938166489,8.723913823540253e-06,1.0226169003028645,0.006769757127055596,793.5507146336583
4.85,71.0,4.7,8.783505154639174,1.1489361702127658,9.93244132485194,7.634568984426409,0.15884251862050905,5,True,True,True,True,10.156148871815253,0.432879390839616,0.9960713238679356,0.0005084275720403238,-0.002427171769618433,0.0002813274682167859,0.002427171769618433,0.0002813274682167859,1499.2563181782834,62.50909920674452,2.0,23.361343749999996,143,0.0020289537179163375,6.263715148520539e-06,0.7369286638638641,0.003087165120234063,363.20624633107127
4.85,66.0,4.75,8.164948453608249,1.7684210526315791,9.933369506239828,6.3965274009766695,0.23250602984334567,5,True,True,True,True,10.15707705320314,0.432879390839616,0.996088194623039,0.0005076702324475918,-0.0024173357347459777,0.0002809766249719218,0.0024173357347459777,0.0002809766249719218,1500.4181138022432,62.73374945322832,2.0,23.354499999999998,144,0.0009281813878878609,9.83603487245523e-06,1.1617956239597333,0.01059710418761767,1251.690282869685
4.85,65.0,4.75,8.041237113402062,1.894736842105263,9.935973955507325,6.146500271296799,0.2487019456768326,5,True,True,True,True,10.159681502470638,0.432879390839616,0.9961176015244593,0.0005063532746365459,-0.0024001851117271215,0.0002803670760304378,0.0024001851117271215,0.0002803670760304378,1502.4574085902923,63.13063701549505,2.0,23.342499999999998,145,0.0026044492674976993,1.7150623018856188e-05,2.0392947880491192,0.006585124629950711,783.004227994977
4.85,64.0,4.75,7.917525773195877,2.0210526315789474,9.938578404774823,5.896473141616929,0.2649221613520348,5,True,True,True,True,10.162285951738136,0.432879390839616,0.996146787360216,0.0005050497531642941,-0.002383156169724972,0.00027976439985791127,0.002383156169724972,0.00027976439985791127,1504.499475087903,63.53129593900591,2.0,23.330499999999997,146,0.0026044492674976993,1.7028942002149557e-05,2.0420664976106764,0.0065384041895777106,784.0684489787169
4.85,69.0,4.7,8.536082474226804,1.404255319148936,9.94033779337574,7.131827155077868,0.18968590923678533,5,True,True,True,True,10.164045340339053,0.432879390839616,0.9961588077941538,0.0005045137999069534,-0.0023761405425818906,0.000279516786750204,0.0023761405425818906,0.000279516786750204,1505.345830566533,63.69829119147264,2.0,23.32553125,147,0.0017593886009166226,7.015627143081363e-06,0.8463554786301302,0.0039875369997431475,481.0509049502697
4.85,63.0,4.75,7.793814432989691,2.1473684210526316,9.941182854042323,5.6464460119370585,0.2811624713390621,5,True,True,True,True,10.164890401005636,0.432879390839616,0.9961757537921649,0.0005037590448116313,-0.002366248045431555,0.0002791682602180515,0.002366248045431555,0.0002791682602180515,1506.5443170622473,63.935697956287605,2.0,23.3185,148,0.0008450606665828531,9.892497150335716e-06,1.198486495714178,0.011706256771289232,1418.2253926933586
4.85,62.0,4.75,7.670103092783506,2.2736842105263158,9.943787303309822,5.396418882257191,0.29741958396448653,5,True,True,True,True,10.167494850273135,0.432879390839616,0.996204502469669,0.0005024805447706758,-0.0023494598816639076,0.0002785783305014988,0.0023494598816639076,0.0002785783305014988,1508.5919382856173,64.34381507046864,2.0,23.3065,149,0.0026044492674994757,1.6788163767647232e-05,2.0476212233700153,0.006445955379950826,786.2012322228609
4.85,61.0,4.75,7.54639175257732,2.4,9.94639175257732,5.146391752577321,0.31369088683573765,5,True,True,True,True,10.170099299540633,0.432879390839616,0.9962330350296917,0.0005012136663044625,-0.0023327908273206646,0.000277994293558149,0.0023327908273206646,0.000277994293558149,1510.6423425354317,64.75561956392373,2.0,23.2945,150,0.0026044492674976993,1.6669054343242985e-05,2.0504042498143917,0.006400222323876658,787.2697984186029
4.85,67.0,4.7,8.288659793814434,1.6595744680851066,9.94823426189954,6.629085325729327,0.22108935363902318,5,True,True,True,True,10.171941808862853,0.432879390839616,0.996244343624604,0.000500712004806201,-0.0023261822458444854,0.0002777631641583375,0.0023261822458444854,0.0002777631641583375,1511.4600766582068,64.92071908270655,2.0,23.28971875,151,0.001842509322219854,6.608581476179234e-06,0.817734122775164,0.0035867289226071426,443.8154602061706
4.8,60.0,4.9,7.5,2.4489795918367343,9.948979591836734,5.051020408163266,0.33206636010786367,5,True,True,True,True,10.172687138800047,0.432879390839616,0.996261353096891,0.0004999578404054042,-0.002316240037338893,0.0002774158415284267,0.002316240037338893,0.0002774158415284267,1512.6955335942428,65.1710840061927,2.0,23.282500000000002,152,0.0007453299371942279,9.94220850559233e-06,1.2354569360359164,0.0133393387403966,1657.5973597501757
4.8,61.0,4.9,7.625000000000001,2.326530612244898,9.951530612244898,5.2984693877551035,0.3158908261330774,5,True,True,True,True,10.175238159208211,0.432879390839616,0.996289749931427,0.0004986995966805197,-0.0022996361067865916,0.0002768367319852914,0.0022996361067865916,0.0002768367319852914,1514.7729464244537,65.59456588077968,2.0,23.270375,153,0.0025510204081644616,1.6603930552301464e-05,2.0774128302109602,0.006508740776499122,814.3458294423145
4.8,62.0,4.9,7.750000000000001,2.204081632653061,9.954081632653061,5.54591836734694,0.29973897056748366,5,True,True,True,True,10.177789179616374,0.432879390839616,0.9963179310782471,0.0004974515224762647,-0.002283151201251271,0.00027626272044412156,0.002283151201251271,0.00027626272044412156,1516.853212204233,66.02172896594539,2.0,23.258249999999997,154,0.0025510204081626853,1.6484905535320542e-05,2.080265779779211,0.006462082969847122,815.464185673636
4.85,65.0,4.7,8.041237113402062,1.9148936170212765,9.956130730423338,6.126343496380786,0.25284426058408366,5,True,True,True,True,10.17983827738665,0.432879390839616,0.9963279747395651,0.0004970067746497389,-0.002277274321072954,0.0002760582669139405,0.002277274321072954,0.0002760582669139405,1517.5991569139037,66.17564941529504,2.0,23.25390625,155,0.002049097770276731,5.876880178317095e-06,0.7459447096707663,0.0028680330746362684,364.0356846272037
4.8,63.0,4.9,7.875,2.0816326530612246,9.956632653061224,5.793367346938775,0.28361483889376365,5,True,True,True,True,10.180340200024537,0.432879390839616,0.9963458981756038,0.0004962130838328154,-0.0022667844675039674,0.00027569351716371846,0.0022667844675039674,0.00027569351716371846,1518.9363348515872,66.45254590135745,2.0,23.246125,156,0.0005019226378859543,1.048985356898657e-05,1.3371779376834638,0.020899343399151588,2664.111631456827
4.85,56.0,4.75,6.927835051546393,3.0315789473684207,9.959413998914814,3.896256104177972,0.395198860202895,5,True,True,True,True,10.183121545878127,0.432879390839616,0.9963725125050691,0.0004950342836962776,-0.0022512028287222075,0.00027515204101174703,0.0022512028287222075,0.00027515204101174703,1520.9362417506193,66.86900309622814,2.0,23.234499999999997,157,0.0027813458535899116,1.558163878175988e-05,1.999906899032112,0.00560219390251252,719.042867844289
4.85,55.0,4.75,6.804123711340207,3.1578947368421053,9.962018448182313,3.6462289744981016,0.41152234714075303,5,True,True,True,True,10.185725995145626,0.432879390839616,0.9963997820537523,0.0004938257820985379,-0.0022352308929668896,0.00027459720892847485,0.0022352308929668896,0.00027459720892847485,1523.0034237729005,67.30236635260805,2.0,23.222499999999997,158,0.0026044492674994757,1.597193575531789e-05,2.0671820222812585,0.006132557832716972,793.7117639714879
4.85,63.0,4.7,7.793814432989691,2.170212765957447,9.964027198947138,5.6236016670322435,0.2848331048462568,5,True,True,True,True,10.18773474591045,0.432879390839616,0.9964097435533223,0.0004933840657789628,-0.002229394684222431,0.0002743944795898138,0.002229394684222431,0.0002743944795898138,1523.763172202267,67.46237223441668,2.0,23.21809375,159,0.0020087507648245406,5.836208744458733e-06,0.759748429366482,0.0029053921704261364,378.219360346003
4.85,54.0,4.75,6.680412371134023,3.28421052631579,9.964622897449813,3.3962018448182327,0.4278511834842408,5,True,True,True,True,10.188330444413126,0.432879390839616,0.9964268466042693,0.000492625272188562,-0.0022193722756245187,0.00027404630017869967,0.0022193722756245187,0.00027404630017869967,1525.0734154077059,67.73923137132815,2.0,23.210499999999996,160,0.0005956985026749351,1.0022408597912171e-05,1.3102432054388373,0.016824632851866122,2199.507300346229
4.8,54.0,4.85,6.750000000000002,3.2164948453608253,9.966494845360828,3.5335051546391765,0.42704111562382635,5,True,True,True,True,10.19020239232414,0.432879390839616,0.9964574688093196,0.0004912651168742144,-0.0022014208549251918,0.00027342239351510624,0.0022014208549251918,0.00027342239351510624,1527.4379345426269,68.24177331744627,2.0,23.196812499999997,161,0.0018719479110149706,1.795142069932693e-05,2.364519134921011,0.009589700970682279,1263.1329755532397
4.8,55.0,4.85,6.875,3.0927835051546393,9.967783505154639,3.7822164948453607,0.41068007185717104,5,True,True,True,True,10.191491052117952,0.432879390839616,0.9964708787247645,0.000490668722755212,-0.0021935569104837333,0.00027314890160359465,0.0021935569104837333,0.00027314890160359465,1528.4809977896348,68.46463909136608,2.0,23.19078125,162,0.0012886597938113198,7.863944441458513e-06,1.0430632470079217,0.006102420886586549,809.4170796801027
4.8,56.0,4.85,7.000000000000001,2.9690721649484537,9.969072164948454,4.030927835051547,0.39432171932325016,5,True,True,True,True,10.192779711911767,0.432879390839616,0.9964842378782478,0.0004900740519414098,-0.0021857210577277105,0.0002728762396614734,0.0021857210577277105,0.0002728762396614734,1529.5247733280642,68.68837276511486,2.0,23.18475,163,0.0012886597938148725,7.835852756022787e-06,1.0437755384293723,0.006080621738671609,809.9698178209167
4.8,57.0,4.85,7.124999999999999,2.8453608247422686,9.970360824742269,4.2796391752577305,0.3779664074511662,5,True,True,True,True,10.194068371705582,0.432879390839616,0.9964975464619241,0.0004894810512289952,-0.0021779131963076378,0.0002726043786312729,0.0021779131963076378,0.0002726043786312729,1530.5692616443284,68.91297123359246,2.0,23.178718749999998,164,0.0012886597938148725,7.807861420072726e-06,1.0444883162642782,0.006058900461974369,810.5229334208034
4.8,58.0,4.85,7.25,2.7216494845360826,9.971649484536083,4.528350515463917,0.3616145488155888,5,True,True,True,True,10.195357031499396,0.432879390839616,0.9965108046672205,0.0004888896683264465,-0.002170133226232505,0.0002723332899386336,0.002170133226232505,0.0002723332899386336,1531.61446322517,69.13843141307723,2.0,23.172687500000002,165,0.0012886597938148725,7.779970075132928e-06,1.045201580841649,0.006037256778301093,811.0764267328431
4.8,59.0,4.85,7.375,2.597938144329897,9.972938144329897,4.777061855670103,0.34526663405363506,5,True,True,True,True,10.19664569129321,0.432879390839616,0.9965240126848398,0.0004882998518441413,-0.002162381047868476,0.00027206294548700905,0.002162381047868476,0.00027206294548700905,1532.6603785576688,69.36475024129096,2.0,23.16665625,166,0.0012886597938130961,7.752178364029035e-06,1.04591533249868,0.0060156904104927715,811.6302980198177
4.8,60.0,4.85,7.5,2.4742268041237114,9.974226804123711,5.025773195876289,0.32892325121282556,5,True,True,True,True,10.197934351087024,0.432879390839616,0.9965371707047624,0.00048771155128392047,-0.0021546565619376436,0.00027179331765231595,0.0021546565619376436,0.00027179331765231595,1533.7070081292313,69.59192467746291,2.0,23.160625,167,0.0012886597938148725,7.724485930832217e-06,1.046629571562562,0.005994201082323756,812.184547532271
4.8,61.0,4.85,7.625000000000001,2.350515463917526,9.975515463917526,5.2744845360824755,0.3125851111428187,5,True,True,True,True,10.19922301088084,0.432879390839616,0.9965502789162501,0.00048712471702852723,-0.002146959669516724,0.0002715243792777115,0.002146959669516724,0.0002715243792777115,1534.754352427602,69.81995170238832,2.0,23.154593749999997,168,0.0012886597938148725,7.69689242091946e-06,1.0473442983707173,0.005972788518631463,812.7391755353995
4.8,62.0,4.85,7.750000000000001,2.2268041237113403,9.976804123711341,5.523195876288661,0.2962530812497736,5,True,True,True,True,10.200511670674654,0.432879390839616,0.996563337507848,0.0004865393003314195,-0.0021392902720358347,0.00027125610366828136,0.0021392902720358347,0.00027125610366828136,1535.8024119408576,70.04882831846682,2.0,23.148562499999997,169,0.0012886597938148725,7.669397480889427e-06,1.0480595132555663,0.005951452445168166,813.2941822860421
4.8,63.0,4.85,7.875,2.103092783505155,9.978092783505154,5.771907216494845,0.2799282310054948,5,True,True,True,True,10.201800330468467,0.432879390839616,0.9965763466673871,0.00048595525330635256,-0.0021316482712771825,0.00027098846458583476,0.0021316482712771825,0.00027098846458583476,1536.8511871574044,70.27855154974714,2.0,23.142531249999998,170,0.0012886597938130961,7.642000758652234e-06,1.048775216546801,0.005930192588720286,813.8495680411618
4.8,64.0,4.85,8.0,1.9793814432989691,9.97938144329897,6.020618556701031,0.26361189426846865,5,True,True,True,True,10.203088990262282,0.432879390839616,0.9965893065819883,0.0004853725289172364,-0.0021240335693738367,0.0002707214362436649,0.0021240335693738367,0.0002707214362436649,1537.9006785659876,70.50911844197097,2.0,23.136499999999998,171,0.0012886597938148725,7.614701903345747e-06,1.0494914085832079,0.005909008676994284,814.4053330602916
4.8,65.0,4.85,8.125,1.8556701030927836,9.980670103092784,6.269329896907216,0.24730575611541866,5,True,True,True,True,10.204377650056097,0.432879390839616,0.9966022174380632,0.00048479108096785177,-0.002116446068808465,0.00027045499330139475,0.002116446068808465,0.00027045499330139475,1538.9508866556807,70.7405260625934,2.0,23.13046875,172,0.0012886597938148725,7.5875005653715764e-06,1.0502080896931147,0.005887900438726335,814.9614776015791
4.8,66.0,4.85,8.25,1.7319587628865982,9.981958762886599,6.518041237113402,0.23101197617849054,5,True,True,True,True,10.205666309849912,0.432879390839616,0.9966150794213184,0.00048421086409175713,-0.0021088856724120987,0.00027018911085976906,0.0021088856724120987,0.00027018911085976906,1540.0018119158954,70.9727715008108,2.0,23.1244375,173,0.0012886597938148725,7.5603963963664575e-06,1.0509252602146262,0.00586686760357837,815.5180019262717
4.8,67.0,4.85,8.375000000000002,1.6082474226804127,9.983247422680414,6.766752577319589,0.21473336766797096,5,True,True,True,True,10.206954969643727,0.432879390839616,0.9966278927167573,0.00048363183374227535,-0.002101352283362866,0.00026992376445557695,0.002101352283362866,0.00026992376445557695,1541.053454836376,71.20585186758527,2.0,23.11840625,174,0.0012886597938148725,7.5333890492326055e-06,1.0516429204806172,0.005845909902202508,816.0749062926807
4.8,68.0,4.85,8.500000000000002,1.4845360824742269,9.984536082474229,7.015463917525775,0.19847366365396812,5,True,True,True,True,10.208243629437542,0.432879390839616,0.996640657508683,0.000483053946182417,-0.002093845805184768,0.0002696589300565142,0.002093845805184768,0.0002696589300565142,1542.1058159072013,71.43976429565018,2.0,23.112375,175,0.0012886597938148725,7.506478178098252e-06,1.0523610708253273,0.005825027066202257,816.6321909601754
4.8,69.0,4.85,8.625,1.3608247422680413,9.985824742268042,7.264175257731958,0.18223792432008468,5,True,True,True,True,10.209532289231355,0.432879390839616,0.996653373980701,0.00048247715847499217,-0.00208636614174643,0.00026939458405608643,0.00208636614174643,0.00026939458405608643,1543.1588956187877,71.67450593952456,2.0,23.106343749999997,176,0.0012886597938130961,7.4796634383380266e-06,1.0530797115864061,0.00580421882815633,817.1898561918989
4.8,70.0,4.85,8.75,1.2371134020618557,9.987113402061855,7.512886597938144,0.16603318005393175,5,True,True,True,True,10.210820949025168,0.432879390839616,0.9966660423157215,0.00048190142847269853,-0.002078913197259905,0.0002691307032686122,0.002078913197259905,0.0002691307032686122,1544.2126944618767,71.91007397551155,2.0,23.1003125,177,0.0012886597938130961,7.45294448652482e-06,1.0537988430889982,0.00578348492154926,817.7479022379109
4.8,71.0,4.85,8.875,1.1134020618556701,9.98840206185567,7.76159793814433,0.14986948528374183,5,True,True,True,True,10.212109608818983,0.432879390839616,0.9966786626959628,0.00048132671480833375,-0.002071486876279386,0.0002688672649241503,0.002071486876279386,0.0002688672649241503,1545.2672129275588,72.14646560170372,2.0,23.094281249999998,178,0.0012886597938148725,7.426320980519121e-06,1.054518465682122,0.005762825080880872,818.3063293690476
4.85,56.0,4.7,6.927835051546393,3.063829787234042,9.991664838780435,3.864005264312351,0.39781867908952834,5,True,True,True,True,10.215372385743748,0.432879390839616,0.9966818592226141,0.0004811809599497627,-0.0020696056636115012,0.0002688004493555508,0.0020696056636115012,0.0002688004493555508,1545.5350550162323,72.20661288816075,2.0,23.09275,179,0.0032627769247657312,1.8812126678846228e-06,0.26784208867343295,0.0005765679699416455,82.09022401758715
4.85,55.0,4.7,6.804123711340207,3.1914893617021276,9.995613073042335,3.6126343496380793,0.41403889252472914,5,True,True,True,True,10.219320620005648,0.432879390839616,0.9967190114635035,0.0004794809686542868,-0.0020477333826359437,0.0002680210048156193,0.0020477333826359437,0.0002680210048156193,1548.6706154296264,72.91387946547272,2.0,23.07484375,180,0.003948234261899941,2.1872280975557528e-05,3.1355604133941597,0.0055397627204198125,794.1677735923622
4.85,61.0,4.65,7.54639175257732,2.4516129032258065,9.998004655803127,5.094778849351513,0.3224005872959565,5,True,True,True,True,10.22171220276644,0.432879390839616,0.9967264175753571,0.0004791407186190461,-0.0020433715880666015,0.0002678649620740429,0.0020433715880666015,0.0002678649620740429,1549.3006824471981,73.05669116593317,2.0,23.07125,181,0.002391582760791877,4.3617945693422144e-06,0.6300670175717187,0.0018238108422800223,263.4518980071161
4.85,54.0,4.7,6.680412371134023,3.319148936170213,9.999561307304235,3.3612634349638095,0.43027223653837493,5,True,True,True,True,10.223268854267548,0.432879390839616,0.99675574772174,0.00047778847411630425,-0.002026092255200154,0.00026724465428055967,0.002026092255200154,0.00026724465428055967,1551.8125372251686,73.62830347632146,2.0,23.056937499999997,182,0.001556651501108064,1.7279332866447332e-05,2.511854777970484,0.011100321975822761,1613.626926889212
4.8,53.0,4.8,6.625,3.375000000000001,10.0,3.249999999999999,0.4426229508196722,5,True,True,True,True,10.223707546963313,0.432879390839616,0.9967901178796639,0.00047619357517644654,-0.0020058324644809306,0.00026651267216206136,0.0020058324644809306,0.00026651267216206136,1554.7903433302197,74.31060025045868,2.0,23.04,183,0.0004386926957646864,2.0259790719223507e-05,2.9778061050510587,0.046182192944673066,6787.909016493737
4.8,78.0,4.75,9.750000000000002,0.25263157894736843,10.002631578947371,9.497368421052633,0.04204165338983692,5,True,True,True,True,10.226339125910684,0.432879390839616,0.9968141228830785,0.00047507258940305663,-0.0019916752514665625,0.00026599791922855294,0.0019916752514665625,0.00026599791922855294,1556.8925245282642,74.79525945674199,2.0,23.0280625,184,0.0026315789473709827,1.4157213014368182e-05,2.102181198044491,0.005379740945454672,798.8288552561289
4.8,77.0,4.75,9.625000000000002,0.3789473684210526,10.003947368421054,9.24605263157895,0.05577835982629009,5,True,True,True,True,10.227654915384367,0.432879390839616,0.9968260579803896,0.00047451296147612106,-0.001984634159883875,0.0002657408457073359,0.001984634159883875,0.0002657408457073359,1557.9446807461527,75.03875337551433,2.0,23.022093749999996,185,0.0013157894736828268,7.041091582687346e-06,1.0521562178885233,0.00535122960284801,799.6387255961187
4.8,76.0,4.75,9.5,0.5052631578947369,10.005263157894737,8.994736842105263,0.07065720170042787,5,True,True,True,True,10.22897070485805,0.432879390839616,0.996837948365823,0.0004739538684902162,-0.0019776179603967574,0.0002654839510130028,0.0019776179603967574,0.0002654839510130028,1558.9975480167886,75.28302023952327,2.0,23.016125,186,0.0013157894736828268,7.016199487117677e-06,1.052867270635943,0.005332311610215042,800.1791256841582
4.8,75.0,4.75,9.375,0.631578947368421,10.006578947368421,8.743421052631579,0.08608800614152226,5,True,True,True,True,10.230286494331734,0.432879390839616,0.9968497942068808,0.0004733952799532764,-0.0019706265650051374,0.0002652272182126065,0.0019706265650051374,0.0002652272182126065,1560.0511268207051,75.5280576254757,2.0,23.010156249999998,187,0.0013157894736846032,6.991395391620081e-06,1.05357880391648,0.005313460497629676,800.7198909762858
4.8,74.0,4.75,9.25,0.7578947368421052,10.007894736842106,8.492105263157894,0.101820132453138,5,True,True,True,True,10.231602283805419,0.432879390839616,0.9968615956704373,0.0004728371659888467,-0.001963659886020077,0.0002649706307038022,0.001963659886020077,0.0002649706307038022,1561.1054176387586,75.77386313048092,2.0,23.0041875,188,0.0013157894736846032,6.966678985060194e-06,1.0542908180534596,0.005294676028644167,801.2610217203902
4.8,73.0,4.75,9.125,0.8842105263157896,10.00921052631579,8.24078947368421,0.117732849562857,5,True,True,True,True,10.232918073279103,0.432879390839616,0.9968733529227418,0.0004722794973279399,-0.0019567178360626247,0.00026471417221060807,0.0019567178360626247,0.00026471417221060807,1562.1604209521336,76.02043437199495,2.0,22.99821875,189,0.0013157894736846032,6.94204995745247e-06,1.055003313374982,0.005275957967662303,801.8025181647471
4.8,72.0,4.75,9.0,1.0105263157894737,10.010526315789473,7.989473684210527,0.13376172203463155,5,True,True,True,True,10.234233862752786,0.432879390839616,0.996885066129421,0.0004717222453008591,-0.0019498003280627456,0.00026445782677917594,0.0019498003280627456,0.00026445782677917594,1563.2161372423395,76.26776898776279,2.0,22.99225,190,0.0013157894736828268,6.917507999879089e-06,1.0557162902059645,0.005257306079913636,802.3443805573768
4.8,71.0,4.75,8.875,1.1368421052631579,10.011842105263158,7.738157894736842,0.14986948528374183,5,True,True,True,True,10.23554965222647,0.432879390839616,0.9968967354554805,0.00047116538182918384,-0.001942907275258218,0.0002642015787736558,0.001942907275258218,0.0002642015787736558,1564.2725669912086,76.51586463575195,2.0,22.986281249999998,191,0.0013157894736846032,6.893052804527681e-06,1.05642974886905,0.005238720131439474,802.8866091402383
4.8,70.0,4.75,8.75,1.263157894736842,10.013157894736842,7.4868421052631575,0.16603318005393172,5,True,True,True,True,10.236865441700155,0.432879390839616,0.9969083610653083,0.0004706088794177068,-0.0019360385911935533,0.0002639454128720154,0.0019360385911935533,0.0002639454128720154,1565.3297106808998,76.76471899408456,2.0,22.9803125,192,0.0013157894736846032,6.868684064664657e-06,1.0571436896912019,0.005220199889143582,803.4292041650737
4.8,69.0,4.75,8.625,1.3894736842105262,10.014473684210525,7.235526315789474,0.18223792432008468,5,True,True,True,True,10.238181231173838,0.432879390839616,0.9969199431226766,0.000470052711146613,-0.0019291941897188855,0.000263689314061968,0.0019291941897188855,0.000263689314061968,1566.387568793898,77.01432976097335,2.0,22.97434375,193,0.0013157894736828268,6.844401474667737e-06,1.0578581129982467,0.005201745120752951,803.972165879513
4.8,68.0,4.75,8.500000000000002,1.5157894736842104,10.015789473684212,6.984210526315792,0.19847366365396812,5,True,True,True,True,10.239497020647525,0.432879390839616,0.9969314817907436,0.0004694968506635487,-0.0019223739849889344,0.0002634332676369093,0.0019223739849889344,0.0002634332676369093,1567.4461418130131,77.26469465464535,2.0,22.968375,194,0.0013157894736863796,6.820204729951138e-06,1.0585730191151015,0.00518335559475432,804.515494526151
4.8,67.0,4.75,8.375000000000002,1.642105263157895,10.017105263157896,6.732894736842107,0.21473336766797096,5,True,True,True,True,10.24081281012121,0.432879390839616,0.9969429772320568,0.0004689412721759074,-0.0019155778914618888,0.00026317725919186075,0.0019155778914618888,0.00026317725919186075,1568.5054302213855,77.51581141327188,2.0,22.96240625,195,0.0013157894736846032,6.7960935270455856e-06,1.0592884083723675,0.005165031080553104,805.0591903627591
4.8,66.0,4.75,8.25,1.7684210526315791,10.01842105263158,6.481578947368421,0.23101197617849054,5,True,True,True,True,10.242128599594892,0.432879390839616,0.9969544296085543,0.0004683859504431461,-0.0019088058238983594,0.00026292127461952043,0.0019088058238983594,0.00026292127461952043,1569.5654345024757,77.7676777948938,2.0,22.9564375,196,0.0013157894736828268,6.772067563529365e-06,1.0600042810901869,0.00514677134828773,805.6032536293892
4.8,65.0,4.75,8.125,1.894736842105263,10.019736842105264,6.230263157894737,0.24730575611541866,5,True,True,True,True,10.243444389068577,0.432879390839616,0.9969658390815678,0.0004678308607690773,-0.001902057697360298,0.0002626653001062509,0.001902057697360298,0.0002626653001062509,1570.6261551400773,78.02029157734495,2.0,22.95046875,197,0.0013157894736846032,6.748126538061493e-06,1.060720637601662,0.005128576168925204,806.1476845770226
4.8,64.0,4.75,8.0,2.0210526315789474,10.021052631578947,5.978947368421053,0.26361189426846865,5,True,True,True,True,10.24476017854226,0.432879390839616,0.9969772058118245,0.00046727597899444363,-0.0018953334272099336,0.000262409322128196,0.0018953334272099336,0.000262409322128196,1571.6875926183063,78.27365055816995,2.0,22.944499999999998,198,0.0013157894736828268,6.724270150364371e-06,1.0614374782289815,0.005110445314282296,806.6924834548743
4.8,63.0,4.75,7.875,2.1473684210526316,10.022368421052631,5.727631578947369,0.2799282310054948,5,True,True,True,True,10.246075968015944,0.432879390839616,0.9969885299594495,0.00046672128148932704,-0.001888632929108716,0.00026215332744739553,0.001888632929108716,0.00026215332744739553,1572.7497474216077,78.5277525545471,2.0,22.938531249999997,199,0.0013157894736846032,6.700498101217499e-06,1.0621548033013823,0.0050923785569237795,807.2376505088097
4.8,62.0,4.75,7.750000000000001,2.2736842105263158,10.023684210526316,5.476315789473685,0.2962530812497736,5,True,True,True,True,10.247391757489629,0.432879390839616,0.9969998116839682,0.0004661667451458664,-0.0018819561190162432,0.000261897303107929,0.0018819561190162432,0.000261897303107929,1573.8126200347535,78.78259540320204,2.0,22.932562499999996,200,0.0013157894736846032,6.676810092472868e-06,1.062872613145828,0.005074375670277865,807.7831859905882
4.8,61.0,4.75,7.625000000000001,2.4,10.025,5.225000000000001,0.3125851111428187,5,True,True,True,True,10.248707546963313,0.432879390839616,0.9970110511443081,0.00046561234737079084,-0.0018753029131892316,0.00026164123643207277,0.0018753029131892316,0.00026164123643207277,1574.876210942842,79.03817696032674,2.0,22.92659375,201,0.0013157894736846032,6.653205827011595e-06,1.063590908088372,0.005056436428527303,808.3290901469215
4.8,60.0,4.75,7.5,2.526315789473684,10.026315789473685,4.973684210526316,0.32892325121282556,5,True,True,True,True,10.250023336436998,0.432879390839616,0.9970222484988015,0.0004650580660783251,-0.0018686732281804415,0.00026138511501658994,0.0018686732281804415,0.00026138511501658994,1575.9405206313018,79.29449510149026,2.0,22.920625,202,0.0013157894736846032,6.629685008790109e-06,1.0643096884598435,0.005038560606678979,808.8753632292397
4.8,59.0,4.75,7.375,2.6526315789473682,10.027631578947368,4.722368421052632,0.34526663405363506,5,True,True,True,True,10.25133912591068,0.432879390839616,0.9970334039051875,0.0004645038796828534,-0.0018620669808376417,0.00026112892672892587,0.0018620669808376417,0.00026112892672892587,1577.00554958589,79.5515477215544,2.0,22.91465625,203,0.0013157894736828268,6.606247342799817e-06,1.0650289545883425,0.005020747980533141,809.4220054879914
4.8,58.0,4.75,7.25,2.7789473684210524,10.028947368421052,4.471052631578948,0.3616145488155888,5,True,True,True,True,10.252654915384365,0.432879390839616,0.9970445175206143,0.000463949767091948,-0.0018554840883025718,0.00026087265970354385,0.0018554840883025718,0.00026087265970354385,1578.0712982926896,79.80933273458183,2.0,22.9086875,204,0.0013157894736846032,6.582892535069926e-06,1.065748706799468,0.005002998326651651,809.969017167354
4.8,57.0,4.75,7.124999999999999,2.905263157894737,10.030263157894737,4.219736842105262,0.3779664074511662,5,True,True,True,True,10.25397070485805,0.432879390839616,0.9970555895016412,0.0004633957076992379,-0.0018489244680098972,0.000260616302338245,0.0018489244680098972,0.000260616302338245,1579.1377672381122,80.0678480737458,2.0,22.90271875,205,0.0013157894736846032,6.559620292674595e-06,1.0664689454226846,0.004985311422431205,810.5163985209983
4.8,56.0,4.75,7.000000000000001,3.0315789473684207,10.031578947368422,3.96842105263158,0.39432171932325016,5,True,True,True,True,10.255286494331735,0.432879390839616,0.9970666200042413,0.00046284168137748104,-0.0018423880376861666,0.0002603598432905243,0.0018423880376861666,0.0002603598432905243,1580.2049569088995,80.32709169123996,2.0,22.89675,206,0.0013157894736846032,6.536430323730554e-06,1.0671896707872293,0.004967687046033739,811.0641497980522
4.8,55.0,4.75,6.875,3.1578947368421053,10.032894736842106,3.7171052631578947,0.41068007185717104,5,True,True,True,True,10.25660228380542,0.432879390839616,0.9970776091838032,0.0004622876684717165,-0.001835874715348787,0.00026010327147400536,0.001835874715348787,0.00026010327147400536,1581.2728677921198,80.58706155818497,2.0,22.89078125,207,0.0013157894736846032,6.513322337379536e-06,1.0679108832202928,0.00495012497640697,811.6122712471804
4.8,54.0,4.75,6.750000000000002,3.28421052631579,10.034210526315793,3.465789473684212,0.42704111562382635,5,True,True,True,True,10.257918073279106,0.432879390839616,0.9970885571951332,0.00046173364979237673,-0.001829384419305002,0.0002598465760548533,0.001829384419305002,0.0002598465760548533,1582.341500375175,80.84775566453277,2.0,22.8848125,208,0.0013157894736863796,6.490296043785027e-06,1.068632583055205,0.004932624993268489,812.160763120617
4.8,71.0,4.65,8.875,1.161290322580645,10.036290322580644,7.713709677419355,0.16733507947887022,5,True,True,True,True,10.259997869543957,0.432879390839616,0.9970963846884607,0.00046133625064378656,-0.0018247432121328677,0.00025966237217068145,0.0018247432121328677,0.00025966237217068145,1583.1084512229534,81.03519061259911,2.0,22.880531249999997,209,0.0020797962648515522,4.641207172134372e-06,0.7669508477783893,0.002231568183177617,368.76248925907714
4.8,66.0,4.7,8.25,1.7872340425531914,10.037234042553191,6.462765957446809,0.235465699125714,5,True,True,True,True,10.260941589516504,0.432879390839616,0.997108739937902,0.0004607067512740323,-0.0018174158953024515,0.00025937045334913035,0.0018174158953024515,0.00025937045334913035,1584.3240173754327,81.33283526261103,2.0,22.87375,210,0.0009437199725468304,7.327316830416184e-06,1.2155661524793686,0.007764291361389598,1288.0580975719981
4.75,63.0,4.9,7.957894736842104,2.0816326530612246,10.039527389903329,5.87626208378088,0.2848331048462569,5,True,True,True,True,10.263234936866642,0.432879390839616,0.9971153796951471,0.00046036731435097943,-0.0018134774384601679,0.0002592129782348422,0.0018134774384601679,0.0002592129782348422,1584.979802032242,81.49370154274797,2.0,22.87009375,211,0.0022933473501378643,3.938456842283609e-06,0.6557846568093737,0.0017173398709300835,285.9508642552343
4.8,65.0,4.7,8.125,1.9148936170212765,10.039893617021276,6.210106382978724,0.25147107057212115,5,True,True,True,True,10.263601163984589,0.432879390839616,0.9971302493530998,0.00045960420630535356,-0.0018046554535457889,0.0002588587741516368,0.0018046554535457889,0.0002588587741516368,1586.4549073001326,81.85628895172256,2.0,22.861874999999998,212,0.0003662271179472043,8.821984914379006e-06,1.4751052678905126,0.024088835812674018,4027.8428210309794
4.8,64.0,4.7,8.0,2.0425531914893615,10.042553191489361,5.957446808510639,0.267523444069263,5,True,True,True,True,10.266260738452674,0.432879390839616,0.9971515987498516,0.00045850129626065364,-0.0017919846054117294,0.0002583464119537371,0.0017919846054117294,0.0002583464119537371,1588.5886632369748,82.38257187188785,2.0,22.849999999999998,213,0.0026595744680850686,1.267084813405951e-05,2.1337559368421353,0.0047642388984064435,802.2922322526542
4.8,69.0,4.65,8.625,1.4193548387096773,10.044354838709678,7.205645161290323,0.19685229809549853,5,True,True,True,True,10.268062385672991,0.432879390839616,0.9971603729875467,0.00045804548314652585,-0.0017867755515500066,0.00025813450873083516,0.0017867755515500066,0.00025813450873083516,1589.47107892384,82.6008322384957,2.0,22.84509375,214,0.0018016472203168377,5.20905386172275e-06,0.8824156868652153,0.0028912729434382198,489.78272600450254
4.8,63.0,4.7,7.875,2.170212765957447,10.045212765957448,5.704787234042553,0.28361483889376354,5,True,True,True,True,10.268920312920761,0.432879390839616,0.9971727893186082,0.0004573978920218576,-0.001779402721845461,0.00025783329340065214,0.001779402721845461,0.00025783329340065214,1590.725289040699,82.9116691157204,2.0,22.838124999999998,215,0.0008579272477700073,7.372829704545584e-06,1.2542101168589852,0.008593770303612141,1461.9073122097798
4.75,65.0,4.9,8.210526315789474,1.8367346938775508,10.047261009667025,6.3737916219119235,0.25284426058408377,5,True,True,True,True,10.270968556630338,0.432879390839616,0.9971802795347122,0.00045700575080681333,-0.0017749541410776015,0.0002576508058992175,0.0017749541410776015,0.0002576508058992175,1591.4850450850129,83.10031261415669,2.0,22.833906250000002,216,0.0020482437095772354,4.44858076785958e-06,0.7597560443139173,0.0021719001245109563,370.93049072306616
4.8,62.0,4.7,7.750000000000001,2.2978723404255317,10.047872340425533,5.452127659574469,0.29973897056748355,5,True,True,True,True,10.271579887388846,0.432879390839616,0.9971938222409644,0.00045629387096605116,-0.0017669091782088948,0.00025731934867737,0.0017669091782088948,0.00025731934867737,1592.8647885712273,83.44356605873233,2.0,22.826249999999998,217,0.0006113307585078331,8.044962868706661e-06,1.3797434862144655,0.013159754775537895,2256.950868270088
4.8,61.0,4.7,7.625000000000001,2.425531914893617,10.050531914893618,5.199468085106384,0.3158908261330773,5,True,True,True,True,10.274239461856931,0.432879390839616,0.9972146986897242,0.0004551891167737737,-0.0017545033542496608,0.0002568045114080832,0.0017545033542496608,0.0002568045114080832,1595.0071656936789,83.97824835612104,2.0,22.814375,218,0.0026595744680850686,1.2405823959234013e-05,2.142377122451535,0.004664589808672055,805.5337980417886
4.8,67.0,4.65,8.375000000000002,1.6774193548387097,10.052419354838712,6.697580645161292,0.2272676514487139,5,True,True,True,True,10.276126901802025,0.432879390839616,0.9972229511472097,0.0004547498941498732,-0.0017495978888367365,0.00025659966943851963,0.0017495978888367365,0.00025659966943851963,1595.8592784869913,84.19148439793939,2.0,22.80965625,219,0.0018874399450936608,4.905465412924272e-06,0.8521127933124717,0.0025990047660461313,451.4648508565856
4.75,60.0,4.85,7.578947368421052,2.4742268041237114,10.053174172544765,5.104720564297341,0.3299742807614539,5,True,True,True,True,10.276881719508077,0.432879390839616,0.997235419828967,0.00045408351924150524,-0.001742184634070296,0.00025628871855768305,0.001742184634070296,0.00025628871855768305,1597.1524242783662,84.51570193951387,2.0,22.8025,220,0.0007548177060527905,7.413254766440534e-06,1.2931457913748545,0.009821251816159787,1713.1895304061857
4.75,67.0,4.9,8.463157894736844,1.5918367346938775,10.054994629430722,6.871321160042966,0.22108935363902332,5,True,True,True,True,10.278702176394034,0.432879390839616,0.9972437192205205,0.0004536381088493444,-0.0017372491855225905,0.00025608076060991744,0.0017372491855225905,0.00025608076060991744,1598.0169876497405,84.73287712878239,2.0,22.79771875,221,0.0018204568859570003,4.935448547705454e-06,0.8645633713742882,0.002711104330883907,474.9155984102276
4.75,61.0,4.85,7.705263157894737,2.350515463917526,10.055778621812262,5.354747693977211,0.31369088683573765,5,True,True,True,True,10.279486168775575,0.432879390839616,0.9972562024929095,0.0004529653208588089,-0.0017298241036488502,0.0002557664646440401,0.0017298241036488502,0.0002557664646440401,1599.3231956017655,85.06161406347671,2.0,22.7905,222,0.0007839923815406991,7.425081873740349e-06,1.3062079520250336,0.00947085972844354,1666.0977616365076
4.75,62.0,4.85,7.831578947368421,2.2268041237113403,10.058383071079762,5.604774823657081,0.29741958396448653,5,True,True,True,True,10.282090618043075,0.432879390839616,0.9972768289236833,0.0004518460531902399,-0.001717551269278274,0.00025524311544420313,0.001717551269278274,0.00025524311544420313,1601.4969173311918,85.61032808110424,2.0,22.7785,223,0.0026044492674994757,1.2272834370576123e-05,2.1737217294262337,0.004712257030200952,834.6185723606809
4.8,65.0,4.65,8.125,1.9354838709677418,10.060483870967742,6.189516129032258,0.2582640184245669,5,True,True,True,True,10.284191417931055,0.432879390839616,0.9972841502433375,0.00045144645394222353,-0.001713193786408426,0.00025505612402477047,0.001713193786408426,0.00025505612402477047,1602.2731526875723,85.80676876648147,2.0,22.77421875,224,0.002100799887980287,4.357482869848028e-06,0.7762353563805391,0.0020742017813211713,369.49514364588686
4.75,63.0,4.85,7.957894736842104,2.103092783505155,10.06098752034726,5.854801953336949,0.2811624713390621,5,True,True,True,True,10.284695067310572,0.432879390839616,0.9972973002957672,0.00045072562042060445,-0.0017053655087686528,0.00025471861571478284,0.0017053655087686528,0.00025471861571478284,1603.6735934766923,86.1618303146671,2.0,22.766499999999997,225,0.0005036493795174124,7.82827763977324e-06,1.4004407891200117,0.015543109865982861,2780.5867456084
4.75,69.0,4.9,8.715789473684211,1.3469387755102038,10.062728249194414,7.368850698174008,0.1896859092367855,5,True,True,True,True,10.286435796157727,0.432879390839616,0.997305731603947,0.0004502613287031256,-0.0017003451879419346,0.0002545010908322247,0.0017003451879419346,0.0002545010908322247,1604.5757393094093,86.39099980585428,2.0,22.76153125,226,0.0017407288471549265,5.020320826718168e-06,0.9021458327169967,0.002884033797063486,518.2575299946786
4.75,64.0,4.85,8.08421052631579,1.9793814432989691,10.063591969614759,6.104829083016821,0.2649221613520348,5,True,True,True,True,10.287299516578072,0.432879390839616,0.9973176177748113,0.0004496039323703048,-0.0016932662043444302,0.0002541929133055277,0.0016932662043444302,0.0002541929133055277,1605.8532280537647,86.7161073607596,2.0,22.7545,227,0.0008637204203445492,7.078983597504432e-06,1.2774887443554235,0.008195920150504875,1479.0535389285074
4.75,65.0,4.85,8.210526315789474,1.8556701030927836,10.066196418882258,6.35485621269669,0.24870194567683263,5,True,True,True,True,10.289903965845571,0.432879390839616,0.9973377825177027,0.0004484809043197114,-0.001681252742613045,0.00025366595906665084,0.001681252742613045,0.00025366595906665084,1608.035825083364,87.27314608673424,2.0,22.7425,228,0.0026044492674994757,1.2013461731385285e-05,2.1825970295992647,0.004612668743945001,838.0263178229499
4.8,63.0,4.65,7.875,2.1935483870967745,10.068548387096774,5.681451612903226,0.28965493387624486,5,True,True,True,True,10.292255934060087,0.432879390839616,0.9973440006669839,0.0004481325980793076,-0.001677547148699336,0.0002535023967622152,0.001677547148699336,0.0002535023967622152,1608.7128047138146,87.44632857530918,2.0,22.73878125,229,0.002351968214515665,3.705593913708909e-06,0.6769796304506599,0.001575528908443175,287.83536540695496
4.75,66.0,4.85,8.336842105263159,1.7319587628865982,10.068800868149758,6.604883342376561,0.23250602984334567,5,True,True,True,True,10.29250841511307,0.432879390839616,0.9973577956726317,0.0004473564568377258,-0.0016693245145338767,0.0002531377067583409,0.0016693245145338767,0.0002531377067583409,1610.2213885919107,87.8329336271405,2.0,22.7305,230,0.00025248105298381063,8.222634165459299e-06,1.508583878096033,0.032567331561257955,5975.037969256114
4.75,54.0,4.8,6.821052631578948,3.2500000000000004,10.071052631578949,3.5710526315789477,0.42704111562382635,5,True,True,True,True,10.294760178542262,0.432879390839616,0.9973789978399733,0.0004461542242616076,-0.0016566820490741504,0.0002525722055300205,0.0016566820490741504,0.0002525722055300205,1612.5582120759473,88.43364352112634,2.0,22.7176875,231,0.0022517634291912003,1.264246545972631e-05,2.336823484036586,0.005614473215007002,1037.7748629108598
4.75,55.0,4.8,6.947368421052632,3.125,10.072368421052632,3.822368421052632,0.41068007185717104,5,True,True,True,True,10.296075968015945,0.432879390839616,0.9973888167735618,0.000445593554548481,-0.0016508252458516753,0.000252308228571394,0.0016508252458516753,0.000252308228571394,1613.6479874604472,88.71454723697519,2.0,22.71171875,232,0.0013157894736828268,5.856803222475124e-06,1.0897753844999443,0.0044511704490857755,828.2292922208286
4.75,56.0,4.8,7.0736842105263165,3.0,10.073684210526316,4.0736842105263165,0.39432171932325016,5,True,True,True,True,10.29739175748963,0.432879390839616,0.9973985989229547,0.0004450324888806281,-0.0016449891479564627,0.00025204390422325896,0.0016449891479564627,0.00025204390422325896,1614.7384993209266,88.99612314427719,2.0,22.705750000000002,233,0.0013157894736846032,5.8360978952125015e-06,1.0905118604794097,0.0044354344003601776,828.789013964104
4.75,57.0,4.8,7.199999999999999,2.8750000000000004,10.075,4.324999999999999,0.3779664074511662,5,True,True,True,True,10.298707546963312,0.432879390839616,0.9974083444259544,0.00044447101949751113,-0.001639173682189768,0.00025177922790670646,0.001639173682189768,0.00025177922790670646,1615.8297481551,89.27836976570921,2.0,22.69978125,234,0.0013157894736828268,5.8154657666946875e-06,1.0912488341734843,0.004419753982692611,829.3491139727201
4.75,58.0,4.8,7.326315789473684,2.75,10.076315789473684,4.576315789473684,0.3616145488155888,5,True,True,True,True,10.300023336436997,0.432879390839616,0.9974180534198477,0.00044390913892225085,-0.0016333787756116407,0.000251514195199766,0.0016333787756116407,0.000251514195199766,1616.9217344610165,89.56128563941046,2.0,22.6938125,235,0.0013157894736846032,5.794906578127394e-06,1.0919863059164072,0.004404128999375505,829.9095924962218
4.75,59.0,4.8,7.4526315789473685,2.625,10.077631578947368,4.8276315789473685,0.34526663405363506,5,True,True,True,True,10.301339125910681,0.432879390839616,0.997427726041407,0.00044334683995695247,-0.0016276043555399852,0.00025124880183489056,0.0016276043555399852,0.00025124880183489056,1618.0144587370662,89.84486931888082,2.0,22.68784375,236,0.0013157894736846032,5.774420071655469e-06,1.0927242760496938,0.004388559254456846,830.4704497975194
4.75,60.0,4.8,7.578947368421052,2.5,10.078947368421051,5.078947368421052,0.32892325121282556,5,True,True,True,True,10.302654915384364,0.432879390839616,0.997437362426892,0.00044278411567815563,-0.0016218503495496574,0.00025098304369655953,0.0016218503495496574,0.00025098304369655953,1619.107921481972,90.12911937286884,2.0,22.681874999999998,237,0.0013157894736828268,5.754005990327767e-06,1.0934627449057643,0.004373044552653702,831.0316861292548
4.75,61.0,4.8,7.705263157894737,2.375,10.080263157894738,5.330263157894737,0.3125851111428187,5,True,True,True,True,10.30397070485805,0.432879390839616,0.9974469627120524,0.0004422209594322876,-0.001616116685471557,0.000250716916818893,0.001616116685471557,0.000250716916818893,1620.2021231947933,90.4140343852638,2.0,22.67590625,238,0.0013157894736863796,5.733664078100406e-06,1.0942017128213593,0.004357584699349125,831.5933017428622
4.75,62.0,4.8,7.831578947368421,2.25,10.08157894736842,5.581578947368421,0.2962530812497736,5,True,True,True,True,10.305286494331733,0.432879390839616,0.9974565270321287,0.0004416573648312724,-0.0016104032913917177,0.00025045041738326227,0.0016104032913917177,0.00025045041738326227,1621.2970643749318,90.69961295498965,2.0,22.669937500000003,239,0.0013157894736828268,5.713394079839363e-06,1.0949411801384485,0.004342179500682482,832.1552969060959
4.75,63.0,4.8,7.957894736842104,2.1250000000000004,10.082894736842105,5.832894736842103,0.2799282310054948,5,True,True,True,True,10.306602283805418,0.432879390839616,0.9974660555218556,0.00044109332574808106,-0.0016047100956503963,0.00025018354171597293,0.0016047100956503963,0.00025018354171597293,1622.392745522122,90.98585369589753,2.0,22.66396875,240,0.0013157894736846032,5.693195741321346e-06,1.0956811471901347,0.004326828763402932,832.7176718642538
4.75,64.0,4.8,8.08421052631579,2.0,10.08421052631579,6.08421052631579,0.26361189426846865,5,True,True,True,True,10.307918073279103,0.432879390839616,0.9974755483154625,0.00044052883631240874,-0.0015990370268412113,0.0002499162862859467,0.0015990370268412113,0.0002499162862859467,1623.4891671364371,91.27275523665375,2.0,22.658,241,0.0013157894736846032,5.673068809185005e-06,1.0964216143152044,0.004311532294979318,833.2804268793067
4.75,65.0,4.8,8.210526315789474,1.875,10.085526315789474,6.335526315789474,0.2473057561154187,5,True,True,True,True,10.309233862752787,0.432879390839616,0.9974850055466759,0.00043996389090640114,-0.0015933840138101989,0.00024964864770244175,0.0015933840138101989,0.00024964864770244175,1624.5863297182875,91.56031622063719,2.0,22.65203125,242,0.0013157894736846032,5.653013031012462e-06,1.097162581850398,0.004296289903568189,833.8435622060537
4.75,66.0,4.8,8.336842105263159,1.7500000000000002,10.086842105263159,6.586842105263159,0.23101197617849056,5,True,True,True,True,10.310549652226472,0.432879390839616,0.9974944273487215,0.00043939848416038347,-0.0015877509856549535,0.00024938062271280976,0.0015877509856549535,0.00024938062271280976,1625.684233768426,91.84853530583186,2.0,22.6460625,243,0.0013157894736846032,5.633028155245393e-06,1.0979040501385953,0.004281101397985221,834.4070781050834
4.75,67.0,4.8,8.463157894736844,1.6250000000000002,10.088157894736844,6.8381578947368435,0.214733367667971,5,True,True,True,True,10.311865441700157,0.432879390839616,0.997503813854326,0.0004388326109487551,-0.0015821378717237292,0.0002491122082002757,0.0015821378717237292,0.0002491122082002757,1626.7828797879379,92.1374111647171,2.0,22.640093750000002,244,0.0013157894736846032,5.613113931224279e-06,1.0986460195117616,0.004265966587729179,834.9709748286896
4.75,68.0,4.8,8.589473684210526,1.5,10.089473684210526,7.089473684210526,0.19847366365396815,5,True,True,True,True,10.31318123117384,0.432879390839616,0.9975131651957185,0.00043826626638577415,-0.0015765446016145401,0.00024884340118172337,0.0015765446016145401,0.00024884340118172337,1627.8822682782527,92.42694248416511,2.0,22.634124999999997,245,0.0013157894736828268,5.593270109189056e-06,1.0993884903148228,0.004250885282988153,835.535252640144
4.75,69.0,4.8,8.715789473684211,1.375,10.090789473684211,7.340789473684211,0.1822379243200847,5,True,True,True,True,10.314497020647524,0.432879390839616,0.9975224815046333,0.00043769944582158483,-0.0015709711051743133,0.00024857419880554244,0.0015709711051743133,0.00024857419880554244,1628.982399741135,92.71712796533109,2.0,22.62815625,246,0.0013157894736846032,5.573496440226854e-06,1.1001314628822456,0.004235857294571145,836.0999117902571
4.75,70.0,4.8,8.842105263157896,1.25,10.092105263157896,7.592105263157896,0.16603318005393175,5,True,True,True,True,10.315812810121209,0.432879390839616,0.9975317629123107,0.00043713214483813857,-0.001565417312497956,0.0002483045983495004,0.001565417312497956,0.0002483045983495004,1630.0832746786891,93.00796632355086,2.0,22.6221875,247,0.0013157894736846032,5.553792676357217e-06,1.100874937554181,0.004220882434030225,836.664952540928
4.75,71.0,4.8,8.968421052631578,1.125,10.093421052631578,7.843421052631578,0.14986948528374183,5,True,True,True,True,10.317128599594891,0.432879390839616,0.9975410095494995,0.0004365643592452651,-0.0015598831539275317,0.0002480345972186002,0.0015598831539275317,0.0002480345972186002,1631.184893593358,93.29945628823229,2.0,22.61621875,248,0.0013157894736828268,5.534158570424334e-06,1.1016189146689612,0.004205960513526916,837.2303751492909
4.75,72.0,4.8,9.094736842105263,1.0,10.094736842105263,8.094736842105263,0.13376172203463155,5,True,True,True,True,10.318444389068576,0.432879390839616,0.9975502215464589,0.00043599608507670666,-0.0015543685600513482,0.0002477641929430275,0.0015543685600513482,0.0002477641929430275,1632.2872569879285,93.59159660275442,2.0,22.61025,249,0.0013157894736846032,5.514593876183556e-06,1.102363394570375,0.004191091345898252,837.796179873235
4.75,73.0,4.8,9.221052631578948,0.8750000000000001,10.096052631578948,8.346052631578948,0.11773284956285703,5,True,True,True,True,10.31976017854226,0.432879390839616,0.9975593990329596,0.00043542731858638606,-0.00154887346170311,0.0002474933831760556,0.00154887346170311,0.0002474933831760556,1633.390365365521,93.88438602435592,2.0,22.60428125,250,0.0013157894736846032,5.495098348238083e-06,1.1031083775924344,0.0041762747446596965,838.3623669699999
4.75,74.0,4.8,9.34736842105263,0.75,10.09736842105263,8.59736842105263,0.10182013245313802,5,True,True,True,True,10.321075968015943,0.432879390839616,0.9975685421382868,0.00043485805624442176,-0.0015433977899610405,0.0002472221656920344,0.0015433977899610405,0.0002472221656920344,1634.4942192296014,94.17782332403938,2.0,22.5983125,251,0.0013157894736828268,5.475671742069532e-06,1.10385386408052,0.00416151052397722,838.9289367020774
4.75,75.0,4.8,9.473684210526315,0.625,10.098684210526315,8.848684210526315,0.08608800614152229,5,True,True,True,True,10.322391757489628,0.432879390839616,0.9975776509912407,0.0004342882947335257,-0.0015379414761470243,0.00024695053838439475,0.0015379414761470243,0.00024695053838439475,1635.5988190839726,94.47190728646213,2.0,22.59234375,252,0.0013157894736846032,5.45631381401626e-06,1.1045998543711448,0.00414679849865112,839.4958893218195
4.8,54.0,4.65,6.750000000000002,3.3548387096774195,10.104838709677422,3.3951612903225823,0.41657441340618795,0,True,True,True,True,10.328546256640735,0.432879390839616,0.9975974194560217,0.00043304261581949595,-0.001526095936139968,0.00024635607555841964,0.001526095936139968,0.00024635607555841964,1638.013027067093,95.11620623009652,2.0,22.5793125,253,0.006154499151106663,1.1845540007056343e-05,2.4142079831203773,0.0019246960176972896,392.26717298129284
4.75,55.0,4.75,6.947368421052632,3.1578947368421053,10.105263157894736,3.7894736842105265,0.41152234714075303,5,True,True,True,True,10.32897070485805,0.432879390839616,0.9976226859447564,0.00043143189795346345,-0.0015109478892110875,0.00024558618884853236,0.0015109478892110875,0.00024558618884853236,1641.1330258671599,95.95198544552815,2.0,22.5625,254,0.00042444821731457694,1.5148046928880471e-05,3.1199988000669236,0.035688798564687096,7350.7171730080745
4.8,53.0,4.65,6.625,3.483870967741936,10.108870967741936,3.141129032258064,0.4251944917947233,0,True,True,True,True,10.332578514705249,0.432879390839616,0.9976240403204572,0.0004313449592794095,-0.0015101356431204062,0.0002455445949992931,0.0015101356431204062,0.0002455445949992931,1641.3013729420027,95.99718112354459,2.0,22.56159375,255,0.003607809847199661,8.122460906812446e-07,0.16834707484281353,0.00022513550466405548,46.66184803877137
4.7,54.0,4.85,6.893617021276596,3.2164948453608253,10.110111866637421,3.677122175915771,0.43027223653837493,5,True,True,True,True,10.333819413600734,0.432879390839616,0.9976330342902172,0.00043076606458080697,-0.0015047411167762007,0.000245267533727307,0.0015047411167762007,0.000245267533727307,1642.422191733173,96.29834149027175,2.0,22.5555625,256,0.0012408988954852873,5.394526344205562e-06,1.1208187911702225,0.004347273064576212,903.2313553086819
4.8,52.0,4.65,6.500000000000001,3.6129032258064515,10.112903225806452,2.8870967741935494,0.4328545581217637,1,True,True,True,True,10.336610772769765,0.432879390839616,0.9976503662227009,0.00042964276432442064,-0.0014943422668373574,0.0002447294113236668,0.0014943422668373574,0.0002447294113236668,1644.5963202409635,96.88379151550858,2.0,22.543875,257,0.002791359169030727,1.0398849938843269e-05,2.174128507790556,0.0037253715158605586,778.8780934792785
4.7,55.0,4.85,7.0212765957446805,3.0927835051546393,10.11406010089932,3.9284930905900413,0.41403889252472914,5,True,True,True,True,10.337767647862632,0.432879390839616,0.9976595365052005,0.0004290442601806328,-0.0014888385121978169,0.00024444242225395087,0.0014888385121978169,0.00024444242225395087,1645.7543154464215,97.19629580047705,2.0,22.53765625,258,0.0011568750928674376,5.503754639540545e-06,1.1579952054580644,0.004757432045579705,1000.968222583002
4.75,72.0,4.7,9.094736842105263,1.0212765957446808,10.116013437849944,8.073460246360582,0.14374380468097778,5,True,True,True,True,10.339720984813257,0.432879390839616,0.9976922813885362,0.00042688313600595257,-0.0014691759566845348,0.00024340456433417603,0.0014691759566845348,0.00024340456433417603,1649.9333550995386,98.32796134906944,2.0,22.51525,259,0.0019533369506241627,1.966255551328201e-05,4.1790396531171154,0.01006613605860428,2139.4361335261483
4.75,71.0,4.7,8.968421052631578,1.1489361702127658,10.117357222844344,7.819484882418813,0.15884251862050905,5,True,True,True,True,10.341064769807657,0.432879390839616,0.9977008363244828,0.00042631223635025787,-0.0014640363277708766,0.0002431299841378086,0.0014640363277708766,0.0002431299841378086,1651.036709155083,98.62774989504518,2.0,22.50934375,260,0.0013437849944004654,5.1396289136582726e-06,1.103354055544287,0.003824740516581923,821.0793096678032
4.75,70.0,4.7,8.842105263157896,1.276595744680851,10.118701007838746,7.565509518477045,0.17417548616643608,5,True,True,True,True,10.34240855480206,0.432879390839616,0.997709359546455,0.000425740821861246,-0.0014589146788583543,0.00024285498449015346,0.0014589146788583543,0.00024285498449015346,1652.1408010526532,98.92815541220529,2.0,22.5034375,261,0.0013437849944022418,5.121648912522316e-06,1.1040918975702425,0.003811360399064873,821.6283871076993
4.75,69.0,4.7,8.715789473684211,1.404255319148936,10.120044792833147,7.311534154535275,0.18968590923678535,5,True,True,True,True,10.34375233979646,0.432879390839616,0.9977178511720196,0.00042516889214718335,-0.0014538109470474017,0.00024257956494241437,0.0014538109470474017,0.00024257956494241437,1653.2456312856655,99.22917692020253,2.0,22.49753125,262,0.0013437849944004654,5.103731810952557e-06,1.1048302330123079,0.003798027089318411,822.1778317335892
4.75,68.0,4.7,8.589473684210526,1.531914893617021,10.121388577827547,7.0575587905935055,0.20533357803029081,5,True,True,True,True,10.34509612479086,0.432879390839616,0.9977263113183075,0.00042459644696609414,-0.0014487250696584852,0.00024230372513097924,0.0014487250696584852,0.00024230372513097924,1654.351200347864,99.5308134501698,2.0,22.491625,263,0.0013437849944004654,5.085877388916454e-06,1.1055690621985832,0.00378474042358654,822.7276437863759
4.75,67.0,4.7,8.463157894736844,1.6595744680851066,10.12273236282195,6.803583426651737,0.22108935363902318,5,True,True,True,True,10.346439909785262,0.432879390839616,0.9977347401020152,0.0004240234862229597,-0.0014436569842313633,0.00024202746477592187,0.0014436569842313633,0.00024202746477592187,1655.4575087333235,99.83306404462925,2.0,22.485718750000004,264,0.0013437849944022418,5.068085427121973e-06,1.1063083854594424,0.0037715002386794908,823.2778235119105
4.75,66.0,4.7,8.336842105263159,1.7872340425531914,10.12407614781635,6.549608062709968,0.2369316699818421,5,True,True,True,True,10.347783694779663,0.432879390839616,0.9977431376394071,0.0004234500099669651,-0.001438606628524274,0.00024175078367949388,0.001438606628524274,0.00024175078367949388,1656.564556936449,100.13592775740055,2.0,22.4798125,265,0.0013437849944004654,5.050355707089367e-06,1.107048203125487,0.003758306372026875,823.8283711594804
4.75,65.0,4.7,8.210526315789474,1.9148936170212765,10.12541993281075,6.295632698768198,0.25284426058408366,5,True,True,True,True,10.349127479774063,0.432879390839616,0.9977515040463163,0.00042287601838877047,-0.0014335739405132112,0.00024147368172468543,0.0014335739405132112,0.00024147368172468543,1657.672345451976,100.43940365351477,2.0,22.47390625,266,0.0013437849944004654,5.0326880110627015e-06,1.1077885155270906,0.0037451586615670266,824.379286971674
4.75,64.0,4.7,8.08421052631579,2.0425531914893615,10.12676371780515,6.041657334826429,0.2688146459966483,5,True,True,True,True,10.350471264768464,0.432879390839616,0.9977598394381464,0.0004223015118178853,-0.0014285588583911539,0.00024119615887377975,0.0014285588583911539,0.00024119615887377975,1658.7808747749712,100.743490809123,2.0,22.468,267,0.0013437849944004654,5.015082122057342e-06,1.1085293229950821,0.003732056945832201,824.9305711957712
4.75,63.0,4.7,7.957894736842104,2.170212765957447,10.128107502799551,5.787681970884657,0.2848331048462568,5,True,True,True,True,10.351815049762864,0.432879390839616,0.9977681439298733,0.0004217264907199712,-0.0014235613205672848,0.00024091821516690617,0.0014235613205672848,0.00024091821516690617,1659.890145400832,101.04818831141134,2.0,22.46209375,268,0.0013437849944004654,4.997537823869065e-06,1.109270625860745,0.0037190010639304204,825.4822240783021
4.75,62.0,4.7,7.831578947368421,2.2978723404255317,10.129451287793954,5.533706606942889,0.30089195943474134,5,True,True,True,True,10.353158834757267,0.432879390839616,0.9977764176360467,0.0004211509556942661,-0.0014185812656662634,0.00024063985072066415,0.0014185812656662634,0.00024063985072066415,1661.0001578252873,101.35349525850977,2.0,22.456187500000002,269,0.0013437849944022418,4.980054901021361e-06,1.1100124244553626,0.0037059908555063512,826.034245864705
4.75,61.0,4.7,7.705263157894737,2.425531914893617,10.130795072788354,5.27973124300112,0.31698507032770695,5,True,True,True,True,10.354502619751667,0.432879390839616,0.9977846606707916,0.0004205749074710272,-0.0014136186325274512,0.0002403610657267202,0.0014136186325274512,0.0002403610657267202,1662.1109125443973,101.65941075941129,2.0,22.450281250000003,270,0.0013437849944004654,4.962633138812277e-06,1.1107547191099911,0.0036930261608006526,826.5866368046165
4.75,60.0,4.7,7.578947368421052,2.553191489361702,10.132138857782754,5.02575587905935,0.333107472583412,5,True,True,True,True,10.355846404746067,0.432879390839616,0.99779287314781,0.000419998346908989,-0.0014086733602041662,0.00024008186045043942,0.0014086733602041662,0.00024008186045043942,1663.2224100545554,101.96593393387896,2.0,22.444375,271,0.0013437849944004654,4.945272323284922e-06,1.1114975101581877,0.0036801068205790416,827.139397142983
4.75,59.0,4.7,7.4526315789473685,2.680851063829787,10.133482642777155,4.771780515117582,0.3492551097596423,5,True,True,True,True,10.357190189740468,0.432879390839616,0.9978010551803823,0.0004194212749928631,-0.0014037453879629485,0.00023980223522954416,0.0014037453879629485,0.00023980223522954416,1664.3346508524817,102.273063912362,2.0,22.43846875,272,0.0013437849944004654,4.927972241217712e-06,1.1122407979262334,0.003667232676174022,827.6925271237038
4.75,58.0,4.7,7.326315789473684,2.808510638297872,10.134826427771555,4.517805151175812,0.3654246365772222,5,True,True,True,True,10.358533974734868,0.432879390839616,0.997809206881369,0.00041884369283088345,-0.0013988346552827934,0.00023952219047277765,0.0013988346552827934,0.00023952219047277765,1665.447635435238,102.58079983591526,2.0,22.4325625,273,0.0013437849944004654,4.910732680155159e-06,1.1129845827563258,0.0036544035694833013,828.2460270014311
4.75,57.0,4.7,7.199999999999999,2.9361702127659575,10.136170212765958,4.263829787234042,0.3816132705554591,5,True,True,True,True,10.35987775972927,0.432879390839616,0.9978173283632122,0.00041826560165239476,-0.0013939411018544215,0.00023924172665859566,0.0013939411018544215,0.00023924172665859566,1666.5613643002068,102.88914085610803,2.0,22.42665625,274,0.0013437849944022418,4.893553428371878e-06,1.1137288649688344,0.003641619342943092,828.7998970134774
4.75,56.0,4.7,7.0736842105263165,3.063829787234042,10.137513997760358,4.009854423292275,0.39781867908952834,5,True,True,True,True,10.361221544723671,0.432879390839616,0.9978254197379373,0.0004176870028054394,-0.0013890646675795268,0.00023896084433386186,0.0013890646675795268,0.00023896084433386186,1667.6758379451153,103.1980861349444,2.0,22.42075,275,0.0013437849944004654,4.876434274894703e-06,1.1144736449084576,0.0036288798395686375,829.3541374196428
4.75,55.0,4.7,6.947368421052632,3.1914893617021276,10.138857782754759,3.7558790593505043,0.41403889252472914,5,True,True,True,True,10.362565329718072,0.432879390839616,0.9978334811171541,0.00041710789775442706,-0.001384205292570055,0.00023867954411258474,0.001384205292570055,0.00023867954411258474,1668.7910568680118,103.50763484477837,2.0,22.414843750000003,276,0.0013437849944004654,4.8593750094716795e-06,1.1152189228964744,0.003616184902883,829.9087484557256
4.75,54.0,4.7,6.821052631578948,3.319148936170213,10.14020156774916,3.501903695408735,0.43027223653837493,5,True,True,True,True,10.363909114712474,0.432879390839616,0.9978415126120591,0.00041652828807777945,-0.0013793629171474499,0.0002383978266746469,0.0013793629171474499,0.0002383978266746469,1669.9070215672893,103.81778616823071,2.0,22.4089375,277,0.0013437849944022418,4.84237542260524e-06,1.1159646992775833,0.003603534376985124,830.4637303782365
4.75,66.0,4.65,8.336842105263159,1.8064516129032258,10.143293718166385,6.530390492359933,0.24412951504990307,5,True,True,True,True,10.367001265129698,0.432879390839616,0.9978563072134574,0.00041545361011792215,-0.0013704402429470723,0.00023787502858173097,0.0013704402429470723,0.00023787502858173097,1671.9755938531114,104.39372900516479,2.0,22.398,278,0.0030921504172241043,8.922674200377567e-06,2.068572285822029,0.002885588666927678,668.9753106121643
4.7,63.0,4.85,8.042553191489361,2.103092783505155,10.145645974994515,5.939460407984206,0.2848331048462568,5,True,True,True,True,10.369353521957828,0.432879390839616,0.9978611461296499,0.0004151001271593822,-0.0013675211232706643,0.00023770294121864071,0.0013675211232706643,0.00023770294121864071,1672.6558267350285,104.58341696873477,2.0,22.394406250000003,279,0.00235225682813045,2.919119676407988e-06,0.6802328819171635,0.0012409868010578057,289.18308314904783
4.75,65.0,4.65,8.210526315789474,1.9354838709677418,10.146010186757216,6.275042444821732,0.2596012788651634,5,True,True,True,True,10.36971773372053,0.432879390839616,0.9978720878779958,0.00041429719073787937,-0.0013609190399301676,0.00023731180885488143,0.0013609190399301676,0.00023731180885488143,1674.2006866053696,105.01474989817112,2.0,22.38625,280,0.0003642117627009611,6.602083340496697e-06,1.5448598703410426,0.018127045901912258,4241.652874922279
4.75,64.0,4.65,8.08421052631579,2.064516129032258,10.148726655348048,6.019694397283532,0.27517979173700174,5,True,True,True,True,10.37243420231136,0.432879390839616,0.9978877523741285,0.0004131388105938606,-0.0013514639859535868,0.00023674695448921371,0.0013514639859535868,0.00023674695448921371,1676.4287405478342,105.63814071776862,2.0,22.3745,281,0.0027164685908314112,9.45505397658081e-06,2.228053942464612,0.0034806417451294608,820.2023575699385
4.75,63.0,4.65,7.957894736842104,2.1935483870967745,10.15144312393888,5.764346349745329,0.29084790096281427,5,True,True,True,True,10.375150670902192,0.432879390839616,0.9979033015570222,0.0004119784873877427,-0.0013420746214435142,0.0002361804738991892,0.0013420746214435142,0.0002361804738991892,1678.6597596213087,106.26389552523618,2.0,22.36275,282,0.0027164685908314112,9.389364510072572e-06,2.2310190734744992,0.003456459810271111,821.2938964229534
4.7,65.0,4.85,8.297872340425531,1.8556701030927836,10.153542443518315,6.442202237332747,0.25284426058408366,5,True,True,True,True,10.377249990481628,0.432879390839616,0.9979087742180683,0.0004115675922674551,-0.001338769025132231,0.00023597970882379126,0.001338769025132231,0.00023597970882379126,1679.4496339410969,106.48580454452188,2.0,22.358593750000004,283,0.0020993195794360986,3.305596311283226e-06,0.7898743197881686,0.001574603668571103,376.2525379772516
4.75,62.0,4.65,7.831578947368421,2.32258064516129,10.154159592529712,5.508998302207131,0.3065918706205276,5,True,True,True,True,10.377867139493025,0.432879390839616,0.9979187362755484,0.0004108162403401625,-0.0013327504900190648,0.0002356123763858849,0.0013327504900190648,0.0002356123763858849,1680.8937477718357,106.892008532808,2.0,22.351000000000003,284,0.000617149011397089,6.01853511316623e-06,1.4441138307388428,0.009752158720211828,2339.975928130693
4.75,61.0,4.65,7.705263157894737,2.4516129032258065,10.156876061120544,5.25365025466893,0.3224005872959565,5,True,True,True,True,10.380583608083857,0.432879390839616,0.9979340573723294,0.00040965209012719237,-0.0013234911384700596,0.0002350426721024908,0.0013234911384700596,0.0002350426721024908,1683.1307089507152,107.52247410126125,2.0,22.33925,285,0.0027164685908314112,9.259351549005144e-06,2.2369611788794828,0.003408598788978155,823.4813339751634
4.75,67.0,4.6,8.463157894736844,1.6956521739130437,10.158810068649887,6.7675057208238,0.2391458793289157,5,True,True,True,True,10.3825176156132,0.432879390839616,0.9979400975153213,0.00040919024295393467,-0.0013198396963323884,0.0002348164695041134,0.0013198396963323884,0.0002348164695041134,1684.0179876913826,107.77296248154802,2.0,22.33459375,286,0.0019340075293428072,3.6514421376712246e-06,0.8872787406673979,0.001888018574008353,458.7772938861841
4.7,60.0,4.8,7.659574468085106,2.5,10.159574468085106,5.159574468085106,0.3320663601078636,5,True,True,True,True,10.383282015048419,0.432879390839616,0.9979492656837851,0.0004084860588189024,-0.0013142961167350372,0.00023447137202079068,0.0013142961167350372,0.00023447137202079068,1685.3706471144992,108.15528673752394,2.0,22.3275,287,0.0007643994352193317,5.543579597351231e-06,1.35265942311662,0.0072522026337716915,1769.5714580538602
4.7,67.0,4.85,8.553191489361703,1.6082474226804127,10.161438912042115,6.94494406668129,0.22108935363902318,5,True,True,True,True,10.385146459005428,0.432879390839616,0.9979553417222,0.00040801726142602064,-0.001310621439153277,0.0002342414938449092,0.001310621439153277,0.0002342414938449092,1686.2710354768642,108.41008094220963,2.0,22.322781250000002,288,0.001864443957009243,3.674677581760183e-06,0.9003883623649926,0.001970924128851123,482.9259463552376
4.7,61.0,4.8,7.787234042553192,2.375,10.162234042553191,5.412234042553192,0.31589082613307734,5,True,True,True,True,10.385941589516504,0.432879390839616,0.9979645220408475,0.000407305735569894,-0.0013050681799199465,0.00023389238491565453,0.0013050681799199465,0.00023389238491565453,1687.6374431056818,108.79721062312142,2.0,22.315625000000004,289,0.0007951305110758256,5.5532592333304865e-06,1.3664076288175693,0.006984085198562974,1718.4696220106002
4.7,62.0,4.8,7.914893617021277,2.25,10.164893617021278,5.664893617021277,0.29973897056748355,5,True,True,True,True,10.38860116398459,0.432879390839616,0.9979796648988433,0.0004061235403799589,-0.0012959050343012786,0.00023331179280870482,0.0012959050343012786,0.00023331179280870482,1689.907287900445,109.44152094134274,2.0,22.30375,290,0.002659574468086845,9.163145618667915e-06,2.2698447947632303,0.003445342752616884,853.4616428304167
4.75,65.0,4.6,8.210526315789474,1.956521739130435,10.16704805491991,6.254004576659039,0.26877587209009524,5,True,True,True,True,10.390755601883223,0.432879390839616,0.9979850174346871,0.00040570310435630755,-0.0012926652178495031,0.00023310514600122383,0.0012926652178495031,0.00023310514600122383,1690.7144148664668,109.67099417075909,2.0,22.29953125,291,0.002154437898632011,3.2398164517754777e-06,0.8071269660217695,0.0015037873469607279,374.63459333604624
4.7,63.0,4.8,8.042553191489361,2.1250000000000004,10.167553191489361,5.917553191489361,0.28361483889376354,5,True,True,True,True,10.391260738452674,0.432879390839616,0.9979946951021443,0.0004049395000045424,-0.0012868062249670493,0.00023272960937397808,0.0012868062249670493,0.00023272960937397808,1692.1801855993808,110.08821246239796,2.0,22.291875000000005,292,0.000505136569451281,5.85899288245385e-06,1.4657707329140521,0.011598829379584114,2901.7315743072954
4.7,69.0,4.85,8.808510638297872,1.3608247422680413,10.169335380565913,7.44768589602983,0.18968590923678535,5,True,True,True,True,10.393042927529226,0.432879390839616,0.9980008722591808,0.0004044497722406866,-0.0012830656554804482,0.00023248861449408562,0.0012830656554804482,0.00023248861449408562,1693.1201434219033,110.35609211175941,2.0,22.28696875,293,0.001782189076552143,3.740569486601012e-06,0.9399578225225014,0.002098862312542948,527.4175646620849
4.7,64.0,4.8,8.170212765957446,2.0,10.170212765957446,6.170212765957446,0.267523444069263,5,True,True,True,True,10.39392031292076,0.432879390839616,0.9980096134888407,0.0004037536424135587,-0.0012777713001992815,0.00023214584900837246,0.0012777713001992815,0.00023214584900837246,1694.4561403085988,110.73728009933939,2.0,22.28,294,0.0008773853915329255,5.294355281166771e-06,1.3359968866955114,0.0060342414317119284,1522.7024516117392
4.7,65.0,4.8,8.297872340425531,1.875,10.172872340425531,6.422872340425531,0.25147107057212115,5,True,True,True,True,10.396579887388844,0.432879390839616,0.9980244208907876,0.00040256599673549256,-0.0012687998114516263,0.00023156052680099162,0.0012687998114516263,0.00023156052680099162,1696.735156139722,111.38871890572102,2.0,22.268125000000005,295,0.0026595744680850686,8.971488747655174e-06,2.2790158311231608,0.0033732797691183934,856.9099525023206
4.75,63.0,4.6,7.957894736842104,2.2173913043478266,10.175286041189931,5.740503432494277,0.29906545591866335,5,True,True,True,True,10.398993588153244,0.432879390839616,0.9980289577935296,0.0004021999715103705,-0.0012660502408597656,0.0002313799971245092,0.0012660502408597656,0.0002313799971245092,1697.437470104457,111.58977016488573,2.0,22.26446875,296,0.002413700764400062,2.7495705918606766e-06,0.7023139647349126,0.0011391513945781498,290.9697735085552
4.7,66.0,4.8,8.425531914893616,1.7500000000000002,10.175531914893616,6.675531914893616,0.23546569912571402,5,True,True,True,True,10.39923946185693,0.432879390839616,0.9980391181336518,0.0004013765932031307,-0.0012598913133270435,0.00023097365850335087,0.0012598913133270435,0.00023097365850335087,1699.0172372099148,112.04252407332274,2.0,22.25625,297,0.0002458737036850067,6.158927532722101e-06,1.579767105457904,0.02504915100889526,6425.116154274768
4.7,71.0,4.85,9.063829787234042,1.1134020618556701,10.177231849089711,7.950427725378372,0.15884251862050908,5,True,True,True,True,10.400939396053024,0.432879390839616,0.998045388920239,0.0004008658706822554,-0.0012560892314847515,0.00023072145310262988,0.0012560892314847515,0.00023072145310262988,1699.9970703110243,112.3236961378383,2.0,22.251156250000005,298,0.0016999341960950431,3.8020818422920735e-06,0.9798331011095343,0.002236605305679432,576.3947236077319
4.7,54.0,4.75,6.893617021276596,3.28421052631579,10.177827547592386,3.6094064949608065,0.43027223653837493,5,True,True,True,True,10.4015350945557,0.432879390839616,0.9980547001806949,0.0004001039024251867,-0.0012504423894955485,0.0002303449462018016,0.0012504423894955485,0.0002303449462018016,1701.4588523328455,112.7436727644306,2.0,22.243562500000003,299,0.0005956985026749351,5.646841989202962e-06,1.4617820218211364,0.009479362402031033,2453.8957463500824
4.7,55.0,4.75,7.0212765957446805,3.1578947368421053,10.179171332586787,3.8633818589025752,0.41403889252472914,5,True,True,True,True,10.4028788795501,0.432879390839616,0.9980619115951492,0.00039951078162828917,-0.0012460679578077207,0.00023005167992817105,0.0012460679578077207,0.00023005167992817105,1702.5966628506226,113.07098762411084,2.0,22.23765625,300,0.0013437849944004654,4.37443168782776e-06,1.1378105177770976,0.0032553062476928674,846.720660312728
4.7,56.0,4.75,7.148936170212766,3.0315789473684207,10.180515117581187,4.117357222844345,0.39781867908952834,5,True,True,True,True,10.4042226645445,0.432879390839616,0.9980690962761931,0.000398917246316471,-0.0012417088292260197,0.0002297580418792184,0.0012417088292260197,0.0002297580418792184,1703.7352342523711,113.39888496190164,2.0,22.23175,301,0.0013437849944004654,4.359128581701063e-06,1.1385714017485498,0.003243918186216913,847.2868848014839
4.7,57.0,4.75,7.27659574468085,2.905263157894737,10.181858902575588,4.371332586786113,0.3816132705554591,5,True,True,True,True,10.4055664495389,0.432879390839616,0.99807625432293,0.0003983233006151266,-0.0012373649502154798,0.00022946403423849978,0.0012373649502154798,0.00022946403423849978,1704.8745670469207,113.72736424064468,2.0,22.225843750000003,302,0.0013437849944004654,4.3438790105398885e-06,1.1393327945495457,0.0032325699636778027,847.8534879442252
4.7,58.0,4.75,7.404255319148935,2.7789473684210524,10.183202687569988,4.6253079507278825,0.3654246365772222,5,True,True,True,True,10.406910234533301,0.432879390839616,0.9980833858340957,0.00039772894870471664,-0.0012330362674284093,0.00022916965922321897,0.0012330362674284093,0.00022916965922321897,1706.01466174343,114.05642493109211,2.0,22.2199375,303,0.0013437849944004654,4.32868278707043e-06,1.1400946965093226,0.00322126144071261,848.4204699859594
4.7,59.0,4.75,7.531914893617021,2.6526315789473682,10.184546472564389,4.879283314669653,0.34925510975964236,5,True,True,True,True,10.408254019527702,0.432879390839616,0.9980904909080602,0.00039713419481933546,-0.0012287227277037582,0.0002288749190834425,0.0012287227277037582,0.0002288749190834425,1707.1555188514048,114.38606651184422,2.0,22.21403125,304,0.0013437849944004654,4.313539724651186e-06,1.1408571079748526,0.0032099924784289528,848.9878311848914
4.7,60.0,4.75,7.659574468085106,2.526315789473684,10.185890257558789,5.133258678611422,0.33310747258341206,5,True,True,True,True,10.409597804522102,0.432879390839616,0.9980975696428288,0.00039653904324532584,-0.0012244242780664364,0.0002285798161013172,0.0012244242780664364,0.0002285798161013172,1708.2971388806884,114.7162884692796,2.0,22.208125000000003,305,0.0013437849944004654,4.298449637321752e-06,1.1416200292835583,0.003198762938441295,849.5555717921201
4.7,61.0,4.75,7.787234042553192,2.4,10.187234042553191,5.387234042553192,0.316985070327707,5,True,True,True,True,10.410941589516504,0.432879390839616,0.9981046221360435,0.0003959434983198859,-0.0012201408657266804,0.00022828435259031462,0.0012201408657266804,0.00022828435259031462,1709.4395223414708,115.0470902974996,2.0,22.202218750000004,306,0.0013437849944022418,4.283412339755981e-06,1.142383460782412,0.003187572682831883,850.1236920647267
4.7,62.0,4.75,7.914893617021277,2.2736842105263158,10.188577827547594,5.641209406494961,0.3008919594347414,5,True,True,True,True,10.412285374510907,0.432879390839616,0.998111648484984,0.00039534756442971097,-0.0012158724380794067,0.000227988530894468,0.0012158724380794067,0.000227988530894468,1710.5826697442726,115.37847149825986,2.0,22.196312500000005,307,0.0013437849944022418,4.268427647273693e-06,1.1431474028017874,0.003176421574176325,850.6921922508114
4.7,63.0,4.75,8.042553191489361,2.1473684210526316,10.189921612541992,5.89518477043673,0.2848331048462568,5,True,True,True,True,10.413629159505305,0.432879390839616,0.99811864878657,0.00039475124600963914,-0.0012116189427035509,0.00022769235338763872,0.0012116189427035509,0.00022769235338763872,1711.7265815999683,115.7104315809067,2.0,22.190406250000002,308,0.001343784994398689,4.253495375855856e-06,1.1439118556957055,0.0031653094755379313,851.2610726149521
4.7,64.0,4.75,8.170212765957446,2.0210526315789474,10.191265397536394,6.149160134378499,0.26881464599664834,5,True,True,True,True,10.414972944499707,0.432879390839616,0.9981256231373614,0.0003941545475413567,-0.0012073803273614477,0.0002273958224727782,0.0012073803273614477,0.0002273958224727782,1712.8712584197615,116.04297006232211,2.0,22.184500000000003,309,0.0013437849944022418,4.238615342103168e-06,1.144676819793176,0.0031542362504119485,851.8303333952354
4.7,65.0,4.75,8.297872340425531,1.894736842105263,10.192609182530795,6.403135498320268,0.25284426058408366,5,True,True,True,True,10.416316729494108,0.432879390839616,0.9981325716335603,0.00039355747355207754,-0.0012031565399981629,0.0002270989405812137,0.0012031565399981629,0.0002270989405812137,1714.0167007152104,116.37608646685696,2.0,22.178593750000005,310,0.0013437849944004654,4.223787363284845e-06,1.1454422954489019,0.0031432017628454786,852.3999748634975
4.7,66.0,4.75,8.425531914893616,1.7684210526315791,10.193952967525195,6.657110862262037,0.2369316699818421,5,True,True,True,True,10.417660514488508,0.432879390839616,0.9981394943710121,0.00039296002861328105,-0.001198947528740866,0.0002268017101719309,0.001198947528740866,0.0002268017101719309,1715.1629089982039,116.70978032627065,2.0,22.172687500000002,311,0.0013437849944004654,4.209011257296771e-06,1.1462082829934843,0.003132205877306017,852.9699972612578
4.7,67.0,4.75,8.553191489361703,1.642105263157895,10.195296752519598,6.911086226203809,0.22108935363902318,5,True,True,True,True,10.41900429948291,0.432879390839616,0.9981463914452071,0.0003923622173394283,-0.001194753241898203,0.00022650413373088044,0.001194753241898203,0.00022650413373088044,1716.3098837809796,117.04405117967055,2.0,22.16678125,312,0.0013437849944022418,4.194286842663019e-06,1.1469747827757146,0.003121248458745271,853.5404008480727
4.7,68.0,4.75,8.680851063829788,1.5157894736842104,10.196640537513998,7.165061590145578,0.20533357803029081,5,True,True,True,True,10.420348084477311,0.432879390839616,0.9981532629512814,0.0003917640443867511,-0.0011905736279596534,0.00022620621377029347,0.0011905736279596534,0.00022620621377029347,1717.4576255761162,117.3788985734566,2.0,22.160875000000004,313,0.0013437849944004654,4.179613938549726e-06,1.1477417951366533,0.003110329372605084,854.1111858811331
4.7,69.0,4.75,8.808510638297872,1.3894736842105262,10.197984322508397,7.419036954087345,0.18968590923678535,5,True,True,True,True,10.42169186947171,0.432879390839616,0.9981601089840185,0.0003911655144520101,-0.0011864086355948794,0.00022590795282798515,0.0011864086355948794,0.00022590795282798515,1718.6061348965357,117.71432206125374,2.0,22.154968750000002,314,0.001343784994398689,4.164992364773983e-06,1.1485093204194072,0.003099448484791062,854.6823526135124
4.7,70.0,4.75,8.936170212765957,1.263157894736842,10.199328107502799,7.673012318029114,0.17417548616643608,5,True,True,True,True,10.423035654466112,0.432879390839616,0.9981669296378505,0.0003905666322712927,-0.0011822582136531278,0.00022560935346670503,0.0011822582136531278,0.00022560935346670503,1719.7554122555016,118.05032120386339,2.0,22.149062500000003,315,0.0013437849944022418,4.150421941751577e-06,1.1492773589659464,0.003088605661650372,855.2539012963018
4.75,56.0,4.6,7.0736842105263165,3.130434782608696,10.204118993135012,3.9432494279176207,0.3867223181627897,0,True,True,True,True,10.427826540098325,0.432879390839616,0.9981753392353879,0.0003898246782056945,-0.0011771397069405747,0.00022523919401500216,0.0011771397069405747,0.00022523919401500216,1721.1793919568202,118.46711705935797,2.0,22.14175,316,0.004790885632212749,5.1185067125531294e-06,1.423979701318558,0.0010683842415559945,297.2268199733396
4.75,55.0,4.6,6.947368421052632,3.2608695652173916,10.208237986270024,3.6864988558352403,0.3946331023481653,0,True,True,True,True,10.431945533233337,0.432879390839616,0.9981953439190977,0.0003880437764539754,-0.001164958482299487,0.00022434969366674328,0.001164958482299487,0.00022434969366674328,1724.5980957188597,119.46994461071957,2.0,22.124218749999997,317,0.004118993135012516,1.218122464108763e-05,3.418703762039513,0.002957330648974392,829.9853022282653
4.75,61.0,4.55,7.705263157894737,2.5054945054945055,10.210757663389241,5.199768652400231,0.33284058021543655,0,True,True,True,True,10.434465210352554,0.432879390839616,0.9981992759978159,0.00038769106002942426,-0.0011625632729224478,0.00022417335503687196,0.0011625632729224478,0.00022417335503687196,1725.2753280077313,119.66896413766817,2.0,22.12075,318,0.0025196771192170786,2.395209377039232e-06,0.6772322888716644,0.0009506017095489911,268.7774094968549
4.75,54.0,4.6,6.821052631578948,3.3913043478260874,10.212356979405035,3.429748283752861,0.4030557151247666,0,True,True,True,True,10.436064526368348,0.432879390839616,0.9982151292812885,0.0003862599938619746,-0.0011529033108642226,0.0002234573326695105,0.0011529033108642226,0.0002234573326695105,1728.0235899034792,120.47782488061567,2.0,22.1066875,319,0.0015993160157936614,9.659962058225155e-06,2.7482618957478735,0.006040058351714432,1718.3982831460905
4.7,56.0,4.7,7.148936170212766,3.063829787234042,10.212765957446807,4.085106382978724,0.4004213577712944,5,True,True,True,True,10.43647350441012,0.432879390839616,0.9982337608628222,0.0003845595046854541,-0.0011415442414761127,0.00022260532714879388,0.0011415442414761127,0.00022260532714879388,1731.2905411291292,121.44188203232471,2.0,22.090000000000003,320,0.0004089780417722011,1.1359069388109906e-05,3.2669512256500184,0.02777427692422875,7988.084669518016
4.75,53.0,4.6,6.6947368421052635,3.5217391304347836,10.216475972540048,3.17299771167048,0.411958764250259,0,True,True,True,True,10.44018351950336,0.432879390839616,0.9982346977264939,0.0003844734607747483,-0.0011409728882166078,0.0002225621822245915,0.0011409728882166078,0.0002225621822245915,1731.455887998206,121.49074768605611,2.0,22.08915625,321,0.0037100150932403153,5.713532595049732e-07,0.16534686907675678,0.0001540029474667056,44.567707926046026
4.65,54.0,4.8,6.967741935483872,3.2500000000000004,10.217741935483872,3.7177419354838714,0.4334792735970526,5,True,True,True,True,10.441449482447185,0.432879390839616,0.9982413109929962,0.00038386460745364526,-0.0011369392514109242,0.00022225679258641506,0.0011369392514109242,0.00022225679258641506,1732.6260150621192,121.83675980465661,2.0,22.0831875,322,0.0012659629438243059,4.0336368056835634e-06,1.1701270639132417,0.003186220280270197,924.2980370171368
4.75,52.0,4.6,6.56842105263158,3.6521739130434785,10.220594965675058,2.9162471395881013,0.4213117934648019,0,True,True,True,True,10.444302512638371,0.432879390839616,0.9982540516328849,0.0003826843098018764,-0.001129165923436803,0.00022166431502791993,0.001129165923436803,0.00022166431502791993,1734.8950035173457,122.50870336064541,2.0,22.071624999999997,323,0.002853030191186434,7.77332797412115e-06,2.268988455226463,0.0027245866511102735,795.290727113863
4.65,55.0,4.8,7.096774193548386,3.125,10.221774193548386,3.971774193548386,0.41737068371604313,5,True,True,True,True,10.445481740511699,0.432879390839616,0.9982607974663039,0.00038205543789129843,-0.0011250488563392638,0.00022134839042065545,0.0011250488563392638,0.00022134839042065545,1736.1042985160623,122.86735955317683,2.0,22.06546875,324,0.0011792278733278039,4.11706709753921e-06,1.2092949987165866,0.0034913244425954473,1025.4972987569677
4.75,51.0,4.6,6.442105263157895,3.782608695652174,10.224713958810069,2.6594965675057214,0.43108551483959573,0,True,True,True,True,10.448421505773382,0.432879390839616,0.9982731933525597,0.00038089267558550857,-0.0011174811389636065,0.00022076380514000806,0.0011174811389636065,0.00022076380514000806,1738.340950002054,123.53168274229222,2.0,22.05409375,325,0.002939765261682936,7.567717375657349e-06,2.236651485991615,0.0025742590656115975,760.8265582100228
4.65,56.0,4.8,7.225806451612903,3.0,10.225806451612904,4.225806451612903,0.40128516610389453,5,True,True,True,True,10.449513998576217,0.432879390839616,0.9982800680272811,0.0003802437804348639,-0.0011132828139933822,0.00022043731560858674,0.0011132828139933822,0.00022043731560858674,1739.5895646977742,123.90308787665623,2.0,22.04775,326,0.0010924928028348546,4.1983249702243035e-06,1.2486146957203346,0.0038428857007847387,1142.9042758729092
4.75,50.0,4.6,6.315789473684211,3.91304347826087,10.22883295194508,2.4027459954233406,0.43337965447939264,1,True,True,True,True,10.452540498908393,0.432879390839616,0.9982921252118291,0.00037909869457935944,-0.0011059172704562116,0.0002198607278617196,0.0011059172704562116,0.0002198607278617196,1741.7937410203817,124.55967716120955,2.0,22.0365625,327,0.0030265003321758854,7.36554353717063e-06,2.204176322607509,0.0024336833731239717,728.2921132286243
4.65,57.0,4.8,7.354838709677418,2.8750000000000004,10.229838709677418,4.479838709677418,0.38522561099507274,5,True,True,True,True,10.453546256640731,0.432879390839616,0.998299125068261,0.0003784297765763284,-0.0011016398238613732,0.0002195236463193747,0.0011016398238613732,0.0002195236463193747,1743.0818276252246,124.94393600238868,2.0,22.03003125,328,0.0010057577323383526,4.277446594838381e-06,1.2880866048428743,0.004252959194152515,1280.712604464016
4.7,66.0,4.65,8.425531914893616,1.8064516129032258,10.231983527796842,6.61908030199039,0.24834810739236698,5,True,True,True,True,10.455691074760155,0.432879390839616,0.9983223283068611,0.0003761904479095127,-0.0010874537462879199,0.00021839381785333738,0.0010874537462879199,0.00021839381785333738,1747.396754636529,126.23413215682172,2.0,22.008187500000002,329,0.00214481811942413,1.418607757345332e-05,4.314927011304462,0.006614116807844849,2011.7915697499761
4.7,65.0,4.65,8.297872340425531,1.9354838709677418,10.233356211393273,6.362388469457789,0.2635723549906137,5,True,True,True,True,10.457063758356586,0.432879390839616,0.9983284819062265,0.00037559083834938175,-0.0010836896857872038,0.00021809093161113027,0.0010836896857872038,0.00021809093161113027,1748.5529155530814,126.5806071852003,2.0,22.002343750000005,330,0.0013726835964309458,3.76406050071605e-06,1.1561609165523805,0.002742118074771796,842.2632277084564
4.7,64.0,4.65,8.170212765957446,2.064516129032258,10.234728894989704,6.105696636925188,0.2789291668278695,5,True,True,True,True,10.458436441953017,0.432879390839616,0.9983346129345576,0.0003749910137351503,-0.0010799386540258685,0.00021778778547405794,0.0010799386540258685,0.00021778778547405794,1749.7098414407626,126.92763689941621,2.0,21.996500000000005,331,0.0013726835964309458,3.7510317613352866e-06,1.1569258876811546,0.002732626638132909,842.8205091757683
4.7,63.0,4.65,8.042553191489361,2.1935483870967745,10.236101578586135,5.849004804392587,0.2943977986013904,5,True,True,True,True,10.459809125549448,0.432879390839616,0.9983407214746438,0.00037439097930164656,-0.001076200605906861,0.00021748438236240253,0.001076200605906861,0.00021748438236240253,1750.8675328057107,127.27522104085574,2.0,21.990656250000004,332,0.0013726835964309458,3.7380481190075684e-06,1.1576913649480502,0.002723168054697166,843.3781593647018
4.7,62.0,4.65,7.914893617021277,2.32258064516129,10.237474262182566,5.592312971859987,0.3099615096386391,5,True,True,True,True,10.461181809145879,0.432879390839616,0.9983468076089705,0.0003737907402957853,-0.001072475496489221,0.00021718072520591776,0.001072475496489221,0.00021718072520591776,1752.0259901544034,127.6233593563912,2.0,21.984812500000004,333,0.0013726835964309458,3.725109417639875e-06,1.1584573486927638,0.002713742210750801,843.9361785227256
4.7,61.0,4.65,7.787234042553192,2.4516129032258065,10.238846945778999,5.335621139327385,0.32560666611058114,5,True,True,True,True,10.462554492742312,0.432879390839616,0.9983528714197208,0.00037319030197581,-0.0010687632809875456,0.000216876816943442,0.0010687632809875456,0.000216876816943442,1753.1852139936523,127.97205159834188,2.0,21.978968750000003,334,0.0013726835964327222,3.7122155016754317e-06,1.1592238392488525,0.0027043489929672038,844.4945668917435
4.7,60.0,4.65,7.659574468085106,2.5806451612903225,10.240219629375428,5.078929306794784,0.3413220685743814,5,True,True,True,True,10.463927176338741,0.432879390839616,0.9983589129887761,0.00037258966961059575,-0.0010650639147714493,0.00021657266052248951,0.0010650639147714493,0.00021657266052248951,1754.345204830605,128.32129752442134,2.0,21.973125000000003,335,0.0013726835964291695,3.6993662160963135e-06,1.1599908369528293,0.0026949882884298028,845.053324721277
4.7,59.0,4.65,7.531914893617021,2.7096774193548385,10.241592312971859,4.822237474262183,0.35709844286723785,5,True,True,True,True,10.465299859935172,0.432879390839616,0.9983649323977177,0.0003719888484789836,-0.001061377353365028,0.00021626825889885763,0.001061377353365028,0.00021626825889885763,1755.5059631727431,128.67109689770135,2.0,21.967281250000003,336,0.0013726835964309458,3.6865614064212748e-06,1.160758342138024,0.002685659984578049,845.6124522475978
4.7,58.0,4.65,7.404255319148935,2.8387096774193545,10.24296499656829,4.56554564172958,0.37292805099989595,5,True,True,True,True,10.466672543531603,0.432879390839616,0.9983709297278276,0.0003713878438690797,-0.001057703552446325,0.00021596361503624056,0.001057703552446325,0.00021596361503624056,1756.6674895278823,129.02144948657255,2.0,21.961437500000002,337,0.0013726835964309458,3.673800918703148e-06,1.1615263551391308,0.002676363969275393,846.1719497189041
4.7,57.0,4.65,7.27659574468085,2.967741935483871,10.24433768016472,4.308853809196979,0.38880439101046704,5,True,True,True,True,10.468045227128034,0.432879390839616,0.9983769050600896,0.0003707866610776027,-0.0010540424678467963,0.00021565873190584835,0.0010540424678467963,0.00021565873190584835,1757.8297844041783,129.37235506469236,2.0,21.955593750000002,338,0.0013726835964309458,3.6610845995286266e-06,1.1622948762960732,0.002667100130756754,846.7318173817367
4.7,56.0,4.65,7.148936170212766,3.0967741935483866,10.245710363761152,4.0521619766643795,0.40472196337426913,5,True,True,True,True,10.469417910724465,0.432879390839616,0.9983828584751904,0.0003701853054092363,-0.0010503940555507824,0.0002153536124860435,0.0010503940555507824,0.0002153536124860435,1758.992848310123,129.72381341095343,2.0,21.94975,339,0.0013726835964309458,3.648412296013929e-06,1.1630639059446821,0.0026578683576462957,847.2920554807483
4.7,55.0,4.65,7.0212765957446805,3.225806451612903,10.247083047357584,3.7954701441317775,0.4206760876590091,5,True,True,True,True,10.470790594320897,0.432879390839616,0.998388790053521,0.000369583782175953,-0.001046758271694978,0.00021504825976195055,0.001046758271694978,0.00021504825976195055,1760.15668175454,130.07582430944012,2.0,21.943906250000005,340,0.0013726835964327222,3.635783855804363e-06,1.1638334444169232,0.0026486685389501994,847.8526642566787
4.7,54.0,4.65,6.893617021276596,3.3548387096774195,10.248455730954015,3.538778311599177,0.432879495260719,0,True,True,True,True,10.472163277917328,0.432879390839616,0.9983946998751771,0.00036898209669642665,-0.0010431350725678993,0.00021474267672511063,0.0010431350725678993,0.00021474267672511063,1761.3212852465936,130.4283875493867,2.0,21.938062500000004,341,0.0013726835964309458,3.623199127078666e-06,1.1646034920536295,0.0026395005640769556,848.4136439611166
4.7,53.0,4.65,6.76595744680851,3.483870967741936,10.249828414550446,3.2820864790665745,0.4411811094834392,0,True,True,True,True,10.47353596151376,0.432879390839616,0.9984005880199612,0.00036838025429536674,-0.0010395244146093688,0.00021443686637312358,0.0010395244146093688,0.00021443686637312358,1762.4866592957862,130.78150292513544,2.0,21.932218750000004,342,0.0013726835964309458,3.610657958530569e-06,1.1653740491926783,0.0026303643227896666,848.9749948369137
4.65,54.0,4.75,6.967741935483872,3.28421052631579,10.251952461799661,3.683531409168082,0.43427733237397,5,True,True,True,True,10.475660008762974,0.432879390839616,0.9984048253912504,0.00036794567461054885,-0.0010369255603636255,0.00021421595459949656,0.0010369255603636255,0.00021421595459949656,1763.3284513397368,131.03676885695768,2.0,21.928000000000004,343,0.0021240472492145557,2.598854245743293e-06,0.8417920439505906,0.001223538810967748,396.315121644245
4.65,63.0,4.8,8.129032258064514,2.1250000000000004,10.254032258064514,6.004032258064514,0.28965493387624486,5,True,True,True,True,10.477739805027827,0.432879390839616,0.9984091140616599,0.0003675045779999854,-0.0010342948468312792,0.00021399165170480898,0.0010342948468312792,0.00021399165170480898,1764.1831254099952,131.29611050956495,2.0,21.923718750000003,344,0.0020797962648533286,2.630713532346266e-06,0.8546740702583975,0.0012648900167785372,410.9412468430752
4.65,55.0,4.75,7.096774193548386,3.1578947368421053,10.25466893039049,3.938879456706281,0.4181994839800984,5,True,True,True,True,10.478376477353804,0.432879390839616,0.9984165681724637,0.00036673489013295624,-0.001029721467500438,0.0002136000676835874,0.001029721467500438,0.0002136000676835874,1765.6751179844825,131.74924742704235,2.0,21.91625,345,0.0006366723259763063,4.573379330841164e-06,1.4919925744873126,0.0071832544689736716,2343.423003661128
4.7,64.0,4.6,8.170212765957446,2.0869565217391304,10.257169287696577,6.083256244218315,0.2874876093619556,5,True,True,True,True,10.48087683465989,0.432879390839616,0.9984287186163971,0.000365471993826188,-0.001022264103081147,0.00021295704305481321,0.001022264103081147,0.00021295704305481321,1768.1249679966593,132.4944178349785,2.0,21.904000000000003,346,0.0025003573060864426,7.457364419290961e-06,2.4498500121767393,0.002982519498768447,979.79996947366
4.7,63.0,4.6,8.042553191489361,2.2173913043478266,10.259944495837187,5.825161887141535,0.3025189403173093,5,True,True,True,True,10.4836520428005,0.432879390839616,0.9984401629062488,0.0003642730190369988,-0.0010152371668099164,0.0002123459730476271,0.0010152371668099164,0.0002123459730476271,1770.4529690067825,133.20380863035186,2.0,21.892375000000005,347,0.0027752081406102747,7.026936271230721e-06,2.3280010101232165,0.0025320393697337174,838.8563639811476
4.65,65.0,4.8,8.387096774193548,1.875,10.262096774193548,6.512096774193548,0.258264018424567,5,True,True,True,True,10.485804321156861,0.432879390839616,0.9984441731429472,0.00036385068876400414,-0.0010127741443971023,0.00021213059126096645,0.0010127741443971023,0.00021213059126096645,1771.273505361226,133.45413989662262,2.0,21.888281250000002,348,0.0021522783563607817,2.4630224128140837e-06,0.8205363544434476,0.001144379120635088,381.2408148873765
4.7,62.0,4.6,7.914893617021277,2.3478260869565215,10.262719703977798,5.567067530064755,0.31768503724101815,5,True,True,True,True,10.48642725094111,0.432879390839616,0.9984515238426213,0.0003630735885612384,-0.0010082585329619159,0.00021173409689831466,0.0010082585329619159,0.00021173409689831466,1772.7840351784776,133.9153787326408,2.0,21.880750000000003,349,0.000622929784249493,4.5156114351864104e-06,1.5105298172516086,0.007248989451719391,2424.879746393083
4.7,61.0,4.6,7.787234042553192,2.4782608695652177,10.26549491211841,5.308973172987974,0.3329674855673004,5,True,True,True,True,10.489202459081723,0.432879390839616,0.9984628020326122,0.00036187374453895764,-0.001001327869511352,0.0002111214385211458,0.001001327869511352,0.0002111214385211458,1775.1181705474846,134.62912688265442,2.0,21.869125000000004,350,0.002775208140612051,6.930663450563845e-06,2.334135369007072,0.0024973490633518176,841.066777965092
4.65,60.0,4.75,7.741935483870967,2.526315789473684,10.268251273344651,5.215619694397283,0.33826497331090155,5,True,True,True,True,10.491958820307964,0.432879390839616,0.9984739980788976,0.00036067352911000407,-0.0009944448467147423,0.00021050802187037602,0.0009944448467147423,0.00021050802187037602,1777.4553791548633,135.34505189476474,2.0,21.8575,351,0.002756361226241566,6.883022796609715e-06,2.3372086073786704,0.0024971410608598116,847.9326240434638
4.65,67.0,4.8,8.64516129032258,1.6250000000000002,10.27016129032258,7.02016129032258,0.22726765144871394,5,True,True,True,True,10.493868837285893,0.432879390839616,0.9984784596112198,0.0003601927029427586,-0.0009917012259141663,0.0002102621181148726,0.0009917012259141663,0.0002102621181148726,1778.392382063801,135.63241712829844,2.0,21.85284375,352,0.0019100169779289189,2.7436208005760226e-06,0.9370029089377567,0.0014364379124791875,490.5730785460208
4.65,61.0,4.75,7.870967741935484,2.4,10.270967741935484,5.470967741935484,0.3224005872959565,5,True,True,True,True,10.494675288898797,0.432879390839616,0.9984852316495626,0.0003594600736794389,-0.0009875358907617817,0.0002098872632548004,0.0009875358907617817,0.0002098872632548004,1779.8208461486145,136.07088598883809,2.0,21.845750000000002,353,0.0008064516129042687,4.1653351523845625e-06,1.4284640848134131,0.005165015588950178,1771.2954651663417
4.65,62.0,4.75,8.0,2.2736842105263158,10.273684210526316,5.726315789473684,0.3065918706205277,5,True,True,True,True,10.497391757489629,0.432879390839616,0.9984963825249781,0.00035824632531208933,-0.0009806749351303266,0.0002092657792649118,0.0009806749351303266,0.0002092657792649118,1782.189461144934,136.7989417983801,2.0,21.834000000000003,354,0.0027164685908314112,6.860955631455071e-06,2.368614996319593,0.0025256892918298695,871.946395520313
4.65,63.0,4.75,8.129032258064514,2.1473684210526316,10.276400679117145,5.981663837011883,0.2908479009628143,5,True,True,True,True,10.500108226080458,0.432879390839616,0.9985074513138998,0.00035703232742575217,-0.000973861646335708,0.0002086435947049945,0.000973861646335708,0.0002086435947049945,1784.561228333237,137.52921832127592,2.0,21.822250000000004,355,0.002716468590829635,6.813288794618689e-06,2.3717671883030107,0.0025081419375211134,873.1067961947798
4.65,64.0,4.75,8.258064516129032,2.0210526315789474,10.279117147707979,6.237011884550085,0.2751797917370018,5,True,True,True,True,10.502824694671292,0.432879390839616,0.9985184386206027,0.0003558181233758767,-0.0009670956932101637,0.00020802073438483778,0.0009670956932101637,0.00020802073438483778,1786.9361519085116,138.26171462760664,2.0,21.8105,356,0.0027164685908331876,6.765953125544249e-06,2.374923575274579,0.002490716494339813,874.2687411475459
4.65,65.0,4.75,8.387096774193548,1.894736842105263,10.281833616298812,6.492359932088285,0.2596012788651634,5,True,True,True,True,10.505541163262125,0.432879390839616,0.9985293450449132,0.0003546037564413615,-0.0009603767468867365,0.00020739722311136552,0.0009603767468867365,0.00020739722311136552,1789.3142360713277,138.99642985854152,2.0,21.798750000000002,357,0.0027164685908331876,6.718946323427239e-06,2.3780841628160942,0.0024734121153104967,875.4322324362657
4.65,66.0,4.75,8.516129032258064,1.7684210526315791,10.284550084889643,6.747707979626485,0.2441295150499031,5,True,True,True,True,10.508257631852956,0.432879390839616,0.998540171182242,0.0003533892698108342,-0.0009537044807832838,0.00020677308568058415,0.0009537044807832838,0.00020677308568058415,1791.6954850278491,139.73336322526745,2.0,21.787000000000003,358,0.0027164685908314112,6.672266103452634e-06,2.3812489565214037,0.0024562279593339596,876.5972721196055
4.65,54.0,4.7,6.967741935483872,3.319148936170213,10.286890871654085,3.6485929993136588,0.43666275744643185,5,True,True,True,True,10.510598418617398,0.432879390839616,0.9985516577976077,0.00035209071907770813,-0.0009466221012789025,0.00020610512524668205,0.0009466221012789025,0.00020610512524668205,1794.2449002058813,140.52370744853874,2.0,21.774437500000005,359,0.002340786764442271,7.082379504381314e-06,2.549415178032177,0.003025640614500314,1089.1274748982166
4.65,55.0,4.7,7.096774193548386,3.1914893617021276,10.288263555250513,3.9052848318462585,0.42067608765900916,5,True,True,True,True,10.511971102213826,0.432879390839616,0.9985569702301259,0.0003514866517373286,-0.0009433455087132903,0.00020579418154381313,0.0009433455087132903,0.00020579418154381313,1795.4320580867918,140.89221867971514,2.0,21.76859375,360,0.0013726835964273931,3.2765925656122203e-06,1.1871578809104903,0.002386997684054814,864.8445162455789
4.65,56.0,4.7,7.225806451612903,3.063829787234042,10.289636238846946,4.1619766643788605,0.4047219633742692,5,True,True,True,True,10.513343785810259,0.432879390839616,0.9985622631769596,0.00035088258208472206,-0.0009400802575888188,0.00020548309867833377,0.0009400802575888188,0.00020548309867833377,1796.620001447896,141.2612781368928,2.0,21.762750000000004,361,0.0013726835964327222,3.265251124471495e-06,1.1879433611040895,0.002378735444174539,865.4167385632577
4.65,57.0,4.7,7.354838709677418,2.9361702127659575,10.291008922443375,4.418668496911461,0.3888043910104671,5,True,True,True,True,10.514716469406688,0.432879390839616,0.998567536709581,0.000350278515384804,-0.0009368263086487583,0.00020517187968949947,0.0009368263086487583,0.00020517187968949947,1797.8087308089077,141.63088575068002,2.0,21.75690625,362,0.0013726835964291695,3.2539489400604726e-06,1.1887293610118377,0.0023705018028372547,865.9893394982929
4.65,58.0,4.7,7.483870967741934,2.808510638297872,10.292381606039806,4.675360329444063,0.372928050999896,5,True,True,True,True,10.516089153003119,0.432879390839616,0.9985727908992004,0.0003496744568938852,-0.0009335836227722737,0.00020486052761405825,0.0009335836227722737,0.00020486052761405825,1798.9982466898791,142.00104145570813,2.0,21.751062500000003,363,0.0013726835964309458,3.2426858764846023e-06,1.1895158809713848,0.002362296661019165,866.5623192877024
4.65,59.0,4.7,7.612903225806451,2.680851063829787,10.293754289636238,4.932052161976664,0.35709844286723785,5,True,True,True,True,10.517461836599551,0.432879390839616,0.9985780258167667,0.00034907041185931005,-0.0009303521609739291,0.00020454904548604207,0.0009303521609739291,0.00020454904548604207,1800.1885496112106,142.37174519060883,2.0,21.745218750000003,364,0.0013726835964327222,3.2314617983445967e-06,1.1903029213315222,0.002354119920091124,867.1356781889402
4.65,60.0,4.7,7.741935483870967,2.553191489361702,10.29512697323267,5.188743994509265,0.3413220685743814,5,True,True,True,True,10.518834520195982,0.432879390839616,0.9985832415329687,0.00034846638551909714,-0.000927131884403238,0.000204237436336566,0.000927131884403238,0.000204237436336566,1801.3796400936458,142.74299689797925,2.0,21.739375000000003,365,0.0013726835964309458,3.2202765706911126e-06,1.1910904824351292,0.002345971481748607,867.7094164540401
4.65,61.0,4.7,7.870967741935484,2.425531914893617,10.296499656829102,5.445435827041867,0.32560666611058114,5,True,True,True,True,10.520207203792415,0.432879390839616,0.9985884381182358,0.0003478623831016391,-0.0009239227543441887,0.00020392570319363153,0.0009239227543441887,0.00020392570319363153,1802.5715186582725,143.11479652435324,2.0,21.733531250000006,366,0.0013726835964327222,3.209130059049362e-06,1.191878564626677,0.0023378512480145656,868.2835343294591
4.65,62.0,4.7,8.0,2.2978723404255317,10.297872340425531,5.702127659574469,0.3099615096386391,5,True,True,True,True,10.521579887388844,0.432879390839616,0.9985936156427392,0.00034725840982535,-0.0009207247322147727,0.0002036138490819277,0.0009207247322147727,0.0002036138490819277,1803.7641858265267,143.48714402017356,2.0,21.727687500000002,367,0.0013726835964291695,3.1980221294159675e-06,1.1926671682542747,0.0023297591212826777,868.8580320744121
4.65,63.0,4.7,8.129032258064514,2.170212765957447,10.29924502402196,5.958819492107067,0.2943977986013904,5,True,True,True,True,10.522952570985273,0.432879390839616,0.9985987741763925,0.00034665447089836837,-0.0009175377795665392,0.0002033018770226369,0.0009175377795665392,0.0002033018770226369,1804.9576421201796,143.86003933976184,2.0,21.721843750000005,368,0.0013726835964291695,3.186952648233485e-06,1.1934562936528437,0.002321695004241228,869.4329099272704
4.65,64.0,4.7,8.258064516129032,2.0425531914893615,10.300617707618393,6.215511324639671,0.2789291668278695,5,True,True,True,True,10.524325254581706,0.432879390839616,0.9986039137888532,0.0003460505715182113,-0.0009143618580841078,0.0002029897900332499,0.0009143618580841078,0.0002029897900332499,1806.1518880613573,144.23348244129025,2.0,21.716,369,0.0013726835964327222,3.1759214824313847e-06,1.194245941177769,0.0023136587999483993,870.0081681469276
4.7,58.0,4.55,7.404255319148935,2.901098901098901,10.305354220247835,4.503156418050034,0.3612396761382164,0,True,True,True,True,10.529061767211148,0.432879390839616,0.9986105370779608,0.00034526912183042156,-0.0009102681548106143,0.00020258574705887868,0.0009102681548106143,0.00020258574705887868,1807.698555836148,144.71757483109087,2.0,21.708437500000002,370,0.004736512629442302,4.093703273493521e-06,1.5466677747906488,0.0008642863629343962,326.5414653761327
4.7,57.0,4.55,7.27659574468085,3.0329670329670333,10.309562777647884,4.243628711713816,0.3682394029378865,0,True,True,True,True,10.533270324611197,0.432879390839616,0.998625608429344,0.0003434772976244109,-0.0009009487853232988,0.00020165844696394723,0.0009009487853232988,0.00020165844696394723,1811.2506695090217,145.83125064369025,2.0,21.69109375,371,0.004208557400048107,9.319369487315455e-06,3.552113672873702,0.002214385738735303,844.0216766042203
4.7,56.0,4.55,7.148936170212766,3.1648351648351647,10.31377133504793,3.984101005377601,0.3758242967900329,0,True,True,True,True,10.537478882011243,0.432879390839616,0.9986405163034376,0.0003416860609609362,-0.0008917248279924836,0.00020073027374080694,0.0008917248279924836,0.00020073027374080694,1814.8097630577736,146.9497502335062,2.0,21.673750000000002,372,0.004208557400046331,9.22395733081525e-06,3.559093548751889,0.0021917147502167147,845.6801726674104
4.7,55.0,4.55,7.0212765957446805,3.296703296703297,10.317979892447978,3.7245732990413836,0.3839596803851393,0,True,True,True,True,10.541687439411291,0.432879390839616,0.9986552624734618,0.00033989554547343145,-0.0008825953059838813,0.00019980130543232024,0.0008825953059838813,0.00019980130543232024,1818.375850197806,148.0730732138853,2.0,21.656406250000003,373,0.004208557400048107,9.129522008602333e-06,3.566087140032323,0.0021692758683766497,847.3419276618538
4.6,59.0,4.8,7.695652173913044,2.625,10.320652173913043,5.070652173913044,0.359995639175082,5,True,True,True,True,10.544359720876356,0.432879390839616,0.9986577177591414,0.0003395955930846076,-0.0008810746636745244,0.00019964556818815796,0.0008810746636745244,0.00019964556818815796,1818.9740958521802,148.2617775412884,2.0,21.653499999999998,374,0.0026722814650650406,1.520642309356824e-06,0.5982456543742956,0.0005690427184547392,223.87074946827687
4.7,54.0,4.55,6.893617021276596,3.428571428571429,10.322188449848024,3.4650455927051675,0.39261133476665927,0,True,True,True,True,10.545895996811337,0.432879390839616,0.9986698486934028,0.0003381058837708792,-0.000873559252464086,0.000198871619672012,0.000873559252464086,0.000198871619672012,1821.948944671471,149.20121947729638,2.0,21.6390625,375,0.0015362759349812904,7.5154112104384605e-06,2.9748488192908553,0.004891967021881383,1936.4026680057866
4.65,55.0,4.65,7.096774193548386,3.225806451612903,10.322580645161288,3.870967741935483,0.4247716734979001,5,True,True,True,True,10.546288192124601,0.432879390839616,0.9986836301668631,0.0003363977553652972,-0.0008650165963213843,0.000197983212920262,0.0008650165963213843,0.000197983212920262,1825.3676425775975,150.28305076983474,2.0,21.622500000000002,376,0.0003921953132639544,8.542656142701641e-06,3.4186979061264537,0.021781637499967477,8716.824986191534
4.6,54.0,4.75,7.043478260869567,3.28421052631579,10.327688787185357,3.7592677345537773,0.4398231995281906,5,True,True,True,True,10.55139633414867,0.432879390839616,0.9986891542116734,0.00033570833871199356,-0.0008615910190821109,0.00019762434745470198,0.0008615910190821109,0.00019762434745470198,1826.7498397941076,150.72111234929477,2.0,21.615812499999997,377,0.00510814202406884,3.4255772392734586e-06,1.3821972165101215,0.0006706111974045798,270.58707647465644
4.6,61.0,4.8,7.9565217391304355,2.375,10.331521739130435,5.5815217391304355,0.32878148266366425,5,True,True,True,True,10.555229286093748,0.432879390839616,0.9986968079785442,0.0003347485988059385,-0.0008568434091153261,0.0001971244867383673,0.0008568434091153261,0.0001971244867383673,1828.6763253707334,151.33231811131066,2.0,21.606499999999997,378,0.0038329519450783778,4.747609966784805e-06,1.926485576625737,0.0012386301823796343,502.6114608870588
4.6,55.0,4.75,7.173913043478262,3.1578947368421053,10.331807780320368,4.016018306636156,0.4239557215448136,5,True,True,True,True,10.55551532728368,0.432879390839616,0.9987035256805492,0.0003339018737782408,-0.0008526751413062618,0.0001966832151719994,0.0008526751413062618,0.0001966832151719994,1830.3782335448057,151.872893408554,2.0,21.59828125,379,0.00028604118993236227,4.168267809064236e-06,1.7019081740722868,0.014572264260437007,5949.870976535661
4.6,56.0,4.75,7.304347826086957,3.0315789473684207,10.335926773455377,4.272768878718536,0.40812982093938743,5,True,True,True,True,10.55963432041869,0.432879390839616,0.9987177395877047,0.00033209672690332837,-0.0008438515264193598,0.00019574161217119843,0.0008438515264193598,0.00019574161217119843,1834.0138342161924,153.02960423532693,2.0,21.580749999999995,380,0.004118993135008964,8.823614886902063e-06,3.635600671386783,0.0021421776142102893,882.6430518872111
4.6,57.0,4.75,7.434782608695651,2.905263157894737,10.34004576659039,4.5295194508009144,0.39235052895531225,5,True,True,True,True,10.563753313553702,0.432879390839616,0.9987317976605691,0.00033029302979233326,-0.0008351192196706962,0.00019479961639100752,0.0008351192196706962,0.00019479961639100752,1837.6566561230557,154.19124590461635,2.0,21.563218749999997,381,0.004118993135012516,8.73230674866359e-06,3.642821906863219,0.002120010027313885,884.3962073882285
4.6,63.0,4.8,8.217391304347826,2.1250000000000004,10.342391304347826,6.092391304347826,0.2979053979843513,5,True,True,True,True,10.56609885131114,0.432879390839616,0.9987347598045403,0.0003299106261370269,-0.0008332785608457634,0.00019459975595205228,0.0008332785608457634,0.00019459975595205228,1838.4303056304573,154.43828876609143,2.0,21.559499999999996,382,0.002345537757436844,1.840658824932783e-06,0.7736495074016148,0.0007847491770689794,329.8388631556472
4.6,58.0,4.75,7.565217391304348,2.7789473684210524,10.3441647597254,4.786270022883295,0.37662370388104116,5,True,True,True,True,10.567872306688713,0.432879390839616,0.9987457016076327,0.0003284909128027062,-0.0008264772761894622,0.00019385730516896453,0.0008264772761894622,0.00019385730516896453,1841.3067136086281,155.35781975127696,2.0,21.5456875,383,0.001773455377573896,6.801284656301207e-06,2.876407978170846,0.0038350469610379653,1621.9229502722533
4.6,59.0,4.75,7.695652173913044,2.6526315789473682,10.348283752860413,5.043020594965675,0.3609562037154911,5,True,True,True,True,10.571991299823726,0.432879390839616,0.9987594531186552,0.0003266905049025126,-0.0008179247608825207,0.0001929147552146028,0.0008179247608825207,0.0001929147552146028,1844.9640210446182,156.529327364572,2.0,21.52815625,384,0.004118993135012516,8.552515306941536e-06,3.6573074359901057,0.002076360660629153,887.9129719595884
4.65,60.0,4.6,7.741935483870967,2.608695652173913,10.35063113604488,5.133239831697054,0.35328600850213976,5,True,True,True,True,10.574338683008193,0.432879390839616,0.9987759437004196,0.00032450746305978293,-0.0008076616666889129,0.00019177037893883237,0.0008076616666889129,0.00019177037893883237,1849.413402961399,157.95805717207483,2.0,21.506875,385,0.0023473831844675885,1.0263094193607714e-05,4.449381916780794,0.004372142674241527,1895.4646800837338
4.65,59.0,4.6,7.612903225806451,2.739130434782609,10.35203366058906,4.873772791023843,0.36855060331748907,5,True,True,True,True,10.575741207552372,0.432879390839616,0.9987803855340208,0.0003239149163806302,-0.0008048959133690899,0.00019145947469466473,0.0008048959133690899,0.00019145947469466473,1850.6239713963141,158.3474416745541,2.0,21.501093750000003,386,0.0014025245441793288,2.76575331982303e-06,1.2105684349151034,0.001971982117034094,863.1352940945883
4.65,58.0,4.6,7.483870967741934,2.869565217391304,10.353436185133239,4.6143057503506295,0.383908297032065,5,True,True,True,True,10.577143732096552,0.432879390839616,0.9987848112491757,0.0003233225905380962,-0.0008021396310836622,0.0001911485653879362,0.0008021396310836622,0.0001911485653879362,1851.8353322316389,158.73736326841615,2.0,21.4953125,387,0.0014025245441793288,2.7562822854276976e-06,1.21136083532474,0.0019652292695102208,863.7002755866594
4.65,57.0,4.6,7.354838709677418,3.0000000000000004,10.354838709677418,4.354838709677418,0.39934834890919413,5,True,True,True,True,10.578546256640731,0.432879390839616,0.9987892209043746,0.00032273048998853344,-0.000799392787400061,0.00019083765369156904,0.000799392787400061,0.00019083765369156904,1853.0474859860526,159.12782203868883,2.0,21.48953125,388,0.0014025245441793288,2.746843683601257e-06,1.2121537544137482,0.0019584995464079673,864.2656268971222
4.65,56.0,4.6,7.225806451612903,3.130434782608696,10.3562412342216,4.095371669004207,0.40764525016263875,0,True,True,True,True,10.579948781184912,0.432879390839616,0.9987936145578956,0.0003221386191702578,-0.0007966553499967752,0.00019052674227001216,0.0007966553499967752,0.00019052674227001216,1854.2604331785756,159.51881807317508,2.0,21.48375,389,0.0014025245441811052,2.7374374032857352e-06,1.212947192522961,0.0019517928685405276,864.8313482678956
4.65,55.0,4.6,7.096774193548386,3.2608695652173916,10.357643758765779,3.8359046283309945,0.415157541282699,0,True,True,True,True,10.581351305729092,0.432879390839616,0.9987979922678054,0.00032154698250345487,-0.0007939272866629784,0.00019021583377915274,0.0007939272866629784,0.00019021583377915274,1855.4741743285674,159.91035146243408,2.0,21.477968750000002,390,0.0014025245441793288,2.728063333796776e-06,1.2137411499918471,0.0019451091569973708,865.3974399443069
4.65,54.0,4.6,6.967741935483872,3.3913043478260874,10.35904628330996,3.5764375876577845,0.4231718422930517,0,True,True,True,True,10.582753830273273,0.432879390839616,0.9988023540919597,0.00032095558439005576,-0.000791208565298141,0.00018990493086625532,0.000791208565298141,0.00018990493086625532,1856.688709955728,160.30242229976318,2.0,21.4721875,391,0.0014025245441811052,2.718721364837408e-06,1.2145356271605579,0.0019384483331268854,865.963902164501
4.6,54.0,4.7,7.043478260869567,3.319148936170213,10.36262719703978,3.724329324699354,0.4421787072780465,5,True,True,True,True,10.586334744003093,0.432879390839616,0.9988098147590564,0.00031993958912476773,-0.0007865570414143583,0.00018937053464069666,0.0007865570414143583,0.00018937053464069666,1858.7782562642908,160.9776164681116,2.0,21.462249999999997,392,0.0035809137298201676,4.6515238837827565e-06,2.0895463085628307,0.0012989768072453269,583.5232195520575
4.6,55.0,4.7,7.173913043478262,3.1914893617021276,10.36540240518039,3.982423681776134,0.426398893241356,5,True,True,True,True,10.589109952143703,0.432879390839616,0.998818483368649,0.000318752007011764,-0.0007811503307736871,0.00018874544057628475,0.0007811503307736871,0.00018874544057628475,1861.2256158890357,161.76948266322984,2.0,21.450625,393,0.0027752081406102747,5.406710640671209e-06,2.447359624744877,0.0019482180675220494,881.8652514498234
4.6,56.0,4.7,7.304347826086957,3.063829787234042,10.368177613320999,4.240518038852915,0.41066715606058174,5,True,True,True,True,10.591885160284312,0.432879390839616,0.9988270888411855,0.0003175654726067959,-0.0007757807852951233,0.00018812041920097394,0.0007757807852951233,0.00018812041920097394,1863.6761978288214,162.563523889092,2.0,21.439,394,0.0027752081406084983,5.369545478563762e-06,2.4505819397857067,0.0019348262207772365,883.0263589701011
4.6,57.0,4.7,7.434782608695651,2.9361702127659575,10.370952821461609,4.498612395929694,0.3949892402311525,5,True,True,True,True,10.594660368424922,0.432879390839616,0.9988356316365191,0.0003163800207554876,-0.0007704481495092403,0.000187495491587613,0.0007704481495092403,0.000187495491587613,1866.130006326308,163.35974103964708,2.0,21.427374999999998,395,0.0027752081406102747,5.332635785882962e-06,2.453808497486534,0.0019215264281800149,884.1889952610676
4.6,58.0,4.7,7.565217391304348,2.808510638297872,10.37372802960222,4.756706753006476,0.3793718184735708,5,True,True,True,True,10.597435576565532,0.432879390839616,0.9988441122111539,0.0003151956859929046,-0.0007651521697026802,0.0001868706786594429,0.0007651521697026802,0.0001868706786594429,1868.5870456297407,164.1581350513394,2.0,21.41575,396,0.0027752081406102747,5.295979806560101e-06,2.4570393034327935,0.0019083180569640095,885.3531623370365
4.6,59.0,4.7,7.695652173913044,2.680851063829787,10.376503237742831,5.014801110083257,0.36382268116153627,5,True,True,True,True,10.600210784706144,0.432879390839616,0.9988525310182687,0.00031401250254082754,-0.0007598925939060855,0.00018624600118814888,0.0007598925939060855,0.00018624600118814888,1871.0473199929595,164.9587069025517,2.0,21.404125,397,0.002775208140612051,5.259575796594728e-06,2.4602743632187867,0.0018952004787052726,886.5188622126886
4.6,60.0,4.7,7.82608695652174,2.553191489361702,10.379278445883442,5.272895467160039,0.34835097233287243,5,True,True,True,True,10.602985992846754,0.432879390839616,0.9988608885077417,0.0003128305043052256,-0.0007546691718821042,0.00018562147979199432,0.0007546691718821042,0.00018562147979199432,1873.5108336754042,165.76145761305142,2.0,21.3925,398,0.0027752081406102747,5.223422023981354e-06,2.4635136824447272,0.001882173069308132,887.6860969076702
4.65,58.0,4.55,7.483870967741934,2.901098901098901,10.384969868840836,4.582772066643033,0.37349280274129243,0,True,True,True,True,10.608677415804149,0.432879390839616,0.9988772448272624,0.0003104955502912628,-0.0007444402159687202,0.0001843864072474222,0.0007444402159687202,0.0001843864072474222,1878.3944434722705,167.35611969950122,2.0,21.369500000000002,399,0.00569142295739411,1.0228955913383969e-05,4.883609796866267,0.0017972580829008402,858.0648167294686
4.65,57.0,4.55,7.354838709677418,3.0329670329670333,10.387805742644451,4.321871676710385,0.38026704821632074,0,True,True,True,True,10.611513289607764,0.432879390839616,0.9988853347034469,0.0003093299425965549,-0.0007393778481547111,0.00018376917911475457,0.0007393778481547111,0.00018376917911475457,1880.841020019139,168.15665338258637,2.0,21.358,400,0.002835873803615385,5.062367814009081e-06,2.4465765468685277,0.0017851174504151751,862.7240548396222
4.65,56.0,4.55,7.225806451612903,3.1648351648351647,10.390641616448068,4.060971286777738,0.38761665617053304,0,True,True,True,True,10.614349163411381,0.432879390839616,0.99889336628901,0.0003081656233311562,-0.0007343499056274271,0.00018315218226530843,0.0007343499056274271,0.00018315218226530843,1883.2907831899993,168.95932366811817,2.0,21.3465,401,0.0028358738036171616,5.027942527283981e-06,2.449763170860251,0.0017729782336826244,863.8477381241628
4.55,58.0,4.8,7.648351648351648,2.75,10.398351648351648,4.898351648351648,0.38390829703206514,5,True,True,True,True,10.62205919531496,0.432879390839616,0.9988941923339785,0.00030804546935447934,-0.000733832667474434,0.00018308848457657478,0.000733832667474434,0.00018308848457657478,1883.5439295469148,169.04232985131114,2.0,21.3453125,402,0.007710031903579662,5.172381529931032e-07,0.2531463569155221,6.708638296982359e-05,32.83337346476994
4.6,55.0,4.65,7.173913043478262,3.225806451612903,10.399719495091166,3.9481065918653586,0.4304400307076116,5,True,True,True,True,10.623427042054479,0.432879390839616,0.9989221893523405,0.0003039279181857295,-0.0007162889886048559,0.0001809027463951717,0.0007162889886048559,0.0001809027463951717,1892.25818904041,171.90678011457683,2.0,21.304531249999997,403,0.0013678467395177307,1.7543678869578138e-05,8.714259493495092,0.01282576356161335,6370.78646440136
4.6,56.0,4.65,7.304347826086957,3.0967741935483866,10.401122019635343,4.207573632538571,0.41486156359079895,5,True,True,True,True,10.624829566598656,0.432879390839616,0.9989261004923363,0.00030334562937488533,-0.0007138361315114801,0.0001805931963897614,0.0007138361315114801,0.0001805931963897614,1893.496802338387,172.31503063997144,2.0,21.29875,404,0.0014025245441775525,2.4528570933757743e-06,1.2386132979770537,0.0017488871075793844,883.1312814588802
4.6,57.0,4.65,7.434782608695651,2.967741935483871,10.402524544179522,4.46704067321178,0.39934834890919413,5,True,True,True,True,10.626232091142835,0.432879390839616,0.9989299974396574,0.0003027637060596453,-0.000711391673971936,0.00018028372941396886,0.000711391673971936,0.00018028372941396886,1894.7362263940663,172.72382276948116,2.0,21.292968749999996,405,0.0014025245441793288,2.444457539544113e-06,1.2394240556793648,0.0017428982256951942,883.7093516995095
4.6,58.0,4.65,7.565217391304348,2.8387096774193545,10.403927068723702,4.726507713884994,0.383908297032065,5,True,True,True,True,10.627634615687015,0.432879390839616,0.9989338802458058,0.0003021821520167423,-0.0007089555872228305,0.00017997434780888757,0.0007089555872228305,0.00017997434780888757,1895.9764617381434,173.13315667512873,2.0,21.287187499999998,406,0.0014025245441793288,2.4360867491054865e-06,1.240235344077064,0.0017369298521124526,884.2878003270691
4.55,55.0,4.75,7.252747252747253,3.1578947368421053,10.410641989589358,4.094852515905147,0.4312437139381778,5,True,True,True,True,10.634349536552671,0.432879390839616,0.9989361822585138,0.0003018365397277864,-0.0007075110597824352,0.00017979043260650038,0.0007075110597824352,0.00017979043260650038,1896.7142837938807,173.3768013132469,2.0,21.283749999999998,407,0.006714920865656282,1.4445274403953635e-06,0.737822055737297,0.00021512203483788677,109.87799714973796
4.55,56.0,4.75,7.384615384615385,3.0315789473684207,10.416194331983807,4.353036437246964,0.41569536648924277,5,True,True,True,True,10.63990187894712,0.432879390839616,0.9989516222710468,0.0002995024664901977,-0.0006978177762874478,0.0001785473484420185,0.0006978177762874478,0.0001785473484420185,1901.7121880330376,175.0297584801064,2.0,21.260499999999997,408,0.005552342394448573,9.693283494987322e-06,4.997904239156924,0.0017458007461281582,900.1433780730101
4.55,57.0,4.75,7.5164835164835155,2.905263157894737,10.421746674378252,4.6112203585887785,0.400214473191716,5,True,True,True,True,10.645454221341565,0.432879390839616,0.9989668381906948,0.0002971747021612189,-0.0006882572960096188,0.00017730585436298433,0.0006882572960096188,0.00017730585436298433,1906.7232619135023,176.6914943579969,2.0,21.237249999999996,409,0.00555234239444502,9.560480277829046e-06,5.011073880464664,0.00172188233337232,902.5152853466167
4.6,56.0,4.6,7.304347826086957,3.130434782608696,10.434782608695652,4.173913043478262,0.4201933621733088,0,True,True,True,True,10.658490155658965,0.432879390839616,0.9990158261761125,0.00028948877440743224,-0.0006574224998780683,0.0001731941588381188,0.0006574224998780683,0.0001731941588381188,1923.4679738095367,182.27594738529925,2.0,21.159999999999997,410,0.013035934317400688,3.083479613155053e-05,16.74471189603446,0.002365369092907402,1284.5041627498233
4.55,55.0,4.7,7.252747252747253,3.1914893617021276,10.44423661444938,4.061257891045125,0.4336458268426697,5,True,True,True,True,10.667944161412693,0.432879390839616,0.9990305104116334,0.00028712616276402363,-0.0006481630243476085,0.00017192642375267158,0.0006481630243476085,0.00017192642375267158,1928.6796282443777,184.02388610713948,2.0,21.13609375,411,0.009454005753728012,9.259475530459804e-06,5.211654434840966,0.0009794235133407342,551.2641488276911
4.55,56.0,4.7,7.384615384615385,3.063829787234042,10.448445171849427,4.320785597381343,0.41818680042236583,5,True,True,True,True,10.67215271881274,0.432879390839616,0.9990410263584909,0.00028541706326201053,-0.0006415270998895383,0.00017100823696725612,0.0006415270998895383,0.00017100823696725612,1932.46946878829,185.2978546040064,2.0,21.11875,412,0.004208557400046331,6.6359244580701604e-06,3.7898405439123053,0.00157676938373161,900.5082225730328
4.4,62.0,5.2,8.454545454545455,2.0769230769230766,10.531468531468532,6.377622377622378,0.4191849551858226,5,True,True,True,True,10.755176078431845,0.432879390839616,0.9990593912364688,0.00028239740403151353,-0.000629928352018932,0.00016938369197973377,0.000629928352018932,0.00016938369197973377,1939.2070691681533,187.56869287553926,2.0,21.088,413,0.08302335961910501,1.1598747870606298e-05,6.737600379863352,0.00013970463160993595,81.15306837466166
