C1,Q1,C2,phase1_ideal_minutes,phase2_ideal_minutes,T_ideal_physical,T_ideal_as_written_minus,nearest_observed_distance_normalized,nearest_observed_index,inside_rectangle,inside_convex_hull,inside_trust_region,inside_main_domain,predicted_charge_time,predicted_charge_time_se,predicted_SOH200,predicted_SOH200_se,predicted_slope50_200,predicted_slope50_200_se,predicted_degradation_rate,predicted_degradation_rate_se,predicted_EOL,predicted_EOL_se,stress_p,soc_weighted_stress,pareto_rank,sensitivity_p
5.2,58.0,4.55,6.692307692307692,2.901098901098901,9.593406593406593,3.7912087912087906,0.301438246295025,1,True,True,True,True,9.817114140369906,0.432879390839616,0.9867286802872021,0.0019084585792392866,-0.00765492199764254,0.0009859120081669628,0.00765492199764254,0.0009859120081669628,1204.2529308546302,55.79185813018216,2.0,25.297187500000003,1,2.0
5.0,24.0,5.0,2.88,6.720000000000001,9.600000000000001,-3.8400000000000007,0.38828204356554963,2,True,True,True,True,9.823707546963314,0.432879390839616,0.9889908471616224,0.0013971623952684985,-0.006417407925736078,0.0007294262579887121,0.006417407925736078,0.0007294262579887121,1245.4498257031291,50.92179569311701,2.0,25.0,2,2.0
5.1,61.0,4.65,7.176470588235295,2.4516129032258065,9.628083491461101,4.724857685009489,0.3580228565826378,5,True,True,True,True,9.851791038424414,0.432879390839616,0.9892103750345185,0.0013518918161924615,-0.006296593179345398,0.0007065940627741527,0.006296593179345398,0.0007065940627741527,1249.9733728349233,50.456931786625844,2.0,24.967968749999997,3,2.0
4.95,25.0,5.0,3.0303030303030303,6.6,9.630303030303029,-3.5696969696969694,0.4135603454362771,2,True,True,True,True,9.854010577266342,0.432879390839616,0.9900161908055041,0.0011933515807112359,-0.005851908027941473,0.0006264672784031289,0.005851908027941473,0.0006264672784031289,1267.5597648143842,48.81182801806677,2.0,24.84453125,4,2.0
4.95,26.0,5.0,3.151515151515152,6.480000000000001,9.631515151515153,-3.3284848484848495,0.41776290382319564,2,True,True,True,True,9.855222698478466,0.432879390839616,0.9900551561760312,0.0011860054974907666,-0.005830355090121471,0.0006227482277238782,0.005830355090121471,0.0006227482277238782,1268.4522805717302,48.735716500157594,2.0,24.8383125,5,2.0
4.95,27.0,5.0,3.2727272727272734,6.36,9.632727272727273,-3.087272727272727,0.4225600764699244,2,True,True,True,True,9.856434819690586,0.432879390839616,0.9900939694703246,0.0011787187392467936,-0.005808881533099378,0.0006190586625386756,0.005808881533099378,0.0006190586625386756,1269.3454247683808,48.66030589397634,2.0,24.83209375,6,2.0
4.95,28.0,5.0,3.393939393939394,6.24,9.633939393939395,-2.846060606060606,0.4279318667309225,2,True,True,True,True,9.857646940902708,0.432879390839616,0.9901326312819159,0.0011714910122763095,-0.005787487064510867,0.000615398448630081,0.005787487064510867,0.000615398448630081,1270.2391978468324,48.58560345728947,2.0,24.825875,7,2.0
4.95,29.0,5.0,3.5151515151515147,6.12,9.635151515151515,-2.6048484848484854,0.43385693128428826,2,True,True,True,True,9.858859062114828,0.432879390839616,0.9901711422020204,0.0011643220236884702,-0.005766171393068322,0.0006117674520802603,0.005766171393068322,0.0006117674520802603,1271.133600249895,48.51161647357518,2.0,24.819656249999998,8,2.0
4.95,30.0,5.0,3.6363636363636362,6.0,9.636363636363637,-2.3636363636363638,0.4403129353142958,2,True,True,True,True,9.86007118332695,0.432879390839616,0.9902095028195458,0.001157211481384268,-0.005744934228557031,0.0006081655392605772,0.005744934228557031,0.0006081655392605772,1272.0286324206895,48.43835225115931,2.0,24.8134375,9,2.0
5.05,24.0,4.95,2.8514851485148514,6.787878787878788,9.63936393639364,-3.9363936393639367,0.35277068455549887,2,True,True,True,True,9.863071483356952,0.432879390839616,0.9902766083787837,0.0011448464124135564,-0.005707772017084793,0.0006019006708373261,0.005707772017084793,0.0006019006708373261,1273.6043388174037,48.311271353156805,2.0,24.8025,10,2.0
5.05,63.0,4.7,7.485148514851485,2.170212765957447,9.655361280808933,5.314935748894038,0.3126505976826482,5,True,True,True,True,9.879068827772246,0.432879390839616,0.9904292108299783,0.0011170808738557758,-0.005623208658218309,0.0005878273994800106,0.005623208658218309,0.0005878273994800106,1277.2358749011394,48.02777439555641,2.0,24.77734375,11,2.0
5.0,32.0,4.95,3.84,5.8181818181818175,9.658181818181816,-1.9781818181818176,0.42317184229305194,2,True,True,True,True,9.88188936514513,0.432879390839616,0.9908749499734183,0.0010388872413847165,-0.005375765425700016,0.0005481535462769407,0.005375765425700016,0.0005481535462769407,1288.2474088067597,47.25164397852986,2.0,24.7015,12,2.0
5.0,31.0,4.95,3.72,5.939393939393939,9.659393939393938,-2.2193939393939384,0.4151575412826992,2,True,True,True,True,9.883101486357251,0.432879390839616,0.9909105637304961,0.0010328325831815688,-0.0053559661504206015,0.0005450791433511601,0.0053559661504206015,0.0005450791433511601,1289.15449117371,47.193526861524376,2.0,24.69528125,13,2.0
5.0,30.0,4.95,3.6,6.0606060606060606,9.66060606060606,-2.4606060606060605,0.40764525016263903,2,True,True,True,True,9.884313607569373,0.432879390839616,0.9909460384922052,0.001026830664140519,-0.005336239797091913,0.0005420311962911234,0.005336239797091913,0.0005420311962911234,1290.0622122366253,47.136282375166104,2.0,24.6890625,14,2.0
5.0,29.0,4.95,3.4799999999999995,6.181818181818182,9.66181818181818,-2.701818181818182,0.4006632074429707,2,True,True,True,True,9.885525728781493,0.432879390839616,0.9909813748010244,0.0010208812041004479,-0.005316586097137941,0.0005390095751438832,0.005316586097137941,0.0005390095751438832,1290.9705724452228,47.079918111405114,2.0,24.68284375,15,2.0
5.0,28.0,4.95,3.3600000000000003,6.303030303030304,9.663030303030304,-2.9430303030303033,0.3942395864685348,2,True,True,True,True,9.886737849993617,0.432879390839616,0.9910165731973155,0.0010149839232514557,-0.005297004782971831,0.000536014150019505,0.005297004782971831,0.000536014150019505,1291.8795722495395,47.02444166229523,2.0,24.676625,16,2.0
5.0,27.0,4.95,3.2400000000000007,6.424242424242424,9.664242424242424,-3.184242424242423,0.38840209474375603,2,True,True,True,True,9.887949971205737,0.432879390839616,0.9910516342193313,0.0010091385421161926,-0.005277495587992238,0.0005330447910811985,0.005277495587992238,0.0005330447910811985,1292.7892120999295,46.969860618606276,2.0,24.67040625,17,2.0
5.0,26.0,4.95,3.12,6.545454545454547,9.665454545454548,-3.4254545454545466,0.3831775212429063,2,True,True,True,True,9.88916209241786,0.432879390839616,0.9910865584032238,0.0010033447815313975,-0.005258058246579792,0.0005301013685357573,0.005258058246579792,0.0005301013685357573,1293.6994924470605,46.91618256839666,2.0,24.6641875,18,2.0
5.1,26.0,4.9,3.0588235294117654,6.612244897959185,9.671068427370951,-3.5534213685474194,0.32764512597524126,2,True,True,True,True,9.894775974334264,0.432879390839616,0.9911099983646836,0.000999472398043373,-0.005245010134554807,0.0005281339126979923,0.005245010134554807,0.0005281339126979923,1294.3128061215982,46.88055009929549,2.0,24.660000000000004,19,2.0
5.05,34.0,4.9,4.0396039603960405,5.63265306122449,9.672257021620531,-1.5930491008284493,0.41133122663499416,2,True,True,True,True,9.895964568583844,0.432879390839616,0.991197264063925,0.0009851709250364973,-0.005196415614767177,0.0005208666494416894,0.005196415614767177,0.0005208666494416894,1296.6130299951499,46.750771326717384,2.0,24.644312499999998,20,2.0
5.1,25.0,4.9,2.9411764705882355,6.73469387755102,9.675870348139256,-3.793517406962785,0.32226952087021193,2,True,True,True,True,9.899577895102569,0.432879390839616,0.9912486614817454,0.0009768333544702603,-0.005167781896427713,0.0005166291807750487,0.005167781896427713,0.0005166291807750487,1297.9804346864403,46.67653723981318,2.0,24.635000000000005,21,2.0
5.05,33.0,4.9,3.920792079207921,5.755102040816326,9.675894120024248,-1.834309961608405,0.40174590742796806,2,True,True,True,True,9.89960166698756,0.432879390839616,0.9912999297645766,0.0009685805746037599,-0.005139210665767498,0.0005124342819073506,0.005139210665767498,0.0005124342819073506,1299.3538773139971,46.60418629982796,2.0,24.62565625,22,2.0
5.05,32.0,4.9,3.801980198019802,5.877551020408163,9.679531218427964,-2.075570822388361,0.39261133476665955,2,True,True,True,True,9.903238765391277,0.432879390839616,0.991401398082259,0.0009524367991792484,-0.0050826354597354245,0.0005042269397105155,0.0050826354597354245,0.0005042269397105155,1302.1005183768914,46.46621763882953,2.0,24.607000000000003,23,2.0
5.05,31.0,4.9,3.6831683168316838,5.999999999999999,9.683168316831683,-2.3168316831683153,0.3839596803851395,2,True,True,True,True,9.906875863794996,0.432879390839616,0.9915016829819674,0.0009367321165110992,-0.005026683064120289,0.0004962411172880368,0.005026683064120289,0.0004962411172880368,1304.852965430949,46.33706761218382,2.0,24.588343750000003,24,2.0
5.05,30.0,4.9,3.5643564356435644,6.122448979591836,9.686805415235401,-2.558092543948272,0.37582429679003315,2,True,True,True,True,9.910512962198714,0.432879390839616,0.9916007982658236,0.000921459054375991,-0.004971346622688731,0.0004884733045069987,0.004971346622688731,0.0004884733045069987,1307.611230749172,46.2169368708986,2.0,24.5696875,25,2.0
5.05,29.0,4.9,3.4455445544554455,6.244897959183674,9.69044251363912,-2.7993534047282282,0.36823940293788676,2,True,True,True,True,9.914150060602433,0.432879390839616,0.9916987575749764,0.0009066101469845262,-0.004916619354684519,0.00048091998475850283,0.004916619354684519,0.00048091998475850283,1310.375326630507,46.1060240456135,2.0,24.55103125,26,2.0
5.05,28.0,4.9,3.326732673267327,6.36734693877551,9.694079612042838,-3.040614265508183,0.3612396761382168,2,True,True,True,True,9.917787159006151,0.432879390839616,0.9917955743914789,0.0008921779316669673,-0.004862494553997629,0.00047357763319332376,0.004862494553997629,0.00047357763319332376,1313.1452653998952,46.00452533446299,2.0,24.532375000000002,27,2.0
4.95,29.0,4.95,3.5151515151515147,6.181818181818182,9.696969696969695,-2.666666666666667,0.42171557380427704,2,True,True,True,True,9.920677243933008,0.432879390839616,0.9919482646925383,0.0008699162804216786,-0.004777060616508224,0.0004622505973489145,0.004777060616508224,0.0004622505973489145,1317.5930797874769,45.86208144900926,2.0,24.502499999999998,28,2.0
5.05,26.0,4.9,3.0891089108910896,6.612244897959185,9.701353808850275,-3.523135987068095,0.3491335917144329,2,True,True,True,True,9.925061355813588,0.432879390839616,0.9919858336903778,0.0008645337244843484,-0.004756025898445378,0.0004595116845447301,0.004756025898445378,0.0004595116845447301,1318.7027210329372,45.83054036262529,2.0,24.495062500000003,29,2.0
5.05,39.0,4.85,4.633663366336634,5.072164948453608,9.705828314790242,-0.43850158211697376,0.41232115195575253,3,True,True,True,True,9.929535861753555,0.432879390839616,0.9920226003713809,0.0008593027285151266,-0.004735435007043534,0.000456849845363929,0.004735435007043534,0.000456849845363929,1319.7946239241535,45.80107632015885,2.0,24.48775,30,2.0
5.0,63.0,4.75,7.56,2.1473684210526316,9.707368421052632,5.412631578947368,0.29906545591866335,5,True,True,True,True,9.931075968015945,0.432879390839616,0.9920512362248051,0.0008552537419615905,-0.004719394013599027,0.0004547894581987942,0.004719394013599027,0.0004547894581987942,1320.6491779509383,45.779109935969146,2.0,24.48203125,31,2.0
5.0,35.0,4.9,4.2,5.5102040816326525,9.710204081632654,-1.3102040816326523,0.4398322971728832,2,True,True,True,True,9.933911628595967,0.432879390839616,0.9922433442788978,0.0008286666911413639,-0.004611695593056791,0.00044126020174611625,0.004611695593056791,0.00044126020174611625,1326.4776527284228,45.655151822305164,2.0,24.443125000000002,32,2.0
5.0,34.0,4.9,4.08,5.63265306122449,9.71265306122449,-1.5526530612244898,0.4302573135280608,2,True,True,True,True,9.936360608187803,0.432879390839616,0.9923034698706749,0.0008205537862498851,-0.004577957598385321,0.0004371320056008844,0.004577957598385321,0.0004371320056008844,1328.3369157377838,45.625202925031026,2.0,24.430750000000003,33,2.0
5.0,33.0,4.9,3.96,5.755102040816326,9.715102040816326,-1.7951020408163263,0.42110301824429686,2,True,True,True,True,9.93880958777964,0.432879390839616,0.9923631293998965,0.0008126030101329433,-0.004544466422321335,0.0004330865071072113,0.004544466422321335,0.0004330865071072113,1330.1987847910016,45.59991450610546,2.0,24.418375000000005,34,2.0
5.0,32.0,4.9,3.84,5.877551020408163,9.717551020408163,-2.037551020408163,0.41239742727930917,2,True,True,True,True,9.941258567371476,0.432879390839616,0.9924223264792391,0.0008048121717969235,-0.0045112202592025325,0.0004291226494096811,0.0045112202592025325,0.0004291226494096811,1332.0632635408483,45.57933493860627,2.0,24.406000000000002,35,2.0
5.0,31.0,4.9,3.72,5.999999999999999,9.719999999999999,-2.279999999999999,0.4041695362107263,2,True,True,True,True,9.943707546963312,0.432879390839616,0.9924810646933756,0.0007971790782764444,-0.004478217316576409,0.00042523937264749706,0.004478217316576409,0.00042523937264749706,1333.9303556452167,45.563511463704465,2.0,24.393625000000004,36,2.0
5.0,30.0,4.9,3.6,6.122448979591836,9.722448979591837,-2.5224489795918363,0.3964490886571163,2,True,True,True,True,9.94615652655515,0.432879390839616,0.992539347599192,0.0007897015346709014,-0.004445455815103527,0.0004214356139695641,0.004445455815103527,0.0004214356139695641,1335.8000647671258,45.552490140141714,2.0,24.38125,37,2.0
5.0,29.0,4.9,3.4799999999999995,6.244897959183674,9.724897959183673,-2.764897959183674,0.38926627867744523,2,True,True,True,True,9.948605506146986,0.432879390839616,0.9925971787260036,0.0007823773442223364,-0.004412933988461704,0.0004177103075715082,0.004412933988461704,0.0004177103075715082,1337.6723945747294,45.54631579492038,2.0,24.368875000000003,38,2.0
5.0,28.0,4.9,3.3600000000000003,6.36734693877551,9.727346938775511,-3.00734693877551,0.3826513837107855,2,True,True,True,True,9.951054485738824,0.432879390839616,0.992654561575768,0.0007752043084343949,-0.004380650083250688,0.0004140623847549967,0.004380650083250688,0.0004140623847549967,1339.5473487413228,45.54503197544689,2.0,24.356500000000004,39,2.0
5.05,33.0,4.85,3.920792079207921,5.814432989690722,9.735225068898643,-1.8936409104828011,0.39215053946573303,2,True,True,True,True,9.958932615861956,0.432879390839616,0.9927338083929397,0.0007654535801937282,-0.004336041965523539,0.000409104493100652,0.004336041965523539,0.000409104493100652,1342.1653069117654,45.55148171030367,2.0,24.339249999999996,40,2.0
5.0,58.0,4.75,6.959999999999999,2.7789473684210524,9.738947368421051,4.181052631578947,0.37662370388104116,5,True,True,True,True,9.962654915384364,0.432879390839616,0.9927773697631557,0.0007601707908516206,-0.004311509549099324,0.00040641891152035873,0.004311509549099324,0.00040641891152035873,1343.6187699786224,45.55922685135698,2.0,24.3296875,41,2.0
5.05,32.0,4.85,3.801980198019802,5.938144329896907,9.74012452791671,-2.1361641318771056,0.38278705784731276,2,True,True,True,True,9.963832074880022,0.432879390839616,0.9928460193343746,0.0007519570209933253,-0.00427283126574206,0.0004022441707824138,0.00427283126574206,0.0004022441707824138,1345.930447128457,45.57769534571573,2.0,24.3145,42,2.0
5.0,42.0,4.85,5.04,4.701030927835052,9.741030927835052,0.3389690721649483,0.4395370566144763,3,True,True,True,True,9.964738474798365,0.432879390839616,0.9929190274402387,0.0007433720689227416,-0.004231674324360917,0.0003978820288443515,0.004231674324360917,0.0003978820288443515,1348.417789842185,45.606032052453564,2.0,24.298187499999997,43,2.0
5.0,41.0,4.85,4.92,4.824742268041238,9.744742268041238,0.09525773195876219,0.4361612426224567,3,True,True,True,True,9.96844981500455,0.432879390839616,0.9930007871451279,0.0007339426874468084,-0.004185555394276743,0.0003930925385353251,0.004185555394276743,0.0003930925385353251,1351.2394679924853,45.64884099263534,2.0,24.279718749999997,44,2.0
5.0,40.0,4.85,4.8,4.948453608247423,9.748453608247424,-0.14845360824742304,0.43337965447939264,3,True,True,True,True,9.972161155210737,0.432879390839616,0.9930816028201838,0.0007248146294824833,-0.004139939091651358,0.0003884580903946235,0.004139939091651358,0.0003884580903946235,1354.0670507427133,45.70314817916976,2.0,24.261249999999997,45,2.0
5.0,39.0,4.85,4.680000000000001,5.072164948453608,9.752164948453608,-0.3921649484536074,0.43120379194697933,3,True,True,True,True,9.97587249541692,0.432879390839616,0.9931614853655479,0.0007159805733188722,-0.004094819938596163,0.00038397506899827313,0.004094819938596163,0.00038397506899827313,1356.9005504487425,45.7690569005219,2.0,24.24278125,46,2.0
4.95,69.0,4.75,8.363636363636363,1.3894736842105262,9.753110047846889,6.974162679425837,0.19860349453396423,5,True,True,True,True,9.976817594810202,0.432879390839616,0.9931916545029368,0.0007126930993443481,-0.004077772127724821,0.0003823073786575444,0.004077772127724821,0.0003823073786575444,1357.98085170093,45.797218345692635,2.0,24.235750000000003,47,2.0
4.95,71.0,4.7,8.606060606060604,1.1489361702127658,9.75499677627337,7.457124435847838,0.17541696590322425,5,True,True,True,True,9.978704323236682,0.432879390839616,0.9932115598864599,0.0007105387338016422,-0.004066521769832574,0.0003812146902123174,0.004066521769832574,0.0003812146902123174,1358.696724528596,45.81680301833618,2.0,24.23109375,48,2.0
4.95,33.0,4.9,4.0,5.755102040816326,9.755102040816325,-1.7551020408163263,0.4411811094834391,2,True,True,True,True,9.978809587779638,0.432879390839616,0.9932876999454032,0.0007024058953112182,-0.004023470811355803,0.00037709120253894365,0.004023470811355803,0.00037709120253894365,1361.4580454288023,45.89924431149286,2.0,24.213156250000004,49,2.0
4.95,32.0,4.9,3.8787878787878785,5.877551020408163,9.756338899196042,-1.9987631416202842,0.43287949526071895,2,True,True,True,True,9.980046446159355,0.432879390839616,0.9933136343079991,0.0006996747852692875,-0.00400880078018365,0.00037570703892420275,0.00400880078018365,0.00037570703892420275,1362.407039115431,45.93010766300672,2.0,24.207000000000004,50,2.0
4.95,31.0,4.9,3.757575757575758,5.999999999999999,9.757575757575758,-2.2424242424242413,0.42504827183671184,2,True,True,True,True,9.98128330453907,0.432879390839616,0.9933394684678093,0.0006969739589190862,-0.003994184237609945,0.0003743385177109732,0.003994184237609945,0.0003743385177109732,1363.3566942906896,45.96228855453905,2.0,24.200843750000004,51,2.0
4.95,30.0,4.9,3.6363636363636362,6.122448979591836,9.758812615955472,-2.4860853432282,0.4177138964502375,2,True,True,True,True,9.982520162918785,0.432879390839616,0.9933652028119881,0.0006943031468253315,-0.0039796209886091794,0.00037298550460897515,0.0039796209886091794,0.00037298550460897515,1364.3070114156624,45.99578969775525,2.0,24.194687500000004,52,2.0
4.95,54.0,4.85,6.545454545454547,3.2164948453608253,9.761949390815372,3.3289597000937214,0.43427733237397004,5,True,True,True,True,9.985656937778685,0.432879390839616,0.993409642762337,0.0006897369946739529,-0.003954464591594162,0.0003706730526484473,0.003954464591594162,0.0003706730526484473,1365.9583739910831,46.05709220796267,2.0,24.183999999999997,53,2.0
4.95,62.0,4.8,7.515151515151516,2.25,9.765151515151516,5.265151515151516,0.3054603973594141,5,True,True,True,True,9.988859062114829,0.432879390839616,0.9934532704819538,0.0006853109520235731,-0.003929758667583255,0.0003684324842377569,0.003929758667583255,0.0003684324842377569,1367.5923862605996,46.121607478375964,2.0,24.1734375,54,2.0
5.0,35.0,4.85,4.2,5.567010309278351,9.767010309278351,-1.367010309278351,0.42870356949901645,3,True,True,True,True,9.990717856241664,0.432879390839616,0.993471897878302,0.0006834382878303525,-0.003919207340218751,0.0003674847871734106,0.003919207340218751,0.0003674847871734106,1368.2939668544464,46.150484488550674,2.0,24.16890625,55,2.0
4.95,66.0,4.75,8.0,1.7684210526315791,9.76842105263158,6.231578947368421,0.24412951504990324,5,True,True,True,True,9.992128599594892,0.432879390839616,0.993496098183845,0.000681020628175486,-0.003905496748731903,0.00036626155149542696,0.003905496748731903,0.00036626155149542696,1369.2089812050779,46.189208105374206,2.0,24.163,56,2.0
4.95,61.0,4.8,7.393939393939394,2.375,9.768939393939394,5.018939393939394,0.321324785712454,5,True,True,True,True,9.992646940902707,0.432879390839616,0.9935280985858288,0.0006778501932332102,-0.0038873626203801046,0.0003646579155251213,0.0038873626203801046,0.0003646579155251213,1370.4251049712861,46.24253392818146,2.0,24.15515625,57,2.0
5.0,34.0,4.85,4.08,5.690721649484537,9.770721649484537,-1.610721649484537,0.421311793464802,2,True,True,True,True,9.99442919644785,0.432879390839616,0.9935472739228286,0.0006759648320663527,-0.0038764938335888927,0.0003637045461445064,0.0038764938335888927,0.0003637045461445064,1371.1572375844426,46.275659802300495,2.0,24.150437499999995,58,2.0
4.95,60.0,4.8,7.2727272727272725,2.5,9.772727272727273,4.7727272727272725,0.3372397832305698,5,True,True,True,True,9.996434819690586,0.432879390839616,0.9936020714160723,0.0006706365636067922,-0.0038454239612688177,0.00036101132629719245,0.0038454239612688177,0.00036101132629719245,1373.2636911431935,46.37525003688314,2.0,24.136875000000003,59,2.0
5.0,33.0,4.85,3.96,5.814432989690722,9.774432989690723,-1.8544329896907223,0.4119587642502591,2,True,True,True,True,9.998140536654036,0.432879390839616,0.993621779645785,0.0006687417624089702,-0.003834245840388237,0.0003600540008348111,0.003834245840388237,0.0003600540008348111,1374.026499950353,46.412880416465164,2.0,24.13196875,60,2.0
4.95,59.0,4.8,7.151515151515151,2.625,9.776515151515152,4.526515151515151,0.3531985486885711,5,True,True,True,True,10.000222698478465,0.432879390839616,0.9936751987483293,0.0006636630980179348,-0.0038039377557358913,0.0003574892186806997,0.0038039377557358913,0.0003574892186806997,1376.1081569297032,46.51980044648047,2.0,24.11859375,61,2.0
5.0,32.0,4.85,3.84,5.938144329896907,9.778144329896907,-2.0981443298969076,0.4030557151247667,2,True,True,True,True,10.00185187686022,0.432879390839616,0.9936954250962478,0.0006617619073389754,-0.0037924582872156266,0.00035652954753612865,0.0037924582872156266,0.00035652954753612865,1376.901766490181,46.56219009464228,2.0,24.1135,62,2.0
4.95,58.0,4.8,7.030303030303029,2.75,9.78030303030303,4.280303030303029,0.3691954064179131,5,True,True,True,True,10.004010577266342,0.432879390839616,0.9937474902465108,0.0006569228705883364,-0.0037628991225036866,0.0003540881065523905,0.0037628991225036866,0.0003540881065523905,1378.958514509363,46.676221459917684,2.0,24.1003125,63,2.0
5.0,31.0,4.85,3.72,6.061855670103093,9.781855670103093,-2.3418556701030924,0.39463310234816534,2,True,True,True,True,10.005563217066406,0.432879390839616,0.9937682202072627,0.0006550181377474678,-0.0037511261559624288,0.00035312759561721897,0.0037511261559624288,0.00035312759561721897,1379.7830497681716,46.723623923511084,2.0,24.095031249999998,64,2.0
4.95,63.0,4.75,7.636363636363636,2.1473684210526316,9.783732057416268,5.488995215311004,0.29084790096281443,5,True,True,True,True,10.00743960437958,0.432879390839616,0.9937869282849364,0.0006533098893607157,-0.003740499561182143,0.00035226641010557,0.003740499561182143,0.00035226641010557,1380.5299477267768,46.76739553296344,2.0,24.090249999999997,65,2.0
4.95,57.0,4.8,6.909090909090908,2.8750000000000004,9.784090909090908,4.034090909090908,0.38522561099507285,5,True,True,True,True,10.007798456054221,0.432879390839616,0.9938189554640708,0.0006504090001934872,-0.0037223032329559715,0.0003508045185617952,0.0037223032329559715,0.0003508045185617952,1381.8147760859517,46.8445410860983,2.0,24.08203125,66,2.0
5.0,30.0,4.85,3.6,6.185567010309279,9.78556701030928,-2.5855670103092785,0.3867223181627898,2,True,True,True,True,10.009274557272592,0.432879390839616,0.9938401747971849,0.0006485033727621697,-0.0037102444832099123,0.0003498445707254751,0.0037102444832099123,0.0003498445707254751,1382.6703623748538,46.897208369015914,2.0,24.076562499999998,67,2.0
4.95,56.0,4.8,6.787878787878788,3.0,9.787878787878789,3.787878787878788,0.4012851661038946,5,True,True,True,True,10.011586334842102,0.432879390839616,0.9938896038452687,0.0006441146560664318,-0.0036821453105698827,0.00034763500121855363,0.0036821453105698827,0.00034763500121855363,1384.676953888525,47.02477911528635,2.0,24.06375,68,2.0
4.95,55.0,4.8,6.666666666666666,3.125,9.791666666666666,3.541666666666666,0.4173706837160432,5,True,True,True,True,10.015374213629979,0.432879390839616,0.9939594447264176,0.0006380330634596008,-0.0036424206303538875,0.00034457612202306285,0.0036424206303538875,0.00034457612202306285,1387.545060171465,47.216947223902366,2.0,24.04546875,69,2.0
4.95,61.0,4.75,7.393939393939394,2.4,9.793939393939393,4.993939393939394,0.3224005872959566,5,True,True,True,True,10.017646940902706,0.432879390839616,0.993973553669313,0.000636821389079003,-0.003634392490754823,0.0003439671236012181,0.003634392490754823,0.0003439671236012181,1388.1292136632069,47.25749853385096,2.0,24.04175,70,2.0
4.95,54.0,4.8,6.545454545454547,3.2500000000000004,9.795454545454547,3.2954545454545463,0.43347927359705263,5,True,True,True,True,10.01916209241786,0.432879390839616,0.9940284873371179,0.0006321575093246816,-0.0036031245182918184,0.0003416244726187903,0.0036031245182918184,0.0003416244726187903,1390.4191072145431,47.42104910761935,2.0,24.0271875,71,2.0
4.95,60.0,4.75,7.2727272727272725,2.526315789473684,9.799043062200957,4.746411483253588,0.3382649733109016,5,True,True,True,True,10.02275060916427,0.432879390839616,0.9940647535544526,0.0006291252133248349,-0.0035824730802161793,0.0003401026606115967,0.0035824730802161793,0.0003401026606115967,1391.9445188659895,47.53404205892141,2.0,24.017500000000002,72,2.0
4.95,59.0,4.75,7.151515151515151,2.6526315789473682,9.80414673046252,4.498883572567783,0.35417754809041213,5,True,True,True,True,10.027854277425833,0.432879390839616,0.9941545732864151,0.0006217737505045184,-0.0035312953686540537,0.00033641780122063773,0.0035312953686540537,0.00033641780122063773,1395.7703105232395,47.83156673407788,2.0,23.99325,73,2.0
4.95,63.0,4.7,7.636363636363636,2.170212765957447,9.806576402321083,5.466150870406189,0.2943977986013905,5,True,True,True,True,10.030283949284396,0.432879390839616,0.994167080369204,0.0006207678731699559,-0.003524165547283076,0.0003359141519867686,0.003524165547283076,0.0003359141519867686,1396.3085377869218,47.875036766577175,2.0,23.98984375,74,2.0
4.95,58.0,4.75,7.030303030303029,2.7789473684210524,9.809250398724082,4.251355661881977,0.3701320965489366,5,True,True,True,True,10.032957945687395,0.432879390839616,0.9942430337514417,0.0006147517860409231,-0.003480848760467198,0.0003329047788961205,0.003480848760467198,0.0003329047788961205,1399.6066174572138,48.15003308810164,2.0,23.969,75,2.0
4.95,34.0,4.85,4.121212121212121,5.690721649484537,9.811933770696658,-1.569509528272416,0.4413803877644652,2,True,True,True,True,10.035641317659971,0.432879390839616,0.9943506191366339,0.0006064984639863918,-0.003419436691101769,0.00032878513796919396,0.003419436691101769,0.00032878513796919396,1404.3671581862595,48.5728965341583,2.0,23.938999999999997,76,2.0
4.95,33.0,4.85,4.0,5.814432989690722,9.814432989690722,-1.8144329896907223,0.432461608507833,2,True,True,True,True,10.038140536654035,0.432879390839616,0.9943939695886366,0.0006032603556664289,-0.003394672726943442,0.0003271719084942218,0.003394672726943442,0.0003271719084942218,1406.315698359102,48.75471791143848,2.0,23.92675,77,2.0
4.95,32.0,4.85,3.8787878787878785,5.938144329896907,9.816932208684786,-2.059356451109029,0.42398930279585917,2,True,True,True,True,10.0406397556481,0.432879390839616,0.9944369873914988,0.0006000960300840538,-0.003370088106336768,0.00032559724701818537,0.003370088106336768,0.00032559724701818537,1408.2669421047137,48.941827390043436,2.0,23.9145,78,2.0
4.9,60.0,4.85,7.346938775510203,2.4742268041237114,9.821165579633915,4.872711971386492,0.3331074725834121,5,True,True,True,True,10.044873126597228,0.432879390839616,0.9945284901896161,0.000593524899601277,-0.003317758580354382,0.00032233339443594957,0.003317758580354382,0.00032233339443594957,1412.4772839047312,49.36256514159861,2.0,23.888125000000002,79,2.0
4.9,59.0,4.85,7.224489795918367,2.597938144329897,9.822427940248264,4.6265516515884695,0.3492551097596424,5,True,True,True,True,10.046135487211577,0.432879390839616,0.9945494162903956,0.000592052214383554,-0.0033057842455849113,0.0003216031258159743,0.0033057842455849113,0.0003216031258159743,1413.4518412102993,49.46323294212243,2.0,23.882031250000004,80,2.0
4.9,58.0,4.85,7.10204081632653,2.7216494845360826,9.823690300862612,4.380391331790447,0.36542463657722224,5,True,True,True,True,10.047397847825925,0.432879390839616,0.9945702623581114,0.0005905961555426737,-0.0032938531281532,0.00032088155974019405,0.0032938531281532,0.00032088155974019405,1414.4270709245177,49.565194725125224,2.0,23.875937500000006,81,2.0
4.9,57.0,4.85,6.979591836734692,2.8453608247422686,9.82495266147696,4.134231011992424,0.3816132705554592,5,True,True,True,True,10.048660208440273,0.432879390839616,0.9945910286988543,0.000589156506375905,-0.003281965072080778,0.00032016858419536923,0.003281965072080778,0.00032016858419536923,1415.402973511323,49.66844820594929,2.0,23.86984375,82,2.0
4.9,56.0,4.85,6.857142857142857,2.9690721649484537,9.826215022091311,3.888070692194403,0.39781867908952845,5,True,True,True,True,10.049922569054624,0.432879390839616,0.9946117156175448,0.0005877330515704723,-0.0032701199219521667,0.00031946408782438073,0.0032701199219521667,0.00031946408782438073,1416.3795494349704,49.77299103343986,2.0,23.863750000000003,83,2.0
4.9,55.0,4.85,6.73469387755102,3.0927835051546393,9.82747738270566,3.641910372396381,0.41403889252472925,5,True,True,True,True,10.051184929668972,0.432879390839616,0.994632323417937,0.0005863255772186308,-0.0032583175229127562,0.00031876795993519494,0.0032583175229127562,0.00031876795993519494,1417.3567991600373,49.87882079126955,2.0,23.857656250000005,84,2.0
4.9,54.0,4.85,6.612244897959185,3.2164948453608253,9.82873974332001,3.3957500525983595,0.430272236538375,5,True,True,True,True,10.052447290283324,0.432879390839616,0.9946528524026232,0.00058493387083229,-0.0032465577206668497,0.00031808009050963846,0.0032465577206668497,0.00031808009050963846,1418.3347231514258,49.98593499927373,2.0,23.8515625,85,2.0
4.9,71.0,4.75,8.693877551020407,1.1368421052631579,9.830719656283565,7.557035445757249,0.15884251862050922,5,True,True,True,True,10.054427203246878,0.432879390839616,0.994667647509277,0.0005839372634517583,-0.0032380809281268197,0.0003175877908312906,0.0032380809281268197,0.0003175877908312906,1419.0422577251559,50.06418553512681,2.0,23.847156250000005,86,2.0
4.9,66.0,4.8,8.081632653061224,1.7500000000000002,9.831632653061224,6.331632653061224,0.2354656991257141,5,True,True,True,True,10.055340200024537,0.432879390839616,0.9946907546800502,0.0005823913807141852,-0.003224839117949334,0.00031682464646784865,0.003224839117949334,0.00031682464646784865,1420.1519405704782,50.18817971035052,2.0,23.840250000000005,87,2.0
4.9,65.0,4.8,7.959183673469387,1.875,9.834183673469386,6.084183673469387,0.25147107057212126,5,True,True,True,True,10.0578912204327,0.432879390839616,0.9947310809704888,0.0005797242897202708,-0.0032017219090704594,0.0003155094271446569,0.0032017219090704594,0.0003155094271446569,1422.1022615681097,50.409836229050676,2.0,23.828125000000004,88,2.0
4.9,64.0,4.8,7.83673469387755,2.0,9.836734693877549,5.83673469387755,0.2675234440692631,5,True,True,True,True,10.060442240840862,0.432879390839616,0.9947711009632141,0.0005771156313321863,-0.0031787704155425843,0.0003142248324461604,0.0031787704155425843,0.0003142248324461604,1424.0552609777358,50.636526941322906,2.0,23.816000000000003,89,2.0
4.9,69.0,4.75,8.448979591836734,1.3894736842105262,9.838453276047261,7.059505907626208,0.18968590923678547,5,True,True,True,True,10.062160823010574,0.432879390839616,0.994787617829312,0.0005760499473177716,-0.003169295096057707,0.0003137005852963851,0.003169295096057707,0.0003137005852963851,1424.8664422206432,50.732064484892334,2.0,23.810968750000004,90,2.0
4.9,63.0,4.8,7.7142857142857135,2.1250000000000004,9.839285714285714,5.5892857142857135,0.28361483889376365,5,True,True,True,True,10.062993261249026,0.432879390839616,0.9948108169847057,0.0005745638050639122,-0.0031559834494378084,0.00031297003085939895,0.0031559834494378084,0.00031297003085939895,1426.010942477671,50.8682293731612,2.0,23.803875000000005,91,2.0
4.9,62.0,4.8,7.591836734693878,2.25,9.841836734693878,5.341836734693878,0.29973897056748366,5,True,True,True,True,10.065544281657191,0.432879390839616,0.9948502313437724,0.0005720672342292251,-0.0031333598313438497,0.0003117442023755151,0.0031333598313438497,0.0003117442023755151,1427.9693097512807,51.10492021689758,2.0,23.79175,92,2.0
4.9,61.0,4.8,7.469387755102041,2.375,9.84438775510204,5.094387755102041,0.3158908261330774,5,True,True,True,True,10.068095302065354,0.432879390839616,0.9948893463316865,0.0005696243662646564,-0.0031108983903030654,0.0003105465386919531,0.0031108983903030654,0.0003105465386919531,1429.930366486985,51.34657537377092,2.0,23.779625000000003,93,2.0
4.9,67.0,4.75,8.204081632653061,1.642105263157895,9.846186895810956,6.5619763694951665,0.2210893536390233,5,True,True,True,True,10.069894442774268,0.432879390839616,0.994904888988383,0.0005686631476958122,-0.00310197046610134,0.0003100757851874648,0.00310197046610134,0.0003100757851874648,1430.7145309549585,51.44449504606932,2.0,23.774781250000004,94,2.0
4.9,60.0,4.8,7.346938775510203,2.5,9.846938775510203,4.846938775510203,0.33206636010786367,5,True,True,True,True,10.070646322473516,0.432879390839616,0.9949281642223168,0.000567233673022902,-0.00308859796375177,0.00030937624339931577,0.00308859796375177,0.00030937624339931577,1431.8941163782736,51.59316999638051,2.0,23.767500000000005,95,2.0
4.9,59.0,4.8,7.224489795918367,2.625,9.849489795918366,4.599489795918367,0.34826227317583025,5,True,True,True,True,10.073197342881679,0.432879390839616,0.9949666872722612,0.0005648936510368586,-0.0030664573974601038,0.0003082325321525212,0.0030664573974601038,0.0003082325321525212,1433.8605631237083,51.844678530934985,2.0,23.755375000000004,96,2.0
4.9,58.0,4.8,7.10204081632653,2.75,9.852040816326529,4.35204081632653,0.36447584864016946,5,True,True,True,True,10.075748363289842,0.432879390839616,0.9950049177209775,0.0005626028217547327,-0.0030444755454722954,0.00030711463282661147,0.0030444755454722954,0.00030711463282661147,1435.8297104269275,52.101074759191796,2.0,23.743250000000003,97,2.0
4.9,65.0,4.75,7.959183673469387,1.894736842105263,9.85392051557465,6.064446831364124,0.25284426058408377,5,True,True,True,True,10.077628062537963,0.432879390839616,0.9950195217137592,0.0005617358610935251,-0.003036075998266639,0.00030669203500350423,0.003036075998266639,0.00030669203500350423,1436.5866220384282,52.20082943452175,2.0,23.738593750000003,98,2.0
4.9,57.0,4.8,6.979591836734692,2.8750000000000004,9.854591836734693,4.104591836734691,0.3807048298727123,5,True,True,True,True,10.078299383698006,0.432879390839616,0.995042857790914,0.0005603597317456647,-0.003022651270047336,0.00030602178565676053,0.003022651270047336,0.00030602178565676053,1437.801561996656,52.36233184001297,2.0,23.731125000000002,99,2.0
4.9,56.0,4.8,6.857142857142857,3.0,9.857142857142858,3.8571428571428568,0.39694732730793636,5,True,True,True,True,10.08085040410617,0.432879390839616,0.995080509687638,0.0005581629528767847,-0.003000983441600094,0.00030495324336309336,0.003000983441600094,0.00030495324336309336,1439.7761215467144,52.628422350463644,2.0,23.719,100,2.0
4.9,55.0,4.8,6.73469387755102,3.125,9.85969387755102,3.6096938775510203,0.4132017470285926,5,True,True,True,True,10.083401424514333,0.432879390839616,0.9951178755999646,0.0005560110824615746,-0.002979470938642858,0.00030390827126005547,0.002979470938642858,0.00030390827126005547,1441.7533927960237,52.899318326357026,2.0,23.706875000000004,101,2.0
4.9,63.0,4.75,7.7142857142857135,2.1473684210526316,9.861654135338345,5.566917293233082,0.2848331048462569,5,True,True,True,True,10.085361682301658,0.432879390839616,0.9951315753664326,0.0005552290468962152,-0.0029715813119381403,0.00030352893992249835,0.0029715813119381403,0.00030352893992249835,1442.4828139840533,53.000365116769835,2.0,23.702406250000003,102,2.0
4.9,54.0,4.8,6.612244897959185,3.2500000000000004,9.862244897959185,3.3622448979591844,0.429466735335942,5,True,True,True,True,10.085952444922498,0.432879390839616,0.995154957700084,0.0005539027433801842,-0.0029581126477272656,0.00030288614735074043,0.0029581126477272656,0.00030288614735074043,1443.7333794686083,53.174991302208554,2.0,23.694750000000003,103,2.0
4.85,54.0,4.9,6.680412371134023,3.183673469387755,9.864085840521778,3.4967389017462676,0.430272236538375,5,True,True,True,True,10.08779338748509,0.432879390839616,0.9951968576484181,0.0005515522943844943,-0.0029339683013970465,0.00030174870473411597,0.0029339683013970465,0.00030174870473411597,1445.9922446528562,53.49481475954505,2.0,23.6809375,104,2.0
4.85,55.0,4.9,6.804123711340207,3.061224489795918,9.865348201136126,3.7428992215442887,0.41403889252472925,5,True,True,True,True,10.089055748099439,0.432879390839616,0.9952152275397993,0.0005505322254433578,-0.002923379128679058,0.00030125575869899317,0.002923379128679058,0.00030125575869899317,1446.989926047016,53.63786096383072,2.0,23.674843749999997,105,2.0
4.85,56.0,4.9,6.927835051546393,2.9387755102040813,9.866610561750473,3.9890595413423116,0.39781867908952845,5,True,True,True,True,10.090318108713786,0.432879390839616,0.9952335271744851,0.0005495222637276743,-0.002912828174021854,0.0003007681173400466,0.002912828174021854,0.0003007681173400466,1447.9882958045914,53.78209423755975,2.0,23.66875,106,2.0
4.85,57.0,4.9,7.051546391752577,2.816326530612245,9.867872922364821,4.235219861140332,0.3816132705554592,5,True,True,True,True,10.091580469328134,0.432879390839616,0.9952517568211761,0.0005485222455013648,-0.00290231529949017,0.00030028569453388615,0.00290231529949017,0.00030028569453388615,1448.9873544005318,53.92751078747702,2.0,23.66265625,107,2.0
4.85,58.0,4.9,7.175257731958763,2.6938775510204076,9.86913528297917,4.4813801809383556,0.36542463657722224,5,True,True,True,True,10.092842829942484,0.432879390839616,0.9952699167475455,0.0005475320086731123,-0.002891840367646589,0.00029980840498176686,0.002891840367646589,0.00029980840498176686,1449.9871023101089,54.074106798406696,2.0,23.6565625,108,2.0
4.9,60.0,4.75,7.346938775510203,2.526315789473684,9.873254564983888,4.820622986036519,0.3331074725834121,5,True,True,True,True,10.096962111947201,0.432879390839616,0.9952949466570297,0.0005461767609705987,-0.002877399000005276,0.00029915585976326157,0.002877399000005276,0.00029915585976326157,1451.3725075116474,54.279025899911176,2.0,23.648125000000004,109,2.0
4.9,59.0,4.75,7.224489795918367,2.6526315789473682,9.877121374865736,4.571858216970998,0.3492551097596424,5,True,True,True,True,10.100828921829049,0.432879390839616,0.99534817625,0.0005433307446530643,-0.0028466729744716776,0.00029778811923625585,0.0028466729744716776,0.00029778811923625585,1454.3478965370607,54.726014707584305,2.0,23.630031250000005,110,2.0
4.9,64.0,4.7,7.83673469387755,2.0425531914893615,9.879287885366912,5.794181502388188,0.27265156560924636,5,True,True,True,True,10.102995432330225,0.432879390839616,0.9953599534204324,0.0005427075383134736,-0.002839872097824809,0.0002974890975256857,0.002839872097824809,0.0002974890975256857,1455.011637496212,54.82699804901237,2.0,23.626000000000005,111,2.0
4.9,58.0,4.75,7.10204081632653,2.7789473684210524,9.880988184747583,4.323093447905477,0.36542463657722224,5,True,True,True,True,10.104695731710896,0.432879390839616,0.9954008036416007,0.000540563569239099,-0.0028162750538151143,0.000296461737565344,0.0028162750538151143,0.000296461737565344,1457.3293852645165,55.183219003036356,2.0,23.611937500000003,112,2.0
4.9,63.0,4.7,7.7142857142857135,2.170212765957447,9.88449848024316,5.5440729483282665,0.2884570330971816,5,True,True,True,True,10.108206027206473,0.432879390839616,0.9954294540738461,0.0005390758898024782,-0.0027997181417053745,0.0002957501015080963,0.0027997181417053745,0.0002957501015080963,1458.969486387022,55.43863479328023,2.0,23.602000000000004,113,2.0
4.9,57.0,4.75,6.979591836734692,2.905263157894737,9.884854994629428,4.074328678839955,0.3816132705554592,5,True,True,True,True,10.108562541592741,0.432879390839616,0.9954528356447052,0.0005378713065497877,-0.0027862017343995636,0.00029517464047874333,0.0027862017343995636,0.00029517464047874333,1460.3169861987262,55.650535634496435,2.0,23.593843750000005,114,2.0
4.9,66.0,4.65,8.081632653061224,1.8064516129032258,9.88808426596445,6.275181040157998,0.2483481073923671,5,True,True,True,True,10.111791812927763,0.432879390839616,0.9954575689958325,0.0005376284736294325,-0.00278346500439719,0.0002950587153623612,0.00278346500439719,0.0002950587153623612,1460.5907684131548,55.69381403372524,2.0,23.592187500000005,115,2.0
4.9,56.0,4.75,6.857142857142857,3.0315789473684207,9.888721804511277,3.825563909774436,0.39781867908952845,5,True,True,True,True,10.11242935147459,0.432879390839616,0.9955042789951114,0.00053525015486121,-0.0027564495500022055,0.00029392481771387305,0.0027564495500022055,0.00029392481771387305,1463.3107118700275,56.127860539563294,2.0,23.575750000000003,116,2.0
4.9,55.0,4.75,6.73469387755102,3.1578947368421053,9.892588614393127,3.576799140708915,0.41403889252472925,5,True,True,True,True,10.11629616135644,0.432879390839616,0.9955551403524127,0.000532696437974139,-0.0027270150714139778,0.00029271032272028627,0.0027270150714139778,0.00029271032272028627,1466.3105748344503,56.61508897535904,2.0,23.557656250000004,117,2.0
4.9,61.0,4.7,7.469387755102041,2.425531914893617,9.894919669995659,5.0438558402084235,0.32024537020467786,5,True,True,True,True,10.118627216958972,0.432879390839616,0.9955653479395598,0.0005321882732332005,-0.002721105454801302,0.00029246902828359395,0.002721105454801302,0.00029246902828359395,1466.9175112733037,56.71473790204038,2.0,23.554000000000002,118,2.0
4.9,54.0,4.75,6.612244897959185,3.28421052631579,9.896455424274976,3.328034371643395,0.430272236538375,5,True,True,True,True,10.120162971238289,0.432879390839616,0.9956054263008611,0.000530206604066996,-0.0026978949060442693,0.0002915292722419697,0.0026978949060442693,0.0002915292722419697,1469.3165876737646,57.11211573720807,2.0,23.539562500000002,119,2.0
4.85,55.0,4.85,6.804123711340207,3.0927835051546393,9.896907216494846,3.7113402061855676,0.41152234714075303,5,True,True,True,True,10.120614763458159,0.432879390839616,0.995652324911792,0.0005279141199242749,-0.0026707193746947624,0.0002904445381886143,0.0026707193746947624,0.0002904445381886143,1472.1569187839043,57.58969633072123,2.0,23.522499999999994,120,2.0
4.8,54.0,4.95,6.750000000000002,3.151515151515152,9.901515151515154,3.59848484848485,0.43347927359705263,5,True,True,True,True,10.125222698478467,0.432879390839616,0.9956719306044933,0.0005269638398031995,-0.002659353908181941,0.00028999565868943446,0.002659353908181941,0.00028999565868943446,1473.3550382490498,57.79343379660876,2.0,23.5153125,121,2.0
4.85,74.0,4.8,9.154639175257733,0.75,9.904639175257733,8.404639175257733,0.101820132453138,5,True,True,True,True,10.128346722221046,0.432879390839616,0.9957501413957263,0.0005232174515590852,-0.0026139858777596697,0.0002882303683639292,0.0026139858777596697,0.0002882303683639292,1478.1991021330084,58.630711046565914,2.0,23.486312499999997,122,2.0
4.85,73.0,4.8,9.030927835051546,0.8750000000000001,9.905927835051546,8.155927835051546,0.117732849562857,5,True,True,True,True,10.12963538201486,0.432879390839616,0.9957662288319317,0.0005224551920571104,-0.002604648163134372,0.00028787204637443966,0.002604648163134372,0.00028787204637443966,1479.2085409588542,58.80788507851665,2.0,23.480281249999997,123,2.0
4.85,72.0,4.8,8.907216494845361,1.0,9.907216494845361,7.907216494845361,0.13376172203463155,5,True,True,True,True,10.130924041808674,0.432879390839616,0.995782255370675,0.0005216984940626766,-0.0025953438048156837,0.0002875166228599502,0.0025953438048156837,0.0002875166228599502,1480.218669114534,58.98609776023529,2.0,23.474249999999998,124,2.0
4.85,71.0,4.8,8.783505154639174,1.125,9.908505154639174,7.658505154639174,0.14986948528374183,5,True,True,True,True,10.132212701602487,0.432879390839616,0.9957982212424776,0.0005209472479480976,-0.0025860726836477786,0.0002871640393028011,0.0025860726836477786,0.0002871640393028011,1481.2294870707808,59.165345214338615,2.0,23.46821875,125,2.0
4.85,70.0,4.8,8.659793814432991,1.25,9.909793814432991,7.409793814432991,0.16603318005393172,5,True,True,True,True,10.133501361396304,0.432879390839616,0.9958141266769887,0.0005202013455014062,-0.002576834680900461,0.00028681423791498186,0.002576834680900461,0.00028681423791498186,1482.240995298649,59.34562357023899,2.0,23.462187499999995,126,2.0
4.85,69.0,4.8,8.536082474226804,1.375,9.911082474226804,7.161082474226804,0.18223792432008468,5,True,True,True,True,10.134790021190117,0.432879390839616,0.9958299719029875,0.0005194606799174614,-0.002567629678267689,0.00028646716163408697,0.002567629678267689,0.00028646716163408697,1483.2531942695143,59.52692896475015,2.0,23.45615625,127,2.0
4.85,68.0,4.8,8.41237113402062,1.5,9.91237113402062,6.912371134020621,0.19847366365396812,5,True,True,True,True,10.136078680983934,0.432879390839616,0.995845757148388,0.0005187251457890528,-0.002558457557865998,0.0002861227541190877,0.002558457557865998,0.0002861227541190877,1484.2660844550753,59.709257542652196,2.0,23.450124999999996,128,2.0
4.85,67.0,4.8,8.288659793814434,1.6250000000000002,9.913659793814434,6.663659793814434,0.21473336766797096,5,True,True,True,True,10.137367340777747,0.432879390839616,0.9958614826402409,0.0005179946390975755,-0.002549318202233073,0.00028578095974613664,0.002549318202233073,0.00028578095974613664,1485.2796663273505,59.89260545728445,2.0,23.444093749999997,129,2.0
4.85,66.0,4.8,8.164948453608249,1.7500000000000002,9.914948453608249,6.414948453608249,0.23101197617849054,5,True,True,True,True,10.138656000571562,0.432879390839616,0.9958771486047375,0.0005172690572037622,-0.002540211494326169,0.00028544172360415955,0.002540211494326169,0.00028544172360415955,1486.29394035868,60.076968871091736,2.0,23.438062499999997,130,2.0
4.85,65.0,4.8,8.041237113402062,1.875,9.916237113402062,6.166237113402062,0.24730575611541866,5,True,True,True,True,10.139944660365375,0.432879390839616,0.9958927552672131,0.000516548298838323,-0.002531137317520646,0.0002851049914904816,0.002531137317520646,0.0002851049914904816,1487.3089070217302,60.26234395616207,2.0,23.432031249999998,131,2.0
4.85,64.0,4.8,7.917525773195877,2.0,9.917525773195877,5.917525773195877,0.26361189426846865,5,True,True,True,True,10.14123332015919,0.432879390839616,0.9959083028521498,0.0005158322640922728,-0.0025220955556084826,0.00028477070990628474,0.0025220955556084826,0.00028477070990628474,1488.3245667894892,60.4487268947566,2.0,23.425999999999995,132,2.0
4.85,63.0,4.8,7.793814432989691,2.1250000000000004,9.918814432989691,5.66881443298969,0.2799282310054948,5,True,True,True,True,10.142521979953004,0.432879390839616,0.9959237915831801,0.0005151208544073193,-0.00251308609279678,0.00028443882605208993,0.00251308609279678,0.00028443882605208993,1489.3409201352638,60.63611387982092,2.0,23.41996875,133,2.0
4.85,62.0,4.8,7.670103092783506,2.25,9.920103092783506,5.420103092783506,0.2962530812497736,5,True,True,True,True,10.14381063974682,0.432879390839616,0.9959392216830897,0.0005144139725659933,-0.0025041088137062457,0.00028410928782306275,0.0025041088137062457,0.00028410928782306275,1490.3579675326935,60.824501115478625,2.0,23.413937499999996,134,2.0
4.85,61.0,4.8,7.54639175257732,2.375,9.921391752577321,5.17139175257732,0.3125851111428187,5,True,True,True,True,10.145099299540634,0.432879390839616,0.9959545933738213,0.0005137115226818098,-0.0024951636033697954,0.0002837820438043405,0.0024951636033697954,0.0002837820438043405,1491.3757094557277,61.01388481751943,2.0,23.40790625,135,2.0
4.85,60.0,4.8,7.422680412371134,2.5,9.922680412371134,4.922680412371134,0.32892325121282556,5,True,True,True,True,10.146387959334447,0.432879390839616,0.9959699068764772,0.000513013410189183,-0.002486250347230984,0.0002834570432662461,0.002486250347230984,0.0002834570432662461,1492.3941463786537,61.20426121386503,2.0,23.401874999999997,136,2.0
4.85,59.0,4.8,7.298969072164948,2.625,9.923969072164947,4.673969072164948,0.34526663405363506,5,True,True,True,True,10.14767661912826,0.432879390839616,0.995985162411323,0.0005123195418333735,-0.0024773689311426202,0.0002831342361594576,0.0024773689311426202,0.0002831342361594576,1493.4132787760716,61.395626545023134,2.0,23.395843749999997,137,2.0
4.85,58.0,4.8,7.175257731958763,2.75,9.925257731958762,4.425257731958763,0.3616145488155888,5,True,True,True,True,10.148965278922075,0.432879390839616,0.99600036019779,0.0005116298256603056,-0.00246851924136525,0.00028281357311015897,0.00246851924136525,0.00028281357311015897,1494.4331071229115,61.58797706453142,2.0,23.389812499999998,138,2.0
4.85,57.0,4.8,7.051546391752577,2.8750000000000004,9.926546391752577,4.176546391752577,0.3779664074511662,5,True,True,True,True,10.15025393871589,0.432879390839616,0.9960155004544796,0.00051094417100612,-0.0024597011645657377,0.00028249500541501643,0.0024597011645657377,0.00028249500541501643,1495.4536318944274,61.78130903938707,2.0,23.38378125,139,2.0
4.85,56.0,4.8,6.927835051546393,3.0,9.927835051546392,3.927835051546393,0.39432171932325016,5,True,True,True,True,10.151542598509705,0.432879390839616,0.9960305833991651,0.0005102624884870986,-0.0024509145878157854,0.00028217848503628496,0.0024509145878157854,0.00028217848503628496,1496.4748535661943,61.97561875045198,2.0,23.37775,140,2.0
4.85,55.0,4.8,6.804123711340207,3.125,9.929123711340207,3.679123711340207,0.41068007185717104,5,True,True,True,True,10.15283125830352,0.432879390839616,0.9960456092487956,0.0005095846899889211,-0.0024421593985904937,0.0002818639645966922,0.0024421593985904937,0.0002818639645966922,1497.4967726141167,62.17090249286444,2.0,23.371718749999996,141,2.0
4.85,54.0,4.8,6.680412371134023,3.2500000000000004,9.930412371134024,3.430412371134022,0.42704111562382635,5,True,True,True,True,10.154119918097336,0.432879390839616,0.9960605782194991,0.0005089106886563791,-0.0024334354847669534,0.0002815513973744103,0.0024334354847669534,0.0002815513973744103,1498.5193895144196,62.36715657642297,2.0,23.365687499999996,142,2.0
4.85,71.0,4.7,8.783505154639174,1.1489361702127658,9.93244132485194,7.634568984426409,0.15884251862050905,5,True,True,True,True,10.156148871815253,0.432879390839616,0.9960713238679356,0.0005084275720403238,-0.002427171769618433,0.0002813274682167859,0.002427171769618433,0.0002813274682167859,1499.2563181782834,62.50909920674452,2.0,23.361343749999996,143,2.0
4.85,66.0,4.75,8.164948453608249,1.7684210526315791,9.933369506239828,6.3965274009766695,0.23250602984334567,5,True,True,True,True,10.15707705320314,0.432879390839616,0.996088194623039,0.0005076702324475918,-0.0024173357347459777,0.0002809766249719218,0.0024173357347459777,0.0002809766249719218,1500.4181138022432,62.73374945322832,2.0,23.354499999999998,144,2.0
4.85,65.0,4.75,8.041237113402062,1.894736842105263,9.935973955507325,6.146500271296799,0.2487019456768326,5,True,True,True,True,10.159681502470638,0.432879390839616,0.9961176015244593,0.0005063532746365459,-0.0024001851117271215,0.0002803670760304378,0.0024001851117271215,0.0002803670760304378,1502.4574085902923,63.13063701549505,2.0,23.342499999999998,145,2.0
4.85,64.0,4.75,7.917525773195877,2.0210526315789474,9.938578404774823,5.896473141616929,0.2649221613520348,5,True,True,True,True,10.162285951738136,0.432879390839616,0.996146787360216,0.0005050497531642941,-0.002383156169724972,0.00027976439985791127,0.002383156169724972,0.00027976439985791127,1504.499475087903,63.53129593900591,2.0,23.330499999999997,146,2.0
4.85,69.0,4.7,8.536082474226804,1.404255319148936,9.94033779337574,7.131827155077868,0.18968590923678533,5,True,True,True,True,10.164045340339053,0.432879390839616,0.9961588077941538,0.0005045137999069534,-0.0023761405425818906,0.000279516786750204,0.0023761405425818906,0.000279516786750204,1505.345830566533,63.69829119147264,2.0,23.32553125,147,2.0
4.85,63.0,4.75,7.793814432989691,2.1473684210526316,9.941182854042323,5.6464460119370585,0.2811624713390621,5,True,True,True,True,10.164890401005636,0.432879390839616,0.9961757537921649,0.0005037590448116313,-0.002366248045431555,0.0002791682602180515,0.002366248045431555,0.0002791682602180515,1506.5443170622473,63.935697956287605,2.0,23.3185,148,2.0
4.85,62.0,4.75,7.670103092783506,2.2736842105263158,9.943787303309822,5.396418882257191,0.29741958396448653,5,True,True,True,True,10.167494850273135,0.432879390839616,0.996204502469669,0.0005024805447706758,-0.0023494598816639076,0.0002785783305014988,0.0023494598816639076,0.0002785783305014988,1508.5919382856173,64.34381507046864,2.0,23.3065,149,2.0
4.85,61.0,4.75,7.54639175257732,2.4,9.94639175257732,5.146391752577321,0.31369088683573765,5,True,True,True,True,10.170099299540633,0.432879390839616,0.9962330350296917,0.0005012136663044625,-0.0023327908273206646,0.000277994293558149,0.0023327908273206646,0.000277994293558149,1510.6423425354317,64.75561956392373,2.0,23.2945,150,2.0
4.85,67.0,4.7,8.288659793814434,1.6595744680851066,9.94823426189954,6.629085325729327,0.22108935363902318,5,True,True,True,True,10.171941808862853,0.432879390839616,0.996244343624604,0.000500712004806201,-0.0023261822458444854,0.0002777631641583375,0.0023261822458444854,0.0002777631641583375,1511.4600766582068,64.92071908270655,2.0,23.28971875,151,2.0
4.8,60.0,4.9,7.5,2.4489795918367343,9.948979591836734,5.051020408163266,0.33206636010786367,5,True,True,True,True,10.172687138800047,0.432879390839616,0.996261353096891,0.0004999578404054042,-0.002316240037338893,0.0002774158415284267,0.002316240037338893,0.0002774158415284267,1512.6955335942428,65.1710840061927,2.0,23.282500000000002,152,2.0
4.8,61.0,4.9,7.625000000000001,2.326530612244898,9.951530612244898,5.2984693877551035,0.3158908261330774,5,True,True,True,True,10.175238159208211,0.432879390839616,0.996289749931427,0.0004986995966805197,-0.0022996361067865916,0.0002768367319852914,0.0022996361067865916,0.0002768367319852914,1514.7729464244537,65.59456588077968,2.0,23.270375,153,2.0
4.8,62.0,4.9,7.750000000000001,2.204081632653061,9.954081632653061,5.54591836734694,0.29973897056748366,5,True,True,True,True,10.177789179616374,0.432879390839616,0.9963179310782471,0.0004974515224762647,-0.002283151201251271,0.00027626272044412156,0.002283151201251271,0.00027626272044412156,1516.853212204233,66.02172896594539,2.0,23.258249999999997,154,2.0
4.85,65.0,4.7,8.041237113402062,1.9148936170212765,9.956130730423338,6.126343496380786,0.25284426058408366,5,True,True,True,True,10.17983827738665,0.432879390839616,0.9963279747395651,0.0004970067746497389,-0.002277274321072954,0.0002760582669139405,0.002277274321072954,0.0002760582669139405,1517.5991569139037,66.17564941529504,2.0,23.25390625,155,2.0
4.8,63.0,4.9,7.875,2.0816326530612246,9.956632653061224,5.793367346938775,0.28361483889376365,5,True,True,True,True,10.180340200024537,0.432879390839616,0.9963458981756038,0.0004962130838328154,-0.0022667844675039674,0.00027569351716371846,0.0022667844675039674,0.00027569351716371846,1518.9363348515872,66.45254590135745,2.0,23.246125,156,2.0
4.85,56.0,4.75,6.927835051546393,3.0315789473684207,9.959413998914814,3.896256104177972,0.395198860202895,5,True,True,True,True,10.183121545878127,0.432879390839616,0.9963725125050691,0.0004950342836962776,-0.0022512028287222075,0.00027515204101174703,0.0022512028287222075,0.00027515204101174703,1520.9362417506193,66.86900309622814,2.0,23.234499999999997,157,2.0
4.85,55.0,4.75,6.804123711340207,3.1578947368421053,9.962018448182313,3.6462289744981016,0.41152234714075303,5,True,True,True,True,10.185725995145626,0.432879390839616,0.9963997820537523,0.0004938257820985379,-0.0022352308929668896,0.00027459720892847485,0.0022352308929668896,0.00027459720892847485,1523.0034237729005,67.30236635260805,2.0,23.222499999999997,158,2.0
4.85,63.0,4.7,7.793814432989691,2.170212765957447,9.964027198947138,5.6236016670322435,0.2848331048462568,5,True,True,True,True,10.18773474591045,0.432879390839616,0.9964097435533223,0.0004933840657789628,-0.002229394684222431,0.0002743944795898138,0.002229394684222431,0.0002743944795898138,1523.763172202267,67.46237223441668,2.0,23.21809375,159,2.0
4.85,54.0,4.75,6.680412371134023,3.28421052631579,9.964622897449813,3.3962018448182327,0.4278511834842408,5,True,True,True,True,10.188330444413126,0.432879390839616,0.9964268466042693,0.000492625272188562,-0.0022193722756245187,0.00027404630017869967,0.0022193722756245187,0.00027404630017869967,1525.0734154077059,67.73923137132815,2.0,23.210499999999996,160,2.0
4.8,54.0,4.85,6.750000000000002,3.2164948453608253,9.966494845360828,3.5335051546391765,0.42704111562382635,5,True,True,True,True,10.19020239232414,0.432879390839616,0.9964574688093196,0.0004912651168742144,-0.0022014208549251918,0.00027342239351510624,0.0022014208549251918,0.00027342239351510624,1527.4379345426269,68.24177331744627,2.0,23.196812499999997,161,2.0
4.8,55.0,4.85,6.875,3.0927835051546393,9.967783505154639,3.7822164948453607,0.41068007185717104,5,True,True,True,True,10.191491052117952,0.432879390839616,0.9964708787247645,0.000490668722755212,-0.0021935569104837333,0.00027314890160359465,0.0021935569104837333,0.00027314890160359465,1528.4809977896348,68.46463909136608,2.0,23.19078125,162,2.0
4.8,56.0,4.85,7.000000000000001,2.9690721649484537,9.969072164948454,4.030927835051547,0.39432171932325016,5,True,True,True,True,10.192779711911767,0.432879390839616,0.9964842378782478,0.0004900740519414098,-0.0021857210577277105,0.0002728762396614734,0.0021857210577277105,0.0002728762396614734,1529.5247733280642,68.68837276511486,2.0,23.18475,163,2.0
4.8,57.0,4.85,7.124999999999999,2.8453608247422686,9.970360824742269,4.2796391752577305,0.3779664074511662,5,True,True,True,True,10.194068371705582,0.432879390839616,0.9964975464619241,0.0004894810512289952,-0.0021779131963076378,0.0002726043786312729,0.0021779131963076378,0.0002726043786312729,1530.5692616443284,68.91297123359246,2.0,23.178718749999998,164,2.0
4.8,58.0,4.85,7.25,2.7216494845360826,9.971649484536083,4.528350515463917,0.3616145488155888,5,True,True,True,True,10.195357031499396,0.432879390839616,0.9965108046672205,0.0004888896683264465,-0.002170133226232505,0.0002723332899386336,0.002170133226232505,0.0002723332899386336,1531.61446322517,69.13843141307723,2.0,23.172687500000002,165,2.0
4.8,59.0,4.85,7.375,2.597938144329897,9.972938144329897,4.777061855670103,0.34526663405363506,5,True,True,True,True,10.19664569129321,0.432879390839616,0.9965240126848398,0.0004882998518441413,-0.002162381047868476,0.00027206294548700905,0.002162381047868476,0.00027206294548700905,1532.6603785576688,69.36475024129096,2.0,23.16665625,166,2.0
4.8,60.0,4.85,7.5,2.4742268041237114,9.974226804123711,5.025773195876289,0.32892325121282556,5,True,True,True,True,10.197934351087024,0.432879390839616,0.9965371707047624,0.00048771155128392047,-0.0021546565619376436,0.00027179331765231595,0.0021546565619376436,0.00027179331765231595,1533.7070081292313,69.59192467746291,2.0,23.160625,167,2.0
4.8,61.0,4.85,7.625000000000001,2.350515463917526,9.975515463917526,5.2744845360824755,0.3125851111428187,5,True,True,True,True,10.19922301088084,0.432879390839616,0.9965502789162501,0.00048712471702852723,-0.002146959669516724,0.0002715243792777115,0.002146959669516724,0.0002715243792777115,1534.754352427602,69.81995170238832,2.0,23.154593749999997,168,2.0
4.8,62.0,4.85,7.750000000000001,2.2268041237113403,9.976804123711341,5.523195876288661,0.2962530812497736,5,True,True,True,True,10.200511670674654,0.432879390839616,0.996563337507848,0.0004865393003314195,-0.0021392902720358347,0.00027125610366828136,0.0021392902720358347,0.00027125610366828136,1535.8024119408576,70.04882831846682,2.0,23.148562499999997,169,2.0
4.8,63.0,4.85,7.875,2.103092783505155,9.978092783505154,5.771907216494845,0.2799282310054948,5,True,True,True,True,10.201800330468467,0.432879390839616,0.9965763466673871,0.00048595525330635256,-0.0021316482712771825,0.00027098846458583476,0.0021316482712771825,0.00027098846458583476,1536.8511871574044,70.27855154974714,2.0,23.142531249999998,170,2.0
4.8,64.0,4.85,8.0,1.9793814432989691,9.97938144329897,6.020618556701031,0.26361189426846865,5,True,True,True,True,10.203088990262282,0.432879390839616,0.9965893065819883,0.0004853725289172364,-0.0021240335693738367,0.0002707214362436649,0.0021240335693738367,0.0002707214362436649,1537.9006785659876,70.50911844197097,2.0,23.136499999999998,171,2.0
4.8,65.0,4.85,8.125,1.8556701030927836,9.980670103092784,6.269329896907216,0.24730575611541866,5,True,True,True,True,10.204377650056097,0.432879390839616,0.9966022174380632,0.00048479108096785177,-0.002116446068808465,0.00027045499330139475,0.002116446068808465,0.00027045499330139475,1538.9508866556807,70.7405260625934,2.0,23.13046875,172,2.0
4.8,66.0,4.85,8.25,1.7319587628865982,9.981958762886599,6.518041237113402,0.23101197617849054,5,True,True,True,True,10.205666309849912,0.432879390839616,0.9966150794213184,0.00048421086409175713,-0.0021088856724120987,0.00027018911085976906,0.0021088856724120987,0.00027018911085976906,1540.0018119158954,70.9727715008108,2.0,23.1244375,173,2.0
4.8,67.0,4.85,8.375000000000002,1.6082474226804127,9.983247422680414,6.766752577319589,0.21473336766797096,5,True,True,True,True,10.206954969643727,0.432879390839616,0.9966278927167573,0.00048363183374227535,-0.002101352283362866,0.00026992376445557695,0.002101352283362866,0.00026992376445557695,1541.053454836376,71.20585186758527,2.0,23.11840625,174,2.0
4.8,68.0,4.85,8.500000000000002,1.4845360824742269,9.984536082474229,7.015463917525775,0.19847366365396812,5,True,True,True,True,10.208243629437542,0.432879390839616,0.996640657508683,0.000483053946182417,-0.002093845805184768,0.0002696589300565142,0.002093845805184768,0.0002696589300565142,1542.1058159072013,71.43976429565018,2.0,23.112375,175,2.0
4.8,69.0,4.85,8.625,1.3608247422680413,9.985824742268042,7.264175257731958,0.18223792432008468,5,True,True,True,True,10.209532289231355,0.432879390839616,0.996653373980701,0.00048247715847499217,-0.00208636614174643,0.00026939458405608643,0.00208636614174643,0.00026939458405608643,1543.1588956187877,71.67450593952456,2.0,23.106343749999997,176,2.0
4.8,70.0,4.85,8.75,1.2371134020618557,9.987113402061855,7.512886597938144,0.16603318005393175,5,True,True,True,True,10.210820949025168,0.432879390839616,0.9966660423157215,0.00048190142847269853,-0.002078913197259905,0.0002691307032686122,0.002078913197259905,0.0002691307032686122,1544.2126944618767,71.91007397551155,2.0,23.1003125,177,2.0
4.8,71.0,4.85,8.875,1.1134020618556701,9.98840206185567,7.76159793814433,0.14986948528374183,5,True,True,True,True,10.212109608818983,0.432879390839616,0.9966786626959628,0.00048132671480833375,-0.002071486876279386,0.0002688672649241503,0.002071486876279386,0.0002688672649241503,1545.2672129275588,72.14646560170372,2.0,23.094281249999998,178,2.0
4.85,56.0,4.7,6.927835051546393,3.063829787234042,9.991664838780435,3.864005264312351,0.39781867908952834,5,True,True,True,True,10.215372385743748,0.432879390839616,0.9966818592226141,0.0004811809599497627,-0.0020696056636115012,0.0002688004493555508,0.0020696056636115012,0.0002688004493555508,1545.5350550162323,72.20661288816075,2.0,23.09275,179,2.0
4.85,55.0,4.7,6.804123711340207,3.1914893617021276,9.995613073042335,3.6126343496380793,0.41403889252472914,5,True,True,True,True,10.219320620005648,0.432879390839616,0.9967190114635035,0.0004794809686542868,-0.0020477333826359437,0.0002680210048156193,0.0020477333826359437,0.0002680210048156193,1548.6706154296264,72.91387946547272,2.0,23.07484375,180,2.0
4.85,61.0,4.65,7.54639175257732,2.4516129032258065,9.998004655803127,5.094778849351513,0.3224005872959565,5,True,True,True,True,10.22171220276644,0.432879390839616,0.9967264175753571,0.0004791407186190461,-0.0020433715880666015,0.0002678649620740429,0.0020433715880666015,0.0002678649620740429,1549.3006824471981,73.05669116593317,2.0,23.07125,181,2.0
4.85,54.0,4.7,6.680412371134023,3.319148936170213,9.999561307304235,3.3612634349638095,0.43027223653837493,5,True,True,True,True,10.223268854267548,0.432879390839616,0.99675574772174,0.00047778847411630425,-0.002026092255200154,0.00026724465428055967,0.002026092255200154,0.00026724465428055967,1551.8125372251686,73.62830347632146,2.0,23.056937499999997,182,2.0
4.8,53.0,4.8,6.625,3.375000000000001,10.0,3.249999999999999,0.4426229508196722,5,True,True,True,True,10.223707546963313,0.432879390839616,0.9967901178796639,0.00047619357517644654,-0.0020058324644809306,0.00026651267216206136,0.0020058324644809306,0.00026651267216206136,1554.7903433302197,74.31060025045868,2.0,23.04,183,2.0
4.8,78.0,4.75,9.750000000000002,0.25263157894736843,10.002631578947371,9.497368421052633,0.04204165338983692,5,True,True,True,True,10.226339125910684,0.432879390839616,0.9968141228830785,0.00047507258940305663,-0.0019916752514665625,0.00026599791922855294,0.0019916752514665625,0.00026599791922855294,1556.8925245282642,74.79525945674199,2.0,23.0280625,184,2.0
4.8,77.0,4.75,9.625000000000002,0.3789473684210526,10.003947368421054,9.24605263157895,0.05577835982629009,5,True,True,True,True,10.227654915384367,0.432879390839616,0.9968260579803896,0.00047451296147612106,-0.001984634159883875,0.0002657408457073359,0.001984634159883875,0.0002657408457073359,1557.9446807461527,75.03875337551433,2.0,23.022093749999996,185,2.0
4.8,76.0,4.75,9.5,0.5052631578947369,10.005263157894737,8.994736842105263,0.07065720170042787,5,True,True,True,True,10.22897070485805,0.432879390839616,0.996837948365823,0.0004739538684902162,-0.0019776179603967574,0.0002654839510130028,0.0019776179603967574,0.0002654839510130028,1558.9975480167886,75.28302023952327,2.0,23.016125,186,2.0
4.8,75.0,4.75,9.375,0.631578947368421,10.006578947368421,8.743421052631579,0.08608800614152226,5,True,True,True,True,10.230286494331734,0.432879390839616,0.9968497942068808,0.0004733952799532764,-0.0019706265650051374,0.0002652272182126065,0.0019706265650051374,0.0002652272182126065,1560.0511268207051,75.5280576254757,2.0,23.010156249999998,187,2.0
4.8,74.0,4.75,9.25,0.7578947368421052,10.007894736842106,8.492105263157894,0.101820132453138,5,True,True,True,True,10.231602283805419,0.432879390839616,0.9968615956704373,0.0004728371659888467,-0.001963659886020077,0.0002649706307038022,0.001963659886020077,0.0002649706307038022,1561.1054176387586,75.77386313048092,2.0,23.0041875,188,2.0
4.8,73.0,4.75,9.125,0.8842105263157896,10.00921052631579,8.24078947368421,0.117732849562857,5,True,True,True,True,10.232918073279103,0.432879390839616,0.9968733529227418,0.0004722794973279399,-0.0019567178360626247,0.00026471417221060807,0.0019567178360626247,0.00026471417221060807,1562.1604209521336,76.02043437199495,2.0,22.99821875,189,2.0
4.8,72.0,4.75,9.0,1.0105263157894737,10.010526315789473,7.989473684210527,0.13376172203463155,5,True,True,True,True,10.234233862752786,0.432879390839616,0.996885066129421,0.0004717222453008591,-0.0019498003280627456,0.00026445782677917594,0.0019498003280627456,0.00026445782677917594,1563.2161372423395,76.26776898776279,2.0,22.99225,190,2.0
4.8,71.0,4.75,8.875,1.1368421052631579,10.011842105263158,7.738157894736842,0.14986948528374183,5,True,True,True,True,10.23554965222647,0.432879390839616,0.9968967354554805,0.00047116538182918384,-0.001942907275258218,0.0002642015787736558,0.001942907275258218,0.0002642015787736558,1564.2725669912086,76.51586463575195,2.0,22.986281249999998,191,2.0
4.8,70.0,4.75,8.75,1.263157894736842,10.013157894736842,7.4868421052631575,0.16603318005393172,5,True,True,True,True,10.236865441700155,0.432879390839616,0.9969083610653083,0.0004706088794177068,-0.0019360385911935533,0.0002639454128720154,0.0019360385911935533,0.0002639454128720154,1565.3297106808998,76.76471899408456,2.0,22.9803125,192,2.0
4.8,69.0,4.75,8.625,1.3894736842105262,10.014473684210525,7.235526315789474,0.18223792432008468,5,True,True,True,True,10.238181231173838,0.432879390839616,0.9969199431226766,0.000470052711146613,-0.0019291941897188855,0.000263689314061968,0.0019291941897188855,0.000263689314061968,1566.387568793898,77.01432976097335,2.0,22.97434375,193,2.0
4.8,68.0,4.75,8.500000000000002,1.5157894736842104,10.015789473684212,6.984210526315792,0.19847366365396812,5,True,True,True,True,10.239497020647525,0.432879390839616,0.9969314817907436,0.0004694968506635487,-0.0019223739849889344,0.0002634332676369093,0.0019223739849889344,0.0002634332676369093,1567.4461418130131,77.26469465464535,2.0,22.968375,194,2.0
4.8,67.0,4.75,8.375000000000002,1.642105263157895,10.017105263157896,6.732894736842107,0.21473336766797096,5,True,True,True,True,10.24081281012121,0.432879390839616,0.9969429772320568,0.0004689412721759074,-0.0019155778914618888,0.00026317725919186075,0.0019155778914618888,0.00026317725919186075,1568.5054302213855,77.51581141327188,2.0,22.96240625,195,2.0
4.8,66.0,4.75,8.25,1.7684210526315791,10.01842105263158,6.481578947368421,0.23101197617849054,5,True,True,True,True,10.242128599594892,0.432879390839616,0.9969544296085543,0.0004683859504431461,-0.0019088058238983594,0.00026292127461952043,0.0019088058238983594,0.00026292127461952043,1569.5654345024757,77.7676777948938,2.0,22.9564375,196,2.0
4.8,65.0,4.75,8.125,1.894736842105263,10.019736842105264,6.230263157894737,0.24730575611541866,5,True,True,True,True,10.243444389068577,0.432879390839616,0.9969658390815678,0.0004678308607690773,-0.001902057697360298,0.0002626653001062509,0.001902057697360298,0.0002626653001062509,1570.6261551400773,78.02029157734495,2.0,22.95046875,197,2.0
4.8,64.0,4.75,8.0,2.0210526315789474,10.021052631578947,5.978947368421053,0.26361189426846865,5,True,True,True,True,10.24476017854226,0.432879390839616,0.9969772058118245,0.00046727597899444363,-0.0018953334272099336,0.000262409322128196,0.0018953334272099336,0.000262409322128196,1571.6875926183063,78.27365055816995,2.0,22.944499999999998,198,2.0
4.8,63.0,4.75,7.875,2.1473684210526316,10.022368421052631,5.727631578947369,0.2799282310054948,5,True,True,True,True,10.246075968015944,0.432879390839616,0.9969885299594495,0.00046672128148932704,-0.001888632929108716,0.00026215332744739553,0.001888632929108716,0.00026215332744739553,1572.7497474216077,78.5277525545471,2.0,22.938531249999997,199,2.0
4.8,62.0,4.75,7.750000000000001,2.2736842105263158,10.023684210526316,5.476315789473685,0.2962530812497736,5,True,True,True,True,10.247391757489629,0.432879390839616,0.9969998116839682,0.0004661667451458664,-0.0018819561190162432,0.000261897303107929,0.0018819561190162432,0.000261897303107929,1573.8126200347535,78.78259540320204,2.0,22.932562499999996,200,2.0
4.8,61.0,4.75,7.625000000000001,2.4,10.025,5.225000000000001,0.3125851111428187,5,True,True,True,True,10.248707546963313,0.432879390839616,0.9970110511443081,0.00046561234737079084,-0.0018753029131892316,0.00026164123643207277,0.0018753029131892316,0.00026164123643207277,1574.876210942842,79.03817696032674,2.0,22.92659375,201,2.0
4.8,60.0,4.75,7.5,2.526315789473684,10.026315789473685,4.973684210526316,0.32892325121282556,5,True,True,True,True,10.250023336436998,0.432879390839616,0.9970222484988015,0.0004650580660783251,-0.0018686732281804415,0.00026138511501658994,0.0018686732281804415,0.00026138511501658994,1575.9405206313018,79.29449510149026,2.0,22.920625,202,2.0
4.8,59.0,4.75,7.375,2.6526315789473682,10.027631578947368,4.722368421052632,0.34526663405363506,5,True,True,True,True,10.25133912591068,0.432879390839616,0.9970334039051875,0.0004645038796828534,-0.0018620669808376417,0.00026112892672892587,0.0018620669808376417,0.00026112892672892587,1577.00554958589,79.5515477215544,2.0,22.91465625,203,2.0
4.8,58.0,4.75,7.25,2.7789473684210524,10.028947368421052,4.471052631578948,0.3616145488155888,5,True,True,True,True,10.252654915384365,0.432879390839616,0.9970445175206143,0.000463949767091948,-0.0018554840883025718,0.00026087265970354385,0.0018554840883025718,0.00026087265970354385,1578.0712982926896,79.80933273458183,2.0,22.9086875,204,2.0
4.8,57.0,4.75,7.124999999999999,2.905263157894737,10.030263157894737,4.219736842105262,0.3779664074511662,5,True,True,True,True,10.25397070485805,0.432879390839616,0.9970555895016412,0.0004633957076992379,-0.0018489244680098972,0.000260616302338245,0.0018489244680098972,0.000260616302338245,1579.1377672381122,80.0678480737458,2.0,22.90271875,205,2.0
4.8,56.0,4.75,7.000000000000001,3.0315789473684207,10.031578947368422,3.96842105263158,0.39432171932325016,5,True,True,True,True,10.255286494331735,0.432879390839616,0.9970666200042413,0.00046284168137748104,-0.0018423880376861666,0.0002603598432905243,0.0018423880376861666,0.0002603598432905243,1580.2049569088995,80.32709169123996,2.0,22.89675,206,2.0
4.8,55.0,4.75,6.875,3.1578947368421053,10.032894736842106,3.7171052631578947,0.41068007185717104,5,True,True,True,True,10.25660228380542,0.432879390839616,0.9970776091838032,0.0004622876684717165,-0.001835874715348787,0.00026010327147400536,0.001835874715348787,0.00026010327147400536,1581.2728677921198,80.58706155818497,2.0,22.89078125,207,2.0
4.8,54.0,4.75,6.750000000000002,3.28421052631579,10.034210526315793,3.465789473684212,0.42704111562382635,5,True,True,True,True,10.257918073279106,0.432879390839616,0.9970885571951332,0.00046173364979237673,-0.001829384419305002,0.0002598465760548533,0.001829384419305002,0.0002598465760548533,1582.341500375175,80.84775566453277,2.0,22.8848125,208,2.0
4.8,71.0,4.65,8.875,1.161290322580645,10.036290322580644,7.713709677419355,0.16733507947887022,5,True,True,True,True,10.259997869543957,0.432879390839616,0.9970963846884607,0.00046133625064378656,-0.0018247432121328677,0.00025966237217068145,0.0018247432121328677,0.00025966237217068145,1583.1084512229534,81.03519061259911,2.0,22.880531249999997,209,2.0
4.8,66.0,4.7,8.25,1.7872340425531914,10.037234042553191,6.462765957446809,0.235465699125714,5,True,True,True,True,10.260941589516504,0.432879390839616,0.997108739937902,0.0004607067512740323,-0.0018174158953024515,0.00025937045334913035,0.0018174158953024515,0.00025937045334913035,1584.3240173754327,81.33283526261103,2.0,22.87375,210,2.0
4.75,63.0,4.9,7.957894736842104,2.0816326530612246,10.039527389903329,5.87626208378088,0.2848331048462569,5,True,True,True,True,10.263234936866642,0.432879390839616,0.9971153796951471,0.00046036731435097943,-0.0018134774384601679,0.0002592129782348422,0.0018134774384601679,0.0002592129782348422,1584.979802032242,81.49370154274797,2.0,22.87009375,211,2.0
4.8,65.0,4.7,8.125,1.9148936170212765,10.039893617021276,6.210106382978724,0.25147107057212115,5,True,True,True,True,10.263601163984589,0.432879390839616,0.9971302493530998,0.00045960420630535356,-0.0018046554535457889,0.0002588587741516368,0.0018046554535457889,0.0002588587741516368,1586.4549073001326,81.85628895172256,2.0,22.861874999999998,212,2.0
4.8,64.0,4.7,8.0,2.0425531914893615,10.042553191489361,5.957446808510639,0.267523444069263,5,True,True,True,True,10.266260738452674,0.432879390839616,0.9971515987498516,0.00045850129626065364,-0.0017919846054117294,0.0002583464119537371,0.0017919846054117294,0.0002583464119537371,1588.5886632369748,82.38257187188785,2.0,22.849999999999998,213,2.0
4.8,69.0,4.65,8.625,1.4193548387096773,10.044354838709678,7.205645161290323,0.19685229809549853,5,True,True,True,True,10.268062385672991,0.432879390839616,0.9971603729875467,0.00045804548314652585,-0.0017867755515500066,0.00025813450873083516,0.0017867755515500066,0.00025813450873083516,1589.47107892384,82.6008322384957,2.0,22.84509375,214,2.0
4.8,63.0,4.7,7.875,2.170212765957447,10.045212765957448,5.704787234042553,0.28361483889376354,5,True,True,True,True,10.268920312920761,0.432879390839616,0.9971727893186082,0.0004573978920218576,-0.001779402721845461,0.00025783329340065214,0.001779402721845461,0.00025783329340065214,1590.725289040699,82.9116691157204,2.0,22.838124999999998,215,2.0
4.75,65.0,4.9,8.210526315789474,1.8367346938775508,10.047261009667025,6.3737916219119235,0.25284426058408377,5,True,True,True,True,10.270968556630338,0.432879390839616,0.9971802795347122,0.00045700575080681333,-0.0017749541410776015,0.0002576508058992175,0.0017749541410776015,0.0002576508058992175,1591.4850450850129,83.10031261415669,2.0,22.833906250000002,216,2.0
4.8,62.0,4.7,7.750000000000001,2.2978723404255317,10.047872340425533,5.452127659574469,0.29973897056748355,5,True,True,True,True,10.271579887388846,0.432879390839616,0.9971938222409644,0.00045629387096605116,-0.0017669091782088948,0.00025731934867737,0.0017669091782088948,0.00025731934867737,1592.8647885712273,83.44356605873233,2.0,22.826249999999998,217,2.0
4.8,61.0,4.7,7.625000000000001,2.425531914893617,10.050531914893618,5.199468085106384,0.3158908261330773,5,True,True,True,True,10.274239461856931,0.432879390839616,0.9972146986897242,0.0004551891167737737,-0.0017545033542496608,0.0002568045114080832,0.0017545033542496608,0.0002568045114080832,1595.0071656936789,83.97824835612104,2.0,22.814375,218,2.0
4.8,67.0,4.65,8.375000000000002,1.6774193548387097,10.052419354838712,6.697580645161292,0.2272676514487139,5,True,True,True,True,10.276126901802025,0.432879390839616,0.9972229511472097,0.0004547498941498732,-0.0017495978888367365,0.00025659966943851963,0.0017495978888367365,0.00025659966943851963,1595.8592784869913,84.19148439793939,2.0,22.80965625,219,2.0
4.75,60.0,4.85,7.578947368421052,2.4742268041237114,10.053174172544765,5.104720564297341,0.3299742807614539,5,True,True,True,True,10.276881719508077,0.432879390839616,0.997235419828967,0.00045408351924150524,-0.001742184634070296,0.00025628871855768305,0.001742184634070296,0.00025628871855768305,1597.1524242783662,84.51570193951387,2.0,22.8025,220,2.0
4.75,67.0,4.9,8.463157894736844,1.5918367346938775,10.054994629430722,6.871321160042966,0.22108935363902332,5,True,True,True,True,10.278702176394034,0.432879390839616,0.9972437192205205,0.0004536381088493444,-0.0017372491855225905,0.00025608076060991744,0.0017372491855225905,0.00025608076060991744,1598.0169876497405,84.73287712878239,2.0,22.79771875,221,2.0
4.75,61.0,4.85,7.705263157894737,2.350515463917526,10.055778621812262,5.354747693977211,0.31369088683573765,5,True,True,True,True,10.279486168775575,0.432879390839616,0.9972562024929095,0.0004529653208588089,-0.0017298241036488502,0.0002557664646440401,0.0017298241036488502,0.0002557664646440401,1599.3231956017655,85.06161406347671,2.0,22.7905,222,2.0
4.75,62.0,4.85,7.831578947368421,2.2268041237113403,10.058383071079762,5.604774823657081,0.29741958396448653,5,True,True,True,True,10.282090618043075,0.432879390839616,0.9972768289236833,0.0004518460531902399,-0.001717551269278274,0.00025524311544420313,0.001717551269278274,0.00025524311544420313,1601.4969173311918,85.61032808110424,2.0,22.7785,223,2.0
4.8,65.0,4.65,8.125,1.9354838709677418,10.060483870967742,6.189516129032258,0.2582640184245669,5,True,True,True,True,10.284191417931055,0.432879390839616,0.9972841502433375,0.00045144645394222353,-0.001713193786408426,0.00025505612402477047,0.001713193786408426,0.00025505612402477047,1602.2731526875723,85.80676876648147,2.0,22.77421875,224,2.0
4.75,63.0,4.85,7.957894736842104,2.103092783505155,10.06098752034726,5.854801953336949,0.2811624713390621,5,True,True,True,True,10.284695067310572,0.432879390839616,0.9972973002957672,0.00045072562042060445,-0.0017053655087686528,0.00025471861571478284,0.0017053655087686528,0.00025471861571478284,1603.6735934766923,86.1618303146671,2.0,22.766499999999997,225,2.0
4.75,69.0,4.9,8.715789473684211,1.3469387755102038,10.062728249194414,7.368850698174008,0.1896859092367855,5,True,True,True,True,10.286435796157727,0.432879390839616,0.997305731603947,0.0004502613287031256,-0.0017003451879419346,0.0002545010908322247,0.0017003451879419346,0.0002545010908322247,1604.5757393094093,86.39099980585428,2.0,22.76153125,226,2.0
4.75,64.0,4.85,8.08421052631579,1.9793814432989691,10.063591969614759,6.104829083016821,0.2649221613520348,5,True,True,True,True,10.287299516578072,0.432879390839616,0.9973176177748113,0.0004496039323703048,-0.0016932662043444302,0.0002541929133055277,0.0016932662043444302,0.0002541929133055277,1605.8532280537647,86.7161073607596,2.0,22.7545,227,2.0
4.75,65.0,4.85,8.210526315789474,1.8556701030927836,10.066196418882258,6.35485621269669,0.24870194567683263,5,True,True,True,True,10.289903965845571,0.432879390839616,0.9973377825177027,0.0004484809043197114,-0.001681252742613045,0.00025366595906665084,0.001681252742613045,0.00025366595906665084,1608.035825083364,87.27314608673424,2.0,22.7425,228,2.0
4.8,63.0,4.65,7.875,2.1935483870967745,10.068548387096774,5.681451612903226,0.28965493387624486,5,True,True,True,True,10.292255934060087,0.432879390839616,0.9973440006669839,0.0004481325980793076,-0.001677547148699336,0.0002535023967622152,0.001677547148699336,0.0002535023967622152,1608.7128047138146,87.44632857530918,2.0,22.73878125,229,2.0
4.75,66.0,4.85,8.336842105263159,1.7319587628865982,10.068800868149758,6.604883342376561,0.23250602984334567,5,True,True,True,True,10.29250841511307,0.432879390839616,0.9973577956726317,0.0004473564568377258,-0.0016693245145338767,0.0002531377067583409,0.0016693245145338767,0.0002531377067583409,1610.2213885919107,87.8329336271405,2.0,22.7305,230,2.0
4.75,54.0,4.8,6.821052631578948,3.2500000000000004,10.071052631578949,3.5710526315789477,0.42704111562382635,5,True,True,True,True,10.294760178542262,0.432879390839616,0.9973789978399733,0.0004461542242616076,-0.0016566820490741504,0.0002525722055300205,0.0016566820490741504,0.0002525722055300205,1612.5582120759473,88.43364352112634,2.0,22.7176875,231,2.0
4.75,55.0,4.8,6.947368421052632,3.125,10.072368421052632,3.822368421052632,0.41068007185717104,5,True,True,True,True,10.296075968015945,0.432879390839616,0.9973888167735618,0.000445593554548481,-0.0016508252458516753,0.000252308228571394,0.0016508252458516753,0.000252308228571394,1613.6479874604472,88.71454723697519,2.0,22.71171875,232,2.0
4.75,56.0,4.8,7.0736842105263165,3.0,10.073684210526316,4.0736842105263165,0.39432171932325016,5,True,True,True,True,10.29739175748963,0.432879390839616,0.9973985989229547,0.0004450324888806281,-0.0016449891479564627,0.00025204390422325896,0.0016449891479564627,0.00025204390422325896,1614.7384993209266,88.99612314427719,2.0,22.705750000000002,233,2.0
4.75,57.0,4.8,7.199999999999999,2.8750000000000004,10.075,4.324999999999999,0.3779664074511662,5,True,True,True,True,10.298707546963312,0.432879390839616,0.9974083444259544,0.00044447101949751113,-0.001639173682189768,0.00025177922790670646,0.001639173682189768,0.00025177922790670646,1615.8297481551,89.27836976570921,2.0,22.69978125,234,2.0
4.75,58.0,4.8,7.326315789473684,2.75,10.076315789473684,4.576315789473684,0.3616145488155888,5,True,True,True,True,10.300023336436997,0.432879390839616,0.9974180534198477,0.00044390913892225085,-0.0016333787756116407,0.000251514195199766,0.0016333787756116407,0.000251514195199766,1616.9217344610165,89.56128563941046,2.0,22.6938125,235,2.0
4.75,59.0,4.8,7.4526315789473685,2.625,10.077631578947368,4.8276315789473685,0.34526663405363506,5,True,True,True,True,10.301339125910681,0.432879390839616,0.997427726041407,0.00044334683995695247,-0.0016276043555399852,0.00025124880183489056,0.0016276043555399852,0.00025124880183489056,1618.0144587370662,89.84486931888082,2.0,22.68784375,236,2.0
4.75,60.0,4.8,7.578947368421052,2.5,10.078947368421051,5.078947368421052,0.32892325121282556,5,True,True,True,True,10.302654915384364,0.432879390839616,0.997437362426892,0.00044278411567815563,-0.0016218503495496574,0.00025098304369655953,0.0016218503495496574,0.00025098304369655953,1619.107921481972,90.12911937286884,2.0,22.681874999999998,237,2.0
4.75,61.0,4.8,7.705263157894737,2.375,10.080263157894738,5.330263157894737,0.3125851111428187,5,True,True,True,True,10.30397070485805,0.432879390839616,0.9974469627120524,0.0004422209594322876,-0.001616116685471557,0.000250716916818893,0.001616116685471557,0.000250716916818893,1620.2021231947933,90.4140343852638,2.0,22.67590625,238,2.0
4.75,62.0,4.8,7.831578947368421,2.25,10.08157894736842,5.581578947368421,0.2962530812497736,5,True,True,True,True,10.305286494331733,0.432879390839616,0.9974565270321287,0.0004416573648312724,-0.0016104032913917177,0.00025045041738326227,0.0016104032913917177,0.00025045041738326227,1621.2970643749318,90.69961295498965,2.0,22.669937500000003,239,2.0
4.75,63.0,4.8,7.957894736842104,2.1250000000000004,10.082894736842105,5.832894736842103,0.2799282310054948,5,True,True,True,True,10.306602283805418,0.432879390839616,0.9974660555218556,0.00044109332574808106,-0.0016047100956503963,0.00025018354171597293,0.0016047100956503963,0.00025018354171597293,1622.392745522122,90.98585369589753,2.0,22.66396875,240,2.0
4.75,64.0,4.8,8.08421052631579,2.0,10.08421052631579,6.08421052631579,0.26361189426846865,5,True,True,True,True,10.307918073279103,0.432879390839616,0.9974755483154625,0.00044052883631240874,-0.0015990370268412113,0.0002499162862859467,0.0015990370268412113,0.0002499162862859467,1623.4891671364371,91.27275523665375,2.0,22.658,241,2.0
4.75,65.0,4.8,8.210526315789474,1.875,10.085526315789474,6.335526315789474,0.2473057561154187,5,True,True,True,True,10.309233862752787,0.432879390839616,0.9974850055466759,0.00043996389090640114,-0.0015933840138101989,0.00024964864770244175,0.0015933840138101989,0.00024964864770244175,1624.5863297182875,91.56031622063719,2.0,22.65203125,242,2.0
4.75,66.0,4.8,8.336842105263159,1.7500000000000002,10.086842105263159,6.586842105263159,0.23101197617849056,5,True,True,True,True,10.310549652226472,0.432879390839616,0.9974944273487215,0.00043939848416038347,-0.0015877509856549535,0.00024938062271280976,0.0015877509856549535,0.00024938062271280976,1625.684233768426,91.84853530583186,2.0,22.6460625,243,2.0
4.75,67.0,4.8,8.463157894736844,1.6250000000000002,10.088157894736844,6.8381578947368435,0.214733367667971,5,True,True,True,True,10.311865441700157,0.432879390839616,0.997503813854326,0.0004388326109487551,-0.0015821378717237292,0.0002491122082002757,0.0015821378717237292,0.0002491122082002757,1626.7828797879379,92.1374111647171,2.0,22.640093750000002,244,2.0
4.75,68.0,4.8,8.589473684210526,1.5,10.089473684210526,7.089473684210526,0.19847366365396815,5,True,True,True,True,10.31318123117384,0.432879390839616,0.9975131651957185,0.00043826626638577415,-0.0015765446016145401,0.00024884340118172337,0.0015765446016145401,0.00024884340118172337,1627.8822682782527,92.42694248416511,2.0,22.634124999999997,245,2.0
4.75,69.0,4.8,8.715789473684211,1.375,10.090789473684211,7.340789473684211,0.1822379243200847,5,True,True,True,True,10.314497020647524,0.432879390839616,0.9975224815046333,0.00043769944582158483,-0.0015709711051743133,0.00024857419880554244,0.0015709711051743133,0.00024857419880554244,1628.982399741135,92.71712796533109,2.0,22.62815625,246,2.0
4.75,70.0,4.8,8.842105263157896,1.25,10.092105263157896,7.592105263157896,0.16603318005393175,5,True,True,True,True,10.315812810121209,0.432879390839616,0.9975317629123107,0.00043713214483813857,-0.001565417312497956,0.0002483045983495004,0.001565417312497956,0.0002483045983495004,1630.0832746786891,93.00796632355086,2.0,22.6221875,247,2.0
4.75,71.0,4.8,8.968421052631578,1.125,10.093421052631578,7.843421052631578,0.14986948528374183,5,True,True,True,True,10.317128599594891,0.432879390839616,0.9975410095494995,0.0004365643592452651,-0.0015598831539275317,0.0002480345972186002,0.0015598831539275317,0.0002480345972186002,1631.184893593358,93.29945628823229,2.0,22.61621875,248,2.0
4.75,72.0,4.8,9.094736842105263,1.0,10.094736842105263,8.094736842105263,0.13376172203463155,5,True,True,True,True,10.318444389068576,0.432879390839616,0.9975502215464589,0.00043599608507670666,-0.0015543685600513482,0.0002477641929430275,0.0015543685600513482,0.0002477641929430275,1632.2872569879285,93.59159660275442,2.0,22.61025,249,2.0
4.75,73.0,4.8,9.221052631578948,0.8750000000000001,10.096052631578948,8.346052631578948,0.11773284956285703,5,True,True,True,True,10.31976017854226,0.432879390839616,0.9975593990329596,0.00043542731858638606,-0.00154887346170311,0.0002474933831760556,0.00154887346170311,0.0002474933831760556,1633.390365365521,93.88438602435592,2.0,22.60428125,250,2.0
4.75,74.0,4.8,9.34736842105263,0.75,10.09736842105263,8.59736842105263,0.10182013245313802,5,True,True,True,True,10.321075968015943,0.432879390839616,0.9975685421382868,0.00043485805624442176,-0.0015433977899610405,0.0002472221656920344,0.0015433977899610405,0.0002472221656920344,1634.4942192296014,94.17782332403938,2.0,22.5983125,251,2.0
4.75,75.0,4.8,9.473684210526315,0.625,10.098684210526315,8.848684210526315,0.08608800614152229,5,True,True,True,True,10.322391757489628,0.432879390839616,0.9975776509912407,0.0004342882947335257,-0.0015379414761470243,0.00024695053838439475,0.0015379414761470243,0.00024695053838439475,1635.5988190839726,94.47190728646213,2.0,22.59234375,252,2.0
4.8,54.0,4.65,6.750000000000002,3.3548387096774195,10.104838709677422,3.3951612903225823,0.41657441340618795,0,True,True,True,True,10.328546256640735,0.432879390839616,0.9975974194560217,0.00043304261581949595,-0.001526095936139968,0.00024635607555841964,0.001526095936139968,0.00024635607555841964,1638.013027067093,95.11620623009652,2.0,22.5793125,253,2.0
4.75,55.0,4.75,6.947368421052632,3.1578947368421053,10.105263157894736,3.7894736842105265,0.41152234714075303,5,True,True,True,True,10.32897070485805,0.432879390839616,0.9976226859447564,0.00043143189795346345,-0.0015109478892110875,0.00024558618884853236,0.0015109478892110875,0.00024558618884853236,1641.1330258671599,95.95198544552815,2.0,22.5625,254,2.0
4.8,53.0,4.65,6.625,3.483870967741936,10.108870967741936,3.141129032258064,0.4251944917947233,0,True,True,True,True,10.332578514705249,0.432879390839616,0.9976240403204572,0.0004313449592794095,-0.0015101356431204062,0.0002455445949992931,0.0015101356431204062,0.0002455445949992931,1641.3013729420027,95.99718112354459,2.0,22.56159375,255,2.0
4.7,54.0,4.85,6.893617021276596,3.2164948453608253,10.110111866637421,3.677122175915771,0.43027223653837493,5,True,True,True,True,10.333819413600734,0.432879390839616,0.9976330342902172,0.00043076606458080697,-0.0015047411167762007,0.000245267533727307,0.0015047411167762007,0.000245267533727307,1642.422191733173,96.29834149027175,2.0,22.5555625,256,2.0
4.8,52.0,4.65,6.500000000000001,3.6129032258064515,10.112903225806452,2.8870967741935494,0.4328545581217637,1,True,True,True,True,10.336610772769765,0.432879390839616,0.9976503662227009,0.00042964276432442064,-0.0014943422668373574,0.0002447294113236668,0.0014943422668373574,0.0002447294113236668,1644.5963202409635,96.88379151550858,2.0,22.543875,257,2.0
4.7,55.0,4.85,7.0212765957446805,3.0927835051546393,10.11406010089932,3.9284930905900413,0.41403889252472914,5,True,True,True,True,10.337767647862632,0.432879390839616,0.9976595365052005,0.0004290442601806328,-0.0014888385121978169,0.00024444242225395087,0.0014888385121978169,0.00024444242225395087,1645.7543154464215,97.19629580047705,2.0,22.53765625,258,2.0
4.75,72.0,4.7,9.094736842105263,1.0212765957446808,10.116013437849944,8.073460246360582,0.14374380468097778,5,True,True,True,True,10.339720984813257,0.432879390839616,0.9976922813885362,0.00042688313600595257,-0.0014691759566845348,0.00024340456433417603,0.0014691759566845348,0.00024340456433417603,1649.9333550995386,98.32796134906944,2.0,22.51525,259,2.0
4.75,71.0,4.7,8.968421052631578,1.1489361702127658,10.117357222844344,7.819484882418813,0.15884251862050905,5,True,True,True,True,10.341064769807657,0.432879390839616,0.9977008363244828,0.00042631223635025787,-0.0014640363277708766,0.0002431299841378086,0.0014640363277708766,0.0002431299841378086,1651.036709155083,98.62774989504518,2.0,22.50934375,260,2.0
4.75,70.0,4.7,8.842105263157896,1.276595744680851,10.118701007838746,7.565509518477045,0.17417548616643608,5,True,True,True,True,10.34240855480206,0.432879390839616,0.997709359546455,0.000425740821861246,-0.0014589146788583543,0.00024285498449015346,0.0014589146788583543,0.00024285498449015346,1652.1408010526532,98.92815541220529,2.0,22.5034375,261,2.0
4.75,69.0,4.7,8.715789473684211,1.404255319148936,10.120044792833147,7.311534154535275,0.18968590923678535,5,True,True,True,True,10.34375233979646,0.432879390839616,0.9977178511720196,0.00042516889214718335,-0.0014538109470474017,0.00024257956494241437,0.0014538109470474017,0.00024257956494241437,1653.2456312856655,99.22917692020253,2.0,22.49753125,262,2.0
4.75,68.0,4.7,8.589473684210526,1.531914893617021,10.121388577827547,7.0575587905935055,0.20533357803029081,5,True,True,True,True,10.34509612479086,0.432879390839616,0.9977263113183075,0.00042459644696609414,-0.0014487250696584852,0.00024230372513097924,0.0014487250696584852,0.00024230372513097924,1654.351200347864,99.5308134501698,2.0,22.491625,263,2.0
4.75,67.0,4.7,8.463157894736844,1.6595744680851066,10.12273236282195,6.803583426651737,0.22108935363902318,5,True,True,True,True,10.346439909785262,0.432879390839616,0.9977347401020152,0.0004240234862229597,-0.0014436569842313633,0.00024202746477592187,0.0014436569842313633,0.00024202746477592187,1655.4575087333235,99.83306404462925,2.0,22.485718750000004,264,2.0
4.75,66.0,4.7,8.336842105263159,1.7872340425531914,10.12407614781635,6.549608062709968,0.2369316699818421,5,True,True,True,True,10.347783694779663,0.432879390839616,0.9977431376394071,0.0004234500099669651,-0.001438606628524274,0.00024175078367949388,0.001438606628524274,0.00024175078367949388,1656.564556936449,100.13592775740055,2.0,22.4798125,265,2.0
4.75,65.0,4.7,8.210526315789474,1.9148936170212765,10.12541993281075,6.295632698768198,0.25284426058408366,5,True,True,True,True,10.349127479774063,0.432879390839616,0.9977515040463163,0.00042287601838877047,-0.0014335739405132112,0.00024147368172468543,0.0014335739405132112,0.00024147368172468543,1657.672345451976,100.43940365351477,2.0,22.47390625,266,2.0
4.75,64.0,4.7,8.08421052631579,2.0425531914893615,10.12676371780515,6.041657334826429,0.2688146459966483,5,True,True,True,True,10.350471264768464,0.432879390839616,0.9977598394381464,0.0004223015118178853,-0.0014285588583911539,0.00024119615887377975,0.0014285588583911539,0.00024119615887377975,1658.7808747749712,100.743490809123,2.0,22.468,267,2.0
4.75,63.0,4.7,7.957894736842104,2.170212765957447,10.128107502799551,5.787681970884657,0.2848331048462568,5,True,True,True,True,10.351815049762864,0.432879390839616,0.9977681439298733,0.0004217264907199712,-0.0014235613205672848,0.00024091821516690617,0.0014235613205672848,0.00024091821516690617,1659.890145400832,101.04818831141134,2.0,22.46209375,268,2.0
4.75,62.0,4.7,7.831578947368421,2.2978723404255317,10.129451287793954,5.533706606942889,0.30089195943474134,5,True,True,True,True,10.353158834757267,0.432879390839616,0.9977764176360467,0.0004211509556942661,-0.0014185812656662634,0.00024063985072066415,0.0014185812656662634,0.00024063985072066415,1661.0001578252873,101.35349525850977,2.0,22.456187500000002,269,2.0
4.75,61.0,4.7,7.705263157894737,2.425531914893617,10.130795072788354,5.27973124300112,0.31698507032770695,5,True,True,True,True,10.354502619751667,0.432879390839616,0.9977846606707916,0.0004205749074710272,-0.0014136186325274512,0.0002403610657267202,0.0014136186325274512,0.0002403610657267202,1662.1109125443973,101.65941075941129,2.0,22.450281250000003,270,2.0
4.75,60.0,4.7,7.578947368421052,2.553191489361702,10.132138857782754,5.02575587905935,0.333107472583412,5,True,True,True,True,10.355846404746067,0.432879390839616,0.99779287314781,0.000419998346908989,-0.0014086733602041662,0.00024008186045043942,0.0014086733602041662,0.00024008186045043942,1663.2224100545554,101.96593393387896,2.0,22.444375,271,2.0
4.75,59.0,4.7,7.4526315789473685,2.680851063829787,10.133482642777155,4.771780515117582,0.3492551097596423,5,True,True,True,True,10.357190189740468,0.432879390839616,0.9978010551803823,0.0004194212749928631,-0.0014037453879629485,0.00023980223522954416,0.0014037453879629485,0.00023980223522954416,1664.3346508524817,102.273063912362,2.0,22.43846875,272,2.0
4.75,58.0,4.7,7.326315789473684,2.808510638297872,10.134826427771555,4.517805151175812,0.3654246365772222,5,True,True,True,True,10.358533974734868,0.432879390839616,0.997809206881369,0.00041884369283088345,-0.0013988346552827934,0.00023952219047277765,0.0013988346552827934,0.00023952219047277765,1665.447635435238,102.58079983591526,2.0,22.4325625,273,2.0
4.75,57.0,4.7,7.199999999999999,2.9361702127659575,10.136170212765958,4.263829787234042,0.3816132705554591,5,True,True,True,True,10.35987775972927,0.432879390839616,0.9978173283632122,0.00041826560165239476,-0.0013939411018544215,0.00023924172665859566,0.0013939411018544215,0.00023924172665859566,1666.5613643002068,102.88914085610803,2.0,22.42665625,274,2.0
4.75,56.0,4.7,7.0736842105263165,3.063829787234042,10.137513997760358,4.009854423292275,0.39781867908952834,5,True,True,True,True,10.361221544723671,0.432879390839616,0.9978254197379373,0.0004176870028054394,-0.0013890646675795268,0.00023896084433386186,0.0013890646675795268,0.00023896084433386186,1667.6758379451153,103.1980861349444,2.0,22.42075,275,2.0
4.75,55.0,4.7,6.947368421052632,3.1914893617021276,10.138857782754759,3.7558790593505043,0.41403889252472914,5,True,True,True,True,10.362565329718072,0.432879390839616,0.9978334811171541,0.00041710789775442706,-0.001384205292570055,0.00023867954411258474,0.001384205292570055,0.00023867954411258474,1668.7910568680118,103.50763484477837,2.0,22.414843750000003,276,2.0
4.75,54.0,4.7,6.821052631578948,3.319148936170213,10.14020156774916,3.501903695408735,0.43027223653837493,5,True,True,True,True,10.363909114712474,0.432879390839616,0.9978415126120591,0.00041652828807777945,-0.0013793629171474499,0.0002383978266746469,0.0013793629171474499,0.0002383978266746469,1669.9070215672893,103.81778616823071,2.0,22.4089375,277,2.0
4.75,66.0,4.65,8.336842105263159,1.8064516129032258,10.143293718166385,6.530390492359933,0.24412951504990307,5,True,True,True,True,10.367001265129698,0.432879390839616,0.9978563072134574,0.00041545361011792215,-0.0013704402429470723,0.00023787502858173097,0.0013704402429470723,0.00023787502858173097,1671.9755938531114,104.39372900516479,2.0,22.398,278,2.0
4.7,63.0,4.85,8.042553191489361,2.103092783505155,10.145645974994515,5.939460407984206,0.2848331048462568,5,True,True,True,True,10.369353521957828,0.432879390839616,0.9978611461296499,0.0004151001271593822,-0.0013675211232706643,0.00023770294121864071,0.0013675211232706643,0.00023770294121864071,1672.6558267350285,104.58341696873477,2.0,22.394406250000003,279,2.0
4.75,65.0,4.65,8.210526315789474,1.9354838709677418,10.146010186757216,6.275042444821732,0.2596012788651634,5,True,True,True,True,10.36971773372053,0.432879390839616,0.9978720878779958,0.00041429719073787937,-0.0013609190399301676,0.00023731180885488143,0.0013609190399301676,0.00023731180885488143,1674.2006866053696,105.01474989817112,2.0,22.38625,280,2.0
4.75,64.0,4.65,8.08421052631579,2.064516129032258,10.148726655348048,6.019694397283532,0.27517979173700174,5,True,True,True,True,10.37243420231136,0.432879390839616,0.9978877523741285,0.0004131388105938606,-0.0013514639859535868,0.00023674695448921371,0.0013514639859535868,0.00023674695448921371,1676.4287405478342,105.63814071776862,2.0,22.3745,281,2.0
4.75,63.0,4.65,7.957894736842104,2.1935483870967745,10.15144312393888,5.764346349745329,0.29084790096281427,5,True,True,True,True,10.375150670902192,0.432879390839616,0.9979033015570222,0.0004119784873877427,-0.0013420746214435142,0.0002361804738991892,0.0013420746214435142,0.0002361804738991892,1678.6597596213087,106.26389552523618,2.0,22.36275,282,2.0
4.7,65.0,4.85,8.297872340425531,1.8556701030927836,10.153542443518315,6.442202237332747,0.25284426058408366,5,True,True,True,True,10.377249990481628,0.432879390839616,0.9979087742180683,0.0004115675922674551,-0.001338769025132231,0.00023597970882379126,0.001338769025132231,0.00023597970882379126,1679.4496339410969,106.48580454452188,2.0,22.358593750000004,283,2.0
4.75,62.0,4.65,7.831578947368421,2.32258064516129,10.154159592529712,5.508998302207131,0.3065918706205276,5,True,True,True,True,10.377867139493025,0.432879390839616,0.9979187362755484,0.0004108162403401625,-0.0013327504900190648,0.0002356123763858849,0.0013327504900190648,0.0002356123763858849,1680.8937477718357,106.892008532808,2.0,22.351000000000003,284,2.0
4.75,61.0,4.65,7.705263157894737,2.4516129032258065,10.156876061120544,5.25365025466893,0.3224005872959565,5,True,True,True,True,10.380583608083857,0.432879390839616,0.9979340573723294,0.00040965209012719237,-0.0013234911384700596,0.0002350426721024908,0.0013234911384700596,0.0002350426721024908,1683.1307089507152,107.52247410126125,2.0,22.33925,285,2.0
4.75,67.0,4.6,8.463157894736844,1.6956521739130437,10.158810068649887,6.7675057208238,0.2391458793289157,5,True,True,True,True,10.3825176156132,0.432879390839616,0.9979400975153213,0.00040919024295393467,-0.0013198396963323884,0.0002348164695041134,0.0013198396963323884,0.0002348164695041134,1684.0179876913826,107.77296248154802,2.0,22.33459375,286,2.0
4.7,60.0,4.8,7.659574468085106,2.5,10.159574468085106,5.159574468085106,0.3320663601078636,5,True,True,True,True,10.383282015048419,0.432879390839616,0.9979492656837851,0.0004084860588189024,-0.0013142961167350372,0.00023447137202079068,0.0013142961167350372,0.00023447137202079068,1685.3706471144992,108.15528673752394,2.0,22.3275,287,2.0
4.7,67.0,4.85,8.553191489361703,1.6082474226804127,10.161438912042115,6.94494406668129,0.22108935363902318,5,True,True,True,True,10.385146459005428,0.432879390839616,0.9979553417222,0.00040801726142602064,-0.001310621439153277,0.0002342414938449092,0.001310621439153277,0.0002342414938449092,1686.2710354768642,108.41008094220963,2.0,22.322781250000002,288,2.0
4.7,61.0,4.8,7.787234042553192,2.375,10.162234042553191,5.412234042553192,0.31589082613307734,5,True,True,True,True,10.385941589516504,0.432879390839616,0.9979645220408475,0.000407305735569894,-0.0013050681799199465,0.00023389238491565453,0.0013050681799199465,0.00023389238491565453,1687.6374431056818,108.79721062312142,2.0,22.315625000000004,289,2.0
4.7,62.0,4.8,7.914893617021277,2.25,10.164893617021278,5.664893617021277,0.29973897056748355,5,True,True,True,True,10.38860116398459,0.432879390839616,0.9979796648988433,0.0004061235403799589,-0.0012959050343012786,0.00023331179280870482,0.0012959050343012786,0.00023331179280870482,1689.907287900445,109.44152094134274,2.0,22.30375,290,2.0
4.75,65.0,4.6,8.210526315789474,1.956521739130435,10.16704805491991,6.254004576659039,0.26877587209009524,5,True,True,True,True,10.390755601883223,0.432879390839616,0.9979850174346871,0.00040570310435630755,-0.0012926652178495031,0.00023310514600122383,0.0012926652178495031,0.00023310514600122383,1690.7144148664668,109.67099417075909,2.0,22.29953125,291,2.0
4.7,63.0,4.8,8.042553191489361,2.1250000000000004,10.167553191489361,5.917553191489361,0.28361483889376354,5,True,True,True,True,10.391260738452674,0.432879390839616,0.9979946951021443,0.0004049395000045424,-0.0012868062249670493,0.00023272960937397808,0.0012868062249670493,0.00023272960937397808,1692.1801855993808,110.08821246239796,2.0,22.291875000000005,292,2.0
4.7,69.0,4.85,8.808510638297872,1.3608247422680413,10.169335380565913,7.44768589602983,0.18968590923678535,5,True,True,True,True,10.393042927529226,0.432879390839616,0.9980008722591808,0.0004044497722406866,-0.0012830656554804482,0.00023248861449408562,0.0012830656554804482,0.00023248861449408562,1693.1201434219033,110.35609211175941,2.0,22.28696875,293,2.0
4.7,64.0,4.8,8.170212765957446,2.0,10.170212765957446,6.170212765957446,0.267523444069263,5,True,True,True,True,10.39392031292076,0.432879390839616,0.9980096134888407,0.0004037536424135587,-0.0012777713001992815,0.00023214584900837246,0.0012777713001992815,0.00023214584900837246,1694.4561403085988,110.73728009933939,2.0,22.28,294,2.0
4.7,65.0,4.8,8.297872340425531,1.875,10.172872340425531,6.422872340425531,0.25147107057212115,5,True,True,True,True,10.396579887388844,0.432879390839616,0.9980244208907876,0.00040256599673549256,-0.0012687998114516263,0.00023156052680099162,0.0012687998114516263,0.00023156052680099162,1696.735156139722,111.38871890572102,2.0,22.268125000000005,295,2.0
4.75,63.0,4.6,7.957894736842104,2.2173913043478266,10.175286041189931,5.740503432494277,0.29906545591866335,5,True,True,True,True,10.398993588153244,0.432879390839616,0.9980289577935296,0.0004021999715103705,-0.0012660502408597656,0.0002313799971245092,0.0012660502408597656,0.0002313799971245092,1697.437470104457,111.58977016488573,2.0,22.26446875,296,2.0
4.7,66.0,4.8,8.425531914893616,1.7500000000000002,10.175531914893616,6.675531914893616,0.23546569912571402,5,True,True,True,True,10.39923946185693,0.432879390839616,0.9980391181336518,0.0004013765932031307,-0.0012598913133270435,0.00023097365850335087,0.0012598913133270435,0.00023097365850335087,1699.0172372099148,112.04252407332274,2.0,22.25625,297,2.0
4.7,71.0,4.85,9.063829787234042,1.1134020618556701,10.177231849089711,7.950427725378372,0.15884251862050908,5,True,True,True,True,10.400939396053024,0.432879390839616,0.998045388920239,0.0004008658706822554,-0.0012560892314847515,0.00023072145310262988,0.0012560892314847515,0.00023072145310262988,1699.9970703110243,112.3236961378383,2.0,22.251156250000005,298,2.0
4.7,54.0,4.75,6.893617021276596,3.28421052631579,10.177827547592386,3.6094064949608065,0.43027223653837493,5,True,True,True,True,10.4015350945557,0.432879390839616,0.9980547001806949,0.0004001039024251867,-0.0012504423894955485,0.0002303449462018016,0.0012504423894955485,0.0002303449462018016,1701.4588523328455,112.7436727644306,2.0,22.243562500000003,299,2.0
4.7,55.0,4.75,7.0212765957446805,3.1578947368421053,10.179171332586787,3.8633818589025752,0.41403889252472914,5,True,True,True,True,10.4028788795501,0.432879390839616,0.9980619115951492,0.00039951078162828917,-0.0012460679578077207,0.00023005167992817105,0.0012460679578077207,0.00023005167992817105,1702.5966628506226,113.07098762411084,2.0,22.23765625,300,2.0
4.7,56.0,4.75,7.148936170212766,3.0315789473684207,10.180515117581187,4.117357222844345,0.39781867908952834,5,True,True,True,True,10.4042226645445,0.432879390839616,0.9980690962761931,0.000398917246316471,-0.0012417088292260197,0.0002297580418792184,0.0012417088292260197,0.0002297580418792184,1703.7352342523711,113.39888496190164,2.0,22.23175,301,2.0
4.7,57.0,4.75,7.27659574468085,2.905263157894737,10.181858902575588,4.371332586786113,0.3816132705554591,5,True,True,True,True,10.4055664495389,0.432879390839616,0.99807625432293,0.0003983233006151266,-0.0012373649502154798,0.00022946403423849978,0.0012373649502154798,0.00022946403423849978,1704.8745670469207,113.72736424064468,2.0,22.225843750000003,302,2.0
4.7,58.0,4.75,7.404255319148935,2.7789473684210524,10.183202687569988,4.6253079507278825,0.3654246365772222,5,True,True,True,True,10.406910234533301,0.432879390839616,0.9980833858340957,0.00039772894870471664,-0.0012330362674284093,0.00022916965922321897,0.0012330362674284093,0.00022916965922321897,1706.01466174343,114.05642493109211,2.0,22.2199375,303,2.0
4.7,59.0,4.75,7.531914893617021,2.6526315789473682,10.184546472564389,4.879283314669653,0.34925510975964236,5,True,True,True,True,10.408254019527702,0.432879390839616,0.9980904909080602,0.00039713419481933546,-0.0012287227277037582,0.0002288749190834425,0.0012287227277037582,0.0002288749190834425,1707.1555188514048,114.38606651184422,2.0,22.21403125,304,2.0
4.7,60.0,4.75,7.659574468085106,2.526315789473684,10.185890257558789,5.133258678611422,0.33310747258341206,5,True,True,True,True,10.409597804522102,0.432879390839616,0.9980975696428288,0.00039653904324532584,-0.0012244242780664364,0.0002285798161013172,0.0012244242780664364,0.0002285798161013172,1708.2971388806884,114.7162884692796,2.0,22.208125000000003,305,2.0
4.7,61.0,4.75,7.787234042553192,2.4,10.187234042553191,5.387234042553192,0.316985070327707,5,True,True,True,True,10.410941589516504,0.432879390839616,0.9981046221360435,0.0003959434983198859,-0.0012201408657266804,0.00022828435259031462,0.0012201408657266804,0.00022828435259031462,1709.4395223414708,115.0470902974996,2.0,22.202218750000004,306,2.0
4.7,62.0,4.75,7.914893617021277,2.2736842105263158,10.188577827547594,5.641209406494961,0.3008919594347414,5,True,True,True,True,10.412285374510907,0.432879390839616,0.998111648484984,0.00039534756442971097,-0.0012158724380794067,0.000227988530894468,0.0012158724380794067,0.000227988530894468,1710.5826697442726,115.37847149825986,2.0,22.196312500000005,307,2.0
4.7,63.0,4.75,8.042553191489361,2.1473684210526316,10.189921612541992,5.89518477043673,0.2848331048462568,5,True,True,True,True,10.413629159505305,0.432879390839616,0.99811864878657,0.00039475124600963914,-0.0012116189427035509,0.00022769235338763872,0.0012116189427035509,0.00022769235338763872,1711.7265815999683,115.7104315809067,2.0,22.190406250000002,308,2.0
4.7,64.0,4.75,8.170212765957446,2.0210526315789474,10.191265397536394,6.149160134378499,0.26881464599664834,5,True,True,True,True,10.414972944499707,0.432879390839616,0.9981256231373614,0.0003941545475413567,-0.0012073803273614477,0.0002273958224727782,0.0012073803273614477,0.0002273958224727782,1712.8712584197615,116.04297006232211,2.0,22.184500000000003,309,2.0
4.7,65.0,4.75,8.297872340425531,1.894736842105263,10.192609182530795,6.403135498320268,0.25284426058408366,5,True,True,True,True,10.416316729494108,0.432879390839616,0.9981325716335603,0.00039355747355207754,-0.0012031565399981629,0.0002270989405812137,0.0012031565399981629,0.0002270989405812137,1714.0167007152104,116.37608646685696,2.0,22.178593750000005,310,2.0
4.7,66.0,4.75,8.425531914893616,1.7684210526315791,10.193952967525195,6.657110862262037,0.2369316699818421,5,True,True,True,True,10.417660514488508,0.432879390839616,0.9981394943710121,0.00039296002861328105,-0.001198947528740866,0.0002268017101719309,0.001198947528740866,0.0002268017101719309,1715.1629089982039,116.70978032627065,2.0,22.172687500000002,311,2.0
4.7,67.0,4.75,8.553191489361703,1.642105263157895,10.195296752519598,6.911086226203809,0.22108935363902318,5,True,True,True,True,10.41900429948291,0.432879390839616,0.9981463914452071,0.0003923622173394283,-0.001194753241898203,0.00022650413373088044,0.001194753241898203,0.00022650413373088044,1716.3098837809796,117.04405117967055,2.0,22.16678125,312,2.0
4.7,68.0,4.75,8.680851063829788,1.5157894736842104,10.196640537513998,7.165061590145578,0.20533357803029081,5,True,True,True,True,10.420348084477311,0.432879390839616,0.9981532629512814,0.0003917640443867511,-0.0011905736279596534,0.00022620621377029347,0.0011905736279596534,0.00022620621377029347,1717.4576255761162,117.3788985734566,2.0,22.160875000000004,313,2.0
4.7,69.0,4.75,8.808510638297872,1.3894736842105262,10.197984322508397,7.419036954087345,0.18968590923678535,5,True,True,True,True,10.42169186947171,0.432879390839616,0.9981601089840185,0.0003911655144520101,-0.0011864086355948794,0.00022590795282798515,0.0011864086355948794,0.00022590795282798515,1718.6061348965357,117.71432206125374,2.0,22.154968750000002,314,2.0
4.7,70.0,4.75,8.936170212765957,1.263157894736842,10.199328107502799,7.673012318029114,0.17417548616643608,5,True,True,True,True,10.423035654466112,0.432879390839616,0.9981669296378505,0.0003905666322712927,-0.0011822582136531278,0.00022560935346670503,0.0011822582136531278,0.00022560935346670503,1719.7554122555016,118.05032120386339,2.0,22.149062500000003,315,2.0
4.75,56.0,4.6,7.0736842105263165,3.130434782608696,10.204118993135012,3.9432494279176207,0.3867223181627897,0,True,True,True,True,10.427826540098325,0.432879390839616,0.9981753392353879,0.0003898246782056945,-0.0011771397069405747,0.00022523919401500216,0.0011771397069405747,0.00022523919401500216,1721.1793919568202,118.46711705935797,2.0,22.14175,316,2.0
4.75,55.0,4.6,6.947368421052632,3.2608695652173916,10.208237986270024,3.6864988558352403,0.3946331023481653,0,True,True,True,True,10.431945533233337,0.432879390839616,0.9981953439190977,0.0003880437764539754,-0.001164958482299487,0.00022434969366674328,0.001164958482299487,0.00022434969366674328,1724.5980957188597,119.46994461071957,2.0,22.124218749999997,317,2.0
4.75,61.0,4.55,7.705263157894737,2.5054945054945055,10.210757663389241,5.199768652400231,0.33284058021543655,0,True,True,True,True,10.434465210352554,0.432879390839616,0.9981992759978159,0.00038769106002942426,-0.0011625632729224478,0.00022417335503687196,0.0011625632729224478,0.00022417335503687196,1725.2753280077313,119.66896413766817,2.0,22.12075,318,2.0
4.75,54.0,4.6,6.821052631578948,3.3913043478260874,10.212356979405035,3.429748283752861,0.4030557151247666,0,True,True,True,True,10.436064526368348,0.432879390839616,0.9982151292812885,0.0003862599938619746,-0.0011529033108642226,0.0002234573326695105,0.0011529033108642226,0.0002234573326695105,1728.0235899034792,120.47782488061567,2.0,22.1066875,319,2.0
4.7,56.0,4.7,7.148936170212766,3.063829787234042,10.212765957446807,4.085106382978724,0.4004213577712944,5,True,True,True,True,10.43647350441012,0.432879390839616,0.9982337608628222,0.0003845595046854541,-0.0011415442414761127,0.00022260532714879388,0.0011415442414761127,0.00022260532714879388,1731.2905411291292,121.44188203232471,2.0,22.090000000000003,320,2.0
4.75,53.0,4.6,6.6947368421052635,3.5217391304347836,10.216475972540048,3.17299771167048,0.411958764250259,0,True,True,True,True,10.44018351950336,0.432879390839616,0.9982346977264939,0.0003844734607747483,-0.0011409728882166078,0.0002225621822245915,0.0011409728882166078,0.0002225621822245915,1731.455887998206,121.49074768605611,2.0,22.08915625,321,2.0
4.65,54.0,4.8,6.967741935483872,3.2500000000000004,10.217741935483872,3.7177419354838714,0.4334792735970526,5,True,True,True,True,10.441449482447185,0.432879390839616,0.9982413109929962,0.00038386460745364526,-0.0011369392514109242,0.00022225679258641506,0.0011369392514109242,0.00022225679258641506,1732.6260150621192,121.83675980465661,2.0,22.0831875,322,2.0
4.75,52.0,4.6,6.56842105263158,3.6521739130434785,10.220594965675058,2.9162471395881013,0.4213117934648019,0,True,True,True,True,10.444302512638371,0.432879390839616,0.9982540516328849,0.0003826843098018764,-0.001129165923436803,0.00022166431502791993,0.001129165923436803,0.00022166431502791993,1734.8950035173457,122.50870336064541,2.0,22.071624999999997,323,2.0
4.65,55.0,4.8,7.096774193548386,3.125,10.221774193548386,3.971774193548386,0.41737068371604313,5,True,True,True,True,10.445481740511699,0.432879390839616,0.9982607974663039,0.00038205543789129843,-0.0011250488563392638,0.00022134839042065545,0.0011250488563392638,0.00022134839042065545,1736.1042985160623,122.86735955317683,2.0,22.06546875,324,2.0
4.75,51.0,4.6,6.442105263157895,3.782608695652174,10.224713958810069,2.6594965675057214,0.43108551483959573,0,True,True,True,True,10.448421505773382,0.432879390839616,0.9982731933525597,0.00038089267558550857,-0.0011174811389636065,0.00022076380514000806,0.0011174811389636065,0.00022076380514000806,1738.340950002054,123.53168274229222,2.0,22.05409375,325,2.0
4.65,56.0,4.8,7.225806451612903,3.0,10.225806451612904,4.225806451612903,0.40128516610389453,5,True,True,True,True,10.449513998576217,0.432879390839616,0.9982800680272811,0.0003802437804348639,-0.0011132828139933822,0.00022043731560858674,0.0011132828139933822,0.00022043731560858674,1739.5895646977742,123.90308787665623,2.0,22.04775,326,2.0
4.75,50.0,4.6,6.315789473684211,3.91304347826087,10.22883295194508,2.4027459954233406,0.43337965447939264,1,True,True,True,True,10.452540498908393,0.432879390839616,0.9982921252118291,0.00037909869457935944,-0.0011059172704562116,0.0002198607278617196,0.0011059172704562116,0.0002198607278617196,1741.7937410203817,124.55967716120955,2.0,22.0365625,327,2.0
4.65,57.0,4.8,7.354838709677418,2.8750000000000004,10.229838709677418,4.479838709677418,0.38522561099507274,5,True,True,True,True,10.453546256640731,0.432879390839616,0.998299125068261,0.0003784297765763284,-0.0011016398238613732,0.0002195236463193747,0.0011016398238613732,0.0002195236463193747,1743.0818276252246,124.94393600238868,2.0,22.03003125,328,2.0
4.7,66.0,4.65,8.425531914893616,1.8064516129032258,10.231983527796842,6.61908030199039,0.24834810739236698,5,True,True,True,True,10.455691074760155,0.432879390839616,0.9983223283068611,0.0003761904479095127,-0.0010874537462879199,0.00021839381785333738,0.0010874537462879199,0.00021839381785333738,1747.396754636529,126.23413215682172,2.0,22.008187500000002,329,2.0
4.7,65.0,4.65,8.297872340425531,1.9354838709677418,10.233356211393273,6.362388469457789,0.2635723549906137,5,True,True,True,True,10.457063758356586,0.432879390839616,0.9983284819062265,0.00037559083834938175,-0.0010836896857872038,0.00021809093161113027,0.0010836896857872038,0.00021809093161113027,1748.5529155530814,126.5806071852003,2.0,22.002343750000005,330,2.0
4.7,64.0,4.65,8.170212765957446,2.064516129032258,10.234728894989704,6.105696636925188,0.2789291668278695,5,True,True,True,True,10.458436441953017,0.432879390839616,0.9983346129345576,0.0003749910137351503,-0.0010799386540258685,0.00021778778547405794,0.0010799386540258685,0.00021778778547405794,1749.7098414407626,126.92763689941621,2.0,21.996500000000005,331,2.0
4.7,63.0,4.65,8.042553191489361,2.1935483870967745,10.236101578586135,5.849004804392587,0.2943977986013904,5,True,True,True,True,10.459809125549448,0.432879390839616,0.9983407214746438,0.00037439097930164656,-0.001076200605906861,0.00021748438236240253,0.001076200605906861,0.00021748438236240253,1750.8675328057107,127.27522104085574,2.0,21.990656250000004,332,2.0
4.7,62.0,4.65,7.914893617021277,2.32258064516129,10.237474262182566,5.592312971859987,0.3099615096386391,5,True,True,True,True,10.461181809145879,0.432879390839616,0.9983468076089705,0.0003737907402957853,-0.001072475496489221,0.00021718072520591776,0.001072475496489221,0.00021718072520591776,1752.0259901544034,127.6233593563912,2.0,21.984812500000004,333,2.0
4.7,61.0,4.65,7.787234042553192,2.4516129032258065,10.238846945778999,5.335621139327385,0.32560666611058114,5,True,True,True,True,10.462554492742312,0.432879390839616,0.9983528714197208,0.00037319030197581,-0.0010687632809875456,0.000216876816943442,0.0010687632809875456,0.000216876816943442,1753.1852139936523,127.97205159834188,2.0,21.978968750000003,334,2.0
4.7,60.0,4.65,7.659574468085106,2.5806451612903225,10.240219629375428,5.078929306794784,0.3413220685743814,5,True,True,True,True,10.463927176338741,0.432879390839616,0.9983589129887761,0.00037258966961059575,-0.0010650639147714493,0.00021657266052248951,0.0010650639147714493,0.00021657266052248951,1754.345204830605,128.32129752442134,2.0,21.973125000000003,335,2.0
4.7,59.0,4.65,7.531914893617021,2.7096774193548385,10.241592312971859,4.822237474262183,0.35709844286723785,5,True,True,True,True,10.465299859935172,0.432879390839616,0.9983649323977177,0.0003719888484789836,-0.001061377353365028,0.00021626825889885763,0.001061377353365028,0.00021626825889885763,1755.5059631727431,128.67109689770135,2.0,21.967281250000003,336,2.0
4.7,58.0,4.65,7.404255319148935,2.8387096774193545,10.24296499656829,4.56554564172958,0.37292805099989595,5,True,True,True,True,10.466672543531603,0.432879390839616,0.9983709297278276,0.0003713878438690797,-0.001057703552446325,0.00021596361503624056,0.001057703552446325,0.00021596361503624056,1756.6674895278823,129.02144948657255,2.0,21.961437500000002,337,2.0
4.7,57.0,4.65,7.27659574468085,2.967741935483871,10.24433768016472,4.308853809196979,0.38880439101046704,5,True,True,True,True,10.468045227128034,0.432879390839616,0.9983769050600896,0.0003707866610776027,-0.0010540424678467963,0.00021565873190584835,0.0010540424678467963,0.00021565873190584835,1757.8297844041783,129.37235506469236,2.0,21.955593750000002,338,2.0
4.7,56.0,4.65,7.148936170212766,3.0967741935483866,10.245710363761152,4.0521619766643795,0.40472196337426913,5,True,True,True,True,10.469417910724465,0.432879390839616,0.9983828584751904,0.0003701853054092363,-0.0010503940555507824,0.0002153536124860435,0.0010503940555507824,0.0002153536124860435,1758.992848310123,129.72381341095343,2.0,21.94975,339,2.0
4.7,55.0,4.65,7.0212765957446805,3.225806451612903,10.247083047357584,3.7954701441317775,0.4206760876590091,5,True,True,True,True,10.470790594320897,0.432879390839616,0.998388790053521,0.000369583782175953,-0.001046758271694978,0.00021504825976195055,0.001046758271694978,0.00021504825976195055,1760.15668175454,130.07582430944012,2.0,21.943906250000005,340,2.0
4.7,54.0,4.65,6.893617021276596,3.3548387096774195,10.248455730954015,3.538778311599177,0.432879495260719,0,True,True,True,True,10.472163277917328,0.432879390839616,0.9983946998751771,0.00036898209669642665,-0.0010431350725678993,0.00021474267672511063,0.0010431350725678993,0.00021474267672511063,1761.3212852465936,130.4283875493867,2.0,21.938062500000004,341,2.0
4.7,53.0,4.65,6.76595744680851,3.483870967741936,10.249828414550446,3.2820864790665745,0.4411811094834392,0,True,True,True,True,10.47353596151376,0.432879390839616,0.9984005880199612,0.00036838025429536674,-0.0010395244146093688,0.00021443686637312358,0.0010395244146093688,0.00021443686637312358,1762.4866592957862,130.78150292513544,2.0,21.932218750000004,342,2.0
4.65,54.0,4.75,6.967741935483872,3.28421052631579,10.251952461799661,3.683531409168082,0.43427733237397,5,True,True,True,True,10.475660008762974,0.432879390839616,0.9984048253912504,0.00036794567461054885,-0.0010369255603636255,0.00021421595459949656,0.0010369255603636255,0.00021421595459949656,1763.3284513397368,131.03676885695768,2.0,21.928000000000004,343,2.0
4.65,63.0,4.8,8.129032258064514,2.1250000000000004,10.254032258064514,6.004032258064514,0.28965493387624486,5,True,True,True,True,10.477739805027827,0.432879390839616,0.9984091140616599,0.0003675045779999854,-0.0010342948468312792,0.00021399165170480898,0.0010342948468312792,0.00021399165170480898,1764.1831254099952,131.29611050956495,2.0,21.923718750000003,344,2.0
4.65,55.0,4.75,7.096774193548386,3.1578947368421053,10.25466893039049,3.938879456706281,0.4181994839800984,5,True,True,True,True,10.478376477353804,0.432879390839616,0.9984165681724637,0.00036673489013295624,-0.001029721467500438,0.0002136000676835874,0.001029721467500438,0.0002136000676835874,1765.6751179844825,131.74924742704235,2.0,21.91625,345,2.0
4.7,64.0,4.6,8.170212765957446,2.0869565217391304,10.257169287696577,6.083256244218315,0.2874876093619556,5,True,True,True,True,10.48087683465989,0.432879390839616,0.9984287186163971,0.000365471993826188,-0.001022264103081147,0.00021295704305481321,0.001022264103081147,0.00021295704305481321,1768.1249679966593,132.4944178349785,2.0,21.904000000000003,346,2.0
4.7,63.0,4.6,8.042553191489361,2.2173913043478266,10.259944495837187,5.825161887141535,0.3025189403173093,5,True,True,True,True,10.4836520428005,0.432879390839616,0.9984401629062488,0.0003642730190369988,-0.0010152371668099164,0.0002123459730476271,0.0010152371668099164,0.0002123459730476271,1770.4529690067825,133.20380863035186,2.0,21.892375000000005,347,2.0
4.65,65.0,4.8,8.387096774193548,1.875,10.262096774193548,6.512096774193548,0.258264018424567,5,True,True,True,True,10.485804321156861,0.432879390839616,0.9984441731429472,0.00036385068876400414,-0.0010127741443971023,0.00021213059126096645,0.0010127741443971023,0.00021213059126096645,1771.273505361226,133.45413989662262,2.0,21.888281250000002,348,2.0
4.7,62.0,4.6,7.914893617021277,2.3478260869565215,10.262719703977798,5.567067530064755,0.31768503724101815,5,True,True,True,True,10.48642725094111,0.432879390839616,0.9984515238426213,0.0003630735885612384,-0.0010082585329619159,0.00021173409689831466,0.0010082585329619159,0.00021173409689831466,1772.7840351784776,133.9153787326408,2.0,21.880750000000003,349,2.0
4.7,61.0,4.6,7.787234042553192,2.4782608695652177,10.26549491211841,5.308973172987974,0.3329674855673004,5,True,True,True,True,10.489202459081723,0.432879390839616,0.9984628020326122,0.00036187374453895764,-0.001001327869511352,0.0002111214385211458,0.001001327869511352,0.0002111214385211458,1775.1181705474846,134.62912688265442,2.0,21.869125000000004,350,2.0
4.65,60.0,4.75,7.741935483870967,2.526315789473684,10.268251273344651,5.215619694397283,0.33826497331090155,5,True,True,True,True,10.491958820307964,0.432879390839616,0.9984739980788976,0.00036067352911000407,-0.0009944448467147423,0.00021050802187037602,0.0009944448467147423,0.00021050802187037602,1777.4553791548633,135.34505189476474,2.0,21.8575,351,2.0
4.65,67.0,4.8,8.64516129032258,1.6250000000000002,10.27016129032258,7.02016129032258,0.22726765144871394,5,True,True,True,True,10.493868837285893,0.432879390839616,0.9984784596112198,0.0003601927029427586,-0.0009917012259141663,0.0002102621181148726,0.0009917012259141663,0.0002102621181148726,1778.392382063801,135.63241712829844,2.0,21.85284375,352,2.0
4.65,61.0,4.75,7.870967741935484,2.4,10.270967741935484,5.470967741935484,0.3224005872959565,5,True,True,True,True,10.494675288898797,0.432879390839616,0.9984852316495626,0.0003594600736794389,-0.0009875358907617817,0.0002098872632548004,0.0009875358907617817,0.0002098872632548004,1779.8208461486145,136.07088598883809,2.0,21.845750000000002,353,2.0
4.65,62.0,4.75,8.0,2.2736842105263158,10.273684210526316,5.726315789473684,0.3065918706205277,5,True,True,True,True,10.497391757489629,0.432879390839616,0.9984963825249781,0.00035824632531208933,-0.0009806749351303266,0.0002092657792649118,0.0009806749351303266,0.0002092657792649118,1782.189461144934,136.7989417983801,2.0,21.834000000000003,354,2.0
4.65,63.0,4.75,8.129032258064514,2.1473684210526316,10.276400679117145,5.981663837011883,0.2908479009628143,5,True,True,True,True,10.500108226080458,0.432879390839616,0.9985074513138998,0.00035703232742575217,-0.000973861646335708,0.0002086435947049945,0.000973861646335708,0.0002086435947049945,1784.561228333237,137.52921832127592,2.0,21.822250000000004,355,2.0
4.65,64.0,4.75,8.258064516129032,2.0210526315789474,10.279117147707979,6.237011884550085,0.2751797917370018,5,True,True,True,True,10.502824694671292,0.432879390839616,0.9985184386206027,0.0003558181233758767,-0.0009670956932101637,0.00020802073438483778,0.0009670956932101637,0.00020802073438483778,1786.9361519085116,138.26171462760664,2.0,21.8105,356,2.0
4.65,65.0,4.75,8.387096774193548,1.894736842105263,10.281833616298812,6.492359932088285,0.2596012788651634,5,True,True,True,True,10.505541163262125,0.432879390839616,0.9985293450449132,0.0003546037564413615,-0.0009603767468867365,0.00020739722311136552,0.0009603767468867365,0.00020739722311136552,1789.3142360713277,138.99642985854152,2.0,21.798750000000002,357,2.0
4.65,66.0,4.75,8.516129032258064,1.7684210526315791,10.284550084889643,6.747707979626485,0.2441295150499031,5,True,True,True,True,10.508257631852956,0.432879390839616,0.998540171182242,0.0003533892698108342,-0.0009537044807832838,0.00020677308568058415,0.0009537044807832838,0.00020677308568058415,1791.6954850278491,139.73336322526745,2.0,21.787000000000003,358,2.0
4.65,54.0,4.7,6.967741935483872,3.319148936170213,10.286890871654085,3.6485929993136588,0.43666275744643185,5,True,True,True,True,10.510598418617398,0.432879390839616,0.9985516577976077,0.00035209071907770813,-0.0009466221012789025,0.00020610512524668205,0.0009466221012789025,0.00020610512524668205,1794.2449002058813,140.52370744853874,2.0,21.774437500000005,359,2.0
4.65,55.0,4.7,7.096774193548386,3.1914893617021276,10.288263555250513,3.9052848318462585,0.42067608765900916,5,True,True,True,True,10.511971102213826,0.432879390839616,0.9985569702301259,0.0003514866517373286,-0.0009433455087132903,0.00020579418154381313,0.0009433455087132903,0.00020579418154381313,1795.4320580867918,140.89221867971514,2.0,21.76859375,360,2.0
4.65,56.0,4.7,7.225806451612903,3.063829787234042,10.289636238846946,4.1619766643788605,0.4047219633742692,5,True,True,True,True,10.513343785810259,0.432879390839616,0.9985622631769596,0.00035088258208472206,-0.0009400802575888188,0.00020548309867833377,0.0009400802575888188,0.00020548309867833377,1796.620001447896,141.2612781368928,2.0,21.762750000000004,361,2.0
4.65,57.0,4.7,7.354838709677418,2.9361702127659575,10.291008922443375,4.418668496911461,0.3888043910104671,5,True,True,True,True,10.514716469406688,0.432879390839616,0.998567536709581,0.000350278515384804,-0.0009368263086487583,0.00020517187968949947,0.0009368263086487583,0.00020517187968949947,1797.8087308089077,141.63088575068002,2.0,21.75690625,362,2.0
4.65,58.0,4.7,7.483870967741934,2.808510638297872,10.292381606039806,4.675360329444063,0.372928050999896,5,True,True,True,True,10.516089153003119,0.432879390839616,0.9985727908992004,0.0003496744568938852,-0.0009335836227722737,0.00020486052761405825,0.0009335836227722737,0.00020486052761405825,1798.9982466898791,142.00104145570813,2.0,21.751062500000003,363,2.0
4.65,59.0,4.7,7.612903225806451,2.680851063829787,10.293754289636238,4.932052161976664,0.35709844286723785,5,True,True,True,True,10.517461836599551,0.432879390839616,0.9985780258167667,0.00034907041185931005,-0.0009303521609739291,0.00020454904548604207,0.0009303521609739291,0.00020454904548604207,1800.1885496112106,142.37174519060883,2.0,21.745218750000003,364,2.0
4.65,60.0,4.7,7.741935483870967,2.553191489361702,10.29512697323267,5.188743994509265,0.3413220685743814,5,True,True,True,True,10.518834520195982,0.432879390839616,0.9985832415329687,0.00034846638551909714,-0.000927131884403238,0.000204237436336566,0.000927131884403238,0.000204237436336566,1801.3796400936458,142.74299689797925,2.0,21.739375000000003,365,2.0
4.65,61.0,4.7,7.870967741935484,2.425531914893617,10.296499656829102,5.445435827041867,0.32560666611058114,5,True,True,True,True,10.520207203792415,0.432879390839616,0.9985884381182358,0.0003478623831016391,-0.0009239227543441887,0.00020392570319363153,0.0009239227543441887,0.00020392570319363153,1802.5715186582725,143.11479652435324,2.0,21.733531250000006,366,2.0
4.65,62.0,4.7,8.0,2.2978723404255317,10.297872340425531,5.702127659574469,0.3099615096386391,5,True,True,True,True,10.521579887388844,0.432879390839616,0.9985936156427392,0.00034725840982535,-0.0009207247322147727,0.0002036138490819277,0.0009207247322147727,0.0002036138490819277,1803.7641858265267,143.48714402017356,2.0,21.727687500000002,367,2.0
4.65,63.0,4.7,8.129032258064514,2.170212765957447,10.29924502402196,5.958819492107067,0.2943977986013904,5,True,True,True,True,10.522952570985273,0.432879390839616,0.9985987741763925,0.00034665447089836837,-0.0009175377795665392,0.0002033018770226369,0.0009175377795665392,0.0002033018770226369,1804.9576421201796,143.86003933976184,2.0,21.721843750000005,368,2.0
4.65,64.0,4.7,8.258064516129032,2.0425531914893615,10.300617707618393,6.215511324639671,0.2789291668278695,5,True,True,True,True,10.524325254581706,0.432879390839616,0.9986039137888532,0.0003460505715182113,-0.0009143618580841078,0.0002029897900332499,0.0009143618580841078,0.0002029897900332499,1806.1518880613573,144.23348244129025,2.0,21.716,369,2.0
4.7,58.0,4.55,7.404255319148935,2.901098901098901,10.305354220247835,4.503156418050034,0.3612396761382164,0,True,True,True,True,10.529061767211148,0.432879390839616,0.9986105370779608,0.00034526912183042156,-0.0009102681548106143,0.00020258574705887868,0.0009102681548106143,0.00020258574705887868,1807.698555836148,144.71757483109087,2.0,21.708437500000002,370,2.0
4.7,57.0,4.55,7.27659574468085,3.0329670329670333,10.309562777647884,4.243628711713816,0.3682394029378865,0,True,True,True,True,10.533270324611197,0.432879390839616,0.998625608429344,0.0003434772976244109,-0.0009009487853232988,0.00020165844696394723,0.0009009487853232988,0.00020165844696394723,1811.2506695090217,145.83125064369025,2.0,21.69109375,371,2.0
4.7,56.0,4.55,7.148936170212766,3.1648351648351647,10.31377133504793,3.984101005377601,0.3758242967900329,0,True,True,True,True,10.537478882011243,0.432879390839616,0.9986405163034376,0.0003416860609609362,-0.0008917248279924836,0.00020073027374080694,0.0008917248279924836,0.00020073027374080694,1814.8097630577736,146.9497502335062,2.0,21.673750000000002,372,2.0
4.7,55.0,4.55,7.0212765957446805,3.296703296703297,10.317979892447978,3.7245732990413836,0.3839596803851393,0,True,True,True,True,10.541687439411291,0.432879390839616,0.9986552624734618,0.00033989554547343145,-0.0008825953059838813,0.00019980130543232024,0.0008825953059838813,0.00019980130543232024,1818.375850197806,148.0730732138853,2.0,21.656406250000003,373,2.0
4.6,59.0,4.8,7.695652173913044,2.625,10.320652173913043,5.070652173913044,0.359995639175082,5,True,True,True,True,10.544359720876356,0.432879390839616,0.9986577177591414,0.0003395955930846076,-0.0008810746636745244,0.00019964556818815796,0.0008810746636745244,0.00019964556818815796,1818.9740958521802,148.2617775412884,2.0,21.653499999999998,374,2.0
4.7,54.0,4.55,6.893617021276596,3.428571428571429,10.322188449848024,3.4650455927051675,0.39261133476665927,0,True,True,True,True,10.545895996811337,0.432879390839616,0.9986698486934028,0.0003381058837708792,-0.000873559252464086,0.000198871619672012,0.000873559252464086,0.000198871619672012,1821.948944671471,149.20121947729638,2.0,21.6390625,375,2.0
4.65,55.0,4.65,7.096774193548386,3.225806451612903,10.322580645161288,3.870967741935483,0.4247716734979001,5,True,True,True,True,10.546288192124601,0.432879390839616,0.9986836301668631,0.0003363977553652972,-0.0008650165963213843,0.000197983212920262,0.0008650165963213843,0.000197983212920262,1825.3676425775975,150.28305076983474,2.0,21.622500000000002,376,2.0
4.6,54.0,4.75,7.043478260869567,3.28421052631579,10.327688787185357,3.7592677345537773,0.4398231995281906,5,True,True,True,True,10.55139633414867,0.432879390839616,0.9986891542116734,0.00033570833871199356,-0.0008615910190821109,0.00019762434745470198,0.0008615910190821109,0.00019762434745470198,1826.7498397941076,150.72111234929477,2.0,21.615812499999997,377,2.0
4.6,61.0,4.8,7.9565217391304355,2.375,10.331521739130435,5.5815217391304355,0.32878148266366425,5,True,True,True,True,10.555229286093748,0.432879390839616,0.9986968079785442,0.0003347485988059385,-0.0008568434091153261,0.0001971244867383673,0.0008568434091153261,0.0001971244867383673,1828.6763253707334,151.33231811131066,2.0,21.606499999999997,378,2.0
4.6,55.0,4.75,7.173913043478262,3.1578947368421053,10.331807780320368,4.016018306636156,0.4239557215448136,5,True,True,True,True,10.55551532728368,0.432879390839616,0.9987035256805492,0.0003339018737782408,-0.0008526751413062618,0.0001966832151719994,0.0008526751413062618,0.0001966832151719994,1830.3782335448057,151.872893408554,2.0,21.59828125,379,2.0
4.6,56.0,4.75,7.304347826086957,3.0315789473684207,10.335926773455377,4.272768878718536,0.40812982093938743,5,True,True,True,True,10.55963432041869,0.432879390839616,0.9987177395877047,0.00033209672690332837,-0.0008438515264193598,0.00019574161217119843,0.0008438515264193598,0.00019574161217119843,1834.0138342161924,153.02960423532693,2.0,21.580749999999995,380,2.0
4.6,57.0,4.75,7.434782608695651,2.905263157894737,10.34004576659039,4.5295194508009144,0.39235052895531225,5,True,True,True,True,10.563753313553702,0.432879390839616,0.9987317976605691,0.00033029302979233326,-0.0008351192196706962,0.00019479961639100752,0.0008351192196706962,0.00019479961639100752,1837.6566561230557,154.19124590461635,2.0,21.563218749999997,381,2.0
4.6,63.0,4.8,8.217391304347826,2.1250000000000004,10.342391304347826,6.092391304347826,0.2979053979843513,5,True,True,True,True,10.56609885131114,0.432879390839616,0.9987347598045403,0.0003299106261370269,-0.0008332785608457634,0.00019459975595205228,0.0008332785608457634,0.00019459975595205228,1838.4303056304573,154.43828876609143,2.0,21.559499999999996,382,2.0
4.6,58.0,4.75,7.565217391304348,2.7789473684210524,10.3441647597254,4.786270022883295,0.37662370388104116,5,True,True,True,True,10.567872306688713,0.432879390839616,0.9987457016076327,0.0003284909128027062,-0.0008264772761894622,0.00019385730516896453,0.0008264772761894622,0.00019385730516896453,1841.3067136086281,155.35781975127696,2.0,21.5456875,383,2.0
4.6,59.0,4.75,7.695652173913044,2.6526315789473682,10.348283752860413,5.043020594965675,0.3609562037154911,5,True,True,True,True,10.571991299823726,0.432879390839616,0.9987594531186552,0.0003266905049025126,-0.0008179247608825207,0.0001929147552146028,0.0008179247608825207,0.0001929147552146028,1844.9640210446182,156.529327364572,2.0,21.52815625,384,2.0
4.65,60.0,4.6,7.741935483870967,2.608695652173913,10.35063113604488,5.133239831697054,0.35328600850213976,5,True,True,True,True,10.574338683008193,0.432879390839616,0.9987759437004196,0.00032450746305978293,-0.0008076616666889129,0.00019177037893883237,0.0008076616666889129,0.00019177037893883237,1849.413402961399,157.95805717207483,2.0,21.506875,385,2.0
4.65,59.0,4.6,7.612903225806451,2.739130434782609,10.35203366058906,4.873772791023843,0.36855060331748907,5,True,True,True,True,10.575741207552372,0.432879390839616,0.9987803855340208,0.0003239149163806302,-0.0008048959133690899,0.00019145947469466473,0.0008048959133690899,0.00019145947469466473,1850.6239713963141,158.3474416745541,2.0,21.501093750000003,386,2.0
4.65,58.0,4.6,7.483870967741934,2.869565217391304,10.353436185133239,4.6143057503506295,0.383908297032065,5,True,True,True,True,10.577143732096552,0.432879390839616,0.9987848112491757,0.0003233225905380962,-0.0008021396310836622,0.0001911485653879362,0.0008021396310836622,0.0001911485653879362,1851.8353322316389,158.73736326841615,2.0,21.4953125,387,2.0
4.65,57.0,4.6,7.354838709677418,3.0000000000000004,10.354838709677418,4.354838709677418,0.39934834890919413,5,True,True,True,True,10.578546256640731,0.432879390839616,0.9987892209043746,0.00032273048998853344,-0.000799392787400061,0.00019083765369156904,0.000799392787400061,0.00019083765369156904,1853.0474859860526,159.12782203868883,2.0,21.48953125,388,2.0
4.65,56.0,4.6,7.225806451612903,3.130434782608696,10.3562412342216,4.095371669004207,0.40764525016263875,0,True,True,True,True,10.579948781184912,0.432879390839616,0.9987936145578956,0.0003221386191702578,-0.0007966553499967752,0.00019052674227001216,0.0007966553499967752,0.00019052674227001216,1854.2604331785756,159.51881807317508,2.0,21.48375,389,2.0
4.65,55.0,4.6,7.096774193548386,3.2608695652173916,10.357643758765779,3.8359046283309945,0.415157541282699,0,True,True,True,True,10.581351305729092,0.432879390839616,0.9987979922678054,0.00032154698250345487,-0.0007939272866629784,0.00019021583377915274,0.0007939272866629784,0.00019021583377915274,1855.4741743285674,159.91035146243408,2.0,21.477968750000002,390,2.0
4.65,54.0,4.6,6.967741935483872,3.3913043478260874,10.35904628330996,3.5764375876577845,0.4231718422930517,0,True,True,True,True,10.582753830273273,0.432879390839616,0.9988023540919597,0.00032095558439005576,-0.000791208565298141,0.00018990493086625532,0.000791208565298141,0.00018990493086625532,1856.688709955728,160.30242229976318,2.0,21.4721875,391,2.0
4.6,54.0,4.7,7.043478260869567,3.319148936170213,10.36262719703978,3.724329324699354,0.4421787072780465,5,True,True,True,True,10.586334744003093,0.432879390839616,0.9988098147590564,0.00031993958912476773,-0.0007865570414143583,0.00018937053464069666,0.0007865570414143583,0.00018937053464069666,1858.7782562642908,160.9776164681116,2.0,21.462249999999997,392,2.0
4.6,55.0,4.7,7.173913043478262,3.1914893617021276,10.36540240518039,3.982423681776134,0.426398893241356,5,True,True,True,True,10.589109952143703,0.432879390839616,0.998818483368649,0.000318752007011764,-0.0007811503307736871,0.00018874544057628475,0.0007811503307736871,0.00018874544057628475,1861.2256158890357,161.76948266322984,2.0,21.450625,393,2.0
4.6,56.0,4.7,7.304347826086957,3.063829787234042,10.368177613320999,4.240518038852915,0.41066715606058174,5,True,True,True,True,10.591885160284312,0.432879390839616,0.9988270888411855,0.0003175654726067959,-0.0007757807852951233,0.00018812041920097394,0.0007757807852951233,0.00018812041920097394,1863.6761978288214,162.563523889092,2.0,21.439,394,2.0
4.6,57.0,4.7,7.434782608695651,2.9361702127659575,10.370952821461609,4.498612395929694,0.3949892402311525,5,True,True,True,True,10.594660368424922,0.432879390839616,0.9988356316365191,0.0003163800207554876,-0.0007704481495092403,0.000187495491587613,0.0007704481495092403,0.000187495491587613,1866.130006326308,163.35974103964708,2.0,21.427374999999998,395,2.0
4.6,58.0,4.7,7.565217391304348,2.808510638297872,10.37372802960222,4.756706753006476,0.3793718184735708,5,True,True,True,True,10.597435576565532,0.432879390839616,0.9988441122111539,0.0003151956859929046,-0.0007651521697026802,0.0001868706786594429,0.0007651521697026802,0.0001868706786594429,1868.5870456297407,164.1581350513394,2.0,21.41575,396,2.0
4.6,59.0,4.7,7.695652173913044,2.680851063829787,10.376503237742831,5.014801110083257,0.36382268116153627,5,True,True,True,True,10.600210784706144,0.432879390839616,0.9988525310182687,0.00031401250254082754,-0.0007598925939060855,0.00018624600118814888,0.0007598925939060855,0.00018624600118814888,1871.0473199929595,164.9587069025517,2.0,21.404125,397,2.0
4.6,60.0,4.7,7.82608695652174,2.553191489361702,10.379278445883442,5.272895467160039,0.34835097233287243,5,True,True,True,True,10.602985992846754,0.432879390839616,0.9988608885077417,0.0003128305043052256,-0.0007546691718821042,0.00018562147979199432,0.0007546691718821042,0.00018562147979199432,1873.5108336754042,165.76145761305142,2.0,21.3925,398,2.0
4.65,58.0,4.55,7.483870967741934,2.901098901098901,10.384969868840836,4.582772066643033,0.37349280274129243,0,True,True,True,True,10.608677415804149,0.432879390839616,0.9988772448272624,0.0003104955502912628,-0.0007444402159687202,0.0001843864072474222,0.0007444402159687202,0.0001843864072474222,1878.3944434722705,167.35611969950122,2.0,21.369500000000002,399,2.0
4.65,57.0,4.55,7.354838709677418,3.0329670329670333,10.387805742644451,4.321871676710385,0.38026704821632074,0,True,True,True,True,10.611513289607764,0.432879390839616,0.9988853347034469,0.0003093299425965549,-0.0007393778481547111,0.00018376917911475457,0.0007393778481547111,0.00018376917911475457,1880.841020019139,168.15665338258637,2.0,21.358,400,2.0
4.65,56.0,4.55,7.225806451612903,3.1648351648351647,10.390641616448068,4.060971286777738,0.38761665617053304,0,True,True,True,True,10.614349163411381,0.432879390839616,0.99889336628901,0.0003081656233311562,-0.0007343499056274271,0.00018315218226530843,0.0007343499056274271,0.00018315218226530843,1883.2907831899993,168.95932366811817,2.0,21.3465,401,2.0
4.55,58.0,4.8,7.648351648351648,2.75,10.398351648351648,4.898351648351648,0.38390829703206514,5,True,True,True,True,10.62205919531496,0.432879390839616,0.9988941923339785,0.00030804546935447934,-0.000733832667474434,0.00018308848457657478,0.000733832667474434,0.00018308848457657478,1883.5439295469148,169.04232985131114,2.0,21.3453125,402,2.0
4.6,55.0,4.65,7.173913043478262,3.225806451612903,10.399719495091166,3.9481065918653586,0.4304400307076116,5,True,True,True,True,10.623427042054479,0.432879390839616,0.9989221893523405,0.0003039279181857295,-0.0007162889886048559,0.0001809027463951717,0.0007162889886048559,0.0001809027463951717,1892.25818904041,171.90678011457683,2.0,21.304531249999997,403,2.0
4.6,56.0,4.65,7.304347826086957,3.0967741935483866,10.401122019635343,4.207573632538571,0.41486156359079895,5,True,True,True,True,10.624829566598656,0.432879390839616,0.9989261004923363,0.00030334562937488533,-0.0007138361315114801,0.0001805931963897614,0.0007138361315114801,0.0001805931963897614,1893.496802338387,172.31503063997144,2.0,21.29875,404,2.0
4.6,57.0,4.65,7.434782608695651,2.967741935483871,10.402524544179522,4.46704067321178,0.39934834890919413,5,True,True,True,True,10.626232091142835,0.432879390839616,0.9989299974396574,0.0003027637060596453,-0.000711391673971936,0.00018028372941396886,0.000711391673971936,0.00018028372941396886,1894.7362263940663,172.72382276948116,2.0,21.292968749999996,405,2.0
4.6,58.0,4.65,7.565217391304348,2.8387096774193545,10.403927068723702,4.726507713884994,0.383908297032065,5,True,True,True,True,10.627634615687015,0.432879390839616,0.9989338802458058,0.0003021821520167423,-0.0007089555872228305,0.00017997434780888757,0.0007089555872228305,0.00017997434780888757,1895.9764617381434,173.13315667512873,2.0,21.287187499999998,406,2.0
4.55,55.0,4.75,7.252747252747253,3.1578947368421053,10.410641989589358,4.094852515905147,0.4312437139381778,5,True,True,True,True,10.634349536552671,0.432879390839616,0.9989361822585138,0.0003018365397277864,-0.0007075110597824352,0.00017979043260650038,0.0007075110597824352,0.00017979043260650038,1896.7142837938807,173.3768013132469,2.0,21.283749999999998,407,2.0
4.55,56.0,4.75,7.384615384615385,3.0315789473684207,10.416194331983807,4.353036437246964,0.41569536648924277,5,True,True,True,True,10.63990187894712,0.432879390839616,0.9989516222710468,0.0002995024664901977,-0.0006978177762874478,0.0001785473484420185,0.0006978177762874478,0.0001785473484420185,1901.7121880330376,175.0297584801064,2.0,21.260499999999997,408,2.0
4.55,57.0,4.75,7.5164835164835155,2.905263157894737,10.421746674378252,4.6112203585887785,0.400214473191716,5,True,True,True,True,10.645454221341565,0.432879390839616,0.9989668381906948,0.0002971747021612189,-0.0006882572960096188,0.00017730585436298433,0.0006882572960096188,0.00017730585436298433,1906.7232619135023,176.6914943579969,2.0,21.237249999999996,409,2.0
4.6,56.0,4.6,7.304347826086957,3.130434782608696,10.434782608695652,4.173913043478262,0.4201933621733088,0,True,True,True,True,10.658490155658965,0.432879390839616,0.9990158261761125,0.00028948877440743224,-0.0006574224998780683,0.0001731941588381188,0.0006574224998780683,0.0001731941588381188,1923.4679738095367,182.27594738529925,2.0,21.159999999999997,410,2.0
4.55,55.0,4.7,7.252747252747253,3.1914893617021276,10.44423661444938,4.061257891045125,0.4336458268426697,5,True,True,True,True,10.667944161412693,0.432879390839616,0.9990305104116334,0.00028712616276402363,-0.0006481630243476085,0.00017192642375267158,0.0006481630243476085,0.00017192642375267158,1928.6796282443777,184.02388610713948,2.0,21.13609375,411,2.0
4.55,56.0,4.7,7.384615384615385,3.063829787234042,10.448445171849427,4.320785597381343,0.41818680042236583,5,True,True,True,True,10.67215271881274,0.432879390839616,0.9990410263584909,0.00028541706326201053,-0.0006415270998895383,0.00017100823696725612,0.0006415270998895383,0.00017100823696725612,1932.46946878829,185.2978546040064,2.0,21.11875,412,2.0
4.4,62.0,5.2,8.454545454545455,2.0769230769230766,10.531468531468532,6.377622377622378,0.4191849551858226,5,True,True,True,True,10.755176078431845,0.432879390839616,0.9990593912364688,0.00028239740403151353,-0.000629928352018932,0.00016938369197973377,0.000629928352018932,0.00016938369197973377,1939.2070691681533,187.56869287553926,2.0,21.088,413,2.0
5.2,58.0,4.55,6.692307692307692,2.901098901098901,9.593406593406593,3.7912087912087906,0.301438246295025,1,True,True,True,True,9.817114140369906,0.432879390839616,0.9888120324215418,0.0014318517122639588,-0.006515258281805896,0.0007481031293309872,0.006515258281805896,0.0007481031293309872,1242.0226889121775,51.57924704961844,2.5,56.84798204254039,1,2.5
5.0,24.0,5.0,2.88,6.720000000000001,9.600000000000001,-3.8400000000000007,0.38828204356554963,2,True,True,True,True,9.823707546963314,0.432879390839616,0.9907024163465538,0.001066565612586261,-0.0054713765421405686,0.0005631149757979837,0.0054713765421405686,0.0005631149757979837,1284.030406667937,47.79598493778201,2.5,55.90169943749474,2,2.5
5.1,61.0,4.65,7.176470588235295,2.4516129032258065,9.628083491461101,4.724857685009489,0.3580228565826378,5,True,True,True,True,9.851791038424414,0.432879390839616,0.9907740498724945,0.0010541604570665673,-0.005431597564737261,0.0005568089327796443,0.005431597564737261,0.0005568089327796443,1285.8164369247118,47.67308056413815,2.5,55.86215587018185,3,2.5
4.95,25.0,5.0,3.0303030303030303,6.6,9.630303030303029,-3.5696969696969694,0.4135603454362771,2,True,True,True,True,9.854010577266342,0.432879390839616,0.9914581869146972,0.0009417010580385606,-0.005050786191551021,0.0004995799146121317,0.005050786191551021,0.0004995799146121317,1303.7444138003368,46.63952080913181,2.5,55.4682374348459,4,2.5
4.95,26.0,5.0,3.151515151515152,6.480000000000001,9.631515151515153,-3.3284848484848495,0.41776290382319564,2,True,True,True,True,9.855222698478466,0.432879390839616,0.9914871052772234,0.0009371966838770311,-0.0050346522621249465,0.000497285677057882,0.0050346522621249465,0.000497285677057882,1304.5392389961169,46.60250394410868,2.5,55.45089895473995,5,2.5
4.95,27.0,5.0,3.2727272727272734,6.36,9.632727272727273,-3.087272727272727,0.4225600764699244,2,True,True,True,True,9.856434819690586,0.432879390839616,0.9915159257364492,0.0009327283923363187,-0.00501856986995839,0.0004950096904437359,0.00501856986995839,0.0004950096904437359,1305.3345487554998,46.56624222270234,2.5,55.43356047463399,6,2.5
4.95,28.0,5.0,3.393939393939394,6.24,9.633939393939395,-2.846060606060606,0.4279318667309225,2,True,True,True,True,9.857646940902708,0.432879390839616,0.9915446486238271,0.0009282960033808724,-0.005002538850423811,0.0004927518699635848,0.005002538850423811,0.0004927518699635848,1306.130343373901,46.530740491219206,2.5,55.41622199452804,7,2.5
4.95,29.0,5.0,3.5151515151515147,6.12,9.635151515151515,-2.6048484848484854,0.43385693128428826,2,True,True,True,True,9.858859062114828,0.432879390839616,0.9915732742696871,0.000923899337016476,-0.004986559039419546,0.0004905121307641777,0.004986559039419546,0.0004905121307641777,1306.9266231469119,46.49600358136033,2.5,55.39888351442208,8,2.5
4.95,30.0,5.0,3.6363636363636362,6.0,9.636363636363637,-2.3636363636363638,0.4403129353142958,2,True,True,True,True,9.86007118332695,0.432879390839616,0.991601803003241,0.0009195382132835398,-0.004970630273368128,0.0004882903879414098,0.004970630273368128,0.0004882903879414098,1307.7233883703066,46.462036309397135,2.5,55.38154503431613,9,2.5
5.05,24.0,4.95,2.8514851485148514,6.787878787878788,9.63936393639364,-3.9363936393639367,0.35277068455549887,2,True,True,True,True,9.863071483356952,0.432879390839616,0.9916483042940032,0.000912474076455937,-0.004944660123931474,0.0004846913935525864,0.004944660123931474,0.0004846913935525864,1309.028968919557,46.408096407659606,2.5,55.35315700218882,10,2.5
5.05,63.0,4.7,7.485148514851485,2.170212765957447,9.655361280808933,5.314935748894038,0.3126505976826482,5,True,True,True,True,9.879068827772246,0.432879390839616,0.9917216770200887,0.0009014405358945748,-0.004903666098823327,0.0004790695833769055,0.004903666098823327,0.0004790695833769055,1311.1065375838018,46.326695666913665,2.5,55.30804148611243,11,2.5
5.0,32.0,4.95,3.84,5.8181818181818175,9.658181818181816,-1.9781818181818176,0.42317184229305194,2,True,True,True,True,9.88188936514513,0.432879390839616,0.9920991169098123,0.0008469106682825443,-0.004692457786683615,0.0004512792166381591,0.004692457786683615,0.0004512792166381591,1322.1485126703908,45.98760933128553,2.5,55.06945239240897,12,2.5
5.0,31.0,4.95,3.72,5.939393939393939,9.659393939393938,-2.2193939393939384,0.4151575412826992,2,True,True,True,True,9.883101486357251,0.432879390839616,0.9921258653997637,0.0008431906646544499,-0.004677468480089755,0.00044938318225934057,0.004677468480089755,0.00044938318225934057,1322.9545578885397,45.969153521685286,2.5,55.052113912303014,13,2.5
5.0,30.0,4.95,3.6,6.0606060606060606,9.66060606060606,-2.4606060606060605,0.40764525016263903,2,True,True,True,True,9.884313607569373,0.432879390839616,0.9921525233325322,0.0008395026029155738,-0.004662527054440667,0.00044750343077273386,0.004662527054440667,0.00044750343077273386,1323.7610945105582,45.951559119956734,2.5,55.03477543219706,14,2.5
5.0,29.0,4.95,3.4799999999999995,6.181818181818182,9.66181818181818,-2.701818181818182,0.4006632074429707,2,True,True,True,True,9.885525728781493,0.432879390839616,0.9921790910146998,0.0008358463026032987,-0.004647633356788339,0.0004456398755453175,0.004647633356788339,0.0004456398755453175,1324.5681228360272,45.93483042028862,2.5,55.0174369520911,15,2.5
5.0,28.0,4.95,3.3600000000000003,6.303030303030304,9.663030303030304,-2.9430303030303033,0.3942395864685348,2,True,True,True,True,9.886737849993617,0.432879390839616,0.9922055687518104,0.0008322215831910773,-0.004632787234673314,0.000443792429839793,0.004632787234673314,0.000443792429839793,1325.375643164714,45.91897168250643,2.5,55.000098471985154,16,2.5
5.0,27.0,4.95,3.2400000000000007,6.424242424242424,9.664242424242424,-3.184242424242423,0.38840209474375603,2,True,True,True,True,9.887949971205737,0.432879390839616,0.9922319568483737,0.0008286282640865066,-0.004617988536123112,0.0004419610068136041,0.004617988536123112,0.0004419610068136041,1326.1836557965685,45.903987131221534,2.5,54.98275999187919,17,2.5
5.0,26.0,4.95,3.12,6.545454545454547,9.665454545454548,-3.4254545454545466,0.3831775212429063,2,True,True,True,True,9.88916209241786,0.432879390839616,0.9922582556078682,0.0008250661646299727,-0.004603237109650769,0.0004401455195180515,0.004603237109650769,0.0004401455195180515,1326.9921610317201,45.88988095498849,2.5,54.96542151177324,18,2.5
5.1,26.0,4.9,3.0588235294117654,6.612244897959185,9.671068427370951,-3.5534213685474194,0.32764512597524126,2,True,True,True,True,9.894775974334264,0.432879390839616,0.9922584445856584,0.000825040637040692,-0.004603131098513752,0.00044013250902809965,0.004603131098513752,0.00044013250902809965,1326.9979825134321,45.889782611588956,2.5,54.96529670779284,19,2.5
5.05,34.0,4.9,4.0396039603960405,5.63265306122449,9.672257021620531,-1.5930491008284493,0.41133122663499416,2,True,True,True,True,9.895964568583844,0.432879390839616,0.9923312746945973,0.000815276094972124,-0.004562264556434132,0.0004351560067606746,0.004562264556434132,0.0004351560067606746,1329.2540901400018,45.85515403770159,2.5,54.91697026413293,20,2.5
5.1,25.0,4.9,2.9411764705882355,6.73469387755102,9.675870348139256,-3.793517406962785,0.32226952087021193,2,True,True,True,True,9.899577895102569,0.432879390839616,0.9923635364690685,0.0008109977165923985,-0.004544154776070875,0.000432975632210927,0.004544154776070875,0.000432975632210927,1330.2615777711828,45.841943478284534,2.5,54.89541608958734,21,2.5
5.05,33.0,4.9,3.920792079207921,5.755102040816326,9.675894120024248,-1.834309961608405,0.40174590742796806,2,True,True,True,True,9.89960166698756,0.432879390839616,0.9924089008084562,0.0008050308670203648,-0.004518682694562901,0.00042993490224463776,0.004518682694562901,0.00042993490224463776,1331.6867654183359,45.82564375060819,2.5,54.86495351031872,22,2.5
5.05,32.0,4.9,3.801980198019802,5.877551020408163,9.679531218427964,-2.075570822388361,0.39261133476665955,2,True,True,True,True,9.903238765391277,0.432879390839616,0.9924857411576263,0.0007950555650258651,-0.004475517156353016,0.0004248518829991224,0.004475517156353016,0.0004248518829991224,1334.1238927491822,45.80428595189871,2.5,54.81293675650451,23,2.5
5.05,31.0,4.9,3.6831683168316838,5.999999999999999,9.683168316831683,-2.3168316831683153,0.3839596803851395,2,True,True,True,True,9.906875863794996,0.432879390839616,0.9925618036959536,0.0007853452942203153,-0.004432763964796997,0.00041990457561920353,0.004432763964796997,0.00041990457561920353,1336.5654802802642,45.791184195615635,2.5,54.76092000269031,24,2.5
5.05,30.0,4.9,3.5643564356435644,6.122448979591836,9.686805415235401,-2.558092543948272,0.37582429679003315,2,True,True,True,True,9.910512962198714,0.432879390839616,0.9926370962967715,0.0007758951544911208,-0.004390419180878434,0.00041509059809808973,0.004390419180878434,0.00041509059809808973,1339.0115361742205,45.786438407621525,2.5,54.70890324887611,25,2.5
5.05,29.0,4.9,3.4455445544554455,6.244897959183674,9.69044251363912,-2.7993534047282282,0.36823940293788676,2,True,True,True,True,9.914150060602433,0.432879390839616,0.9927116267537167,0.0007667002408733625,-0.004348478903209084,0.0004104075600738361,0.004348478903209084,0.0004104075600738361,1341.462068608628,45.79014470338185,2.5,54.6568864950619,26,2.5
5.05,28.0,4.9,3.326732673267327,6.36734693877551,9.694079612042838,-3.040614265508183,0.3612396761382168,2,True,True,True,True,9.917787159006151,0.432879390839616,0.992785402781535,0.0007577556442491971,-0.004306939267669467,0.00040585306318807653,0.004306939267669467,0.00040585306318807653,1343.9170857760255,45.802395213882754,2.5,54.6048697412477,27,2.5
4.95,29.0,4.95,3.5151515151515147,6.181818181818182,9.696969696969695,-2.666666666666667,0.42171557380427704,2,True,True,True,True,9.920677243933008,0.432879390839616,0.9929116362447101,0.0007428162199433588,-0.004235807561168814,0.0003982489081031491,0.004235807561168814,0.0003982489081031491,1348.1871884937502,45.84417930061702,2.5,54.51462102901844,28,2.5
5.05,26.0,4.9,3.0891089108910896,6.612244897959185,9.701353808850275,-3.523135987068095,0.3491335917144329,2,True,True,True,True,9.925061355813588,0.432879390839616,0.992930722019105,0.0007405977503907208,-0.0042250466507122485,0.00039712006235432254,0.0042250466507122485,0.00039712006235432254,1348.8406071549553,45.85287650083122,2.5,54.50083623361929,29,2.5
5.05,39.0,4.85,4.633663366336634,5.072164948453608,9.705828314790242,-0.43850158211697376,0.41232115195575253,3,True,True,True,True,9.929535861753555,0.432879390839616,0.9929491354997966,0.0007384674853806198,-0.004214663234425975,0.0003960361944017618,0.004214663234425975,0.0003960361944017618,1349.4729847283597,45.86187737113408,2.5,54.48750168707784,30,2.5
5.0,63.0,4.75,7.56,2.1473684210526316,9.707368421052632,5.412631578947368,0.29906545591866335,5,True,True,True,True,9.931075968015945,0.432879390839616,0.9929704442790511,0.0007360146048232519,-0.004202645235999725,0.0003947883020516097,0.004202645235999725,0.0003947883020516097,1350.207232416752,45.87304920761641,2.5,54.47202690722598,31,2.5
5.0,35.0,4.9,4.2,5.5102040816326525,9.710204081632654,-1.3102040816326523,0.4398322971728832,2,True,True,True,True,9.933911628595967,0.432879390839616,0.9931322480379444,0.000717822476671077,-0.004111321372603062,0.0003855377137450541,0.004111321372603062,0.0003855377137450541,1355.869678101403,45.985300030278964,2.5,54.352968860782056,32,2.5
5.0,34.0,4.9,4.08,5.63265306122449,9.71265306122449,-1.5526530612244898,0.4302573135280608,2,True,True,True,True,9.936360608187803,0.432879390839616,0.9931783230921596,0.0007127825670238316,-0.004085293949724868,0.00038297658687391344,0.004085293949724868,0.00038297658687391344,1357.510947305964,46.02649333659164,2.5,54.31855262574399,33,2.5
5.0,33.0,4.9,3.96,5.755102040816326,9.715102040816326,-1.7951020408163263,0.42110301824429686,2,True,True,True,True,9.93880958777964,0.432879390839616,0.99322408903349,0.0007078382504948986,-0.00405943129789723,0.0003804648351770874,0.00405943129789723,0.0003804648351770874,1359.1542032535299,46.07164230915866,2.5,54.28413639070594,34,2.5
5.0,32.0,4.9,3.84,5.877551020408163,9.717551020408163,-2.037551020408163,0.41239742727930917,2,True,True,True,True,9.941258567371476,0.432879390839616,0.9932695479357427,0.0007029881080818607,-0.004033732374008812,0.00037800175318575496,0.004033732374008812,0.00037800175318575496,1360.7994483490418,46.12076391625976,2.5,54.24972015566787,35,2.5
5.0,31.0,4.9,3.72,5.999999999999999,9.719999999999999,-2.279999999999999,0.4041695362107263,2,True,True,True,True,9.943707546963312,0.432879390839616,0.993314701858812,0.0006982307224932724,-0.004008196141551924,0.0003755866352334103,0.004008196141551924,0.0003755866352334103,1362.4466850003432,46.17387416946524,2.5,54.21530392062982,36,2.5
5.0,30.0,4.9,3.6,6.122448979591836,9.722448979591837,-2.5224489795918363,0.3964490886571163,2,True,True,True,True,9.94615652655515,0.432879390839616,0.9933595528487723,0.0006935646784499257,-0.003982821570580628,0.00037321877561862567,0.003982821570580628,0.00037321877561862567,1364.0959156181991,46.23098811548569,2.5,54.180887685591756,37,2.5
5.0,29.0,4.9,3.4799999999999995,6.244897959183674,9.724897959183673,-2.764897959183674,0.38926627867744523,2,True,True,True,True,9.948605506146986,0.432879390839616,0.9934041029379712,0.0006889885629979406,-0.003957607637669265,0.0003708974687745968,0.003957607637669265,0.0003708974687745968,1365.7471426162872,46.292119829279876,2.5,54.14647145055369,38,2.5
5.0,28.0,4.9,3.3600000000000003,6.36734693877551,9.727346938775511,-3.00734693877551,0.3826513837107855,2,True,True,True,True,9.951054485738824,0.432879390839616,0.9934483541451217,0.0006845009658332285,-0.003932553325871123,0.0003686220094451853,0.003932553325871123,0.0003686220094451853,1367.4003684112104,46.357282408422165,2.5,54.11205521551564,39,2.5
5.05,33.0,4.85,3.920792079207921,5.814432989690722,9.735225068898643,-1.8936409104828011,0.39215053946573303,2,True,True,True,True,9.958932615861956,0.432879390839616,0.9934963140531342,0.0006797022840660864,-0.003905388396426296,0.00036618992354568177,0.003905388396426296,0.00036618992354568177,1369.207092410855,46.433020129933375,2.5,54.07449106475953,40,2.5
5.0,58.0,4.75,6.959999999999999,2.7789473684210524,9.738947368421051,4.181052631578947,0.37662370388104116,5,True,True,True,True,9.962654915384364,0.432879390839616,0.9935254501540419,0.0006768200348852743,-0.00388887991545353,0.000364729717666419,0.00388887991545353,0.000364729717666419,1370.312386531493,46.48168200236313,2.5,54.0515349865587,41,2.5
5.05,32.0,4.85,3.801980198019802,5.938144329896907,9.74012452791671,-2.1361641318771056,0.38278705784731276,2,True,True,True,True,9.963832074880022,0.432879390839616,0.9935832897761578,0.0006711721230860653,-0.0038560955822928597,0.0003618697359669502,0.0038560955822928597,0.0003618697359669502,1372.524053830138,46.58435338100921,2.5,54.00565596103981,42,2.5
5.0,42.0,4.85,5.04,4.701030927835052,9.741030927835052,0.3389690721649483,0.4395370566144763,3,True,True,True,True,9.964738474798365,0.432879390839616,0.9936468185668873,0.0006650815577686857,-0.0038200672749368223,0.00035878778504439603,0.0038200672749368223,0.00035878778504439603,1374.9805283142646,46.70666084781448,2.5,53.954785209638914,43,2.5
5.0,41.0,4.85,4.92,4.824742268041238,9.744742268041238,0.09525773195876219,0.4361612426224567,3,True,True,True,True,9.96844981500455,0.432879390839616,0.9937101660059167,0.0006591256922357471,-0.0037841215212685484,0.0003557763884087101,0.0037841215212685484,0.0003557763884087101,1377.4590155621515,46.83886551521337,2.5,53.90355062469534,44,2.5
5.0,40.0,4.85,4.8,4.948453608247423,9.748453608247424,-0.14845360824742304,0.43337965447939264,3,True,True,True,True,9.972161155210737,0.432879390839616,0.9937728818089581,0.0006533441707888603,-0.0037485140069855416,0.00035285562114112016,0.0037485140069855416,0.00035285562114112016,1379.9419704362433,46.980145793210866,2.5,53.85231603975176,45,2.5
5.0,39.0,4.85,4.680000000000001,5.072164948453608,9.752164948453608,-0.3921649484536074,0.43120379194697933,3,True,True,True,True,9.97587249541692,0.432879390839616,0.9938349722740406,0.0006477324586079242,-0.0037132415493507653,0.0003500231898110185,0.0037132415493507653,0.0003500231898110185,1382.4294009897096,47.13051796414307,2.5,53.801081454808184,46,2.5
4.95,69.0,4.75,8.363636363636363,1.3894736842105262,9.753110047846889,6.974162679425837,0.19860349453396423,5,True,True,True,True,9.976817594810202,0.432879390839616,0.993860025720659,0.0006454996053705973,-0.003699003465921293,0.00034889693792076646,0.003699003465921293,0.00034889693792076646,1383.4414586582889,47.194222981292484,2.5,53.780262084715915,47,2.5
4.95,71.0,4.7,8.606060606060604,1.1489361702127658,9.75499677627337,7.457124435847838,0.17541696590322425,5,True,True,True,True,9.978704323236682,0.432879390839616,0.9938731177886468,0.0006443399688794237,-0.003691561827698332,0.000348312192996287,0.003691561827698332,0.000348312192996287,1383.9722651262064,47.22821722480535,2.5,53.769348778882915,48,2.5
4.95,33.0,4.9,4.0,5.755102040816326,9.755102040816325,-1.7551020408163263,0.4411811094834391,2,True,True,True,True,9.978809587779638,0.432879390839616,0.9939414980736737,0.0006383629094845755,-0.003652679252845913,0.0003453002743560611,0.003652679252845913,0.0003453002743560611,1386.7666014698775,47.41375959635141,2.5,53.711966547209464,49,2.5
4.95,32.0,4.9,3.8787878787878785,5.877551020408163,9.756338899196042,-1.9987631416202842,0.43287949526071895,2,True,True,True,True,9.980046446159355,0.432879390839616,0.9939617012523262,0.0006366224947549878,-0.003641186530872037,0.000344423917392012,0.003641186530872037,0.000344423917392012,1387.5993239731506,47.47118666020539,2.5,53.694888792277354,50,2.5
4.95,31.0,4.9,3.757575757575758,5.999999999999999,9.757575757575758,-2.2424242424242413,0.42504827183671184,2,True,True,True,True,9.98128330453907,0.432879390839616,0.993981837059798,0.0006348994206327588,-0.00362972996938454,0.0003435566003054495,0.00362972996938454,0.0003435566003054495,1388.4325465077675,47.52962620590458,2.5,53.67781103734525,51,2.5
4.95,30.0,4.9,3.6363636363636362,6.122448979591836,9.758812615955472,-2.4860853432282,0.4177138964502375,2,True,True,True,True,9.982520162918785,0.432879390839616,0.9940019057207508,0.0006331935238827707,-0.0036183094546087405,0.00034269823996986413,0.0036183094546087405,0.00034269823996986413,1389.266269373985,47.589078190626196,2.5,53.66073328241315,52,2.5
4.95,54.0,4.85,6.545454545454547,3.2164948453608253,9.761949390815372,3.3289597000937214,0.43427733237397004,5,True,True,True,True,9.985656937778685,0.432879390839616,0.9940339774930158,0.0006304909448220005,-0.0036000538141601236,0.0003413390294464813,0.0036000538141601236,0.0003413390294464813,1390.6054990806008,47.68661913837231,2.5,53.633322303240305,53,2.5
4.95,62.0,4.8,7.515151515151516,2.25,9.765151515151516,5.265151515151516,0.3054603973594141,5,True,True,True,True,9.988859062114829,0.432879390839616,0.9940653033089173,0.0006278791686158242,-0.0035822174223137516,0.00034002627572208844,0.0035822174223137516,0.00034002627572208844,1391.9218042210257,47.78493604302278,2.5,53.60640624991642,54,2.5
5.0,35.0,4.85,4.2,5.567010309278351,9.767010309278351,-1.367010309278351,0.42870356949901645,3,True,True,True,True,9.990717856241664,0.432879390839616,0.9940772045305594,0.0006268941222890869,-0.0035754396728566403,0.0003395313713867617,0.0035754396728566403,0.0003395313713867617,1392.4240415693914,47.82308629518228,2.5,53.59614311503389,55,2.5
4.95,66.0,4.75,8.0,1.7684210526315791,9.76842105263158,6.231578947368421,0.24412951504990324,5,True,True,True,True,9.992128599594892,0.432879390839616,0.9940958963099389,0.0006253550245191678,-0.0035647931430568764,0.0003387583366018528,0.0035647931430568764,0.0003387583366018528,1393.215251940105,47.88389967182424,2.5,53.57998237263341,56,2.5
4.95,61.0,4.8,7.393939393939394,2.375,9.768939393939394,5.018939393939394,0.321324785712454,5,True,True,True,True,9.992646940902707,0.432879390839616,0.9941235836610177,0.0006230931184897619,-0.003549019378354418,0.0003376227930994756,0.003549019378354418,0.0003376227930994756,1394.3926854744727,47.97600905139976,2.5,53.55594987329964,57,2.5
5.0,34.0,4.85,4.08,5.690721649484537,9.770721649484537,-1.610721649484537,0.421311793464802,2,True,True,True,True,9.99442919644785,0.432879390839616,0.9941362606001576,0.0006220645901157865,-0.0035417957958025566,0.00033710665658140475,0.0035417957958025566,0.00033710665658140475,1394.9339718263036,48.01899820835567,2.5,53.54490853009031,58,2.5
4.95,60.0,4.8,7.2727272727272725,2.5,9.772727272727273,4.7727272727272725,0.3372397832305698,5,True,True,True,True,9.996434819690586,0.432879390839616,0.9941812916840476,0.0006184469780359715,-0.0035161289958217426,0.0003352923730901541,0.0035161289958217426,0.0003352923730901541,1396.8679529327687,48.17590291537052,2.5,53.50549349668286,59,2.5
5.0,33.0,4.85,3.96,5.814432989690722,9.774432989690723,-1.8544329896907223,0.4119587642502591,2,True,True,True,True,9.998140536654036,0.432879390839616,0.9941947278229225,0.0006173783915784333,-0.003508468498125226,0.0003347568022454454,0.003508468498125226,0.0003347568022454454,1397.4484263873833,48.22400240266512,2.5,53.49367394514674,60,2.5
4.95,59.0,4.8,7.151515151515151,2.625,9.776515151515152,4.526515151515151,0.3531985486885711,5,True,True,True,True,10.000222698478465,0.432879390839616,0.9942384329984357,0.000613936664233304,-0.0034835434234768395,0.0003330329255189361,0.0034835434234768395,0.0003330329255189361,1399.3476143821229,48.38460386837795,2.5,53.45503712006608,61,2.5
5.0,32.0,4.85,3.84,5.938144329896907,9.778144329896907,-2.0981443298969076,0.4030557151247667,2,True,True,True,True,10.00185187686022,0.432879390839616,0.9942526120702335,0.0006128312625395958,-0.003475454800902153,0.000332479624672612,0.003475454800902153,0.000332479624672612,1399.9674134079683,48.438083531214886,2.5,53.44243936020317,62,2.5
4.95,58.0,4.8,7.030303030303029,2.75,9.78030303030303,4.280303030303029,0.3691954064179131,5,True,True,True,True,10.004010577266342,0.432879390839616,0.9942950131694166,0.0006095581402223237,-0.00345125983650458,0.0003308423804591122,0.00345125983650458,0.0003308423804591122,1401.831677622562,48.60209425053557,2.5,53.4045807434493,63,2.5
5.0,31.0,4.85,3.72,6.061855670103093,9.781855670103093,-2.3418556701030924,0.39463310234816534,2,True,True,True,True,10.005563217066406,0.432879390839616,0.9943099191549268,0.0006084189885429011,-0.003442751753241686,0.00033027296202729333,0.003442751753241686,0.00033027296202729333,1402.4909410580965,48.66122213691873,2.5,53.391204775259595,64,2.5
4.95,63.0,4.75,7.636363636363636,2.1473684210526316,9.783732057416268,5.488995215311004,0.29084790096281443,5,True,True,True,True,10.00743960437958,0.432879390839616,0.9943227057969476,0.0006074465477801193,-0.003435452350845598,0.0003297870422038874,0.003435452350845598,0.0003297870422038874,1403.0580955127862,48.71255917108328,2.5,53.379702660550905,65,2.5
4.95,57.0,4.8,6.909090909090908,2.8750000000000004,9.784090909090908,4.034090909090908,0.38522561099507285,5,True,True,True,True,10.007798456054221,0.432879390839616,0.9943510377075728,0.0006053074177072395,-0.003419275436268668,0.0003287186896000149,0.003419275436268668,0.0003287186896000149,1404.3201504679632,48.82835262751827,2.5,53.35412436683253,66,2.5
5.0,30.0,4.85,3.6,6.185567010309279,9.78556701030928,-2.5855670103092785,0.3867223181627898,2,True,True,True,True,10.009274557272592,0.432879390839616,0.9943666548318787,0.0006041374073859149,-0.0034103564320192045,0.00032813467581122073,0.0034103564320192045,0.00032813467581122073,1405.0190175225327,48.89339478272678,2.5,53.339970190316016,67,2.5
4.95,56.0,4.8,6.787878787878788,3.0,9.787878787878789,3.787878787878788,0.4012851661038946,5,True,True,True,True,10.011586334842102,0.432879390839616,0.9944065120693711,0.000601180559277406,-0.0033875874500690485,0.00032665982757536976,0.0033875874500690485,0.00032665982757536976,1406.81304074607,49.06335391643078,2.5,53.30366799021574,68,2.5
4.95,55.0,4.8,6.666666666666666,3.125,9.791666666666666,3.541666666666666,0.4173706837160432,5,True,True,True,True,10.015374213629979,0.432879390839616,0.9944614416576947,0.0005971736806383448,-0.0033561931309015595,0.0003246637932468033,0.0033561931309015595,0.0003246637932468033,1409.3103562985252,49.30706951793175,2.5,53.25321161359897,69,2.5
4.95,61.0,4.75,7.393939393939394,2.4,9.793939393939393,4.993939393939394,0.3224005872959566,5,True,True,True,True,10.017646940902706,0.432879390839616,0.994469050626924,0.0005966248111122401,-0.003351842934888402,0.00032439061178367393,0.003351842934888402,0.00032439061178367393,1409.6585932624023,49.341709760026745,2.5,53.24618285249589,70,2.5
4.95,54.0,4.8,6.545454545454547,3.2500000000000004,9.795454545454547,3.2954545454545463,0.43347927359705263,5,True,True,True,True,10.01916209241786,0.432879390839616,0.9945158318223688,0.0005932829527438689,-0.0033250897572197585,0.00032272861093768823,0.0033250897572197585,0.00032272861093768823,1411.8121049808915,49.55946745383914,2.5,53.202755236982185,71,2.5
4.95,60.0,4.75,7.2727272727272725,2.526315789473684,9.799043062200957,4.746411483253588,0.3382649733109016,5,True,True,True,True,10.02275060916427,0.432879390839616,0.9945408022690606,0.0005915220081590404,-0.0033108044089228154,0.0003218537683029704,0.0033108044089228154,0.0003218537683029704,1412.9704772056264,49.67910867124568,2.5,53.17942294846839,72,2.5
4.95,59.0,4.75,7.151515151515151,2.6526315789473682,9.80414673046252,4.498883572567783,0.35417754809041213,5,True,True,True,True,10.027854277425833,0.432879390839616,0.9946116230948395,0.0005866129294306832,-0.003270268341051514,0.00031941848490579203,0.003270268341051514,0.00031941848490579203,1416.290142164272,50.03161497749099,2.5,53.11266304444089,73,2.5
4.95,63.0,4.7,7.636363636363636,2.170212765957447,9.806576402321083,5.466150870406189,0.2943977986013905,5,True,True,True,True,10.030283949284396,0.432879390839616,0.9946177097062424,0.0005861968478410833,-0.0032667831163282457,0.0003192123267889677,0.0032667831163282457,0.0003192123267889677,1416.5778464549937,50.06283404372941,2.5,53.10688455654022,74,2.5
4.95,58.0,4.75,7.030303030303029,2.7789473684210524,9.809250398724082,4.251355661881977,0.3701320965489366,5,True,True,True,True,10.032957945687395,0.432879390839616,0.994681525179512,0.0005818890634085378,-0.0032302285793932945,0.00031708035290595703,0.0032302285793932945,0.00031708035290595703,1419.6176064192337,50.39913569394888,2.5,53.04590314041339,75,2.5
4.95,34.0,4.85,4.121212121212121,5.690721649484537,9.811933770696658,-1.569509528272416,0.4413803877644652,2,True,True,True,True,10.035641317659971,0.432879390839616,0.9947748420990256,0.00057576606597079,-0.0031767303730213846,0.00031405809491280763,0.0031767303730213846,0.00031405809491280763,1424.1409628440406,50.921155369391876,2.5,52.95540020648789,76,2.5
4.95,33.0,4.85,4.0,5.814432989690722,9.814432989690722,-1.8144329896907223,0.432461608507833,2,True,True,True,True,10.038140536654035,0.432879390839616,0.9948093691251986,0.0005735523751911153,-0.0031569225223749393,0.00031296793968135127,0.0031569225223749393,0.00031296793968135127,1425.8388050095043,51.123666319082865,2.5,52.92150410165027,77,2.5
4.95,32.0,4.85,3.8787878787878785,5.938144329896907,9.816932208684786,-2.059356451109029,0.42398930279585917,2,True,True,True,True,10.0406397556481,0.432879390839616,0.9948436680021828,0.0005713804220670044,-0.0031372381795183105,0.0003118997059583697,0.0031372381795183105,0.0003118997059583697,1427.5386713201142,51.3299675491903,2.5,52.88760799681265,78,2.5
4.9,60.0,4.85,7.346938775510203,2.4742268041237114,9.821165579633915,4.872711971386492,0.3331074725834121,5,True,True,True,True,10.044873126597228,0.432879390839616,0.9949193266040776,0.0005666829734958548,-0.003093790964790669,0.00030959421965439445,0.003093790964790669,0.00030959421965439445,1431.3359732802194,51.80349931164628,2.5,52.81203363633967,79,2.5
4.9,59.0,4.85,7.224489795918367,2.597938144329897,9.822427940248264,4.6265516515884695,0.3492551097596424,5,True,True,True,True,10.046135487211577,0.432879390839616,0.9949360121088572,0.0005656640176202602,-0.0030842043489355984,0.00030909503630222913,0.0030842043489355984,0.00030909503630222913,1432.182399562692,51.91141320825131,2.5,52.79521528643416,80,2.5
4.9,58.0,4.85,7.10204081632653,2.7216494845360826,9.823690300862612,4.380391331790447,0.36542463657722224,5,True,True,True,True,10.047397847825925,0.432879390839616,0.9949526428165563,0.0005646544186243504,-0.0030746474387731816,0.00030860077029405247,0.0030746474387731816,0.00030860077029405247,1433.0293263827482,52.0202451359374,2.5,52.77839693652864,81,2.5
4.9,57.0,4.85,6.979591836734692,2.8453608247422686,9.82495266147696,4.134231011992424,0.3816132705554592,5,True,True,True,True,10.048660208440273,0.432879390839616,0.9949692189071344,0.0005636540578633397,-0.003065120142255502,0.00030811135957341484,0.003065120142255502,0.00030811135957341484,1433.876754036386,52.129992981069165,2.5,52.76157858662313,82,2.5
4.9,56.0,4.85,6.857142857142857,2.9690721649484537,9.826215022091311,3.888070692194403,0.39781867908952845,5,True,True,True,True,10.049922569054624,0.432879390839616,0.9949857405599606,0.000562662817558418,-0.0030556223676198296,0.0003076267425101441,0.0030556223676198296,0.0003076267425101441,1434.7246828197738,52.24065460780142,2.5,52.74476023671761,83,2.5
4.9,55.0,4.85,6.73469387755102,3.0927835051546393,9.82747738270566,3.641910372396381,0.41403889252472925,5,True,True,True,True,10.051184929668972,0.432879390839616,0.9950022079538144,0.0005616805807997729,-0.00304615402338781,0.00030714685790234194,0.00304615402338781,0.00030714685790234194,1435.5731130292568,52.35222785870416,2.5,52.72794188681209,84,2.5
4.9,54.0,4.85,6.612244897959185,3.2164948453608253,9.82873974332001,3.3957500525983595,0.430272236538375,5,True,True,True,True,10.052447290283324,0.432879390839616,0.9950186212668884,0.0005607072315491924,-0.0030367150183645375,0.0003066716449783037,0.0030367150183645375,0.0003066716449783037,1436.4220449613551,52.46471055538312,2.5,52.71112353690658,85,2.5
4.9,71.0,4.75,8.693877551020407,1.1368421052631579,9.830719656283565,7.557035445757249,0.15884251862050922,5,True,True,True,True,10.054427203246878,0.432879390839616,0.9950282209151187,0.000560140549266612,-0.003031193616144906,0.0003063951298653718,0.003031193616144906,0.0003063951298653718,1436.9200903109618,52.531092297250346,2.5,52.7012612925914,86,2.5
4.9,66.0,4.8,8.081632653061224,1.7500000000000002,9.831632653061224,6.331632653061224,0.2354656991257141,5,True,True,True,True,10.055340200024537,0.432879390839616,0.9950477879254322,0.0005589913717666417,-0.00301993744635012,0.00030583473414747746,0.00301993744635012,0.00030583473414747746,1437.9387806051102,52.66776521306464,2.5,52.681099930864534,87,2.5
4.9,65.0,4.8,7.959183673469387,1.875,9.834183673469386,6.084183673469387,0.25147107057212126,5,True,True,True,True,10.0578912204327,0.432879390839616,0.9950800134168744,0.0005571157997482151,-0.0030013938372530687,0.0003049211391902028,0.0030013938372530687,0.0003049211391902028,1439.6268853383758,52.89688888367333,2.5,52.647721309179865,88,2.5
4.9,64.0,4.8,7.83673469387755,2.0,9.836734693877549,5.83673469387755,0.2675234440692631,5,True,True,True,True,10.060442240840862,0.432879390839616,0.9951120292076245,0.0005552731026426414,-0.002982964093242443,0.000304024827513327,0.002982964093242443,0.000304024827513327,1441.3169718650452,53.12955272434127,2.5,52.614342687495196,89,2.5
4.9,69.0,4.75,8.448979591836734,1.3894736842105262,9.838453276047261,7.059505907626208,0.18968590923678547,5,True,True,True,True,10.062160823010574,0.432879390839616,0.9951239133543389,0.0005545942657082675,-0.002976121303102428,0.0003036949564943333,0.002976121303102428,0.0003036949564943333,1441.9476523298272,53.21720720883078,2.5,52.6018969944006,90,2.5
4.9,63.0,4.8,7.7142857142857135,2.1250000000000004,9.839285714285714,5.5892857142857135,0.28361483889376365,5,True,True,True,True,10.062993261249026,0.432879390839616,0.9951438366622665,0.0005534624164192549,-0.0029646475151416294,0.0003031453454028116,0.0029646475151416294,0.0003031453454028116,1443.0090425116964,53.36573878958551,2.5,52.58096406581052,91,2.5
4.9,62.0,4.8,7.591836734693878,2.25,9.841836734693878,5.341836734693878,0.29973897056748366,5,True,True,True,True,10.065544281657191,0.432879390839616,0.995175437136504,0.0005516828908024053,-0.0029464434080672245,0.00030228224599679055,0.0029464434080672245,0.00030228224599679055,1444.703099607636,53.605428881114676,2.5,52.54758544412584,92,2.5
4.9,61.0,4.8,7.469387755102041,2.375,9.84438775510204,5.094387755102041,0.3158908261330774,5,True,True,True,True,10.068095302065354,0.432879390839616,0.9952068319772194,0.0005499336893043877,-0.002928351081402705,0.0003014350893169194,0.002928351081402705,0.0003014350893169194,1446.3991454849054,53.84860456573763,2.5,52.514206822441174,93,2.5
4.9,67.0,4.75,8.204081632653061,1.642105263157895,9.846186895810956,6.5619763694951665,0.2210893536390233,5,True,True,True,True,10.069894442774268,0.432879390839616,0.9952177639894951,0.0005493289136138998,-0.002922049572684463,0.0003011424802443305,0.002922049572684463,0.0003011424802443305,1446.992805013631,53.934474205994185,2.5,52.502532696209805,94,2.5
4.9,60.0,4.8,7.346938775510203,2.5,9.846938775510203,4.846938775510203,0.33206636010786367,5,True,True,True,True,10.070646322473516,0.432879390839616,0.9952380225225298,0.0005482139892479381,-0.0029103698487721683,0.00030060344229403975,0.0029103698487721683,0.00030060344229403975,1448.0971824782873,54.09524719295784,2.5,52.4808282007565,95,2.5
4.9,59.0,4.8,7.224489795918367,2.625,9.849489795918366,4.599489795918367,0.34826227317583025,5,True,True,True,True,10.073197342881679,0.432879390839616,0.9952690101018453,0.000546522981778454,-0.0028924990280143736,0.000299786878788242,0.0028924990280143736,0.000299786878788242,1449.7972129253008,54.34533791225868,2.5,52.44744957907183,96,2.5
4.9,58.0,4.8,7.10204081632653,2.75,9.852040816326529,4.35204081632653,0.36447584864016946,5,True,True,True,True,10.075748363289842,0.432879390839616,0.9952997960359249,0.0005448598718662106,-0.002874737941156778,0.0002989849796035013,0.002874737941156778,0.0002989849796035013,1451.4992391662138,54.5988576900377,2.5,52.41407095738715,97,2.5
4.9,65.0,4.75,7.959183673469387,1.894736842105263,9.85392051557465,6.064446831364124,0.25284426058408377,5,True,True,True,True,10.077628062537963,0.432879390839616,0.9953098082700151,0.0005443225579410904,-0.0028689602457818873,0.00029872616058761154,0.0028689602457818873,0.00029872616058761154,1452.0556099094022,54.68240533749735,2.5,52.403168398019005,98,2.5
4.9,57.0,4.8,6.979591836734692,2.8750000000000004,9.854591836734693,4.104591836734691,0.3807048298727123,5,True,True,True,True,10.078299383698006,0.432879390839616,0.995330381636933,0.0005432238782988886,-0.002857085914389899,0.00029819733249695243,0.002857085914389899,0.00029819733249695243,1453.2032635440366,54.855787326198524,2.5,52.380692335702484,99,2.5
4.9,56.0,4.8,6.857142857142857,3.0,9.857142857142858,3.8571428571428568,0.39694732730793636,5,True,True,True,True,10.08085040410617,0.432879390839616,0.9953607682084956,0.000541614233664477,-0.002839542278041669,0.00029742353218292685,0.002839542278041669,0.00029742353218292685,1454.9092884045353,55.11610747037804,2.5,52.3473137140178,100,2.5
4.9,55.0,4.8,6.73469387755102,3.125,9.85969387755102,3.6096938775510203,0.4132017470285926,5,True,True,True,True,10.083401424514333,0.432879390839616,0.9953909570457554,0.000540030184325066,-0.0028221063665521086,0.00029666318033200027,0.0028221063665521086,0.00029666318033200027,1456.6173160962248,55.37979863779531,2.5,52.31393509233313,101,2.5
4.9,63.0,4.75,7.7142857142857135,2.1473684210526316,9.861654135338345,5.566917293233082,0.2848331048462569,5,True,True,True,True,10.085361682301658,0.432879390839616,0.9954000809630271,0.0005395543483015131,-0.0028168354735731574,0.0002964350010589038,0.0028168354735731574,0.0002964350010589038,1457.1361287795094,55.460497376981465,2.5,52.30380409982822,102,2.5
4.9,54.0,4.8,6.612244897959185,3.2500000000000004,9.862244897959185,3.3622448979591844,0.429466735335942,5,True,True,True,True,10.085952444922498,0.432879390839616,0.9954209494354274,0.000538470990381618,-0.0028047775184480176,0.00029591588556499693,0.0028047775184480176,0.00029591588556499693,1458.3273489703822,55.646841224714564,2.5,52.280556470648456,103,2.5
4.85,54.0,4.9,6.680412371134023,3.183673469387755,9.864085840521778,3.4967389017462676,0.430272236538375,5,True,True,True,True,10.08779338748509,0.432879390839616,0.9954569426067894,0.000536618443989506,-0.0027839730897972945,0.0002950294676978856,0.0027839730897972945,0.0002950294676978856,1460.3970478495612,55.974077292738414,2.5,52.24020973955217,104,2.5
4.85,55.0,4.9,6.804123711340207,3.061224489795918,9.865348201136126,3.7428992215442887,0.41403889252472925,5,True,True,True,True,10.089055748099439,0.432879390839616,0.9954718625199469,0.000535856329889331,-0.0027753464951545104,0.0002946652775880931,0.0027753464951545104,0.0002946652775880931,1461.26065951532,56.11191335397793,2.5,52.22339138964666,105,2.5
4.85,56.0,4.9,6.927835051546393,2.9387755102040813,9.866610561750473,3.9890595413423116,0.39781867908952845,5,True,True,True,True,10.090318108713786,0.432879390839616,0.995486733434426,0.0005351000337973015,-0.0027667466314220948,0.00029430414163670454,0.0027667466314220948,0.00029430414163670454,1462.1247818813094,56.250586654604376,2.5,52.20657303974114,106,2.5
4.85,57.0,4.9,7.051546391752577,2.816326530612245,9.867872922364821,4.235219861140332,0.3816132705554592,5,True,True,True,True,10.091580469328134,0.432879390839616,0.9955015555111436,0.0005343494671038486,-0.002758173415769967,0.00029394601284406377,0.002758173415769967,0.00029394601284406377,1462.989415249533,56.39009464857096,2.5,52.189754689835624,107,2.5
4.85,58.0,4.9,7.175257731958763,2.6938775510204076,9.86913528297917,4.4813801809383556,0.36542463657722224,5,True,True,True,True,10.092842829942484,0.432879390839616,0.9955163289104887,0.000533604542069571,-0.0027496267656246993,0.00029359084465361874,0.0027496267656246993,0.00029359084465361874,1463.8545599221763,56.53043478608556,2.5,52.17293633993011,108,2.5
4.9,60.0,4.75,7.346938775510203,2.526315789473684,9.873254564983888,4.820622986036519,0.3331074725834121,5,True,True,True,True,10.096962111947201,0.432879390839616,0.9955322426854568,0.0005328056087124536,-0.0027404186076111247,0.0002932102252328869,0.0027404186076111247,0.0002932102252328869,1464.79025642372,56.6830590902482,2.5,52.15475765254203,109,2.5
4.9,59.0,4.75,7.224489795918367,2.6526315789473682,9.877121374865736,4.571858216970998,0.3492551097596424,5,True,True,True,True,10.100828921829049,0.432879390839616,0.9955754473220839,0.0005306543679944602,-0.0027154098134928957,0.00029218690416993873,0.0027154098134928957,0.00029218690416993873,1467.3505565734515,57.10509770839451,2.5,52.10507550344663,110,2.5
4.9,64.0,4.7,7.83673469387755,2.0425531914893615,9.879287885366912,5.794181502388188,0.27265156560924636,5,True,True,True,True,10.102995432330225,0.432879390839616,0.99558267551457,0.000530296942115638,-0.002711224464226656,0.0002920171010553486,0.002711224464226656,0.0002920171010553486,1467.781777671713,57.176811953901925,2.5,52.09671626867827,111,2.5
4.9,58.0,4.75,7.10204081632653,2.7789473684210524,9.880988184747583,4.323093447905477,0.36542463657722224,5,True,True,True,True,10.104695731710896,0.432879390839616,0.9956182341561102,0.0005285486229062201,-0.002690629247201434,0.00029118743379616326,0.002690629247201434,0.00029118743379616326,1469.915331860035,57.53428552595396,2.5,52.05539335435123,112,2.5
4.9,63.0,4.7,7.7142857142857135,2.170212765957447,9.88449848024316,5.5440729483282665,0.2884570330971816,5,True,True,True,True,10.108206027206473,0.432879390839616,0.9956391022379184,0.0005275301552853966,-0.002678538261279712,0.0002907048182819784,0.002678538261279712,0.0002907048182819784,1471.1769711459058,57.74773141242524,2.5,52.03098599581753,113,2.5
4.9,57.0,4.75,6.979591836734692,2.905263157894737,9.884854994629428,4.074328678839955,0.3816132705554592,5,True,True,True,True,10.108562541592741,0.432879390839616,0.9956606072278198,0.0005264862669605154,-0.002666074825951759,0.0002902106932808366,0.002666074825951759,0.0002902106932808366,1472.4845901055412,57.970556453199784,2.5,52.00571120525584,114,2.5
4.9,56.0,4.75,6.857142857142857,3.0315789473684207,9.888721804511277,3.825563909774436,0.39781867908952845,5,True,True,True,True,10.11242935147459,0.432879390839616,0.9957025705384263,0.0005244652579448292,-0.002641744485966167,0.0002892555947337921,0.002641744485966167,0.0002892555947337921,1475.0583391457137,58.413844394718375,2.5,51.95602905616044,115,2.5
4.9,55.0,4.75,6.73469387755102,3.1578947368421053,9.892588614393127,3.576799140708915,0.41403889252472925,5,True,True,True,True,10.11629616135644,0.432879390839616,0.99574412805045,0.000522483617135645,-0.0026176361823008064,0.0002883210828657379,0.0026176361823008064,0.0002883210828657379,1477.6365868299918,58.86408333224643,2.5,51.90634690706504,116,2.5
4.9,61.0,4.7,7.469387755102041,2.425531914893617,9.894919669995659,5.0438558402084235,0.32024537020467786,5,True,True,True,True,10.118627216958972,0.432879390839616,0.995749802513983,0.0005222145003691825,-0.002614343287676337,0.00028819432259780163,0.002614343287676337,0.00028819432259780163,1477.990936994863,58.926441071759506,2.5,51.89952545009608,117,2.5
4.9,54.0,4.75,6.612244897959185,3.28421052631579,9.896455424274976,3.328034371643395,0.430272236538375,5,True,True,True,True,10.120162971238289,0.432879390839616,0.9957852836880925,0.0005205394284534375,-0.0025937478886737778,0.0002874061346146793,0.0025937478886737778,0.0002874061346146793,1480.2193410215334,59.32120740295811,2.5,51.85666475796965,118,2.5
4.85,55.0,4.85,6.804123711340207,3.0927835051546393,9.896907216494846,3.7113402061855676,0.41152234714075303,5,True,True,True,True,10.120614763458159,0.432879390839616,0.9958293463752991,0.0005184767678374229,-0.0025681576020848097,0.0002864374774988561,0.0025681576020848097,0.0002864374774988561,1483.0177166232136,59.823269126441254,2.5,51.802932642008784,119,2.5
4.8,54.0,4.95,6.750000000000002,3.151515151515152,9.901515151515154,3.59848484848485,0.43347927359705263,5,True,True,True,True,10.125222698478467,0.432879390839616,0.9958399017109665,0.0005179853921575043,-0.0025620251153831586,0.0002862070279250777,0.0025620251153831586,0.0002862070279250777,1483.6932554242317,59.94551113332501,2.5,51.78997669171237,120,2.5
4.85,74.0,4.8,9.154639175257733,0.75,9.904639175257733,8.404639175257733,0.101820132453138,5,True,True,True,True,10.128346722221046,0.432879390839616,0.9959096173208267,0.0005147645811654208,-0.002521499211003596,0.0002846993945565326,0.002521499211003596,0.0002846993945565326,1488.2064275922382,60.77241809927083,2.5,51.703571011333835,121,2.5
4.85,73.0,4.8,9.030927835051546,0.8750000000000001,9.905927835051546,8.155927835051546,0.117732849562857,5,True,True,True,True,10.12963538201486,0.432879390839616,0.9959228447987077,0.0005141580103311765,-0.0025138056463634454,0.0002844160171530834,0.0025138056463634454,0.0002844160171530834,1489.0729760145489,60.933197593697905,2.5,51.68701073955468,122,2.5
4.85,72.0,4.8,8.907216494845361,1.0,9.907216494845361,7.907216494845361,0.13376172203463155,5,True,True,True,True,10.130924041808674,0.432879390839616,0.995936029501576,0.0005135547408257764,-0.002506135556224735,0.0002841343528870704,0.002506135556224735,0.0002841343528870704,1489.9400290081032,61.094710156966734,2.5,51.67045046777552,123,2.5
4.85,71.0,4.8,8.783505154639174,1.125,9.908505154639174,7.658505154639174,0.14986948528374183,5,True,True,True,True,10.132212701602487,0.432879390839616,0.9959491715677574,0.0005129547129324177,-0.0024984888689623857,0.00028385436968476923,0.0024984888689623857,0.00028385436968476923,1490.8075868667017,61.25695341777997,2.5,51.65389019599636,124,2.5
4.85,70.0,4.8,8.659793814432991,1.25,9.909793814432991,7.409793814432991,0.16603318005393172,5,True,True,True,True,10.133501361396304,0.432879390839616,0.9959622711351304,0.0005123578676365099,-0.002490865513169853,0.00028357603583728454,0.002490865513169853,0.00028357603583728454,1491.6756498843156,61.41992501127819,2.5,51.6373299242172,125,2.5
4.85,69.0,4.8,8.536082474226804,1.375,9.911082474226804,7.161082474226804,0.18223792432008468,5,True,True,True,True,10.134790021190117,0.432879390839616,0.9959753283411277,0.0005117641466211892,-0.0024832654176584696,0.00028329931999836167,0.0024832654176584696,0.00028329931999836167,1492.5442183550872,61.58362257924546,2.5,51.620769652438035,126,2.5
4.85,68.0,4.8,8.41237113402062,1.5,9.91237113402062,6.912371134020621,0.19847366365396812,5,True,True,True,True,10.136078680983934,0.432879390839616,0.9959883433227373,0.0005111734922626639,-0.0024756885114567808,0.00028302419118218195,0.0024756885114567808,0.00028302419118218195,1493.4132925733293,61.74804377031691,2.5,51.60420938065888,127,2.5
4.85,67.0,4.8,8.288659793814434,1.6250000000000002,9.913659793814434,6.663659793814434,0.21473336766797096,5,True,True,True,True,10.137367340777747,0.432879390839616,0.9960013162165047,0.0005105858476255784,-0.0024681347238098626,0.0002827506187611249,0.0024681347238098626,0.0002827506187611249,1494.2828728335294,61.91318624017625,2.5,51.58764910887972,128,2.5
4.85,66.0,4.8,8.164948453608249,1.7500000000000002,9.914948453608249,6.414948453608249,0.23101197617849054,5,True,True,True,True,10.138656000571562,0.432879390839616,0.9960142471585334,0.0005100011564583572,-0.0024606039841787073,0.0002824785724635268,0.0024606039841787073,0.0002824785724635268,1495.152959430343,62.07904765174352,2.5,51.57108883710056,129,2.5
4.85,65.0,4.8,8.041237113402062,1.875,9.916237113402062,6.166237113402062,0.24730575611541866,5,True,True,True,True,10.139944660365375,0.432879390839616,0.9960271362844868,0.0005094193631884969,-0.002453096222239509,0.0002822080223714224,0.002453096222239509,0.0002822080223714224,1496.0235526585966,62.24562567537564,2.5,51.554528565321405,130,2.5
4.85,64.0,4.8,7.917525773195877,2.0,9.917525773195877,5.917525773195877,0.26361189426846865,5,True,True,True,True,10.14123332015919,0.432879390839616,0.9960399837295898,0.0005088404129178403,-0.0024456113678830373,0.00028193893891823523,0.0024456113678830373,0.00028193893891823523,1496.8946528132929,62.41291798903687,2.5,51.53796829354225,131,2.5
4.85,63.0,4.8,7.793814432989691,2.1250000000000004,9.918814432989691,5.66881443298969,0.2799282310054948,5,True,True,True,True,10.142521979953004,0.432879390839616,0.99605278962863,0.0005082642514178032,-0.002438149351213991,0.0002816712928864787,0.002438149351213991,0.0002816712928864787,1497.7662601896025,62.580922278487115,2.5,51.521408021763094,132,2.5
4.85,62.0,4.8,7.670103092783506,2.25,9.920103092783506,5.420103092783506,0.2962530812497736,5,True,True,True,True,10.14381063974682,0.432879390839616,0.996065554115959,0.0005076908251245881,-0.002430710102550316,0.0002814050554054592,0.002430710102550316,0.0002814050554054592,1498.6383750828684,62.74963623744589,2.5,51.50484774998393,133,2.5
4.85,61.0,4.8,7.54639175257732,2.375,9.921391752577321,5.17139175257732,0.3125851111428187,5,True,True,True,True,10.145099299540634,0.432879390839616,0.9960782773254939,0.0005071200811344255,-0.0024232935524225864,0.0002811401979489079,0.0024232935524225864,0.0002811401979489079,1499.5109977886063,62.91905756777243,2.5,51.488287478204775,134,2.5
4.85,60.0,4.8,7.422680412371134,2.5,9.922680412371134,4.922680412371134,0.32892325121282556,5,True,True,True,True,10.146387959334447,0.432879390839616,0.9960909593907189,0.0005065519671986658,-0.0024158996315733214,0.00028087669233263594,0.0024158996315733214,0.00028087669233263594,1500.3841286025038,63.08918397961461,2.5,51.47172720642561,135,2.5
4.85,59.0,4.8,7.298969072164948,2.625,9.923969072164947,4.673969072164948,0.34526663405363506,5,True,True,True,True,10.14767661912826,0.432879390839616,0.9961036004446864,0.0005059864317190095,-0.002408528270956386,0.00028061451071218114,0.002408528270956386,0.00028061451071218114,1501.2577678204193,63.2600131915809,2.5,51.455166934646456,136,2.5
4.85,58.0,4.8,7.175257731958763,2.75,9.925257731958762,4.425257731958763,0.3616145488155888,5,True,True,True,True,10.148965278922075,0.432879390839616,0.9961162006200186,0.0005054234237425903,-0.002401179401736293,0.0002803536255804251,0.002401179401736293,0.0002803536255804251,1502.1319157383873,63.43154293088436,2.5,51.4386066628673,137,2.5
4.85,57.0,4.8,7.051546391752577,2.8750000000000004,9.926546391752577,4.176546391752577,0.3779664074511662,5,True,True,True,True,10.15025393871589,0.432879390839616,0.9961287600489089,0.0005048628929570923,-0.0023938529552875887,0.0002800940097651884,0.0023938529552875887,0.0002800940097651884,1503.0065726526109,63.60377093349743,2.5,51.42204639108814,138,2.5
4.85,56.0,4.8,6.927835051546393,3.0,9.927835051546392,3.927835051546393,0.39432171932325016,5,True,True,True,True,10.151542598509705,0.432879390839616,0.996141278863123,0.0005043047896858945,-0.002386548863194214,0.00027983563642683314,0.002386548863194214,0.00027983563642683314,1503.8817388594669,63.77669494429455,2.5,51.405486119308975,139,2.5
4.85,55.0,4.8,6.804123711340207,3.125,9.929123711340207,3.679123711340207,0.41068007185717104,5,True,True,True,True,10.15283125830352,0.432879390839616,0.9961537571940007,0.0005037490648830889,-0.002379267057248876,0.00027957847905586887,0.002379267057248876,0.00027957847905586887,1504.7574146555032,63.950312717190045,2.5,51.388925847529826,140,2.5
4.85,54.0,4.8,6.680412371134023,3.2500000000000004,9.930412371134024,3.430412371134022,0.42704111562382635,5,True,True,True,True,10.154119918097336,0.432879390839616,0.9961661951724569,0.0005031956701286107,-0.0023720074694523557,0.0002793225114704979,0.0023720074694523557,0.0002793225114704979,1505.633600337445,64.12462201527819,2.5,51.37236557575066,141,2.5
4.85,71.0,4.7,8.783505154639174,1.1489361702127658,9.93244132485194,7.634568984426409,0.15884251862050905,5,True,True,True,True,10.156148871815253,0.432879390839616,0.9961734171691784,0.0005028745761521361,-0.002367791646171083,0.0002791740425541311,0.002367791646171083,0.0002791740425541311,1506.143889723809,64.22641035145705,2.5,51.36272533541184,142,2.5
4.85,66.0,4.75,8.164948453608249,1.7684210526315791,9.933369506239828,6.3965274009766695,0.23250602984334567,5,True,True,True,True,10.15707705320314,0.432879390839616,0.9961882717520084,0.0005022146269495862,-0.0023591189032844753,0.00027886900536404705,0.0023591189032844753,0.00027886900536404705,1507.1970607687606,64.43711529059492,2.5,51.342839453350436,143,2.5
4.85,65.0,4.75,8.041237113402062,1.894736842105263,9.935973955507325,6.146500271296799,0.2487019456768326,5,True,True,True,True,10.159681502470638,0.432879390839616,0.9962126944397033,0.0005011308927364257,-0.002344855731137254,0.00027836840989847457,0.002344855731137254,0.00027836840989847457,1508.939166334005,64.78749472543367,2.5,51.30997565416055,144,2.5
4.85,64.0,4.75,7.917525773195877,2.0210526315789474,9.938578404774823,5.896473141616929,0.2649221613520348,5,True,True,True,True,10.162285951738136,0.432879390839616,0.9962369606451844,0.00050005545953511,-0.0023306787937615943,0.0002778720262543435,0.0023306787937615943,0.0002778720262543435,1510.6832855256578,65.14055606600597,2.5,51.27711185497067,145,2.5
4.85,69.0,4.7,8.536082474226804,1.404255319148936,9.94033779337574,7.131827155077868,0.18968590923678533,5,True,True,True,True,10.164045340339053,0.432879390839616,0.9962459369528439,0.000499657932722006,-0.002325433297019033,0.0002776886325410784,0.002325433297019033,0.0002776886325410784,1511.3318170357807,65.27241398754055,2.5,51.2649014895014,146,2.5
4.85,63.0,4.75,7.793814432989691,2.1473684210526316,9.941182854042323,5.6464460119370585,0.2811624713390621,5,True,True,True,True,10.164890401005636,0.432879390839616,0.9962610713710721,0.0004989879786464677,-0.0023165875697842833,0.00027737966540146105,0.0023165875697842833,0.00027737966540146105,1512.4294206711797,65.49628230119343,2.5,51.244248055780794,147,2.5
4.85,62.0,4.75,7.670103092783506,2.2736842105263158,9.943787303309822,5.396418882257191,0.29741958396448653,5,True,True,True,True,10.167494850273135,0.432879390839616,0.9962850276135629,0.0004979281104810645,-0.0023025815409843174,0.0002768911430970492,0.0023025815409843174,0.0002768911430970492,1514.1775741007323,65.85465657621134,2.5,51.211384256590904,148,2.5
4.85,61.0,4.75,7.54639175257732,2.4,9.94639175257732,5.146391752577321,0.31369088683573765,5,True,True,True,True,10.170099299540633,0.432879390839616,0.99630883036247,0.0004968755244059926,-0.002288660192273856,0.00027640627980949825,0.002288660192273856,0.00027640627980949825,1515.9277481471597,66.2156621955878,2.5,51.17852045740103,149,2.5
4.85,67.0,4.7,8.288659793814434,1.6595744680851066,9.94823426189954,6.629085325729327,0.22108935363902318,5,True,True,True,True,10.171941808862853,0.432879390839616,0.99631708237216,0.0004965106753095767,-0.0022838327129118077,0.00027623828228751513,0.0022838327129118077,0.00027623828228751513,1516.5376142139544,66.34197495249025,2.5,51.16707764359097,150,2.5
4.8,60.0,4.9,7.5,2.4489795918367343,9.948979591836734,5.051020408163266,0.33206636010786367,5,True,True,True,True,10.172687138800047,0.432879390839616,0.9963324614662253,0.0004958307445766328,-0.002274834209161955,0.0002759252900052316,0.002274834209161955,0.0002759252900052316,1517.678522087393,66.57898642359521,2.5,51.14568333336957,151,2.5
4.85,60.0,4.75,7.422680412371134,2.526315789473684,9.948996201844817,4.89636462289745,0.3299742807614539,5,True,True,True,True,10.17270374880813,0.432879390839616,0.9963324806012648,0.0004958298985917625,-0.002274823011679251,0.000275924900641962,0.002274823011679251,0.000275924900641962,1517.6799451460129,66.57928262592289,2.5,51.145656658211145,152,2.5
4.8,61.0,4.9,7.625000000000001,2.326530612244898,9.951530612244898,5.2984693877551035,0.3158908261330774,5,True,True,True,True,10.175238159208211,0.432879390839616,0.9963563272114426,0.0004947755357812464,-0.002260865828331321,0.00027543975837181954,0.002260865828331321,0.00027543975837181954,1519.4602393143484,66.95096068757914,2.5,51.1123047116849,153,2.5
4.8,62.0,4.9,7.750000000000001,2.204081632653061,9.954081632653061,5.54591836734694,0.29973897056748366,5,True,True,True,True,10.177789179616374,0.432879390839616,0.9963800376552802,0.0004937268650743303,-0.0022469832188778903,0.00027495747156742795,0.0022469832188778903,0.00027495747156742795,1521.244048233472,67.32559848234882,2.5,51.07892609000022,154,2.5
4.85,65.0,4.7,8.041237113402062,1.9148936170212765,9.956130730423338,6.126343496380786,0.25284426058408366,5,True,True,True,True,10.17983827738665,0.432879390839616,0.9963868794735,0.0004934241637596147,-0.0022429763378946747,0.00027481829901544307,0.0022429763378946747,0.00027481829901544307,1521.7613428112638,67.43465451447838,2.5,51.06925379768053,155,2.5
4.8,63.0,4.9,7.875,2.0816326530612246,9.956632653061224,5.793367346938775,0.28361483889376365,5,True,True,True,True,10.180340200024537,0.432879390839616,0.9964035938083293,0.0004926844221709163,-0.0022331858541315155,0.00027447826053742056,0.0022331858541315155,0.00027447826053742056,1523.029951300358,67.70288301372516,2.5,51.04554746831555,156,2.5
4.85,56.0,4.75,6.927835051546393,3.0315789473684207,9.959413998914814,3.896256104177972,0.395198860202895,5,True,True,True,True,10.183121545878127,0.432879390839616,0.9964255759050498,0.0004917108609223525,-0.0022203058389326904,0.00027403088517203764,0.0022203058389326904,0.00027403088517203764,1524.7090094711214,68.05958759680465,2.5,51.01420146145161,157,2.5
4.85,55.0,4.75,6.804123711340207,3.1578947368421053,9.962018448182313,3.6462289744981016,0.41152234714075303,5,True,True,True,True,10.185725995145626,0.432879390839616,0.9964484781262156,0.0004906955064106739,-0.0022068819269984176,0.00027356446002051475,0.0022068819269984176,0.00027356446002051475,1526.4713563598705,68.4360399183945,2.5,50.98133766226174,158,2.5
4.85,63.0,4.7,7.793814432989691,2.170212765957447,9.964027198947138,5.6236016670322435,0.2848331048462568,5,True,True,True,True,10.18773474591045,0.432879390839616,0.9964553538096175,0.0004903904329104999,-0.0022028508585206948,0.0002734243457213036,0.0022028508585206948,0.0002734243457213036,1527.0030645926527,68.55002690680138,2.5,50.971429951770105,159,2.5
4.85,54.0,4.75,6.680412371134023,3.28421052631579,9.964622897449813,3.3962018448182327,0.4278511834842408,5,True,True,True,True,10.188330444413126,0.432879390839616,0.9964712336071738,0.0004896853575242857,-0.00219353917569006,0.00027310056266216043,0.00219353917569006,0.00027310056266216043,1528.2357402711211,68.8150113808478,2.5,50.948473863071854,160,2.5
4.8,54.0,4.85,6.750000000000002,3.2164948453608253,9.966494845360828,3.5335051546391765,0.42704111562382635,5,True,True,True,True,10.19020239232414,0.432879390839616,0.9964985939096145,0.0004884687238954511,-0.00217748992498235,0.00027254199047149145,0.00217748992498235,0.00027254199047149145,1530.3750232539,69.27727114879018,2.5,50.908677965934224,161,2.5
4.8,55.0,4.85,6.875,3.0927835051546393,9.967783505154639,3.7822164948453607,0.41068007185717104,5,True,True,True,True,10.191491052117952,0.432879390839616,0.9965099167552369,0.00048796447253207555,-0.00217084599687084,0.0002723105221595557,0.00217084599687084,0.0002723105221595557,1531.2661254809545,69.47070676435973,2.5,50.89211769415506,162,2.5
4.8,56.0,4.85,7.000000000000001,2.9690721649484537,9.969072164948454,4.030927835051547,0.39432171932325016,5,True,True,True,True,10.192779711911767,0.432879390839616,0.9965212029850457,0.00048746136503586185,-0.0021642223406238524,0.00027207959834403534,0.0021642223406238524,0.00027207959834403534,1532.1577465763694,69.66477157104507,2.5,50.875557422375906,163,2.5
4.8,57.0,4.85,7.124999999999999,2.8453608247422686,9.970360824742269,4.2796391752577305,0.3779664074511662,5,True,True,True,True,10.194068371705582,0.432879390839616,0.996532452717449,0.00048695936993412714,-0.002157618894388142,0.00027184920177927596,0.002157618894388142,0.00027184920177927596,1533.0498868422696,69.85946366206777,2.5,50.85899715059675,164,2.5
4.8,58.0,4.85,7.25,2.7216494845360826,9.971649484536083,4.528350515463917,0.3616145488155888,5,True,True,True,True,10.195357031499396,0.432879390839616,0.9965436660704721,0.0004864584562230066,-0.00215103559649919,0.00027161931546865783,0.00215103559649919,0.00027161931546865783,1533.9425465809566,70.05478114217419,2.5,50.842436878817594,165,2.5
4.8,59.0,4.85,7.375,2.597938144329897,9.972938144329897,4.777061855670103,0.34526663405363506,5,True,True,True,True,10.19664569129321,0.432879390839616,0.9965548431617587,0.00048595859336280863,-0.0021444723854806367,0.0002713899226622134,0.0021444723854806367,0.0002713899226622134,1534.8357260949056,70.2507221276524,2.5,50.82587660703844,166,2.5
4.8,60.0,4.85,7.5,2.4742268041237114,9.974226804123711,5.025773195876289,0.32892325121282556,5,True,True,True,True,10.197934351087024,0.432879390839616,0.9965659841085719,0.00048545975127332875,-0.0021379292000436854,0.00027116100685423226,0.0021379292000436854,0.00027116100685423226,1535.729425686773,70.44728474635575,2.5,50.809316335259275,167,2.5
4.8,61.0,4.85,7.625000000000001,2.350515463917526,9.975515463917526,5.2744845360824755,0.3125851111428187,5,True,True,True,True,10.19922301088084,0.432879390839616,0.9965770890277957,0.0004849619003291689,-0.002131405979086553,0.0002709325517808937,0.002131405979086553,0.0002709325517808937,1536.6236456593865,70.64446713772273,2.5,50.79275606348011,168,2.5
4.8,62.0,4.85,7.750000000000001,2.2268041237113403,9.976804123711341,5.523195876288661,0.2962530812497736,5,True,True,True,True,10.200511670674654,0.432879390839616,0.9965881580359363,0.0004844650113551032,-0.002124902661693886,0.0002707045414179027,0.002124902661693886,0.0002707045414179027,1537.518386315752,70.84226745278932,2.5,50.77619579170096,169,2.5
4.8,63.0,4.85,7.875,2.103092783505155,9.978092783505154,5.771907216494845,0.2799282310054948,5,True,True,True,True,10.201800330468467,0.432879390839616,0.9965991912491227,0.0004839690556214835,-0.0021184191871361988,0.00027047695997814197,0.0021184191871361988,0.00027047695997814197,1538.4136479590504,71.04068385420179,2.5,50.7596355199218,170,2.5
4.8,64.0,4.85,8.0,1.9793814432989691,9.97938144329897,6.020618556701031,0.26361189426846865,5,True,True,True,True,10.203088990262282,0.432879390839616,0.9966101887831086,0.00048347400483962703,-0.0021119554948692914,0.0002702497919093187,0.0021119554948692914,0.0002702497919093187,1539.3094308926431,71.23971451623484,2.5,50.74307524814264,171,2.5
4.8,65.0,4.85,8.125,1.8556701030927836,9.980670103092784,6.269329896907216,0.24730575611541866,5,True,True,True,True,10.204377650056097,0.432879390839616,0.9966211507532735,0.0004829798311572694,-0.0021055115245337064,0.0002700230218916473,0.0021055115245337064,0.0002700230218916473,1540.205735420064,71.43935762479103,2.5,50.726514976363475,172,2.5
4.8,66.0,4.85,8.25,1.7319587628865982,9.981958762886599,6.518041237113402,0.23101197617849054,5,True,True,True,True,10.205666309849912,0.432879390839616,0.9966320772746237,0.00048248650715400983,-0.002099087215954155,0.00026979663483550056,0.002099087215954155,0.00026979663483550056,1541.1025618450253,71.63961137741465,2.5,50.70995470458433,173,2.5
4.8,67.0,4.85,8.375000000000002,1.6082474226804127,9.983247422680414,6.766752577319589,0.21473336766797096,5,True,True,True,True,10.206954969643727,0.432879390839616,0.9966429684617935,0.00048199400583677434,-0.002092682509138943,0.000269570615879128,0.002092682509138943,0.000269570615879128,1541.999910471416,71.84047398329479,2.5,50.693394432805164,174,2.5
4.8,68.0,4.85,8.500000000000002,1.4845360824742269,9.984536082474229,7.015463917525775,0.19847366365396812,5,True,True,True,True,10.208243629437542,0.432879390839616,0.9966538244290465,0.0004815023006353767,-0.002086297344279437,0.00026934495038633726,0.002086297344279437,0.00026934495038633726,1542.8977816033018,72.04194366327025,2.5,50.67683416102601,175,2.5
4.8,69.0,4.85,8.625,1.3608247422680413,9.985824742268042,7.264175257731958,0.18223792432008468,5,True,True,True,True,10.209532289231355,0.432879390839616,0.9966646452902769,0.00048101136539800384,-0.0020799316617494752,0.0002691196239442146,0.0020799316617494752,0.0002691196239442146,1543.7961755449246,72.2440186498241,2.5,50.66027388924685,176,2.5
4.8,70.0,4.85,8.75,1.2371134020618557,9.987113402061855,7.512886597938144,0.16603318005393175,5,True,True,True,True,10.210820949025168,0.432879390839616,0.9966754311590106,0.00048052117438675794,-0.0020735854021048383,0.00026889462236083327,0.0020735854021048383,0.00026889462236083327,1544.6950926007069,72.4466971870924,2.5,50.64371361746769,177,2.5
4.8,71.0,4.85,8.875,1.1134020618556701,9.98840206185567,7.76159793814433,0.14986948528374183,5,True,True,True,True,10.212109608818983,0.432879390839616,0.9966861821484063,0.0004800317022733093,-0.0020672585060826794,0.00026866993166301765,0.0020672585060826794,0.00026866993166301765,1545.594533075245,72.64997753085467,2.5,50.62715334568853,178,2.5
4.85,55.0,4.7,6.804123711340207,3.1914893617021276,9.995613073042335,3.6126343496380793,0.41403889252472914,5,True,True,True,True,10.219320620005648,0.432879390839616,0.9967165177991729,0.00047864566851577804,-0.0020493998755052424,0.00026803355258590665,0.0020493998755052424,0.00026803355258590665,1548.151126319635,73.2304064057334,2.5,50.58013456812838,179,2.5
4.85,61.0,4.65,7.54639175257732,2.4516129032258065,9.998004655803127,5.094778849351513,0.3224005872959565,5,True,True,True,True,10.22171220276644,0.432879390839616,0.9967207638166565,0.00047845106447931557,-0.00204689949781955,0.0002679441858367104,0.00204689949781955,0.0002679441858367104,1548.511189660036,73.31246131035287,2.5,50.57351881541025,180,2.5
4.85,54.0,4.7,6.680412371134023,3.319148936170213,9.999561307304235,3.3612634349638095,0.43027223653837493,5,True,True,True,True,10.223268854267548,0.432879390839616,0.9967477802104874,0.0004772091723802863,-0.0020309858928953153,0.000267373765087904,0.0020309858928953153,0.000267373765087904,1550.8151450560742,73.83929689065042,2.5,50.53122264517316,181,2.5
4.8,56.0,4.8,7.000000000000001,3.0,10.0,4.000000000000001,0.39344262295081966,5,True,True,True,True,10.223707546963313,0.432879390839616,0.9967813899737425,0.0004756548215845961,-0.0020111781155963565,0.00026665950505261733,0.0020111781155963565,0.00026665950505261733,1553.7131015365278,74.5062998764334,2.5,50.478110899676096,182,2.5
4.8,78.0,4.75,9.750000000000002,0.25263157894736843,10.002631578947371,9.497368421052633,0.04204165338983692,5,True,True,True,True,10.226339125910684,0.432879390839616,0.9968018518089827,0.00047470308278493726,-0.00199911329382119,0.00026622195363098654,0.00199911329382119,0.00026622195363098654,1555.4949349670444,74.91877961566865,2.5,50.445503844854656,183,2.5
4.8,77.0,4.75,9.625000000000002,0.3789473684210526,10.003947368421054,9.24605263157895,0.05577835982629009,5,True,True,True,True,10.227654915384367,0.432879390839616,0.9968120338936381,0.00047422787165667785,-0.001993108050924946,0.000266003415765837,0.001993108050924946,0.000266003415765837,1556.3866178285211,75.12586614535151,2.5,50.429200317443936,184,2.5
4.8,76.0,4.75,9.5,0.5052631578947369,10.005263157894737,8.994736842105263,0.07065720170042787,5,True,True,True,True,10.22897070485805,0.432879390839616,0.9968221835611442,0.00047375307330074144,-0.0019871208474976742,0.00026578502198059333,0.0019871208474976742,0.00026578502198059333,1557.2788118445583,75.33351508313524,2.5,50.41289679003321,185,2.5
4.8,75.0,4.75,9.375,0.631578947368421,10.006578947368421,8.743421052631579,0.08608800614152226,5,True,True,True,True,10.230286494331734,0.432879390839616,0.9968323009147085,0.00047327866857340344,-0.001981151629349653,0.0002655667616341647,0.001981151629349653,0.0002655667616341647,1558.1715173081695,75.5417249185027,2.5,50.39659326262248,186,2.5
4.8,74.0,4.75,9.25,0.7578947368421052,10.007894736842106,8.492105263157894,0.101820132453138,5,True,True,True,True,10.231602283805419,0.432879390839616,0.9968423860572108,0.00047280463865676144,-0.0019752003424539553,0.00026534862426058495,0.0019752003424539553,0.00026534862426058495,1559.0647345125421,75.75049415166058,2.5,50.38028973521176,187,2.5
4.8,73.0,4.75,9.125,0.8842105263157896,10.00921052631579,8.24078947368421,0.117732849562857,5,True,True,True,True,10.232918073279103,0.432879390839616,0.9968524390912024,0.00047233096505504193,-0.0019692669329459253,0.0002651305995671421,0.0019692669329459253,0.0002651305995671421,1559.9584637510313,75.95982129351391,2.5,50.363986207801034,188,2.5
4.8,72.0,4.75,9.0,1.0105263157894737,10.010526315789473,7.989473684210527,0.13376172203463155,5,True,True,True,True,10.234233862752786,0.432879390839616,0.9968624601189089,0.00047185762959097083,-0.001963351347122734,0.0002649126774324825,0.001963351347122734,0.0002649126774324825,1560.8527053171565,76.16970486564503,2.5,50.347682680390314,189,2.5
4.8,71.0,4.75,8.875,1.1368421052631579,10.011842105263158,7.738157894736842,0.14986948528374183,5,True,True,True,True,10.23554965222647,0.432879390839616,0.99687244924223,0.0004713846144021843,-0.0019574535314428585,0.00026469484790474023,0.0019574535314428585,0.00026469484790474023,1561.747459504609,76.3801434002817,2.5,50.33137915297959,190,2.5
4.8,70.0,4.75,8.75,1.263157894736842,10.013157894736842,7.4868421052631575,0.16603318005393172,5,True,True,True,True,10.236865441700155,0.432879390839616,0.996882406562741,0.00047091190193757803,-0.0019515734325256217,0.00026447710119967055,0.0019515734325256217,0.00026447710119967055,1562.6427266072478,76.59113544027308,2.5,50.315075625568866,191,2.5
4.8,69.0,4.75,8.625,1.3894736842105262,10.014473684210525,7.235526315789474,0.18223792432008468,5,True,True,True,True,10.238181231173838,0.432879390839616,0.996892332181694,0.0004704394749538186,-0.0019457109971507004,0.0002642594276988189,0.0019457109971507004,0.0002642594276988189,1563.5385069191,76.80267953906012,2.5,50.298772098158146,192,2.5
4.8,68.0,4.75,8.500000000000002,1.5157894736842104,10.015789473684212,6.984210526315792,0.19847366365396812,5,True,True,True,True,10.239497020647525,0.432879390839616,0.9969022262000187,0.00046996731651175274,-0.001939866172257632,0.0002640418179476724,0.001939866172257632,0.0002640418179476724,1564.434800734361,77.01477426064854,2.5,50.282468570747426,193,2.5
4.8,67.0,4.75,8.375000000000002,1.642105263157895,10.017105263157896,6.732894736842107,0.21473336766797096,5,True,True,True,True,10.24081281012121,0.432879390839616,0.9969120887183234,0.00046949540997293153,-0.0019340389049453557,0.00026382426265385983,0.0019340389049453557,0.00026382426265385983,1565.3316083473967,77.22741817957466,2.5,50.26616504333669,194,2.5
4.8,66.0,4.75,8.25,1.7684210526315791,10.01842105263158,6.481578947368421,0.23101197617849054,5,True,True,True,True,10.242128599594892,0.432879390839616,0.9969219198368959,0.00046902373899612737,-0.0019282291424717233,0.00026360675268532216,0.0019282291424717233,0.00026360675268532216,1566.2289300527373,77.44060988087813,2.5,50.24986151592598,195,2.5
4.8,65.0,4.75,8.125,1.894736842105263,10.019736842105264,6.230263157894737,0.24730575611541866,5,True,True,True,True,10.243444389068577,0.432879390839616,0.9969317196557052,0.00046855228753387573,-0.0019224368322530068,0.00026338927906853943,0.0019224368322530068,0.00026338927906853943,1567.126766145086,77.65434796006646,2.5,50.233557988515244,196,2.5
4.8,64.0,4.75,8.0,2.0210526315789474,10.021052631578947,5.978947368421053,0.26361189426846865,5,True,True,True,True,10.24476017854226,0.432879390839616,0.9969414882744014,0.00046808103982907165,-0.001916661921863462,0.00026317183298674884,0.001916661921863462,0.00026317183298674884,1568.025116919314,77.86863102308558,2.5,50.217254461104524,197,2.5
4.8,63.0,4.75,7.875,2.1473684210526316,10.022368421052631,5.727631578947369,0.2799282310054948,5,True,True,True,True,10.246075968015944,0.432879390839616,0.996951225792318,0.0004676099804115352,-0.001910904359034805,0.00026295440577816885,0.001910904359034805,0.00026295440577816885,1568.9239826704622,78.08345768628563,2.5,50.200950933693804,198,2.5
4.8,62.0,4.75,7.750000000000001,2.2736842105263158,10.023684210526316,5.476315789473685,0.2962530812497736,5,True,True,True,True,10.247391757489629,0.432879390839616,0.9969609323084716,0.0004671390940946946,-0.0019051640916557776,0.00026273698893426793,0.0019051640916557776,0.00026273698893426793,1569.8233636937368,78.29882657638716,2.5,50.18464740628308,199,2.5
4.8,61.0,4.75,7.625000000000001,2.4,10.025,5.225000000000001,0.3125851111428187,5,True,True,True,True,10.248707546963313,0.432879390839616,0.9969706079215641,0.0004666683659722047,-0.0018994410677716602,0.00026251957409799566,0.0018994410677716602,0.00026251957409799566,1570.7232602845177,78.51473633044105,2.5,50.168343878872356,200,2.5
4.8,60.0,4.75,7.5,2.526315789473684,10.026315789473685,4.973684210526316,0.32892325121282556,5,True,True,True,True,10.250023336436998,0.432879390839616,0.9969802527299829,0.00046619778141464453,-0.0018937352355837974,0.0002623021530620923,0.0018937352355837974,0.0002623021530620923,1571.623672738352,78.73118559580118,2.5,50.152040351461636,201,2.5
4.8,59.0,4.75,7.375,2.6526315789473682,10.027631578947368,4.722368421052632,0.34526663405363506,5,True,True,True,True,10.25133912591068,0.432879390839616,0.9969898668318021,0.0004657273260662499,-0.0018880465434491299,0.00026208471776735433,0.0018880465434491299,0.00026208471776735433,1572.5246013509573,78.94817303007939,2.5,50.13573682405091,202,2.5
4.8,58.0,4.75,7.25,2.7789473684210524,10.028947368421052,4.471052631578948,0.3616145488155888,5,True,True,True,True,10.252654915384365,0.432879390839616,0.9969994503247837,0.00046525698584164214,-0.0018823749398797526,0.0002618672603009509,0.0018823749398797526,0.0002618672603009509,1573.4260464182207,79.1656973011189,2.5,50.11943329664019,203,2.5
4.8,57.0,4.75,7.124999999999999,2.905263157894737,10.030263157894737,4.219736842105262,0.3779664074511662,5,True,True,True,True,10.25397070485805,0.432879390839616,0.9970090033063784,0.0004647867469225871,-0.001876720373542404,0.00026164977289472823,0.001876720373542404,0.00026164977289472823,1574.3280082361962,79.38375708694511,2.5,50.10312976922946,204,2.5
4.8,56.0,4.75,7.000000000000001,3.0315789473684207,10.031578947368422,3.96842105263158,0.39432171932325016,5,True,True,True,True,10.255286494331735,0.432879390839616,0.9970185258737266,0.0004643165957548142,-0.001871082793258039,0.0002614322479235539,0.001871082793258039,0.0002614322479235539,1575.2304871011106,79.6023510757342,2.5,50.086826241818734,205,2.5
4.8,55.0,4.75,6.875,3.1578947368421053,10.032894736842106,3.7171052631578947,0.41068007185717104,5,True,True,True,True,10.25660228380542,0.432879390839616,0.9970280181236596,0.0004638465190448296,-0.0018654621480013482,0.0002612146779036386,0.0018654621480013482,0.0002612146779036386,1576.1334833093597,79.82147796577432,2.5,50.070522714408014,206,2.5
4.8,54.0,4.75,6.750000000000002,3.28421052631579,10.034210526315793,3.465789473684212,0.42704111562382635,5,True,True,True,True,10.257918073279106,0.432879390839616,0.9970374801527001,0.00046337650375677505,-0.001859858386900303,0.0002609970554909256,0.001859858386900303,0.0002609970554909256,1577.036997157509,80.04113646542154,2.5,50.054219186997294,207,2.5
4.8,71.0,4.65,8.875,1.161290322580645,10.036290322580644,7.713709677419355,0.16733507947887022,5,True,True,True,True,10.259997869543957,0.432879390839616,0.9970429333329766,0.0004631049639815621,-0.001856628353647264,0.00026087129214485104,0.001856628353647264,0.00026087129214485104,1577.5592602963611,80.16829130637844,2.5,50.044799427826064,208,2.5
4.8,66.0,4.7,8.25,1.7872340425531914,10.037234042553191,6.462765957446809,0.235465699125714,5,True,True,True,True,10.260941589516504,0.432879390839616,0.9970542545014229,0.00046253966816184165,-0.0018499215112149773,0.00026060938698643327,0.0018499215112149773,0.00026060938698643327,1578.6471508115997,80.43359062571525,2.5,50.025187783211294,209,2.5
4.75,63.0,4.9,7.957894736842104,2.0816326530612246,10.039527389903329,5.87626208378088,0.2848331048462569,5,True,True,True,True,10.263234936866642,0.432879390839616,0.9970581482400737,0.0004623447512556036,-0.0018476144611052963,0.00026051905254299433,0.0018476144611052963,0.00026051905254299433,1579.0224541612124,80.52524915396225,2.5,50.018425241439964,210,2.5
4.8,65.0,4.7,8.125,1.9148936170212765,10.039893617021276,6.210106382978724,0.25147107057212115,5,True,True,True,True,10.263601163984589,0.432879390839616,0.9970728354191312,0.00046160722191785985,-0.0018389107136025783,0.00026017711087755226,0.0018389107136025783,0.00026017711087755226,1580.4433904372138,80.87290107462701,2.5,49.99283613203524,211,2.5
4.8,64.0,4.7,8.0,2.0425531914893615,10.042553191489361,5.957446808510639,0.267523444069263,5,True,True,True,True,10.266260738452674,0.432879390839616,0.9970912991337398,0.00046067478672824375,-0.001827965452643124,0.00025974449815843395,0.001827965452643124,0.00025974449815843395,1582.2416738867394,81.31428109519304,2.5,49.96048448085918,212,2.5
4.8,69.0,4.65,8.625,1.4193548387096773,10.044354838709678,7.205645161290323,0.19685229809549853,5,True,True,True,True,10.268062385672991,0.432879390839616,0.9970981047725445,0.0004603295865078659,-0.0018239300907741676,0.00025958425051198294,0.0018239300907741676,0.00025958425051198294,1582.9079122384328,81.47820170854025,2.5,49.94850798963717,213,2.5
4.8,63.0,4.7,7.875,2.170212765957447,10.045212765957448,5.704787234042553,0.28361483889376354,5,True,True,True,True,10.268920312920761,0.432879390839616,0.9971096463845325,0.00045974227277987986,-0.001817085338260164,0.00025931149798782147,0.001817085338260164,0.00025931149798782147,1584.0420034857077,81.75772108018049,2.5,49.92813282968312,214,2.5
4.75,65.0,4.9,8.210526315789474,1.8367346938775508,10.047261009667025,6.3737916219119235,0.25284426058408377,5,True,True,True,True,10.270968556630338,0.432879390839616,0.9971147704201677,0.00045948075594638216,-0.001814046033987401,0.0002591900019967024,0.001814046033987401,0.0002591900019967024,1584.5472104583819,81.88243679690581,2.5,49.91906094324917,215,2.5
4.8,62.0,4.7,7.750000000000001,2.2978723404255317,10.047872340425533,5.452127659574469,0.29973897056748355,5,True,True,True,True,10.271579887388846,0.432879390839616,0.9971278779061294,0.00045880959389054066,-0.0018062699826989976,0.00025887806150055013,0.0018062699826989976,0.00025887806150055013,1585.8443815623,82.20321157349395,2.5,49.895781178507065,216,2.5
4.8,61.0,4.7,7.625000000000001,2.425531914893617,10.050531914893618,5.199468085106384,0.3158908261330773,5,True,True,True,True,10.274239461856931,0.432879390839616,0.9971459944285174,0.000457876667419826,-0.0017955190005128434,0.0002584441417608327,0.0017955190005128434,0.0002584441417608327,1587.6488104473458,82.65074326882902,2.5,49.86342952733101,217,2.5
4.8,67.0,4.65,8.375000000000002,1.6774193548387097,10.052419354838712,6.697580645161292,0.2272676514487139,5,True,True,True,True,10.276126901802025,0.432879390839616,0.9971522468515713,0.00045755324584182354,-0.0017918076978067558,0.0002582936255541794,0.0017918076978067558,0.0002582936255541794,1588.2746985722304,82.80633094733238,2.5,49.852216551448265,218,2.5
4.75,60.0,4.85,7.578947368421052,2.4742268041237114,10.053174172544765,5.104720564297341,0.3299742807614539,5,True,True,True,True,10.276881719508077,0.432879390839616,0.9971639818031478,0.0004569441878591279,-0.001784840840002926,0.0002580100540367223,0.001784840840002926,0.0002580100540367223,1589.4537943323494,83.09993355132313,2.5,49.83110469061586,219,2.5
4.8,60.0,4.7,7.5,2.553191489361702,10.053191489361701,4.946808510638299,0.33206636010786356,5,True,True,True,True,10.276899036325014,0.432879390839616,0.9971639966770782,0.00045694341418164186,-0.001784832008549122,0.000258009693716406,0.001784832008549122,0.000258009693716406,1589.4552924743257,83.10030700830607,2.5,49.83107787615495,220,2.5
4.75,67.0,4.9,8.463157894736844,1.5918367346938775,10.054994629430722,6.871321160042966,0.22108935363902332,5,True,True,True,True,10.278702176394034,0.432879390839616,0.9971703027862465,0.00045661500606279583,-0.0017810874956330355,0.00025785672223597057,0.0017810874956330355,0.00025785672223597057,1590.0912970266725,83.25894391753585,2.5,49.81969664505838,221,2.5
4.75,61.0,4.85,7.705263157894737,2.350515463917526,10.055778621812262,5.354747693977211,0.31369088683573765,5,True,True,True,True,10.279486168775575,0.432879390839616,0.9971821528746965,0.000455995748384486,-0.001774049738239932,0.0002575681435043008,0.001774049738239932,0.0002575681435043008,1591.290976989402,83.55868375995925,2.5,49.798240891425976,222,2.5
4.75,62.0,4.85,7.831578947368421,2.2268041237113403,10.058383071079762,5.604774823657081,0.29741958396448653,5,True,True,True,True,10.282090618043075,0.432879390839616,0.9972002075196857,0.0004550468175407699,-0.0017633238792003473,0.00025712559985117776,0.0017633238792003473,0.00025712559985117776,1593.130283168467,84.01951227697526,2.5,49.76537709223609,223,2.5
4.8,65.0,4.65,8.125,1.9354838709677418,10.060483870967742,6.189516129032258,0.2582640184245669,5,True,True,True,True,10.284191417931055,0.432879390839616,0.9972053787753405,0.0004547737935947699,-0.0017602510327338382,0.00025699819643548055,0.0017602510327338382,0.00025699819643548055,1593.6596807816898,84.15243500734408,2.5,49.75592511325937,224,2.5
4.75,63.0,4.85,7.957894736842104,2.103092783505155,10.06098752034726,5.854801953336949,0.2811624713390621,5,True,True,True,True,10.284695067310572,0.432879390839616,0.9972181464840895,0.00045409732272668087,-0.0017526628684283521,0.00025668238153591294,0.0017526628684283521,0.00025668238153591294,1594.9717153240297,84.48240996404886,2.5,49.73251329304621,225,2.5
4.75,69.0,4.9,8.715789473684211,1.3469387755102038,10.062728249194414,7.368850698174008,0.1896859092367855,5,True,True,True,True,10.286435796157727,0.432879390839616,0.9972247663140935,0.00045374523581369575,-0.0017487277652637541,0.000256517923545947,0.0017487277652637541,0.000256517923545947,1595.6547814997218,84.6545064880827,2.5,49.720332346867586,226,2.5
4.75,64.0,4.85,8.08421052631579,1.9793814432989691,10.063591969614759,6.104829083016821,0.2649221613520348,5,True,True,True,True,10.287299516578072,0.432879390839616,0.9972359705091016,0.00045314719466116955,-0.0017420663138529872,0.00025623844883453545,0.0017420663138529872,0.00025623844883453545,1596.8152759134182,84.94736783484747,2.5,49.699649493856334,227,2.5
4.75,65.0,4.85,8.210526315789474,1.8556701030927836,10.066196418882258,6.35485621269669,0.24870194567683263,5,True,True,True,True,10.289903965845571,0.432879390839616,0.9972536803311676,0.0004521963672974569,-0.0017315338257737445,0.0002557937637952818,0.0017315338257737445,0.0002557937637952818,1598.6609673967994,85.41437705346641,2.5,49.666785694666444,228,2.5
4.8,63.0,4.65,7.875,2.1935483870967745,10.068548387096774,5.681451612903226,0.28965493387624486,5,True,True,True,True,10.292255934060087,0.432879390839616,0.997257519390813,0.0004519893435992201,-0.001729250132161622,0.00025569688547570835,0.001729250132161622,0.00025569688547570835,1599.0629205592008,85.51628137305262,2.5,49.65963367507048,229,2.5
4.75,66.0,4.85,8.336842105263159,1.7319587628865982,10.068800868149758,6.604883342376561,0.23250602984334567,5,True,True,True,True,10.29250841511307,0.432879390839616,0.9972712766820138,0.00045124477773884355,-0.0017210650168462437,0.0002553482901942111,0.0017210650168462437,0.0002553482901942111,1600.5087922371838,85.88342893285021,2.5,49.63392189547657,230,2.5
4.75,54.0,4.8,6.821052631578948,3.2500000000000004,10.071052631578949,3.5710526315789477,0.42704111562382635,5,True,True,True,True,10.294760178542262,0.432879390839616,0.9972905296610738,0.00045019559014989355,-0.00170960623421287,0.0002548566198542395,0.00170960623421287,0.0002548566198542395,1602.5467561270543,86.40247230199402,2.5,49.59772041949703,231,2.5
4.75,55.0,4.8,6.947368421052632,3.125,10.072368421052632,3.822368421052632,0.41068007185717104,5,True,True,True,True,10.296075968015945,0.432879390839616,0.9972991559206198,0.0004497227368194968,-0.0017044706569921528,0.0002546348555332807,0.0017044706569921528,0.0002546348555332807,1603.4654113055658,86.63702935755056,2.5,49.58141689208631,232,2.5
4.75,56.0,4.8,7.0736842105263165,3.0,10.073684210526316,4.0736842105263165,0.39432171932325016,5,True,True,True,True,10.29739175748963,0.432879390839616,0.997307754716365,0.00044924965912974404,-0.001699350506805367,0.00025441287586839363,0.001699350506805367,0.00025441287586839363,1604.3845931004373,86.87208374292493,2.5,49.56511336467558,233,2.5
4.75,57.0,4.8,7.199999999999999,2.8750000000000004,10.075,4.324999999999999,0.3779664074511662,5,True,True,True,True,10.298707546963312,0.432879390839616,0.997316326135747,0.0004487763506168815,-0.00169424573731043,0.0002541906771050701,0.00169424573731043,0.0002541906771050701,1605.304301813547,87.10763445689598,2.5,49.54880983726486,234,2.5
4.75,58.0,4.8,7.326315789473684,2.75,10.076315789473684,4.576315789473684,0.3616145488155888,5,True,True,True,True,10.300023336436997,0.432879390839616,0.9973248702659253,0.0004483028049881121,-0.0016891563023044562,0.00025396825558297674,0.0016891563023044562,0.00025396825558297674,1606.2245377469508,87.3436805068637,2.5,49.53250630985414,235,2.5
4.75,59.0,4.8,7.4526315789473685,2.625,10.077631578947368,4.8276315789473685,0.34526663405363506,5,True,True,True,True,10.301339125910681,0.432879390839616,0.9973333871937816,0.00044782901611927287,-0.0016840821557233608,0.00025374560773473346,0.0016840821557233608,0.00025374560773473346,1607.145301202876,87.58022090879814,2.5,49.516202782443415,236,2.5
4.75,60.0,4.8,7.578947368421052,2.5,10.078947368421051,5.078947368421052,0.32892325121282556,5,True,True,True,True,10.302654915384364,0.432879390839616,0.9973418770059213,0.0004473549780525979,-0.0016790232516414297,0.00025352273008472017,0.0016790232516414297,0.00025352273008472017,1608.066592483725,87.8172546871957,2.5,49.49989925503269,237,2.5
4.75,61.0,4.8,7.705263157894737,2.375,10.080263157894738,5.330263157894737,0.3125851111428187,5,True,True,True,True,10.30397070485805,0.432879390839616,0.9973503397886735,0.0004468806849944577,-0.0016739795442709108,0.0002532996192478862,0.0016739795442709108,0.0002532996192478862,1608.9884118920675,88.05478087502549,2.5,49.48359572762197,238,2.5
4.75,62.0,4.8,7.831578947368421,2.25,10.08157894736842,5.581578947368421,0.2962530812497736,5,True,True,True,True,10.305286494331733,0.432879390839616,0.9973587756280933,0.0004464061313131431,-0.0016689509879615875,0.00025307627192856693,0.0016689509879615875,0.00025307627192856693,1609.9107597306565,88.29279851368338,2.5,49.46729220021124,239,2.5
4.75,63.0,4.8,7.957894736842104,2.1250000000000004,10.082894736842105,5.832894736842103,0.2799282310054948,5,True,True,True,True,10.306602283805418,0.432879390839616,0.997367184609961,0.00044593131153665427,-0.0016639375372003832,0.00025285268491932397,0.0016639375372003832,0.00025285268491932397,1610.8336363024093,88.53130665294498,2.5,49.45098867280052,240,2.5
4.75,64.0,4.8,8.08421052631579,2.0,10.08421052631579,6.08421052631579,0.26361189426846865,5,True,True,True,True,10.307918073279103,0.432879390839616,0.9973755668197845,0.00044545622035054396,-0.0016589391466109403,0.00025262885509979644,0.0016589391466109403,0.00025262885509979644,1611.7570419104215,88.77030435091315,2.5,49.4346851453898,241,2.5
4.75,65.0,4.8,8.210526315789474,1.875,10.085526315789474,6.335526315789474,0.2473057561154187,5,True,True,True,True,10.309233862752787,0.432879390839616,0.9973839223427988,0.00044498085259575104,-0.0016539557709532007,0.0002524047794355487,0.0016539557709532007,0.0002524047794355487,1612.6809768579635,89.00979067397586,2.5,49.41838161797907,242,2.5
4.75,66.0,4.8,8.336842105263159,1.7500000000000002,10.086842105263159,6.586842105263159,0.23101197617849056,5,True,True,True,True,10.310549652226472,0.432879390839616,0.9973922512639682,0.0004445052032664766,-0.0016489873651230143,0.0002521804549769535,0.0016489873651230143,0.0002521804549769535,1613.605441448473,89.24976469674965,2.5,49.40207809056835,243,2.5
4.75,67.0,4.8,8.463157894736844,1.6250000000000002,10.088157894736844,6.8381578947368435,0.214733367667971,5,True,True,True,True,10.311865441700157,0.432879390839616,0.997400553667986,0.0004440292675080581,-0.001644033884151719,0.0002519558788580592,0.001644033884151719,0.0002519558788580592,1614.5304359855718,89.49022550204039,2.5,49.385774563157625,244,2.5
4.75,68.0,4.8,8.589473684210526,1.5,10.089473684210526,7.089473684210526,0.19847366365396815,5,True,True,True,True,10.31318123117384,0.432879390839616,0.9974088296392759,0.00044355304061492187,-0.0016390952832057361,0.00025173104829549563,0.0016390952832057361,0.00025173104829549563,1615.4559607730464,89.73117218078606,2.5,49.3694710357469,245,2.5
4.75,69.0,4.8,8.715789473684211,1.375,10.090789473684211,7.340789473684211,0.1822379243200847,5,True,True,True,True,10.314497020647524,0.432879390839616,0.9974170792619931,0.00044307651802848923,-0.001634171517586168,0.00025150596058737127,0.001634171517586168,0.00025150596058737127,1616.3820161148624,89.97260383201456,2.5,49.35316750833618,246,2.5
4.75,70.0,4.8,8.842105263157896,1.25,10.092105263157896,7.592105263157896,0.16603318005393175,5,True,True,True,True,10.315812810121209,0.432879390839616,0.9974253026200246,0.0004425996953351372,-0.0016292625427283818,0.0002512806131121877,0.0016292625427283818,0.0002512806131121877,1617.3086023151586,90.21451956279431,2.5,49.33686398092546,247,2.5
4.75,71.0,4.8,8.968421052631578,1.125,10.093421052631578,7.843421052631578,0.14986948528374183,5,True,True,True,True,10.317128599594891,0.432879390839616,0.9974334997969906,0.00044212256826420195,-0.0016243683142016234,0.0002510550033277709,0.0016243683142016234,0.0002510550033277709,1618.2357196782496,90.4569184881846,2.5,49.32056045351473,248,2.5
4.75,72.0,4.8,9.094736842105263,1.0,10.094736842105263,8.094736842105263,0.13376172203463155,5,True,True,True,True,10.318444389068576,0.432879390839616,0.9974416708762447,0.0004416451326859592,-0.0016194887877086063,0.0002508291287702135,0.0016194887877086063,0.0002508291287702135,1619.1633685086194,90.69979973118792,2.5,49.30425692610401,249,2.5
4.75,73.0,4.8,9.221052631578948,0.8750000000000001,10.096052631578948,8.346052631578948,0.11773284956285703,5,True,True,True,True,10.31976017854226,0.432879390839616,0.9974498159408755,0.0004411673846096547,-0.0016146239190851057,0.00025060298705280657,0.0016146239190851057,0.00025060298705280657,1620.0915491109324,90.94316242270162,2.5,49.28795339869329,250,2.5
4.75,74.0,4.8,9.34736842105263,0.75,10.09736842105263,8.59736842105263,0.10182013245313802,5,True,True,True,True,10.321075968015943,0.432879390839616,0.9974579350737067,0.0004406893201815503,-0.0016097736642995608,0.0002503765758650201,0.0016097736642995608,0.0002503765758650201,1621.0202617900247,91.18700570147156,2.5,49.27164987128256,251,2.5
4.75,75.0,4.8,9.473684210526315,0.625,10.098684210526315,8.848684210526315,0.08608800614152229,5,True,True,True,True,10.322391757489628,0.432879390839616,0.9974660283572987,0.00044021093568299486,-0.0016049379794526968,0.00025014989297146274,0.0016049379794526968,0.00025014989297146274,1621.949506850908,91.4313287140431,2.5,49.25534634387184,252,2.5
4.8,54.0,4.65,6.750000000000002,3.3548387096774195,10.104838709677422,3.3951612903225823,0.41657441340618795,0,True,True,True,True,10.328546256640735,0.432879390839616,0.9974803726054955,0.000439358494767212,-0.0015963652353921639,0.0002497456646296477,0.0015963652353921639,0.0002497456646296477,1623.6051016304089,91.86746613381666,2.5,49.22632220322044,253,2.5
4.75,62.0,4.75,7.831578947368421,2.2736842105263158,10.105263157894736,5.557894736842106,0.29741958396448653,5,True,True,True,True,10.32897070485805,0.432879390839616,0.9975061099079242,0.0004378140911972407,-0.0015809765770323227,0.0002490123298108568,0.0015809765770323227,0.0002490123298108568,1626.603728569835,92.6601104529461,2.5,49.17382870681821,254,2.5
4.7,54.0,4.85,6.893617021276596,3.2164948453608253,10.110111866637421,3.677122175915771,0.43027223653837493,5,True,True,True,True,10.333819413600734,0.432879390839616,0.9975120245146635,0.00043745642713675204,-0.0015774388928611435,0.0002488423188299176,0.0015774388928611435,0.0002488423188299176,1627.2979939137235,92.84412302112821,2.5,49.1616888024271,255,2.5
4.8,52.0,4.65,6.500000000000001,3.6129032258064515,10.112903225806452,2.8870967741935494,0.4328545581217637,1,True,True,True,True,10.336610772769765,0.432879390839616,0.9975273825265364,0.0004365228284759356,-0.0015682506318390136,0.0002483982250325533,0.0015682506318390136,0.0002483982250325533,1629.1098701665596,93.32522078598633,2.5,49.13003076503155,256,2.5
4.7,55.0,4.85,7.0212765957446805,3.0927835051546393,10.11406010089932,3.9284930905900413,0.41403889252472914,5,True,True,True,True,10.337767647862632,0.432879390839616,0.9975357128151341,0.00043601346010015184,-0.0015632655084042906,0.00024815573372165365,0.0015632655084042906,0.00024815573372165365,1630.098206549204,93.58817362311407,2.5,49.11277687947188,257,2.5
4.75,72.0,4.7,9.094736842105263,1.0212765957446808,10.116013437849944,8.073460246360582,0.14374380468097778,5,True,True,True,True,10.339720984813257,0.432879390839616,0.9975679541115974,0.0004340218825408731,-0.0015439622232060306,0.0002472062927842644,0.0015439622232060306,0.0002472062927842644,1633.9609211783986,94.61939161771295,2.5,49.045443716695544,258,2.5
4.75,71.0,4.7,8.968421052631578,1.1489361702127658,10.117357222844344,7.819484882418813,0.15884251862050905,5,True,True,True,True,10.341064769807657,0.432879390839616,0.9975755760145342,0.00043354631433792053,-0.0015393967819712225,0.0002469792635955234,0.0015393967819712225,0.0002469792635955234,1634.882906954332,94.86635284144948,2.5,49.02939559293021,259,2.5
4.75,70.0,4.7,8.842105263157896,1.276595744680851,10.118701007838746,7.565509518477045,0.17417548616643608,5,True,True,True,True,10.34240855480206,0.432879390839616,0.9975831740308311,0.0004330703967161238,-0.0015348448405833374,0.00024675194691218237,0.0015348448405833374,0.00024675194691218237,1635.8054129739014,95.11376745881105,2.5,49.01334746916488,260,2.5
4.75,69.0,4.7,8.715789473684211,1.404255319148936,10.120044792833147,7.311534154535275,0.18968590923678535,5,True,True,True,True,10.34375233979646,0.432879390839616,0.9975907482353475,0.0004325941279402742,-0.0015303063591238098,0.0002465243416151182,0.0015303063591238098,0.0002465243416151182,1636.7284395306635,95.36163476771965,2.5,48.99729934539954,261,2.5
4.75,68.0,4.7,8.589473684210526,1.531914893617021,10.121388577827547,7.0575587905935055,0.20533357803029081,5,True,True,True,True,10.34509612479086,0.432879390839616,0.9975982987027084,0.0004321175063742716,-0.0015257812977921084,0.0002462964466409502,0.0015257812977921084,0.0002462964466409502,1637.6519869183358,95.60995407268027,2.5,48.9812512216342,262,2.5
4.75,67.0,4.7,8.463157894736844,1.6595744680851066,10.12273236282195,6.803583426651737,0.22108935363902318,5,True,True,True,True,10.346439909785262,0.432879390839616,0.9976058255073047,0.00043164053047963104,-0.001521269616905405,0.00024606826098123934,0.001521269616905405,0.00024606826098123934,1638.5760554308044,95.85872468473616,2.5,48.96520309786888,263,2.5
4.75,66.0,4.7,8.336842105263159,1.7872340425531914,10.12407614781635,6.549608062709968,0.2369316699818421,5,True,True,True,True,10.347783694779663,0.432879390839616,0.9976133287232943,0.0004311631988140549,-0.0015167712768981844,0.0002458397836817253,0.0015167712768981844,0.0002458397836817253,1639.500645362126,96.10794592142854,2.5,48.949154974103536,264,2.5
4.75,65.0,4.7,8.210526315789474,1.9148936170212765,10.12541993281075,6.295632698768198,0.25284426058408366,5,True,True,True,True,10.349127479774063,0.432879390839616,0.9976208084246025,0.00043068551003000194,-0.0015122862383219525,0.000245611013841553,0.0015122862383219525,0.000245611013841553,1640.4257570065142,96.35761710675368,2.5,48.933106850338206,265,2.5
4.75,64.0,4.7,8.08421052631579,2.0425531914893615,10.12676371780515,6.041657334826429,0.2688146459966483,5,True,True,True,True,10.350471264768464,0.432879390839616,0.9976282646849232,0.0004302074628732534,-0.0015078144618448498,0.0002453819506125152,0.0015078144618448498,0.0002453819506125152,1641.351390658353,96.60773757112209,2.5,48.917058726572876,266,2.5
4.75,63.0,4.7,7.957894736842104,2.170212765957447,10.128107502799551,5.787681970884657,0.2848331048462568,5,True,True,True,True,10.351815049762864,0.432879390839616,0.9976356975777192,0.00042972905618154396,-0.0015033559082513193,0.0002451525931983043,0.0015033559082513193,0.0002451525931983043,1642.277546612197,96.85830665131705,2.5,48.90101060280753,267,2.5
4.75,62.0,4.7,7.831578947368421,2.2978723404255317,10.129451287793954,5.533706606942889,0.30089195943474134,5,True,True,True,True,10.353158834757267,0.432879390839616,0.997643107176223,0.00042925028888316234,-0.0014989105384417736,0.0002449229408537632,0.0014989105384417736,0.0002449229408537632,1643.2042251627581,97.10932369045264,2.5,48.8849624790422,268,2.5
4.75,61.0,4.7,7.705263157894737,2.425531914893617,10.130795072788354,5.27973124300112,0.31698507032770695,5,True,True,True,True,10.354502619751667,0.432879390839616,0.9976504935534377,0.000428771159995585,-0.001494478313432226,0.0002446929928841616,0.001494478313432226,0.0002446929928841616,1644.1314266049205,97.36078803793384,2.5,48.86891435527687,269,2.5
4.75,60.0,4.7,7.578947368421052,2.553191489361702,10.132138857782754,5.02575587905935,0.333107472583412,5,True,True,True,True,10.355846404746067,0.432879390839616,0.9976578567821377,0.0004282916686241345,-0.001490059194353974,0.0002444627486444596,0.001490059194353974,0.0002444627486444596,1645.0591512337332,97.61269904941402,2.5,48.852866231511534,270,2.5
4.75,59.0,4.7,7.4526315789473685,2.680851063829787,10.133482642777155,4.771780515117582,0.3492551097596423,5,True,True,True,True,10.357190189740468,0.432879390839616,0.9976651969348691,0.000427811813960631,-0.0014856531424532464,0.00024423220753859594,0.0014856531424532464,0.00024423220753859594,1645.9873993444116,97.86505608675508,2.5,48.836818107746204,271,2.5
4.75,58.0,4.7,7.326315789473684,2.808510638297872,10.134826427771555,4.517805151175812,0.3654246365772222,5,True,True,True,True,10.358533974734868,0.432879390839616,0.9976725140839509,0.0004273315952820845,-0.001481260119090865,0.00024400136901877686,0.001481260119090865,0.00024400136901877686,1646.9161712323382,98.11785851798807,2.5,48.82076998398087,272,2.5
4.75,57.0,4.7,7.199999999999999,2.9361702127659575,10.136170212765958,4.263829787234042,0.3816132705554591,5,True,True,True,True,10.35987775972927,0.432879390839616,0.9976798083014752,0.000426851011949382,-0.0014768800857419067,0.000243770232584772,0.0014768800857419067,0.000243770232584772,1647.8454671930615,98.3711057172708,2.5,48.80472186021553,273,2.5
4.75,56.0,4.7,7.0736842105263165,3.063829787234042,10.137513997760358,4.009854423292275,0.39781867908952834,5,True,True,True,True,10.361221544723671,0.432879390839616,0.9976870796593081,0.0004263700634059994,-0.0014725130039953647,0.00024353879778322003,0.0014725130039953647,0.00024353879778322003,1648.7752875222973,98.6247970648477,2.5,48.7886737364502,274,2.5
4.75,55.0,4.7,6.947368421052632,3.1914893617021276,10.138857782754759,3.7558790593505043,0.41403889252472914,5,True,True,True,True,10.362565329718072,0.432879390839616,0.9976943282290911,0.0004258887491767305,-0.0014681588355538132,0.0002433070642069446,0.0014681588355538132,0.0002433070642069446,1649.7056325159274,98.87893194701205,2.5,48.77262561268486,275,2.5
4.75,54.0,4.7,6.821052631578948,3.319148936170213,10.14020156774916,3.501903695408735,0.43027223653837493,5,True,True,True,True,10.363909114712474,0.432879390839616,0.9977015540822405,0.00042540706886641435,-0.001463817542233069,0.0002430750314942714,0.001463817542233069,0.0002430750314942714,1650.6365024700035,99.13350975606365,2.5,48.756577488919525,276,2.5
4.75,66.0,4.65,8.336842105263159,1.8064516129032258,10.143293718166385,6.530390492359933,0.24412951504990307,5,True,True,True,True,10.367001265129698,0.432879390839616,0.9977143484068061,0.000424549558805986,-0.0014561288155561633,0.0002426616520327458,0.0014561288155561633,0.0002426616520327458,1652.293229397136,99.58733509354478,2.5,48.72803802324607,277,2.5
4.7,63.0,4.85,8.042553191489361,2.103092783505155,10.145645974994515,5.939460407984206,0.2848331048462568,5,True,True,True,True,10.369353521957828,0.432879390839616,0.9977172776422122,0.000424352394517205,-0.0014543681547541697,0.00024256655017652003,0.0014543681547541697,0.00024256655017652003,1652.674073155172,99.69179212073635,2.5,48.72148149583015,278,2.5
4.75,65.0,4.65,8.210526315789474,1.9354838709677418,10.146010186757216,6.275042444821732,0.2596012788651634,5,True,True,True,True,10.36971773372053,0.432879390839616,0.9977285393115262,0.0004235914444685542,-0.0014475979682451812,0.00024219931478170265,0.0014475979682451812,0.00024219931478170265,1654.1436435340127,100.09532631560329,2.5,48.69619583156234,279,2.5
4.75,64.0,4.65,8.08421052631579,2.064516129032258,10.148726655348048,6.019694397283532,0.27517979173700174,5,True,True,True,True,10.37243420231136,0.432879390839616,0.9977426421093023,0.00042263188573273377,-0.0014391170995865473,0.0002417357954887371,0.0014391170995865473,0.0002417357954887371,1655.9961299619433,100.6050502396145,2.5,48.66435363987862,280,2.5
4.75,63.0,4.65,7.957894736842104,2.1935483870967745,10.15144312393888,5.764346349745329,0.29084790096281427,5,True,True,True,True,10.375150670902192,0.432879390839616,0.9977566573471633,0.0004216708832033235,-0.0014306859167763182,0.00024127109343337246,0.0014306859167763182,0.00024127109343337246,1657.8506910017006,101.11650240495189,2.5,48.63251144819489,281,2.5
4.7,65.0,4.85,8.297872340425531,1.8556701030927836,10.153542443518315,6.442202237332747,0.25284426058408366,5,True,True,True,True,10.377249990481628,0.432879390839616,0.9977605388334301,0.00042140341779605214,-0.0014283503950436338,0.00024114167172092053,0.0014283503950436338,0.00024114167172092053,1658.3667251125353,101.259019401013,2.5,48.62365764991972,282,2.5
4.75,62.0,4.65,7.831578947368421,2.32258064516129,10.154159592529712,5.508998302207131,0.3065918706205276,5,True,True,True,True,10.377867139493025,0.432879390839616,0.9977705855687417,0.00042070843858216884,-0.001422304128725976,0.0002408052085228246,0.001422304128725976,0.0002408052085228246,1659.707328976656,101.62967843941945,2.5,48.60066925651117,283,2.5
4.75,61.0,4.65,7.705263157894737,2.4516129032258065,10.156876061120544,5.25365025466893,0.3224005872959565,5,True,True,True,True,10.380583608083857,0.432879390839616,0.9977844273142945,0.00041974455463333535,-0.0014139714460523604,0.0002403381412731986,0.0014139714460523604,0.0002403381412731986,1661.5660462127814,102.14457405808116,2.5,48.568827064827445,284,2.5
4.75,67.0,4.6,8.463157894736844,1.6956521739130437,10.158810068649887,6.7675057208238,0.2391458793289157,5,True,True,True,True,10.3825176156132,0.432879390839616,0.9977891823463806,0.0004194117097095774,-0.001411108254694723,0.00024017674267446133,0.001411108254694723,0.00024017674267446133,1662.2077318966772,102.32259609433979,2.5,48.55784244316919,285,2.5
4.7,60.0,4.8,7.659574468085106,2.5,10.159574468085106,5.159574468085106,0.3320663601078636,5,True,True,True,True,10.383282015048419,0.432879390839616,0.997798171511958,0.0004187800529450319,-0.0014056945731985202,0.00023987028968540635,0.0014056945731985202,0.00023987028968540635,1663.4252689006653,102.66074700139028,2.5,48.53701182911263,286,2.5
4.75,60.0,4.65,7.578947368421052,2.5806451612903225,10.159592529711375,4.998302207130729,0.3382649733109015,5,True,True,True,True,10.383300076674688,0.432879390839616,0.997798183120725,0.0004187792351491571,-0.001405687581067686,0.00023986989279109073,0.001405687581067686,0.00023986989279109073,1663.4268450386596,102.66118506210995,2.5,48.536984873143716,287,2.5
4.7,67.0,4.85,8.553191489361703,1.6082474226804127,10.161438912042115,6.94494406668129,0.22108935363902318,5,True,True,True,True,10.385146459005428,0.432879390839616,0.9978029801568006,0.00041844084374919997,-0.0014027980771939765,0.0002397056341781918,0.0014027980771939765,0.0002397056341781918,1664.078985465065,102.84250594248974,2.5,48.52583380400928,288,2.5
4.7,61.0,4.8,7.787234042553192,2.375,10.162234042553191,5.412234042553192,0.31589082613307734,5,True,True,True,True,10.385941589516504,0.432879390839616,0.9978120600145336,0.0004177978248116403,-0.0013973278298764341,0.00023939334246895547,0.0013973278298764341,0.00023939334246895547,1665.3179720171981,103.18737459637678,2.5,48.50466017793657,289,2.5
4.7,62.0,4.8,7.914893617021277,2.25,10.164893617021278,5.664893617021277,0.29973897056748355,5,True,True,True,True,10.38860116398459,0.432879390839616,0.9978258609124183,0.00041681412581707263,-0.0013890108857035773,0.00023891517999951011,0.0013890108857035773,0.00023891517999951011,1667.2128287171572,103.71576443774585,2.5,48.472308526760514,290,2.5
4.75,65.0,4.6,8.210526315789474,1.956521739130435,10.16704805491991,6.254004576659039,0.26877587209009524,5,True,True,True,True,10.390755601883223,0.432879390839616,0.9978297837138551,0.00041653310807447707,-0.0013866463126703994,0.00023877848932516007,0.0013866463126703994,0.00023877848932516007,1667.7540185210676,103.86689021315175,2.5,48.46307532568473,291,2.5
4.7,63.0,4.8,8.042553191489361,2.1250000000000004,10.167553191489361,5.917553191489361,0.28361483889376354,5,True,True,True,True,10.391260738452674,0.432879390839616,0.9978395747581976,0.00041582896299035985,-0.0013807434442736645,0.00023843580519687448,0.0013807434442736645,0.00023843580519687448,1669.1098414509618,104.24591238762899,2.5,48.43995687558446,292,2.5
4.7,69.0,4.85,8.808510638297872,1.3608247422680413,10.169335380565913,7.44768589602983,0.18968590923678535,5,True,True,True,True,10.393042927529226,0.432879390839616,0.9978446171501133,0.0004154647904942095,-0.0013777028747340436,0.00023825847435851428,0.0013777028747340436,0.00023825847435851428,1669.8109217540693,104.44213074190901,2.5,48.428009958098855,293,2.5
4.7,64.0,4.8,8.170212765957446,2.0,10.170212765957446,6.170212765957446,0.267523444069263,5,True,True,True,True,10.39392031292076,0.432879390839616,0.9978532021009712,0.0004148423443186438,-0.0013725252109446388,0.0002379552215354588,0.0013725252109446388,0.0002379552215354588,1671.0090126718233,104.77781439506727,2.5,48.4076052244084,294,2.5
4.7,65.0,4.8,8.297872340425531,1.875,10.172872340425531,6.422872340425531,0.25147107057212115,5,True,True,True,True,10.396579887388844,0.432879390839616,0.997866743486375,0.00041385427871456945,-0.001364355892828163,0.0002374734330265432,0.001364355892828163,0.0002374734330265432,1672.910344835745,105.31146649482649,2.5,48.37525357323234,295,2.5
4.75,63.0,4.6,7.957894736842104,2.2173913043478266,10.175286041189931,5.740503432494277,0.29906545591866335,5,True,True,True,True,10.398993588153244,0.432879390839616,0.9978696394427021,0.00041364196962034204,-0.00136260842500591,0.00023736984432418346,0.00136260842500591,0.00023736984432418346,1673.3188114336474,105.42626059711583,2.5,48.36830820820026,296,2.5
4.7,66.0,4.8,8.425531914893616,1.7500000000000002,10.175531914893616,6.675531914893616,0.23546569912571402,5,True,True,True,True,10.39923946185693,0.432879390839616,0.9978801994566037,0.0004128647759844175,-0.0013562351987791745,0.00023699044420095365,0.0013562351987791745,0.00023699044420095365,1674.81384040152,105.84686480622226,2.5,48.342901922056285,297,2.5
4.7,71.0,4.85,9.063829787234042,1.1134020618556701,10.177231849089711,7.950427725378372,0.15884251862050908,5,True,True,True,True,10.400939396053024,0.432879390839616,0.9978854650566923,0.00041247546100048235,-0.0013530566101481642,0.0002368002780154637,0.0013530566101481642,0.0002368002780154637,1675.5626017535035,106.05778022941051,2.5,48.33018611218842,298,2.5
4.7,54.0,4.75,6.893617021276596,3.28421052631579,10.177827547592386,3.6094064949608065,0.43027223653837493,5,True,True,True,True,10.4015350945557,0.432879390839616,0.9978949380435638,0.00041177206755119703,-0.0013473370972011762,0.00023645650089937478,0.0013473370972011762,0.00023645650089937478,1676.9152023571464,106.43923068218557,2.5,48.30723002349017,299,2.5
4.7,55.0,4.75,7.0212765957446805,3.1578947368421053,10.179171332586787,3.8633818589025752,0.41403889252472914,5,True,True,True,True,10.4028788795501,0.432879390839616,0.9979015351961851,0.0004112799168193213,-0.0013433530694521188,0.00023621581774676894,0.0013433530694521188,0.00023621581774676894,1677.8614256994433,106.70641463879647,2.5,48.29118189972483,300,2.5
4.7,56.0,4.75,7.148936170212766,3.0315789473684207,10.180515117581187,4.117357222844345,0.39781867908952834,5,True,True,True,True,10.4042226645445,0.432879390839616,0.9979081116736798,0.00041078741968880814,-0.0013393808223310412,0.00023597484269267846,0.0013393808223310412,0.00023597484269267846,1678.808182961769,106.9740258951883,2.5,48.275133775959496,301,2.5
4.7,57.0,4.75,7.27659574468085,2.905263157894737,10.181858902575588,4.371332586786113,0.3816132705554591,5,True,True,True,True,10.4055664495389,0.432879390839616,0.9979146675408425,0.0004102945776949614,-0.0013354203210030463,0.0002357335764878252,0.0013354203210030463,0.0002357335764878252,1679.7554744453957,107.24206401120875,2.5,48.259085652194166,302,2.5
4.7,58.0,4.75,7.404255319148935,2.7789473684210524,10.183202687569988,4.6253079507278825,0.3654246365772222,5,True,True,True,True,10.406910234533301,0.432879390839616,0.9979212028622648,0.0004098013924197957,-0.001331471530736243,0.00023549201991034466,0.001331471530736243,0.00023549201991034466,1680.7033004517655,107.5105285515437,2.5,48.24303752842883,303,2.5
4.7,59.0,4.75,7.531914893617021,2.6526315789473682,10.184546472564389,4.879283314669653,0.34925510975964236,5,True,True,True,True,10.408254019527702,0.432879390839616,0.9979277177023362,0.0004093078654911485,-0.0013275344169014407,0.00023525017376531567,0.0013275344169014407,0.00023525017376531567,1681.6516612824903,107.77941908568296,2.5,48.2269894046635,304,2.5
4.7,60.0,4.75,7.659574468085106,2.526315789473684,10.185890257558789,5.133258678611422,0.33310747258341206,5,True,True,True,True,10.409597804522102,0.432879390839616,0.997934212125244,0.00040881399858186645,-0.0013236089449718466,0.00023500803888431516,0.0013236089449718466,0.00023500803888431516,1682.6005572393526,108.04873518788851,2.5,48.21094128089816,305,2.5
4.7,61.0,4.75,7.787234042553192,2.4,10.187234042553191,5.387234042553192,0.316985070327707,5,True,True,True,True,10.410941589516504,0.432879390839616,0.9979406861949746,0.0004083197934089735,-0.0013196950805227624,0.00023476561612495035,0.0013196950805227624,0.00023476561612495035,1683.5499886243063,108.31847643716134,2.5,48.194893157132825,306,2.5
4.7,62.0,4.75,7.914893617021277,2.2736842105263158,10.188577827547594,5.641209406494961,0.3008919594347414,5,True,True,True,True,10.412285374510907,0.432879390839616,0.9979471399753137,0.00040782525173283917,-0.0013157927892312815,0.0002345229063704224,0.0013157927892312815,0.0002345229063704224,1684.49995573947,108.588642417209,2.5,48.178845033367494,307,2.5
4.7,63.0,4.75,8.042553191489361,2.1473684210526316,10.189921612541992,5.89518477043673,0.2848331048462568,5,True,True,True,True,10.413629159505305,0.432879390839616,0.9979535735298473,0.00040733037535639047,-0.0013119020368759903,0.00023427991052908548,0.0013119020368759903,0.00023427991052908548,1685.4504588871428,108.8592327164127,2.5,48.16279690960216,308,2.5
4.7,64.0,4.75,8.170212765957446,2.0210526315789474,10.191265397536394,6.149160134378499,0.26881464599664834,5,True,True,True,True,10.414972944499707,0.432879390839616,0.9979599869219618,0.00040683516612431144,-0.0013080227893366631,0.00023403662953399638,0.0013080227893366631,0.00023403662953399638,1686.4014983697843,109.13024692779612,2.5,48.14674878583682,309,2.5
4.7,65.0,4.75,8.297872340425531,1.894736842105263,10.192609182530795,6.403135498320268,0.25284426058408366,5,True,True,True,True,10.416316729494108,0.432879390839616,0.9979663802148453,0.00040633962592223616,-0.0013041550125939766,0.00023379306434250188,0.0013041550125939766,0.00023379306434250188,1687.353074490031,109.40168464899352,2.5,48.13070066207149,310,2.5
4.7,66.0,4.75,8.425531914893616,1.7684210526315791,10.193952967525195,6.657110862262037,0.2369316699818421,5,True,True,True,True,10.417660514488508,0.432879390839616,0.9979727534714876,0.00040584375667600286,-0.001300298672729187,0.00023354921593579756,0.001300298672729187,0.00023354921593579756,1688.3051875506867,109.6735454822169,2.5,48.11465253830616,311,2.5
4.7,67.0,4.75,8.553191489361703,1.642105263157895,10.195296752519598,6.911086226203809,0.22108935363902318,5,True,True,True,True,10.41900429948291,0.432879390839616,0.9979791067546815,0.0004053475603508619,-0.0012964537359238548,0.00023330508531851623,0.0012964537359238548,0.00023330508531851623,1689.2578378547319,109.9458290342246,2.5,48.098604414540816,312,2.5
4.7,68.0,4.75,8.680851063829788,1.5157894736842104,10.196640537513998,7.165061590145578,0.20533357803029081,5,True,True,True,True,10.420348084477311,0.432879390839616,0.9979854401270224,0.00040485103895072087,-0.001292620168459546,0.00023306067351830368,0.001292620168459546,0.00023306067351830368,1690.2110257053096,110.21853491629183,2.5,48.08255629077549,313,2.5
4.7,69.0,4.75,8.808510638297872,1.3894736842105262,10.197984322508397,7.419036954087345,0.18968590923678535,5,True,True,True,True,10.42169186947171,0.432879390839616,0.99799175365091,0.00040435419451740316,-0.001288797936717516,0.00023281598158541816,0.001288797936717516,0.00023281598158541816,1691.1647514057395,110.491662744179,2.5,48.06650816701015,314,2.5
4.7,70.0,4.75,8.936170212765957,1.263157894736842,10.199328107502799,7.673012318029114,0.17417548616643608,5,True,True,True,True,10.423035654466112,0.432879390839616,0.9979980473885484,0.00040385702912990685,-0.001284987007178447,0.00023257101059231505,0.001284987007178447,0.00023257101059231505,1692.1190152595111,110.76521213809693,2.5,48.05046004324482,315,2.5
4.75,56.0,4.6,7.0736842105263165,3.130434782608696,10.204118993135012,3.9432494279176207,0.3867223181627897,0,True,True,True,True,10.427826540098325,0.432879390839616,0.9980034580334085,0.0004034281154197155,-0.0012817102587204632,0.00023235957258712175,0.0012817102587204632,0.00023235957258712175,1692.942217022577,111.00140548996785,2.5,48.03662329700463,316,2.5
4.75,55.0,4.6,6.947368421052632,3.2608695652173916,10.208237986270024,3.6864988558352403,0.3946331023481653,0,True,True,True,True,10.431945533233337,0.432879390839616,0.9980218760982905,0.0004019575355564375,-0.0012705522942956639,0.00023163395336298637,0.0012705522942956639,0.00023163395336298637,1695.7642840588317,111.8126119652734,2.5,47.9892397382624,317,2.5
4.75,61.0,4.55,7.705263157894737,2.5054945054945055,10.210757663389241,5.199768652400231,0.33284058021543655,0,True,True,True,True,10.434465210352554,0.432879390839616,0.9980242769949785,0.0004017646275007218,-0.0012690973601119679,0.00023153869009154228,0.0012690973601119679,0.00023153869009154228,1696.1344389905348,111.91918467935137,2.5,47.983030549395,318,2.5
4.75,54.0,4.6,6.821052631578948,3.3913043478260874,10.212356979405035,3.429748283752861,0.4030557151247666,0,True,True,True,True,10.436064526368348,0.432879390839616,0.9980401242568445,0.0004004842494658379,-0.00125949146584154,0.00023090594907489685,0.00125949146584154,0.00023090594907489685,1698.591055368085,112.62747818595504,2.5,47.94185617952016,319,2.5
4.7,65.0,4.7,8.297872340425531,1.9148936170212765,10.212765957446807,6.382978723404255,0.25691979767464745,5,True,True,True,True,10.43647350441012,0.432879390839616,0.9980599100674984,0.0003988682052987609,-0.001247492029190344,0.0002301062033738951,0.001247492029190344,0.0002301062033738951,1701.6913191212698,113.52381177945765,2.5,47.88997880559147,320,2.5
4.65,54.0,4.8,6.967741935483872,3.2500000000000004,10.217741935483872,3.7177419354838714,0.4334792735970526,5,True,True,True,True,10.441449482447185,0.432879390839616,0.9980643586295187,0.00039850215971119047,-0.0012447931735311527,0.00022992488191349224,0.0012447931735311527,0.00022992488191349224,1702.3935073361367,113.72720411777188,2.5,47.87824206857588,321,2.5
4.75,52.0,4.6,6.56842105263158,3.6521739130434785,10.220594965675058,2.9162471395881013,0.4213117934648019,0,True,True,True,True,10.444302512638371,0.432879390839616,0.9980761171100416,0.0003975297990039249,-0.0012376578417272713,0.00022944291157842996,0.0012376578417272713,0.00022944291157842996,1704.258742185994,114.26815410766883,2.5,47.84708906203569,322,2.5
4.65,55.0,4.8,7.096774193548386,3.125,10.221774193548386,3.971774193548386,0.41737068371604313,5,True,True,True,True,10.445481740511699,0.432879390839616,0.9980825007536086,0.0003969989548606976,-0.0012337830594881189,0.00022917959877832674,0.0012337830594881189,0.00022917959877832674,1705.2770140469615,114.56388275313226,2.5,47.83009634948143,323,2.5
4.75,51.0,4.6,6.442105263157895,3.782608695652174,10.224713958810069,2.6594965675057214,0.43108551483959573,0,True,True,True,True,10.448421505773382,0.432879390839616,0.9980938648962066,0.00039604876059512207,-0.0012268833768479365,0.00022870794500743223,0.0012268833768479365,0.00022870794500743223,1707.099673417556,115.09394672081727,2.5,47.79970550329347,324,2.5
4.65,56.0,4.8,7.225806451612903,3.0,10.225806451612904,4.225806451612903,0.40128516610389453,5,True,True,True,True,10.449513998576217,0.432879390839616,0.9981004728375911,0.0003954931717757991,-0.0012228703291822535,0.00022843196717025227,0.0012228703291822535,0.00022843196717025227,1708.1654048288958,115.40430983351958,2.5,47.78195063038699,325,2.5
4.75,50.0,4.6,6.315789473684211,3.91304347826087,10.22883295194508,2.4027459954233406,0.43337965447939264,1,True,True,True,True,10.452540498908393,0.432879390839616,0.9981114489593532,0.000394565267599966,-0.001216202709373284,0.00022797072649028557,0.001216202709373284,0.00022797072649028557,1709.9453403679781,115.92336489081974,2.5,47.752321944551234,326,2.5
4.65,57.0,4.8,7.354838709677418,2.8750000000000004,10.229838709677418,4.479838709677418,0.38522561099507274,5,True,True,True,True,10.453546256640731,0.432879390839616,0.9981182764751956,0.00039398488063331497,-0.001212054121260784,0.00022768202456013278,0.001212054121260784,0.00022768202456013278,1711.058687954564,116.24847699655335,2.5,47.73380491129254,327,2.5
4.7,66.0,4.65,8.425531914893616,1.8064516129032258,10.231983527796842,6.61908030199039,0.24834810739236698,5,True,True,True,True,10.455691074760155,0.432879390839616,0.9981420274805156,0.0003919465234959181,-0.0011976156975990959,0.00022666684553556915,0.0011976156975990959,0.00022666684553556915,1714.9691603121755,117.39307255687251,2.5,47.668861854734004,328,2.5
4.7,65.0,4.65,8.297872340425531,1.9354838709677418,10.233356211393273,6.362388469457789,0.2635723549906137,5,True,True,True,True,10.457063758356586,0.432879390839616,0.9981477582304211,0.0003914501482051481,-0.001194130371021435,0.00022641934136048033,0.001194130371021435,0.00022641934136048033,1715.9215324185375,117.6724611007753,2.5,47.65306778681561,329,2.5
4.7,64.0,4.65,8.170212765957446,2.064516129032258,10.234728894989704,6.105696636925188,0.2789291668278695,5,True,True,True,True,10.458436441953017,0.432879390839616,0.9981534713043416,0.00039095352424257,-0.0011906551875150238,0.00022617159991351966,0.0011906551875150238,0.00022617159991351966,1716.8744334047476,117.95224988804783,2.5,47.63727371889722,330,2.5
4.7,63.0,4.65,8.042553191489361,2.1935483870967745,10.236101578586135,5.849004804392587,0.2943977986013904,5,True,True,True,True,10.459809125549448,0.432879390839616,0.998159166756797,0.00039045665430574025,-0.0011871901175612854,0.00022592362265503942,0.0011871901175612854,0.00022592362265503942,1717.8278635645083,118.23243865999217,2.5,47.62147965097883,331,2.5
4.7,62.0,4.65,7.914893617021277,2.32258064516129,10.237474262182566,5.592312971859987,0.3099615096386391,5,True,True,True,True,10.461181809145879,0.432879390839616,0.9981648446421392,0.0003899595411110103,-0.001183735131727543,0.00022567541105731665,0.001183735131727543,0.00022567541105731665,1718.781823191683,118.51302716135832,2.5,47.60568558306044,332,2.5
4.7,61.0,4.65,7.787234042553192,2.4516129032258065,10.238846945778999,5.335621139327385,0.32560666611058114,5,True,True,True,True,10.462554492742312,0.432879390839616,0.9981705050145523,0.00038946218739303114,-0.001180290200666774,0.0002254269666042979,0.001180290200666774,0.0002254269666042979,1719.7363125803038,118.79401514032256,2.5,47.58989151514205,333,2.5
4.7,60.0,4.65,7.659574468085106,2.5806451612903225,10.240219629375428,5.078929306794784,0.3413220685743814,5,True,True,True,True,10.463927176338741,0.432879390839616,0.9981761479280534,0.0003889645959043122,-0.00117685529511737,0.00022517829079133495,0.00117685529511737,0.00022517829079133495,1720.691332024561,119.07540234846262,2.5,47.57409744722366,334,2.5
4.7,59.0,4.65,7.531914893617021,2.7096774193548385,10.241592312971859,4.822237474262183,0.35709844286723785,5,True,True,True,True,10.465299859935172,0.432879390839616,0.9981817734364931,0.0003884667694147482,-0.001173430385902873,0.00022492938512492863,0.001173430385902873,0.00022492938512492863,1721.6468818188096,119.35718854073546,2.5,47.55830337930527,335,2.5
4.7,58.0,4.65,7.404255319148935,2.8387096774193545,10.24296499656829,4.56554564172958,0.37292805099989595,5,True,True,True,True,10.466672543531603,0.432879390839616,0.9981873815935555,0.0003879687107111677,-0.0011700154439317353,0.00022468025112248535,0.0011700154439317353,0.00022468025112248535,1722.6029622575686,119.63937347545358,2.5,47.54250931138688,336,2.5
4.7,57.0,4.65,7.27659574468085,2.967741935483871,10.24433768016472,4.308853809196979,0.38880439101046704,5,True,True,True,True,10.468045227128034,0.432879390839616,0.9981929724527596,0.0003874704225968973,-0.0011666104401970782,0.00022443089031205234,0.0011666104401970782,0.00022443089031205234,1723.5595736355203,119.92195691426517,2.5,47.52671524346849,337,2.5
4.7,56.0,4.65,7.148936170212766,3.0967741935483866,10.245710363761152,4.0521619766643795,0.40472196337426913,5,True,True,True,True,10.469417910724465,0.432879390839616,0.998198546067459,0.0003869719078913087,-0.0011632153457764311,0.0002241813042320859,0.0011632153457764311,0.0002241813042320859,1724.5167162475104,120.2049386221266,2.5,47.510921175550095,338,2.5
4.7,55.0,4.65,7.0212765957446805,3.225806451612903,10.247083047357584,3.7954701441317775,0.4206760876590091,5,True,True,True,True,10.470790594320897,0.432879390839616,0.9982041024908427,0.0003864731694293944,-0.001159830131831503,0.0002239314944311988,0.001159830131831503,0.0002239314944311988,1725.4743903885487,120.48831836728506,2.5,47.4951271076317,339,2.5
4.7,54.0,4.65,6.893617021276596,3.3548387096774195,10.248455730954015,3.538778311599177,0.432879495260719,0,True,True,True,True,10.472163277917328,0.432879390839616,0.998209641775936,0.0003859742100613277,-0.0011564547696079213,0.0002236814624679229,0.0011564547696079213,0.0002236814624679229,1726.4325963538074,120.77209592125374,2.5,47.47933303971332,340,2.5
4.7,53.0,4.65,6.76595744680851,3.483870967741936,10.249828414550446,3.2820864790665745,0.4411811094834392,0,True,True,True,True,10.47353596151376,0.432879390839616,0.9982151639756003,0.0003854750326520505,-0.0011530892304349985,0.00022343120991047202,0.0011530892304349985,0.00022343120991047202,1727.3913344386265,121.05627105878918,2.5,47.463538971794925,341,2.5
4.65,54.0,4.75,6.967741935483872,3.28421052631579,10.251952461799661,3.683531409168082,0.43427733237397,5,True,True,True,True,10.475660008762974,0.432879390839616,0.9982183688205392,0.0003851845238327586,-0.0011511357476469315,0.0002232855180042498,0.0011511357476469315,0.0002232855180042498,1727.949350581379,121.22178029402461,2.5,47.45435035589707,342,2.5
4.65,63.0,4.8,8.129032258064514,2.1250000000000004,10.254032258064514,6.004032258064514,0.28965493387624486,5,True,True,True,True,10.477739805027827,0.432879390839616,0.9982216483111446,0.0003848866321490646,-0.0011491365595529097,0.0002231360845371945,0.0011491365595529097,0.0002231360845371945,1728.5215909620651,121.39159254420717,2.5,47.44493059672585,343,2.5
4.65,55.0,4.75,7.096774193548386,3.1578947368421053,10.25466893039049,3.938879456706281,0.4181994839800984,5,True,True,True,True,10.478376477353804,0.432879390839616,0.9982294304181988,0.0003841772403444286,-0.0011443917266561524,0.00022278006872867415,0.0011443917266561524,0.00022278006872867415,1729.8844925097212,121.7963753024734,2.5,47.42250816421334,344,2.5
4.7,64.0,4.6,8.170212765957446,2.0869565217391304,10.257169287696577,6.083256244218315,0.2874876093619556,5,True,True,True,True,10.48087683465989,0.432879390839616,0.9982411301384896,0.0003831040507005928,-0.0011372560619898034,0.0002222410537391076,0.0011372560619898034,0.0002222410537391076,1731.9468510912245,122.40980941213772,2.5,47.388611845961094,345,2.5
4.7,63.0,4.6,8.042553191489361,2.2173913043478266,10.259944495837187,5.825161887141535,0.3025189403173093,5,True,True,True,True,10.4836520428005,0.432879390839616,0.9982518771579886,0.0003821111155884211,-0.001130699084476751,0.00022174189507317074,0.001130699084476751,0.00022174189507317074,1733.8555845282788,122.97852221908657,2.5,47.3572764109842,346,2.5
4.65,65.0,4.8,8.387096774193548,1.875,10.262096774193548,6.512096774193548,0.258264018424567,5,True,True,True,True,10.485804321156861,0.432879390839616,0.9982548278886719,0.00038183728820066786,-0.0011288983846766399,0.00022160416312129005,0.0011288983846766399,0.00022160416312129005,1734.3820746834042,123.13555544012183,2.5,47.34863915853695,347,2.5
4.7,62.0,4.6,7.914893617021277,2.3478260869565215,10.262719703977798,5.567067530064755,0.31768503724101815,5,True,True,True,True,10.48642725094111,0.432879390839616,0.9982625585112147,0.00038111741115463957,-0.0011241799119537437,0.00022124191699005104,0.0011241799119537437,0.00022124191699005104,1735.7664215306559,123.54879358974951,2.5,47.325940976007296,348,2.5
4.7,61.0,4.6,7.787234042553192,2.4782608695652177,10.26549491211841,5.308973172987974,0.3329674855673004,5,True,True,True,True,10.489202459081723,0.432879390839616,0.9982731745994012,0.00038012296068682896,-0.0011176983264518728,0.0002207411323500709,0.0011176983264518728,0.0002207411323500709,1737.6793644166366,124.1206219907476,2.5,47.2946055410304,349,2.5
4.65,60.0,4.75,7.741935483870967,2.526315789473684,10.268251273344651,5.215619694397283,0.33826497331090155,5,True,True,True,True,10.491958820307964,0.432879390839616,0.9982837167242546,0.00037912864859461064,-0.0011112596683091657,0.00022023998824469393,0.0011112596683091657,0.00022023998824469393,1739.5927584070043,124.69350938570634,2.5,47.26329720579472,350,2.5
4.7,60.0,4.6,7.659574468085106,2.608695652173913,10.268270120259018,5.050878815911193,0.34835097233287243,5,True,True,True,True,10.491977667222331,0.432879390839616,0.9982837258213294,0.00037912778763633695,-0.0011112541112589455,0.00022023955412702668,0.0011112541112589455,0.00022023955412702668,1739.5944155070638,124.69400593546226,2.5,47.2632701060535,351,2.5
4.65,67.0,4.8,8.64516129032258,1.6250000000000002,10.27016129032258,7.02016129032258,0.22726765144871394,5,True,True,True,True,10.493868837285893,0.432879390839616,0.9982873884185881,0.0003787807412459798,-0.0011090166371709224,0.00022006453820502673,0.0011090166371709224,0.00022006453820502673,1740.262428141763,124.89423192471986,2.5,47.252347720348055,352,2.5
4.65,61.0,4.75,7.870967741935484,2.4,10.270967741935484,5.470967741935484,0.3224005872959565,5,True,True,True,True,10.494675288898797,0.432879390839616,0.9982943725969656,0.000378116666312692,-0.0011047492645235107,0.00021972949971298545,0.0011047492645235107,0.00021972949971298545,1741.5409398649283,125.27775672954195,2.5,47.23145501411099,353,2.5
4.65,62.0,4.75,8.0,2.2736842105263158,10.273684210526316,5.726315789473684,0.3065918706205277,5,True,True,True,True,10.497391757489629,0.432879390839616,0.9983049623106545,0.00037710398715869967,-0.00109827700245996,0.00021921821905198017,0.00109827700245996,0.00021921821905198017,1743.491303104177,125.86360738701052,2.5,47.19961282242727,354,2.5
4.65,63.0,4.75,8.129032258064514,2.1473684210526316,10.276400679117145,5.981663837011883,0.2908479009628143,5,True,True,True,True,10.500108226080458,0.432879390839616,0.9983154862760821,0.00037609063619055606,-0.0010918426586621754,0.0002187061601959993,0.0010918426586621754,0.0002187061601959993,1745.4438505681417,126.451059942637,2.5,47.16777063074355,355,2.5
4.65,64.0,4.75,8.258064516129032,2.0210526315789474,10.279117147707979,6.237011884550085,0.2751797917370018,5,True,True,True,True,10.502824694671292,0.432879390839616,0.9983259449014592,0.0003750766385952468,-0.0010854460109829636,0.00021819333717457652,0.0010854460109829636,0.00021819333717457652,1747.3985847029503,127.0401130282026,2.5,47.13592843905982,356,2.5
4.65,65.0,4.75,8.387096774193548,1.894736842105263,10.281833616298812,6.492359932088285,0.2596012788651634,5,True,True,True,True,10.505541163262125,0.432879390839616,0.998336338592462,0.00037406201967810505,-0.0010790868385765898,0.00021767976410637399,0.0010790868385765898,0.00021767976410637399,1749.3555079574699,127.6307653221133,2.5,47.10408624737609,357,2.5
4.65,66.0,4.75,8.516129032258064,1.7684210526315791,10.284550084889643,6.747707979626485,0.2441295150499031,5,True,True,True,True,10.508257631852956,0.432879390839616,0.9983466677522478,0.0003730468048524027,-0.0010727649218911703,0.00021716545519326013,0.0010727649218911703,0.00021716545519326013,1751.3146227833101,128.22301554877677,2.5,47.072244055692366,358,2.5
4.65,54.0,4.7,6.967741935483872,3.319148936170213,10.286890871654085,3.6485929993136588,0.43666275744643185,5,True,True,True,True,10.510598418617398,0.432879390839616,0.9983579938328492,0.00037192562904403713,-0.0010658302756516433,0.00021659696415471188,0.0010658302756516433,0.00021659696415471188,1753.47948759267,128.87854863367525,2.5,47.037099137998375,359,2.5
4.65,55.0,4.7,7.096774193548386,3.1914893617021276,10.288263555250513,3.9052848318462585,0.42067608765900916,5,True,True,True,True,10.511971102213826,0.432879390839616,0.9983630584538747,0.00037142155733826065,-0.0010627284738011402,0.00021634120407511257,0.0010627284738011402,0.00021634120407511257,1754.453245600515,129.17377717264796,2.5,47.02130507007998,360,2.5
4.65,56.0,4.7,7.225806451612903,3.063829787234042,10.289636238846946,4.1619766643788605,0.4047219633742692,5,True,True,True,True,10.513343785810259,0.432879390839616,0.9983681074535302,0.00037091735538298493,-0.0010596356988801022,0.0002160852721263757,0.0010596356988801022,0.0002160852721263757,1755.4275443644194,129.46939808094243,2.5,47.0055110021616,361,2.5
4.65,57.0,4.7,7.354838709677418,2.9361702127659575,10.291008922443375,4.418668496911461,0.3888043910104671,5,True,True,True,True,10.514716469406688,0.432879390839616,0.9983731408799983,0.00037041302631483594,-0.0010565519246181656,0.00021582917007061624,0.0010565519246181656,0.00021582917007061624,1756.402384184679,129.76541122115574,2.5,46.989716934243205,362,2.5
4.65,58.0,4.7,7.483870967741934,2.808510638297872,10.292381606039806,4.675360329444063,0.372928050999896,5,True,True,True,True,10.516089153003119,0.432879390839616,0.998378158781313,0.000369908573274579,-0.0010534771248214255,0.00021557289967361512,0.0010534771248214255,0.00021557289967361512,1757.3777653617615,130.06181645852226,2.5,46.97392286632481,363,2.5
4.65,59.0,4.7,7.612903225806451,2.680851063829787,10.293754289636238,4.932052161976664,0.35709844286723785,5,True,True,True,True,10.517461836599551,0.432879390839616,0.9983831612053603,0.00036940399940682675,-0.0010504112733721995,0.0002153164627046549,0.0010504112733721995,0.0002153164627046549,1758.3536881962962,130.3586136608934,2.5,46.95812879840642,364,2.5
4.65,60.0,4.7,7.741935483870967,2.553191489361702,10.29512697323267,5.188743994509265,0.3413220685743814,5,True,True,True,True,10.518834520195982,0.432879390839616,0.9983881481998785,0.0003688993078597822,-0.0010473543442288205,0.00021505986093637712,0.0010473543442288205,0.00021505986093637712,1759.3301529890812,130.6558026987225,2.5,46.942334730488035,365,2.5
4.65,61.0,4.7,7.870967741935484,2.425531914893617,10.296499656829102,5.445435827041867,0.32560666611058114,5,True,True,True,True,10.520207203792415,0.432879390839616,0.9983931198124586,0.0003683945017849696,-0.0010443063114254016,0.00021480309614461905,0.0010443063114254016,0.00021480309614461905,1760.307160041082,130.95338344504674,2.5,46.926540662569636,366,2.5
4.65,62.0,4.7,8.0,2.2978723404255317,10.297872340425531,5.702127659574469,0.3099615096386391,5,True,True,True,True,10.521579887388844,0.432879390839616,0.9983980760905447,0.00036788958433697506,-0.0010412671490716294,0.00021454617010827366,0.0010412671490716294,0.00021454617010827366,1761.2847096534285,131.25135577546865,2.5,46.91074659465125,367,2.5
4.65,63.0,4.7,8.129032258064514,2.170212765957447,10.29924502402196,5.958819492107067,0.2943977986013904,5,True,True,True,True,10.522952570985273,0.432879390839616,0.9984030170814348,0.00036738455867319257,-0.0010382368313525331,0.00021428908460913377,0.0010382368313525331,0.00021428908460913377,1762.2628021274243,131.54971956814262,2.5,46.894952526732865,368,2.5
4.65,64.0,4.7,8.258064516129032,2.0425531914893615,10.300617707618393,6.215511324639671,0.2789291668278695,5,True,True,True,True,10.524325254581706,0.432879390839616,0.9984079428322807,0.00036687942795356253,-0.0010352153325282644,0.00021403184143175275,0.0010352153325282644,0.00021403184143175275,1763.2414377645339,131.84847470375612,2.5,46.87915845881447,369,2.5
4.7,58.0,4.55,7.404255319148935,2.901098901098901,10.305354220247835,4.503156418050034,0.3612396761382164,0,True,True,True,True,10.529061767211148,0.432879390839616,0.9984125881915934,0.0003664015232801134,-0.0010323653438960812,0.00021378836768874273,0.0010323653438960812,0.00021378836768874273,1764.1676442905675,132.13143180002706,2.5,46.8642186093072,370,2.5
4.7,57.0,4.55,7.27659574468085,3.0329670329670333,10.309562777647884,4.243628711713816,0.3682394029378865,0,True,True,True,True,10.533270324611197,0.432879390839616,0.9984269988159274,0.00036490948373965734,-0.001023521229559482,0.0002130276352804916,0.001023521229559482,0.0002130276352804916,1767.0613525363997,133.01675659225972,2.5,46.81759314583974,371,2.5
4.7,56.0,4.55,7.148936170212766,3.1648351648351647,10.31377133504793,3.984101005377601,0.3758242967900329,0,True,True,True,True,10.537478882011243,0.432879390839616,0.9984412786197067,0.0003634166637956885,-0.0010147528813834379,0.0002122656052259406,0.0010147528813834379,0.0002122656052259406,1769.959807240109,133.90548710184365,2.5,46.770967682372266,372,2.5
4.7,55.0,4.55,7.0212765957446805,3.296703296703297,10.317979892447978,3.7245732990413836,0.3839596803851393,0,True,True,True,True,10.541687439411291,0.432879390839616,0.9984554287905281,0.0003619231450204068,-0.001006059650290965,0.00021150232382302774,0.001006059650290965,0.00021150232382302774,1772.8630161871602,134.79762069543568,2.5,46.724342218904795,373,2.5
4.6,59.0,4.8,7.695652173913044,2.625,10.320652173913043,5.070652173913044,0.359995639175082,5,True,True,True,True,10.544359720876356,0.432879390839616,0.9984565671230372,0.00036180237450404327,-0.0010053601145684772,0.00021144056361824544,0.0010053601145684772,0.00021144056361824544,1773.0979319877783,134.86989320319765,2.5,46.72057281665167,374,2.5
4.7,54.0,4.55,6.893617021276596,3.428571428571429,10.322188449848024,3.4650455927051675,0.39261133476665927,0,True,True,True,True,10.545895996811337,0.432879390839616,0.9984694505052079,0.0003604290090215739,-0.0009974408927656178,0.00021073783748766698,0.0009974408927656178,0.00021073783748766698,1775.7709871757856,135.6931549212597,2.5,46.67771675543733,375,2.5
4.65,55.0,4.65,7.096774193548386,3.225806451612903,10.322580645161288,3.870967741935483,0.4247716734979001,5,True,True,True,True,10.546288192124601,0.432879390839616,0.9984847201173135,0.0003587856335136283,-0.0009880500051530163,0.00020989597108053847,0.0009880500051530163,0.00020989597108053847,1778.973724788699,136.68169171999742,2.5,46.62645337212021,376,2.5
4.6,54.0,4.75,7.043478260869567,3.28421052631579,10.327688787185357,3.7592677345537773,0.4398231995281906,5,True,True,True,True,10.55139633414867,0.432879390839616,0.9984880763508055,0.00035842212634484973,-0.0009859851891123148,0.0002097096104077923,0.0009859851891123148,0.0002097096104077923,1779.6827860804365,136.90085990017562,2.5,46.61511653473764,377,2.5
4.6,61.0,4.8,7.9565217391304355,2.375,10.331521739130435,5.5815217391304355,0.32878148266366425,5,True,True,True,True,10.555229286093748,0.432879390839616,0.9984945440058427,0.00035771927525512175,-0.0009820054381180765,0.00020934912990440286,0.0009820054381180765,0.00020934912990440286,1781.0544396858318,137.32515434692675,2.5,46.593198644345755,378,2.5
4.6,55.0,4.75,7.173913043478262,3.1578947368421053,10.331807780320368,4.016018306636156,0.4239557215448136,5,True,True,True,True,10.55551532728368,0.432879390839616,0.9985020238201466,0.0003569025488564966,-0.0009774016675335182,0.00020893000185662973,0.0009774016675335182,0.00020893000185662973,1782.6494461796945,137.81907006405402,2.5,46.56773297599541,379,2.5
4.6,56.0,4.75,7.304347826086957,3.0315789473684207,10.335926773455377,4.272768878718536,0.40812982093938743,5,True,True,True,True,10.55963432041869,0.432879390839616,0.9985158426243259,0.0003553826166380289,-0.000968892870041355,0.00020814931040917135,0.000968892870041355,0.00020814931040917135,1785.621051582807,138.74078516456404,2.5,46.52034941725317,380,2.5
4.6,57.0,4.75,7.434782608695651,2.905263157894737,10.34004576659039,4.5295194508009144,0.39235052895531225,5,True,True,True,True,10.563753313553702,0.432879390839616,0.9985295339502773,0.0003538624149387063,-0.0009604581461232104,0.00020736758499236333,0.0009604581461232104,0.00020736758499236333,1788.5976105333993,139.66600341909265,2.5,46.472965858510946,381,2.5
4.6,63.0,4.8,8.217391304347826,2.1250000000000004,10.342391304347826,6.092391304347826,0.2979053979843513,5,True,True,True,True,10.56609885131114,0.432879390839616,0.9985315864498079,0.0003536332805140471,-0.0009591932945414185,0.0002072496810652214,0.0009591932945414185,0.0002072496810652214,1789.0466510038643,139.80575084173634,2.5,46.46582447203984,382,2.5
4.6,58.0,4.75,7.565217391304348,2.7789473684210524,10.3441647597254,4.786270022883295,0.37662370388104116,5,True,True,True,True,10.567872306688713,0.432879390839616,0.9985430989739851,0.0003523420287935551,-0.0009520968509295119,0.00020658487451146777,0.0009520968509295119,0.00020658487451146777,1791.579131288839,140.5947232198151,2.5,46.425582299768706,383,2.5
4.6,59.0,4.75,7.695652173913044,2.6526315789473682,10.348283752860413,5.043020594965675,0.3609562037154911,5,True,True,True,True,10.571991299823726,0.432879390839616,0.9985565388605854,0.00035082154298228595,-0.0009438083452244564,0.00020580122782577333,0.0009438083452244564,0.00020580122782577333,1794.5656221202535,141.52694313037372,2.5,46.37819874102648,384,2.5
4.65,60.0,4.6,7.741935483870967,2.608695652173913,10.35063113604488,5.133239831697054,0.35328600850213976,5,True,True,True,True,10.574338683008193,0.432879390839616,0.9985740972219648,0.0003488136446896114,-0.0009329733527232082,0.00020476502564650476,0.0009329733527232082,0.00020476502564650476,1798.5170840228548,142.76335384161925,2.5,46.31562603095006,385,2.5
4.65,59.0,4.6,7.612903225806451,2.739130434782609,10.35203366058906,4.873772791023843,0.36855060331748907,5,True,True,True,True,10.575741207552372,0.432879390839616,0.9985784250303956,0.00034831495553176494,-0.0009303015734565294,0.00020450743419456286,0.0009303015734565294,0.00020450743419456286,1799.4998683169813,143.07139041752814,2.5,46.300084663891546,386,2.5
4.65,58.0,4.6,7.483870967741934,2.869565217391304,10.353436185133239,4.6143057503506295,0.383908297032065,5,True,True,True,True,10.577143732096552,0.432879390839616,0.9985827397033405,0.0003478162796474071,-0.0009276374454313683,0.00020424975590764533,0.0009276374454313683,0.00020424975590764533,1800.4831896451867,143.37980320392606,2.5,46.28454329683304,387,2.5
4.65,57.0,4.6,7.354838709677418,3.0000000000000004,10.354838709677418,4.354838709677418,0.39934834890919413,5,True,True,True,True,10.578546256640731,0.432879390839616,0.9985870412806676,0.00034731761998872755,-0.0009249809467366688,0.0002039919924987718,0.0009249809467366688,0.0002039919924987718,1801.4670483009322,143.6885921693821,2.5,46.26900192977453,388,2.5
4.65,56.0,4.6,7.225806451612903,3.130434782608696,10.3562412342216,4.095371669004207,0.40764525016263875,0,True,True,True,True,10.579948781184912,0.432879390839616,0.9985913298021236,0.0003468189795032789,-0.0009223320555241288,0.00020373414567943055,0.0009223320555241288,0.00020373414567943055,1802.4514445778325,143.9977572843043,2.5,46.25346056271603,389,2.5
4.65,55.0,4.6,7.096774193548386,3.2608695652173916,10.357643758765779,3.8359046283309945,0.415157541282699,0,True,True,True,True,10.581351305729092,0.432879390839616,0.9985956053073352,0.0003463203611338564,-0.0009196907500080051,0.00020347621715949472,0.0009196907500080051,0.00020347621715949472,1803.4363787696693,144.30729852093114,2.5,46.23791919565751,390,2.5
4.65,54.0,4.6,6.967741935483872,3.3913043478260874,10.35904628330996,3.5764375876577845,0.4231718422930517,0,True,True,True,True,10.582753830273273,0.432879390839616,0.9985998678358081,0.0003458217678183717,-0.0009170570084649545,0.00020321820864716022,0.0009170570084649545,0.00020321820864716022,1804.4218511703784,144.61721585331708,2.5,46.22237782859901,391,2.5
4.6,54.0,4.7,7.043478260869567,3.319148936170213,10.36262719703978,3.724329324699354,0.4421787072780465,5,True,True,True,True,10.586334744003093,0.432879390839616,0.9986065645994195,0.0003450354230499258,-0.0009129182792282987,0.0002028111080907228,0.0009129182792282987,0.0002028111080907228,1805.9772751810474,145.10679512872866,2.5,46.19786531683894,392,2.5
4.6,55.0,4.7,7.173913043478262,3.1914893617021276,10.36540240518039,3.982423681776134,0.426398893241356,5,True,True,True,True,10.589109952143703,0.432879390839616,0.9986150787469118,0.00034403032318195965,-0.0009076547463897199,0.00020229042035713733,0.0009076547463897199,0.00020229042035713733,1807.9675956169947,145.73400837758476,2.5,46.16652988186205,393,2.5
4.6,56.0,4.7,7.304347826086957,3.063829787234042,10.368177613320999,4.240518038852915,0.41066715606058174,5,True,True,True,True,10.591885160284312,0.432879390839616,0.9986235408713914,0.00034302537975408994,-0.0009024215610406953,0.0002017694392305973,0.0009024215610406953,0.0002017694392305973,1809.960109533164,146.36275018098755,2.5,46.13519444688515,394,2.5
4.6,57.0,4.7,7.434782608695651,2.9361702127659575,10.370952821461609,4.498612395929694,0.3949892402311525,5,True,True,True,True,10.594660368424922,0.432879390839616,0.9986319512907286,0.0003420206165822829,-0.0008972185482093683,0.0002012481786156974,0.0008972185482093683,0.0002012481786156974,1811.9548193469345,146.99302041518393,2.5,46.103859011908256,395,2.5
4.6,58.0,4.7,7.565217391304348,2.808510638297872,10.37372802960222,4.756706753006476,0.3793718184735708,5,True,True,True,True,10.597435576565532,0.432879390839616,0.9986403103208511,0.0003410160573875433,-0.0008920455339326955,0.00020072665238053892,0.0008920455339326955,0.00020072665238053892,1813.9517274783493,147.6248189850935,2.5,46.07252357693135,396,2.5
4.6,59.0,4.7,7.695652173913044,2.680851063829787,10.376503237742831,5.014801110083257,0.36382268116153627,5,True,True,True,True,10.600210784706144,0.432879390839616,0.9986486182757568,0.0003400117257924325,-0.0008869023452506485,0.000200204874354602,0.0008869023452506485,0.000200204874354602,1815.9508363501136,148.25814582395535,2.5,46.04118814195446,397,2.5
4.6,60.0,4.7,7.82608695652174,2.553191489361702,10.379278445883442,5.272895467160039,0.34835097233287243,5,True,True,True,True,10.602985992846754,0.432879390839616,0.9986568754675246,0.00033900764531769853,-0.0008817888102004077,0.0001996828583266777,0.0008817888102004077,0.0001996828583266777,1817.9521483876074,148.8930008929857,2.5,46.00985270697756,398,2.5
4.65,58.0,4.55,7.483870967741934,2.901098901098901,10.384969868840836,4.582772066643033,0.37349280274129243,0,True,True,True,True,10.608677415804149,0.432879390839616,0.9986729842473928,0.0003370317374264626,-0.0008718077942019303,0.00019865452353730597,0.0008718077942019303,0.00019865452353730597,1821.898576792318,150.14730521402367,2.5,45.94816267004054,399,2.5
4.65,57.0,4.55,7.354838709677418,3.0329670329670333,10.387805742644451,4.321871676710385,0.38026704821632074,0,True,True,True,True,10.611513289607764,0.432879390839616,0.998680962526937,0.00033604467403391557,-0.0008668619114788893,0.0001981402900889419,0.0008668619114788893,0.0001981402900889419,1823.8741290625098,150.77640028141298,2.5,45.91733127449146,400,2.5
4.65,56.0,4.55,7.225806451612903,3.1648351648351647,10.390641616448068,4.060971286777738,0.38761665617053304,0,True,True,True,True,10.614349163411381,0.432879390839616,0.9986888928394965,0.00033505794272584567,-0.0008619440874128974,0.00019762587857405546,0.0008619440874128974,0.00019762587857405546,1825.8518234973747,151.40697492067454,2.5,45.88649987894239,401,2.5
4.6,55.0,4.65,7.173913043478262,3.225806451612903,10.399719495091166,3.9481065918653586,0.4304400307076116,5,True,True,True,True,10.623427042054479,0.432879390839616,0.9987180096205164,0.0003313864640961048,-0.0008438733871878326,0.00019570876682825566,0.0008438733871878326,0.00019570876682825566,1833.2359987006348,153.7683663274527,2.5,45.77167818390228,402,2.5
4.6,56.0,4.65,7.304347826086957,3.0967741935483866,10.401122019635343,4.207573632538571,0.41486156359079895,5,True,True,True,True,10.624829566598656,0.432879390839616,0.9987219006352882,0.0003308899598469095,-0.0008414567657344871,0.0001954491417820774,0.0008414567657344871,0.0001954491417820774,1834.2377548490488,154.08956304617496,2.5,45.75613681684377,403,2.5
4.6,57.0,4.65,7.434782608695651,2.967741935483871,10.402524544179522,4.46704067321178,0.39934834890919413,5,True,True,True,True,10.626232091142835,0.432879390839616,0.9987257798403022,0.00033039356872650947,-0.0008390470648208087,0.00019518948850878298,0.0008390470648208087,0.00019518948850878298,1835.2400583985525,154.4111359003271,2.5,45.74059544978527,404,2.5
4.6,58.0,4.65,7.565217391304348,2.8387096774193545,10.403927068723702,4.726507713884994,0.383908297032065,5,True,True,True,True,10.627634615687015,0.432879390839616,0.9987296472714026,0.0003298972934631577,-0.0008366442646282708,0.00019492980862990475,0.0008366442646282708,0.00019492980862990475,1836.2429096482674,154.73308491667404,2.5,45.72505408272676,405,2.5
4.55,56.0,4.75,7.384615384615385,3.0315789473684207,10.416194331983807,4.353036437246964,0.41569536648924277,5,True,True,True,True,10.63990187894712,0.432879390839616,0.9987447006593067,0.00032795229452262917,-0.000827287778243575,0.00019391123480743332,0.000827287778243575,0.00019391123480743332,1840.18093284333,155.9992548951168,2.5,45.66410782178134,406,2.5
4.55,57.0,4.75,7.5164835164835155,2.905263157894737,10.421746674378252,4.6112203585887785,0.400214473191716,5,True,True,True,True,10.645454221341565,0.432879390839616,0.9987599946738865,0.00032595424391840727,-0.0008177752279915786,0.0001928634940898018,0.0008177752279915786,0.0001928634940898018,1844.2393748073923,157.30734599366667,2.5,45.60143423454854,407,2.5
4.6,56.0,4.6,7.304347826086957,3.130434782608696,10.434782608695652,4.173913043478262,0.4201933621733088,0,True,True,True,True,10.658490155658965,0.432879390839616,0.9988118231453043,0.00031901396817978574,-0.0007854891395444917,0.00018921335491231794,0.0007854891395444917,0.00018921335491231794,1858.4448127920284,161.91120489295955,2.5,45.38314400743958,408,2.5
4.55,55.0,4.7,7.252747252747253,3.1914893617021276,10.44423661444938,4.061257891045125,0.4336458268426697,5,True,True,True,True,10.667944161412693,0.432879390839616,0.9988251261880261,0.0003171892414264703,-0.000777189408560571,0.00018825091193852526,0.000777189408560571,0.00018825091193852526,1862.209151224002,163.1376890253309,2.5,45.32557831488079,409,2.5
4.55,56.0,4.7,7.384615384615385,3.063829787234042,10.448445171849427,4.320785597381343,0.41818680042236583,5,True,True,True,True,10.67215271881274,0.432879390839616,0.9988357917664568,0.0003157131603994242,-0.0007705313470214619,0.00018747152891029586,0.0007705313470214619,0.00018747152891029586,1865.2636738447957,164.13487782761842,2.5,45.27895285141332,410,2.5
5.2,58.0,4.55,6.692307692307692,2.901098901098901,9.593406593406593,3.7912087912087906,0.301438246295025,1,True,True,True,True,9.817114140369906,0.432879390839616,0.9901628410597513,0.001157923801074508,-0.005770165512511197,0.0006102238549880123,0.005770165512511197,0.0006102238549880123,1271.2070047897057,48.98076282572905,3.0,127.844803125,1,3.0
5.0,24.0,5.0,2.88,6.720000000000001,9.600000000000001,-3.8400000000000007,0.38828204356554963,2,True,True,True,True,9.823707546963314,0.432879390839616,0.9918143964457325,0.000883414468404516,-0.004851702393461761,0.0004704338586375363,0.004851702393461761,0.0004704338586375363,1313.8330865583162,46.4144245109316,3.0,125.0,2,3.0
4.95,25.0,5.0,3.0303030303030303,6.6,9.630303030303029,-3.5696969696969694,0.4135603454362771,2,True,True,True,True,9.854010577266342,0.432879390839616,0.9924055180752768,0.0008016013132605713,-0.004520505197020029,0.0004286845760600466,0.004520505197020029,0.0004286845760600466,1331.624920305762,46.00882646329906,3.0,123.8398046875,3,3.0
4.95,26.0,5.0,3.151515151515152,6.480000000000001,9.631515151515153,-3.3284848484848495,0.41776290382319564,2,True,True,True,True,9.855222698478466,0.432879390839616,0.992428253758814,0.0007986450690916784,-0.00450773820484508,0.00042717621915206984,0.00450773820484508,0.00042717621915206984,1332.341583545266,46.001534772046185,3.0,123.79339687500001,4,3.0
4.95,27.0,5.0,3.2727272727272734,6.36,9.632727272727273,-3.087272727272727,0.4225600764699244,2,True,True,True,True,9.856434819690586,0.432879390839616,0.9924509213782869,0.0007957120355522125,-0.004495007269721734,0.0004256797540009882,0.004495007269721734,0.0004256797540009882,1333.0586324836192,45.99495569528428,3.0,123.7469890625,5,3.0
4.95,28.0,5.0,3.393939393939394,6.24,9.633939393939395,-2.846060606060606,0.4279318667309225,2,True,True,True,True,9.857646940902708,0.432879390839616,0.9924735211374598,0.0007928020880473849,-0.0044823122898162305,0.00042419512013826385,0.0044823122898162305,0.00042419512013826385,1333.776067328399,45.98909189868544,3.0,123.70058125,6,3.0
4.95,29.0,5.0,3.5151515151515147,6.12,9.635151515151515,-2.6048484848484854,0.43385693128428826,2,True,True,True,True,9.858859062114828,0.432879390839616,0.9924960532394865,0.000789915101941501,-0.0044696531635824,0.0004227222570302959,0.0044696531635824,0.0004227222570302959,1334.4938882872957,45.983946021119046,3.0,123.6541734375,7,3.0
4.95,30.0,5.0,3.6363636363636362,6.0,9.636363636363637,-2.3636363636363638,0.4403129353142958,2,True,True,True,True,9.86007118332695,0.432879390839616,0.9925185178869131,0.0007870509525587558,-0.004457029789760861,0.000421261104078759,0.004457029789760861,0.000421261104078759,1335.212095568111,45.97952067422784,3.0,123.60776562500001,8,3.0
5.05,24.0,4.95,2.8514851485148514,6.787878787878788,9.63936393639364,-3.9363936393639367,0.35277068455549887,2,True,True,True,True,9.863071483356952,0.432879390839616,0.9925524275174918,0.0007827545213195592,-0.004437971158823087,0.0004190693897865692,0.004437971158823087,0.0004190693897865692,1336.3010367236793,45.97419422777777,3.0,123.53744999999999,9,3.0
5.05,63.0,4.7,7.485148514851485,2.170212765957447,9.655361280808933,5.314935748894038,0.3126505976826482,5,True,True,True,True,9.879068827772246,0.432879390839616,0.9925787519000623,0.0007794415305785711,-0.004423172363606097,0.0004173794601177674,0.004423172363606097,0.0004173794601177674,1337.1504323887057,45.97119947015031,3.0,123.48264218749999,10,3.0
5.0,32.0,4.95,3.84,5.8181818181818175,9.658181818181816,-1.9781818181818176,0.42317184229305194,2,True,True,True,True,9.88188936514513,0.432879390839616,0.9929115741139046,0.0007392590052565989,-0.004235808983066395,0.0003968933347610056,0.004235808983066395,0.0003968933347610056,1348.2061252352232,46.02587898801027,3.0,122.772425,11,3.0
5.0,31.0,4.95,3.72,5.939393939393939,9.659393939393938,-2.2193939393939384,0.4151575412826992,2,True,True,True,True,9.883101486357251,0.432879390839616,0.9929327948119484,0.0007368050216288103,-0.004223846041363102,0.00039564308001486864,0.004223846041363102,0.00039564308001486864,1348.9317122638952,46.03560083642697,3.0,122.7260171875,12,3.0
5.0,30.0,4.95,3.6,6.0606060606060606,9.66060606060606,-2.4606060606060605,0.40764525016263903,2,True,True,True,True,9.884313607569373,0.432879390839616,0.9929539519813565,0.000734371375080218,-0.004211916885879808,0.0003944033110476485,0.004211916885879808,0.0003944033110476485,1349.6576897940836,46.04608913298251,3.0,122.67960937500001,13,3.0
5.0,29.0,4.95,3.4799999999999995,6.181818181818182,9.66181818181818,-2.701818181818182,0.4006632074429707,2,True,True,True,True,9.885525728781493,0.432879390839616,0.9929750458123153,0.0007319579404964881,-0.0042000214211961205,0.00039317396611112136,0.0042000214211961205,0.00039317396611112136,1350.384058035951,46.05734583060209,3.0,122.6332015625,14,3.0
5.0,28.0,4.95,3.3600000000000003,6.303030303030304,9.663030303030304,-2.9430303030303033,0.3942395864685348,2,True,True,True,True,9.886737849993617,0.432879390839616,0.9929960764944418,0.0007295645927728013,-0.004188159552161134,0.0003919549834183733,0.004188159552161134,0.0003919549834183733,1351.1108171997737,46.06937284725417,3.0,122.58679375000001,15,3.0
5.0,27.0,4.95,3.2400000000000007,6.424242424242424,9.664242424242424,-3.184242424242423,0.38840209474375603,2,True,True,True,True,9.887949971205737,0.432879390839616,0.9930170442167854,0.0007271912068176333,-0.004176331183892662,0.0003907463011457739,0.004176331183892662,0.0003907463011457739,1351.8379674959417,46.08217206568579,3.0,122.5403859375,16,3.0
5.0,26.0,4.95,3.12,6.545454545454547,9.665454545454548,-3.4254545454545466,0.3831775212429063,2,True,True,True,True,9.88916209241786,0.432879390839616,0.9930379491678295,0.0007248376575566078,-0.004164536221776502,0.0003895478574350903,0.004164536221776502,0.0003895478574350903,1352.565509134954,46.095745333160764,3.0,122.49397812500001,17,3.0
5.05,34.0,4.9,4.0396039603960405,5.63265306122449,9.672257021620531,-1.5930491008284493,0.41133122663499416,2,True,True,True,True,9.895964568583844,0.432879390839616,0.993087724840077,0.0007192849764549109,-0.00413644376774956,0.0003867209626051391,0.00413644376774956,0.0003867209626051391,1354.3082413805655,46.131382216505926,3.0,122.38291562500001,18,3.0
5.1,25.0,4.9,2.9411764705882355,6.73469387755102,9.675870348139256,-3.793517406962785,0.32226952087021193,2,True,True,True,True,9.899577895102569,0.432879390839616,0.9931081433952721,0.0007170280956190294,-0.0041249166061555235,0.00038557221569536374,0.0041249166061555235,0.00038557221569536374,1355.0274165016745,46.147374517452036,3.0,122.33712500000001,19,3.0
5.05,33.0,4.9,3.920792079207921,5.755102040816326,9.675894120024248,-1.834309961608405,0.40174590742796806,2,True,True,True,True,9.89960166698756,0.432879390839616,0.9931496233859644,0.0007124807469832442,-0.004101493380738767,0.0003832580782487665,0.004101493380738767,0.0003832580782487665,1356.4961791635178,46.182371894296274,3.0,122.24368281250003,20,3.0
5.05,32.0,4.9,3.801980198019802,5.877551020408163,9.679531218427964,-2.075570822388361,0.39261133476665955,2,True,True,True,True,9.903238765391277,0.432879390839616,0.993210967638237,0.0007058478804095236,-0.004066838302843908,0.0003798837873764537,0.004066838302843908,0.0003798837873764537,1358.687651645291,46.24042734510898,3.0,122.10445000000001,21,3.0
5.05,31.0,4.9,3.6831683168316838,5.999999999999999,9.683168316831683,-2.3168316831683153,0.3839596803851395,2,True,True,True,True,9.906875863794996,0.432879390839616,0.9932717625605242,0.000699383007616075,-0.004032476038885937,0.00037659641413911676,0.004032476038885937,0.00037659641413911676,1360.882664536326,46.30559016401024,3.0,121.96521718750003,22,3.0
5.05,30.0,4.9,3.5643564356435644,6.122448979591836,9.686805415235401,-2.558092543948272,0.37582429679003315,2,True,True,True,True,9.910512962198714,0.432879390839616,0.9933320130720059,0.000693082764692727,-0.003998404114768492,0.0003733942819339356,0.003998404114768492,0.0003733942819339356,1363.081223556295,46.3778988966934,3.0,121.82598437500002,23,3.0
5.05,29.0,4.9,3.4455445544554455,6.244897959183674,9.69044251363912,-2.7993534047282282,0.36823940293788676,2,True,True,True,True,9.914150060602433,0.432879390839616,0.9933917240478118,0.0006869437942051576,-0.0039646200772998135,0.0003702757140905185,0.0039646200772998135,0.0003702757140905185,1365.283334434106,46.45738900410843,3.0,121.6867515625,24,3.0
5.05,28.0,4.9,3.326732673267327,6.36734693877551,9.694079612042838,-3.040614265508183,0.3612396761382168,2,True,True,True,True,9.917787159006151,0.432879390839616,0.9934509003194154,0.0006809627465300767,-0.0039311214940160885,0.00036723903459527424,0.0039311214940160885,0.00036723903459527424,1367.489002907923,46.54409283422701,3.0,121.54751875000001,25,3.0
4.95,29.0,4.95,3.5151515151515147,6.181818181818182,9.696969696969695,-2.666666666666667,0.42171557380427704,2,True,True,True,True,9.920677243933008,0.432879390839616,0.9935600494368004,0.0006701993551581222,-0.003869289068031342,0.00036177892704850235,0.003869289068031342,0.00036177892704850235,1371.6196453921377,46.7255200402585,3.0,121.28737500000001,26,3.0
5.05,26.0,4.9,3.0891089108910896,6.612244897959185,9.701353808850275,-3.523135987068095,0.3491335917144329,2,True,True,True,True,9.925061355813588,0.432879390839616,0.9935676678599704,0.0006694610686145168,-0.0038649710627386325,0.000361404644469512,0.0038649710627386325,0.000361404644469512,1371.9110356426047,46.739255370819514,3.0,121.26905312500003,27,3.0
5.05,39.0,4.85,4.633663366336634,5.072164948453608,9.705828314790242,-0.43850158211697376,0.41232115195575253,3,True,True,True,True,9.929535861753555,0.432879390839616,0.9935747168981733,0.0006687794664770533,-0.003860975517874998,0.00036105912764729085,0.003860975517874998,0.00036105912764729085,1372.1810107852655,46.752091308429826,3.0,121.25208124999997,28,3.0
5.0,63.0,4.75,7.56,2.1473684210526316,9.707368421052632,5.412631578947368,0.29906545591866335,5,True,True,True,True,9.931075968015945,0.432879390839616,0.9935915307643511,0.0006671595040782559,-0.0038514440568797673,0.00036023805185163895,0.0038514440568797673,0.00036023805185163895,1372.8263875352154,46.78320451113795,3.0,121.2115234375,29,3.0
5.0,35.0,4.9,4.2,5.5102040816326525,9.710204081632654,-1.3102040816326523,0.4398322971728832,2,True,True,True,True,9.933911628595967,0.432879390839616,0.9937333799444049,0.0006538196793528026,-0.003770975627677007,0.0003534833542681761,0.003770975627677007,0.0003534833542681761,1378.3518381177194,47.07428024188668,3.0,120.86506250000002,30,3.0
5.0,34.0,4.9,4.08,5.63265306122449,9.71265306122449,-1.5526530612244898,0.4302573135280608,2,True,True,True,True,9.936360608187803,0.432879390839616,0.9937704711551169,0.0006504275695240211,-0.0037499175247361584,0.00035176779310903896,0.0037499175247361584,0.00035176779310903896,1379.821011850724,47.15909573226602,3.0,120.77317500000001,31,3.0
5.0,33.0,4.9,3.96,5.755102040816326,9.715102040816326,-1.7951020408163263,0.42110301824429686,2,True,True,True,True,9.93880958777964,0.432879390839616,0.9938073428283588,0.0006470947982530719,-0.0037289770156869904,0.0003500831396339118,0.0037289770156869904,0.0003500831396339118,1381.2917515637625,47.24711163672882,3.0,120.68128750000002,32,3.0
5.0,32.0,4.9,3.84,5.877551020408163,9.717551020408163,-2.037551020408163,0.41239742727930917,2,True,True,True,True,9.941258567371476,0.432879390839616,0.9938439962635411,0.0006438204326238441,-0.0037081534438547937,0.0003484289207643135,0.0037081534438547937,0.0003484289207643135,1382.7640589259995,47.33833058960618,3.0,120.58940000000001,33,3.0
5.0,31.0,4.9,3.72,5.999999999999999,9.719999999999999,-2.279999999999999,0.4041695362107263,2,True,True,True,True,9.943707546963312,0.432879390839616,0.993880432752383,0.0006406035436137594,-0.003687446156231926,0.0003468046648713982,0.003687446156231926,0.0003468046648713982,1384.2379356083793,47.43275464249203,3.0,120.49751250000003,34,3.0
5.0,30.0,4.9,3.6,6.122448979591836,9.722448979591837,-2.5224489795918363,0.3964490886571163,2,True,True,True,True,9.94615652655515,0.432879390839616,0.9939166535789583,0.000637443206300469,-0.0036668545034572856,0.00034520990189089803,0.0036668545034572856,0.00034520990189089803,1385.7133832836273,47.530385268762736,3.0,120.40562500000001,35,3.0
5.0,29.0,4.9,3.4799999999999995,6.244897959183674,9.724897959183673,-2.764897959183674,0.38926627867744523,2,True,True,True,True,9.948605506146986,0.432879390839616,0.9939526600197405,0.0006343385000686024,-0.0036463778397959846,0.00034364416343829094,0.0036463778397959846,0.00034364416343829094,1387.1904036262517,47.63122336861451,3.0,120.31373750000002,36,3.0
5.0,28.0,4.9,3.3600000000000003,6.36734693877551,9.727346938775511,-3.00734693877551,0.3826513837107855,2,True,True,True,True,9.951054485738824,0.432879390839616,0.9939884533436478,0.0006312885088161823,-0.003626015523119082,0.0003421069829240411,0.003626015523119082,0.0003421069829240411,1388.6689983125455,47.73526927462757,3.0,120.22185000000002,37,3.0
5.05,33.0,4.85,3.920792079207921,5.814432989690722,9.735225068898643,-1.8936409104828011,0.39215053946573303,2,True,True,True,True,9.958932615861956,0.432879390839616,0.9940165570695105,0.0006289190447811356,-0.0036100228948119394,0.00034091347466664386,0.0036100228948119394,0.00034091347466664386,1389.8372375631054,47.81966299532713,3.0,120.14931874999999,38,3.0
5.0,58.0,4.75,6.959999999999999,2.7789473684210524,9.738947368421051,4.181052631578947,0.37662370388104116,5,True,True,True,True,9.962654915384364,0.432879390839616,0.9940366451097623,0.000627238976953082,-0.00359858904154358,0.00034006759734925637,0.00359858904154358,0.00034006759734925637,1390.6762474549378,47.8814610262774,3.0,120.097265625,39,3.0
5.05,32.0,4.85,3.801980198019802,5.938144329896907,9.74012452791671,-2.1361641318771056,0.38278705784731276,2,True,True,True,True,9.963832074880022,0.432879390839616,0.9940871848682186,0.0006230619265324889,-0.003569812787867576,0.000337965968974058,0.003569812787867576,0.000337965968974058,1392.8019512131395,48.04246187100133,3.0,119.96552499999999,40,3.0
5.0,42.0,4.85,5.04,4.701030927835052,9.741030927835052,0.3389690721649483,0.4395370566144763,3,True,True,True,True,9.964738474798365,0.432879390839616,0.9941444221796558,0.0006184169444691379,-0.003537206242577477,0.00033563143072771535,0.003537206242577477,0.00033563143072771535,1395.2353853020284,48.23453324626302,3.0,119.81495937499999,41,3.0
5.0,41.0,4.85,4.92,4.824742268041238,9.744742268041238,0.09525773195876219,0.4361612426224567,3,True,True,True,True,9.96844981500455,0.432879390839616,0.9941958141372057,0.0006143231502832206,-0.003507914243363012,0.00033357627627478135,0.003507914243363012,0.00033357627627478135,1397.4443302280085,48.4160172739562,3.0,119.6785109375,42,3.0
5.0,40.0,4.85,4.8,4.948453608247423,9.748453608247424,-0.14845360824742304,0.43337965447939264,3,True,True,True,True,9.972161155210737,0.432879390839616,0.9942467550490379,0.000610336352054801,-0.0034788648144594442,0.0003315771110317428,0.0034788648144594442,0.0003315771110317428,1399.6567723686792,48.604546703079116,3.0,119.54206249999999,43,3.0
5.0,39.0,4.85,4.680000000000001,5.072164948453608,9.752164948453608,-0.3921649484536074,0.43120379194697933,3,True,True,True,True,9.97587249541692,0.432879390839616,0.994297248873792,0.0006064536953656975,-0.0034500559471149907,0.00032963246904744797,0.0034500559471149907,0.00032963246904744797,1401.872717260851,48.80010834452265,3.0,119.40561406249998,44,3.0
4.95,69.0,4.75,8.363636363636363,1.3894736842105262,9.753110047846889,6.974162679425837,0.19860349453396423,5,True,True,True,True,9.976817594810202,0.432879390839616,0.9943189889801151,0.0006048030440508699,-0.0034376478484549554,0.0003288064590505925,0.0034376478484549554,0.0003288064590505925,1402.8339298030849,48.88702089489406,3.0,119.34649375000001,45,3.0
4.95,71.0,4.7,8.606060606060604,1.1489361702127658,9.75499677627337,7.457124435847838,0.17541696590322425,5,True,True,True,True,9.978704323236682,0.432879390839616,0.9943277397867681,0.0006041421774056789,-0.003432652593252827,0.00032847587703014783,0.003432652593252827,0.00032847587703014783,1403.222061502861,48.92247156518651,3.0,119.32263281250002,46,3.0
4.95,33.0,4.9,4.0,5.755102040816326,9.755102040816325,-1.7551020408163263,0.4411811094834391,2,True,True,True,True,9.978809587779638,0.432879390839616,0.9943907129351812,0.0005994461114005526,-0.003396692470980361,0.00032612893139661334,0.003396692470980361,0.00032612893139661334,1406.0361541256204,49.18559661507907,3.0,119.14982968750002,47,3.0
4.95,32.0,4.9,3.8787878787878785,5.877551020408163,9.756338899196042,-1.9987631416202842,0.43287949526071895,2,True,True,True,True,9.980046446159355,0.432879390839616,0.9944071701719512,0.0005982360159674586,-0.0033872909850867147,0.0003255247952814892,0.0033872909850867147,0.0003255247952814892,1406.7777268362179,49.256710894190164,3.0,119.10435000000001,48,3.0
4.95,31.0,4.9,3.757575757575758,5.999999999999999,9.757575757575758,-2.2424242424242413,0.42504827183671184,2,True,True,True,True,9.98128330453907,0.432879390839616,0.9944235791243959,0.0005970364966045028,-0.003377915520959176,0.00032492620467571774,0.003377915520959176,0.00032492620467571774,1407.5196906676863,49.328599982754795,3.0,119.05887031250003,49,3.0
4.95,30.0,4.9,3.6363636363636362,6.122448979591836,9.758812615955472,-2.4860853432282,0.4177138964502375,2,True,True,True,True,9.982520162918785,0.432879390839616,0.9944399399341778,0.0005958474523162358,-0.003368566006573769,0.0003243331074283101,0.003368566006573769,0.0003243331074283101,1408.2620458263095,49.4012630633276,3.0,119.01339062500003,50,3.0
4.95,54.0,4.85,6.545454545454547,3.2164948453608253,9.761949390815372,3.3289597000937214,0.43427733237397004,5,True,True,True,True,9.985656937778685,0.432879390839616,0.9944639807376596,0.0005941127937975204,-0.003354824867736978,0.0003234683428596033,0.003354824867736978,0.0003234683428596033,1409.3575601674916,49.50983469818565,3.0,118.94631874999999,51,3.0
4.95,62.0,4.8,7.515151515151516,2.25,9.765151515151516,5.265151515151516,0.3054603973594141,5,True,True,True,True,9.988859062114829,0.432879390839616,0.9944873233003623,0.0005924427161331262,-0.003341479589260143,0.00032263633203620865,0.003341479589260143,0.00032263633203620865,1410.426638758642,49.617321691876256,3.0,118.880915625,52,3.0
5.0,35.0,4.85,4.2,5.567010309278351,9.767010309278351,-1.367010309278351,0.42870356949901645,3,True,True,True,True,9.990717856241664,0.432879390839616,0.994494831265188,0.000591908506697824,-0.0033371864976221737,0.00032237031414744064,0.0033371864976221737,0.00032237031414744064,1410.7716353878718,49.652330870376275,3.0,118.85982031249998,53,3.0
4.95,66.0,4.75,8.0,1.7684210526315791,9.76842105263158,6.231578947368421,0.24412951504990324,5,True,True,True,True,9.992128599594892,0.432879390839616,0.9945099822395718,0.0005908348459069345,-0.0033285220838517515,0.00032183584459931597,0.0033285220838517515,0.00032183584459931597,1411.469526994369,49.723630737299054,3.0,118.8171625,54,3.0
4.95,61.0,4.8,7.393939393939394,2.375,9.768939393939394,5.018939393939394,0.321324785712454,5,True,True,True,True,9.992646940902707,0.432879390839616,0.9945347326502719,0.0005890934349023912,-0.0033143651060524035,0.0003209694788875037,0.0033143651060524035,0.0003209694788875037,1412.6144932235673,49.841993433264946,3.0,118.74722343750001,55,3.0
5.0,34.0,4.85,4.08,5.690721649484537,9.770721649484537,-1.610721649484537,0.421311793464802,2,True,True,True,True,9.99442919644785,0.432879390839616,0.994543147828746,0.0005885048701201571,-0.0033095508842134282,0.00032067680881983174,0.0033095508842134282,0.00032067680881983174,1413.0051773970076,49.88277440725896,3.0,118.72337187499998,56,3.0
4.95,60.0,4.8,7.2727272727272725,2.5,9.772727272727273,4.7727272727272725,0.3372397832305698,5,True,True,True,True,9.996434819690586,0.432879390839616,0.9945817342769318,0.0005858287974248103,-0.0032874706437006846,0.0003193470566535806,0.0032874706437006846,0.0003193470566535806,1414.805741489368,50.07329894902349,3.0,118.61353125000001,57,3.0
5.0,33.0,4.85,3.96,5.814432989690722,9.774432989690723,-1.8544329896907223,0.4119587642502591,2,True,True,True,True,9.998140536654036,0.432879390839616,0.9945910403380329,0.000585188942988471,-0.003282144124400076,0.0003190293467655833,0.003282144124400076,0.0003190293467655833,1415.242255563083,50.120123298377536,3.0,118.58692343749999,58,3.0
4.95,59.0,4.8,7.151515151515151,2.625,9.776515151515152,4.526515151515151,0.3531985486885711,5,True,True,True,True,10.000222698478465,0.432879390839616,0.9946283316867863,0.0005826463401897538,-0.003260794416842658,0.00031776778828606874,0.003260794416842658,0.00031776778828606874,1417.0003888205074,50.31121189161936,3.0,118.4798390625,59,3.0
5.0,32.0,4.85,3.84,5.938144329896907,9.778144329896907,-2.0981443298969076,0.4030557151247667,2,True,True,True,True,10.00185187686022,0.432879390839616,0.994638512514796,0.0005819581133792324,-0.003254964323019978,0.00031742657367699343,0.003254964323019978,0.00031742657367699343,1417.4828754845612,50.364349183818646,3.0,118.45047499999998,60,3.0
4.95,58.0,4.8,7.030303030303029,2.75,9.78030303030303,4.280303030303029,0.3691954064179131,5,True,True,True,True,10.004010577266342,0.432879390839616,0.9946745283561241,0.0005795436354847945,-0.0032343346546033335,0.00031623041370350806,0.0032343346546033335,0.00031623041370350806,1419.1984404896182,50.55570420351278,3.0,118.34614687500002,61,3.0
5.0,31.0,4.85,3.72,6.061855670103093,9.781855670103093,-2.3418556701030924,0.39463310234816534,2,True,True,True,True,10.005563217066406,0.432879390839616,0.9946855680481179,0.0005788098083974379,-0.0032280096006050535,0.0003158671537672117,0.0032280096006050535,0.0003158671537672117,1419.7270427687702,50.61542186508809,3.0,118.31402656249999,62,3.0
4.95,63.0,4.75,7.636363636363636,2.1473684210526316,9.783732057416268,5.488995215311004,0.29084790096281443,5,True,True,True,True,10.00743960437958,0.432879390839616,0.9946945543840139,0.0005782146280090586,-0.0032228604415278574,0.00031557262697402204,0.0032228604415278574,0.00031557262697402204,1420.1582833923603,50.664403444082645,3.0,118.28783125000001,63,3.0
4.95,57.0,4.8,6.909090909090908,2.8750000000000004,9.784090909090908,4.034090909090908,0.38522561099507285,5,True,True,True,True,10.007798456054221,0.432879390839616,0.9947203277313378,0.000576518292234338,-0.0032080896004775088,0.0003147336902938617,0.0032080896004775088,0.0003147336902938617,1421.3999017775125,50.80674619559281,3.0,118.2124546875,64,3.0
5.0,30.0,4.85,3.6,6.185567010309279,9.78556701030928,-2.5855670103092785,0.3867223181627898,2,True,True,True,True,10.009274557272592,0.432879390839616,0.994732210594704,0.0005757414950918992,-0.0032012780932512983,0.0003143497703197314,0.0032012780932512983,0.0003143497703197314,1421.9747630319155,50.87330939217055,3.0,118.17757812499998,65,3.0
4.95,56.0,4.8,6.787878787878788,3.0,9.787878787878789,3.787878787878788,0.4012851661038946,5,True,True,True,True,10.011586334842102,0.432879390839616,0.9947657332291806,0.0005735679567802235,-0.003182057512213175,0.0003132763933866912,0.003182057512213175,0.0003132763933866912,1423.6047779731898,51.064306626385765,3.0,118.0787625,66,3.0
4.95,55.0,4.8,6.666666666666666,3.125,9.791666666666666,3.541666666666666,0.4173706837160432,5,True,True,True,True,10.015374213629979,0.432879390839616,0.9948107482370214,0.000570690313603004,-0.003156236661695854,0.00031185731669428724,0.003156236661695854,0.00031185731669428724,1425.8130743738584,51.32835278176789,3.0,117.94507031250001,67,3.0
4.95,61.0,4.75,7.393939393939394,2.4,9.793939393939393,4.993939393939394,0.3224005872959566,5,True,True,True,True,10.017646940902706,0.432879390839616,0.9948141421006337,0.0005704752426397408,-0.0031542894098519738,0.00031175135176781315,0.0031542894098519738,0.00031175135176781315,1425.980482066881,51.34861633665424,3.0,117.93494375,68,3.0
4.95,54.0,4.8,6.545454545454547,3.2500000000000004,9.795454545454547,3.2954545454545463,0.43347927359705263,5,True,True,True,True,10.01916209241786,0.432879390839616,0.9948553761130977,0.0005678830859829251,-0.0031306253348338605,0.00031047527272104453,0.0031306253348338605,0.00031047527272104453,1428.0247962849414,51.59885055492862,3.0,117.811378125,69,3.0
4.95,60.0,4.75,7.2727272727272725,2.526315789473684,9.799043062200957,4.746411483253588,0.3382649733109016,5,True,True,True,True,10.02275060916427,0.432879390839616,0.9948729212886935,0.0005667917061751609,-0.0031205529553060773,0.00030993860686659897,0.0031205529553060773,0.00030993860686659897,1428.9005262357207,51.707610970124676,3.0,117.75850000000001,70,3.0
4.95,59.0,4.75,7.151515151515151,2.6526315789473682,9.80414673046252,4.498883572567783,0.35417754809041213,5,True,True,True,True,10.027854277425833,0.432879390839616,0.9949310342431203,0.0005632254053009966,-0.003087177326359054,0.00030818753746095597,0.003087177326359054,0.00030818753746095597,1431.8265499099289,52.077756263519255,3.0,117.58205625000002,71,3.0
4.95,63.0,4.7,7.636363636363636,2.170212765957447,9.806576402321083,5.466150870406189,0.2943977986013905,5,True,True,True,True,10.030283949284396,0.432879390839616,0.9949329532382875,0.0005631088966675075,-0.003086074833900712,0.000308130399908965,0.003086074833900712,0.000308130399908965,1431.9238464806474,52.09024175133263,3.0,117.5761953125,72,3.0
4.95,58.0,4.75,7.030303030303029,2.7789473684210524,9.809250398724082,4.251355661881977,0.3701320965489366,5,True,True,True,True,10.032957945687395,0.432879390839616,0.9949884885153497,0.0005597713402527641,-0.0030541586638290607,0.00030649552795643877,0.0030541586638290607,0.00030649552795643877,1434.7585653340082,52.45896648127686,3.0,117.40561250000002,73,3.0
4.95,34.0,4.85,4.121212121212121,5.690721649484537,9.811933770696658,-1.569509528272416,0.4413803877644652,2,True,True,True,True,10.035641317659971,0.432879390839616,0.9950719998209826,0.0005548739094439023,-0.003006126815246989,0.0003041035605575995,0.003006126815246989,0.0003041035605575995,1439.0917768446745,53.04092091097156,3.0,117.14550624999998,74,3.0
4.95,33.0,4.85,4.0,5.814432989690722,9.814432989690722,-1.8144329896907223,0.432461608507833,2,True,True,True,True,10.038140536654035,0.432879390839616,0.9951005833804364,0.0005532301658365444,-0.0029896763077710436,0.00030330269511115573,0.0029896763077710436,0.00030330269511115573,1440.5948460310715,53.247878960326716,3.0,117.05546562499998,75,3.0
4.95,32.0,4.85,3.8787878787878785,5.938144329896907,9.816932208684786,-2.059356451109029,0.42398930279585917,2,True,True,True,True,10.0406397556481,0.432879390839616,0.9951290011485263,0.0005516119548364659,-0.0029733158228433323,0.0003025152709019067,0.0029733158228433323,0.0003025152709019067,1442.0994851082926,53.457647038332475,3.0,116.96542499999998,76,3.0
4.9,60.0,4.85,7.346938775510203,2.4742268041237114,9.821165579633915,4.872711971386492,0.3331074725834121,5,True,True,True,True,10.044873126597228,0.432879390839616,0.9951939089329168,0.0005479742333624722,-0.00293592720213039,0.0003007488966919902,0.00293592720213039,0.0003007488966919902,1445.575344681749,53.9520373378194,3.0,116.75778125000002,77,3.0
4.9,59.0,4.85,7.224489795918367,2.597938144329897,9.822427940248264,4.6265516515884695,0.3492551097596424,5,True,True,True,True,10.046135487211577,0.432879390839616,0.9952077252081701,0.0005472101513298817,-0.002927964975164682,0.00030037855783165756,0.002927964975164682,0.00030037855783165756,1446.3223651784501,54.06005824357585,3.0,116.71322031250001,78,3.0
4.9,58.0,4.85,7.10204081632653,2.7216494845360826,9.823690300862612,4.380391331790447,0.36542463657722224,5,True,True,True,True,10.047397847825925,0.432879390839616,0.995221501765187,0.0005464517733730512,-0.0029200243417378756,0.0003000112217039433,0.0029200243417378756,0.0003000112217039433,1447.0697717080377,54.16875524668376,3.0,116.668659375,79,3.0
4.9,57.0,4.85,6.979591836734692,2.8453608247422686,9.82495266147696,4.134231011992424,0.3816132705554592,5,True,True,True,True,10.048660208440273,0.432879390839616,0.9952352387181469,0.0005456990302192556,-0.002912105243288353,0.00029964685177192544,0.002912105243288353,0.00029964685177192544,1447.8175644699988,54.278126729647724,3.0,116.62409843750001,80,3.0
4.9,56.0,4.85,6.857142857142857,2.9690721649484537,9.826215022091311,3.888070692194403,0.39781867908952845,5,True,True,True,True,10.049922569054624,0.432879390839616,0.9952489361809015,0.0005449518531154974,-0.002904207621413308,0.0002992854117597682,0.002904207621413308,0.0002992854117597682,1448.5657436639249,54.388171067684475,3.0,116.57953750000001,81,3.0
4.9,55.0,4.85,6.73469387755102,3.0927835051546393,9.82747738270566,3.641910372396381,0.41403889252472925,5,True,True,True,True,10.051184929668972,0.432879390839616,0.9952625942669749,0.000544210173828494,-0.0028963314178683274,0.0002989268656529436,0.0028963314178683274,0.0002989268656529436,1449.3143094895092,54.49888662901094,3.0,116.53497656250002,82,3.0
4.9,54.0,4.85,6.612244897959185,3.2164948453608253,9.82873974332001,3.3957500525983595,0.430272236538375,5,True,True,True,True,10.052447290283324,0.432879390839616,0.9952762130895649,0.0005434739246446192,-0.002888476574566949,0.00029857117769842365,0.002888476574566949,0.00029857117769842365,1450.0632621465493,54.610271775117965,3.0,116.490415625,83,3.0
4.9,71.0,4.75,8.693877551020407,1.1368421052631579,9.830719656283565,7.557035445757249,0.15884251862050922,5,True,True,True,True,10.054427203246878,0.432879390839616,0.995282340900159,0.0005431437136938955,-0.0028849418569276628,0.0002984117261098965,0.0028849418569276628,0.0002984117261098965,1450.4010857835046,54.66071307018751,3.0,116.47032343750001,84,3.0
4.9,66.0,4.8,8.081632653061224,1.7500000000000002,9.831632653061224,6.331632653061224,0.2354656991257141,5,True,True,True,True,10.055340200024537,0.432879390839616,0.9952994687554103,0.0005422242159465111,-0.0028750605791655654,0.00029796797089971013,0.0028750605791655654,0.00029796797089971013,1451.3480890501555,54.802771938637186,3.0,116.41402500000002,85,3.0
4.9,65.0,4.8,7.959183673469387,1.875,9.834183673469386,6.084183673469387,0.25147107057212126,5,True,True,True,True,10.0578912204327,0.432879390839616,0.9953261809635491,0.0005408002780059432,-0.0028596458889030003,0.0002972815033732831,0.0028596458889030003,0.0002972815033732831,1452.8331664598143,55.02749379227072,3.0,116.32581250000001,86,3.0
4.9,64.0,4.8,7.83673469387755,2.0,9.836734693877549,5.83673469387755,0.2675234440692631,5,True,True,True,True,10.060442240840862,0.432879390839616,0.9953527413713857,0.0005393964016164703,-0.0028443138447862685,0.00029660559263919344,0.0028443138447862685,0.00029660559263919344,1454.3197634600713,55.254809141547796,3.0,116.23760000000003,87,3.0
4.9,69.0,4.75,8.448979591836734,1.3894736842105262,9.838453276047261,7.059505907626208,0.18968590923678547,5,True,True,True,True,10.062160823010574,0.432879390839616,0.995361501478445,0.0005389359519388096,-0.0028392559688481312,0.0002963840981662864,0.0028392559688481312,0.0002963840981662864,1454.8122691734854,55.330636116013515,3.0,116.20839531250002,88,3.0
4.9,63.0,4.8,7.7142857142857135,2.1250000000000004,9.839285714285714,5.5892857142857135,0.28361483889376365,5,True,True,True,True,10.062993261249026,0.432879390839616,0.9953791508415718,0.0005380120863652411,-0.002829064003706526,0.000295939973897908,0.002829064003706526,0.000295939973897908,1455.807881605835,55.484705000674644,3.0,116.14938750000002,89,3.0
4.9,62.0,4.8,7.591836734693878,2.25,9.841836734693878,5.341836734693878,0.29973897056748366,5,True,True,True,True,10.065544281657191,0.432879390839616,0.9954054102318567,0.0005366468397763167,-0.0028138959249306866,0.00029528438636813506,0.0028138959249306866,0.00029528438636813506,1457.2975224535996,55.71716831213503,3.0,116.06117500000002,90,3.0
4.9,61.0,4.8,7.469387755102041,2.375,9.84438775510204,5.094387755102041,0.3158908261330774,5,True,True,True,True,10.068095302065354,0.432879390839616,0.9954315203951154,0.0005353001772899883,-0.002798809170088643,0.000294638573282219,0.002798809170088643,0.000294638573282219,1458.7886875614563,55.952185954414574,3.0,115.97296250000002,91,3.0
4.9,67.0,4.75,8.204081632653061,1.642105263157895,9.846186895810956,6.5619763694951665,0.2210893536390233,5,True,True,True,True,10.069894442774268,0.432879390839616,0.9954393337714476,0.0005348992543441413,-0.0027942935616819533,0.0002944464691451528,0.0027942935616819533,0.0002944464691451528,1459.236868534461,56.02327219046341,3.0,115.94646718750002,92,3.0
4.9,60.0,4.8,7.346938775510203,2.5,9.846938775510203,4.846938775510203,0.33206636010786367,5,True,True,True,True,10.070646322473516,0.432879390839616,0.9954574821793764,0.0005339716222384432,-0.0027838033031606295,0.00029400228187949264,0.0027838033031606295,0.00029400228187949264,1460.2813784890898,56.189744749552894,3.0,115.88475000000003,93,3.0
4.9,59.0,4.8,7.224489795918367,2.625,9.849489795918366,4.599489795918367,0.34826227317583025,5,True,True,True,True,10.073197342881679,0.432879390839616,0.9954832964278485,0.0005326607058177298,-0.0027688778904646017,0.00029337526339758723,0.0027688778904646017,0.00029337526339758723,1461.7755967977776,56.42983147050873,3.0,115.79653750000001,94,3.0
4.9,58.0,4.8,7.10204081632653,2.75,9.852040816326529,4.35204081632653,0.36447584864016946,5,True,True,True,True,10.075748363289842,0.432879390839616,0.9955089639789492,0.0005313669670563361,-0.002754032500643715,0.0002927572730618419,0.002754032500643715,0.0002927572730618419,1463.2713440503994,56.67243284835053,3.0,115.708325,95,3.0
4.9,65.0,4.75,7.959183673469387,1.894736842105263,9.85392051557465,6.064446831364124,0.25284426058408377,5,True,True,True,True,10.077628062537963,0.432879390839616,0.9955158600673034,0.0005310210001841778,-0.002750043178398212,0.0002925921500337287,0.002750043178398212,0.0002925921500337287,1463.6749246691527,56.738277487045224,3.0,115.68453906250002,96,3.0
4.9,57.0,4.8,6.979591836734692,2.8750000000000004,9.854591836734693,4.104591836734691,0.3807048298727123,5,True,True,True,True,10.078299383698006,0.432879390839616,0.9955344856663311,0.0005300899527803122,-0.0027392667046538576,0.000292148070072795,0.0027392667046538576,0.000292148070072795,1464.7686218114297,56.91753557926074,3.0,115.62011250000002,97,3.0
4.9,56.0,4.8,6.857142857142857,3.0,9.857142857142858,3.8571428571428568,0.39694732730793636,5,True,True,True,True,10.08085040410617,0.432879390839616,0.9955598623189095,0.000528829217575179,-0.0027245800757512233,0.00029154741759187337,0.0027245800757512233,0.00029154741759187337,1466.267431646947,57.165126331358174,3.0,115.53190000000001,98,3.0
4.9,55.0,4.8,6.73469387755102,3.125,9.85969387755102,3.6096938775510203,0.4132017470285926,5,True,True,True,True,10.083401424514333,0.432879390839616,0.9955850947608891,0.0005275843237447684,-0.0027099721894800256,0.00029095508272531214,0.0027099721894800256,0.00029095508272531214,1467.7677751246322,57.41519175132793,3.0,115.44368750000001,99,3.0
4.9,63.0,4.75,7.7142857142857135,2.1473684210526316,9.861654135338345,5.566917293233082,0.2848331048462569,5,True,True,True,True,10.085361682301658,0.432879390839616,0.9955911022801627,0.0005272891789640894,-0.002706493543399338,0.0002908147621946661,0.002706493543399338,0.0002908147621946661,1468.1264785043747,57.475304535107774,3.0,115.42261093750002,100,3.0
4.9,54.0,4.8,6.612244897959185,3.2500000000000004,9.862244897959185,3.3622448979591844,0.429466735335942,5,True,True,True,True,10.085952444922498,0.432879390839616,0.9956101838117907,0.0005263548412669448,-0.002695442623660192,0.00029037083650639706,0.002695442623660192,0.00029037083650639706,1469.269653813767,57.66771847087631,3.0,115.35547500000001,101,3.0
4.85,54.0,4.9,6.680412371134023,3.183673469387755,9.864085840521778,3.4967389017462676,0.430272236538375,5,True,True,True,True,10.08779338748509,0.432879390839616,0.9956420486488392,0.0005248049152364057,-0.002676982274970104,0.0002896353921683113,0.002676982274970104,0.0002896353921683113,1471.1918045487066,57.99409661679966,3.0,115.24270937499998,102,3.0
4.85,55.0,4.9,6.804123711340207,3.061224489795918,9.865348201136126,3.7428992215442887,0.41403889252472925,5,True,True,True,True,10.089055748099439,0.432879390839616,0.9956545766377116,0.0005241990013198996,-0.0026697223059759787,0.0002893482115214471,0.0026697223059759787,0.0002893482115214471,1471.9520626954854,58.124166139212896,3.0,115.1981484375,103,3.0
4.85,56.0,4.9,6.927835051546393,2.9387755102040813,9.866610561750473,3.9890595413423116,0.39781867908952845,5,True,True,True,True,10.090318108713786,0.432879390839616,0.9956670686118394,0.0005235967247351185,-0.002662482025998951,0.00028906293748283385,0.002662482025998951,0.00028906293748283385,1472.7127137158839,58.25485423612329,3.0,115.15358749999999,104,3.0
4.85,57.0,4.9,7.051546391752577,2.816326530612245,9.867872922364821,4.235219861140332,0.3816132705554592,5,True,True,True,True,10.091580469328134,0.432879390839616,0.9956795246747556,0.0005229980334973113,-0.0026552613816424654,0.0002887795423062495,0.0026552613816424654,0.0002887795423062495,1473.473757812925,58.386159183694495,3.0,115.10902656249999,105,3.0
4.85,58.0,4.9,7.175257731958763,2.6938775510204076,9.86913528297917,4.4813801809383556,0.36542463657722224,5,True,True,True,True,10.092842829942484,0.432879390839616,0.9956919449296957,0.0005224028761070735,-0.002648060319654767,0.00028849799849507647,0.002648060319654767,0.00028849799849507647,1474.2351951897365,58.51807925877761,3.0,115.064465625,106,3.0
4.9,60.0,4.75,7.346938775510203,2.526315789473684,9.873254564983888,4.820622986036519,0.3331074725834121,5,True,True,True,True,10.096962111947201,0.432879390839616,0.9957016049776419,0.0005219412149653924,-0.0026424587672940606,0.0002882797287737819,0.0026424587672940606,0.0002882797287737819,1474.829207279524,58.62137109599993,3.0,115.02971875000003,107,3.0
4.9,59.0,4.75,7.224489795918367,2.6526315789473682,9.877121374865736,4.571858216970998,0.3492551097596424,5,True,True,True,True,10.100828921829049,0.432879390839616,0.9957378202811047,0.0005202197931247026,-0.0026214523058390275,0.00028746679857719987,0.0026214523058390275,0.00028746679857719987,1477.0702436064146,59.01402518075123,3.0,114.89875468750003,108,3.0
4.9,64.0,4.7,7.83673469387755,2.0425531914893615,9.879287885366912,5.794181502388188,0.27265156560924636,5,True,True,True,True,10.102995432330225,0.432879390839616,0.9957419362205129,0.0005200250605800301,-0.002619064241993488,0.0002873749310894052,0.002619064241993488,0.0002873749310894052,1477.3263623826886,59.05919641240586,3.0,114.88380000000004,109,3.0
4.9,58.0,4.75,7.10204081632653,2.7789473684210524,9.880988184747583,4.323093447905477,0.36542463657722224,5,True,True,True,True,10.104695731710896,0.432879390839616,0.9957737304594689,0.0005185268550349632,-0.002600612837121333,0.0002866687693094835,0.002600612837121333,0.0002866687693094835,1479.314685238673,59.4119224245871,3.0,114.76779062500002,110,3.0
4.9,63.0,4.7,7.7142857142857135,2.170212765957447,9.88449848024316,5.5440729483282665,0.2884570330971816,5,True,True,True,True,10.108206027206473,0.432879390839616,0.9957892149819216,0.0005178009625735242,-0.0025916237342377226,0.00028632703159803556,0.0025916237342377226,0.00028632703159803556,1480.289442947441,59.58616034427043,3.0,114.71097500000002,111,3.0
4.9,57.0,4.75,6.979591836734692,2.905263157894737,9.884854994629428,4.074328678839955,0.3816132705554592,5,True,True,True,True,10.108562541592741,0.432879390839616,0.9958093380835076,0.0005168611744100338,-0.0025799390336173353,0.0002858849847300862,0.0025799390336173353,0.0002858849847300862,1481.562537350741,59.81501931914552,3.0,114.63682656250002,112,3.0
4.9,56.0,4.75,6.857142857142857,3.0315789473684207,9.888721804511277,3.825563909774436,0.39781867908952845,5,True,True,True,True,10.11242935147459,0.432879390839616,0.9958446457023342,0.0005152215598615441,-0.0025594295783566497,0.0002851148066299966,0.0025594295783566497,0.0002851148066299966,1483.8138051249177,60.22327251674189,3.0,114.5058625,113,3.0
4.9,55.0,4.75,6.73469387755102,3.1578947368421053,9.892588614393127,3.576799140708915,0.41403889252472925,5,True,True,True,True,10.11629616135644,0.432879390839616,0.9958796558435852,0.000513606854412673,-0.0025390831648382742,0.00028435761460729686,0.0025390831648382742,0.00028435761460729686,1486.0684937513781,60.63663886375929,3.0,114.37489843750002,114,3.0
4.9,61.0,4.7,7.469387755102041,2.425531914893617,9.894919669995659,5.0438558402084235,0.32024537020467786,5,True,True,True,True,10.118627216958972,0.432879390839616,0.9958822034759311,0.0005134897662076083,-0.002537602207092467,0.00028430275696268004,0.002537602207092467,0.00028430275696268004,1486.233445191646,60.66705521289913,3.0,114.36532500000003,115,3.0
4.9,54.0,4.75,6.612244897959185,3.28421052631579,9.896455424274976,3.328034371643395,0.430272236538375,5,True,True,True,True,10.120162971238289,0.432879390839616,0.9959143710136009,0.0005120159349938386,-0.002518898496947345,0.00028361280583204615,0.002518898496947345,0.00028361280583204615,1488.326608428187,61.055075432165154,3.0,114.24393437500001,116,3.0
4.85,55.0,4.85,6.804123711340207,3.0927835051546393,9.896907216494846,3.7113402061855676,0.41152234714075303,5,True,True,True,True,10.120614763458159,0.432879390839616,0.9959563363597649,0.0005101052493286983,-0.002494485319955627,0.0002827198749996027,0.002494485319955627,0.0002827198749996027,1491.0867297225386,61.57248045937507,3.0,114.08412499999997,117,3.0
4.8,54.0,4.95,6.750000000000002,3.151515151515152,9.901515151515154,3.59848484848485,0.43347927359705263,5,True,True,True,True,10.125222698478467,0.432879390839616,0.9959605475253336,0.000509914223442451,-0.002492034700158961,0.0002826306950935249,0.002492034700158961,0.0002826306950935249,1491.3655681770128,61.62511037954333,3.0,114.06799687499999,118,3.0
4.85,74.0,4.8,9.154639175257733,0.75,9.904639175257733,8.404639175257733,0.101820132453138,5,True,True,True,True,10.128346722221046,0.432879390839616,0.9960241827269102,0.0005070419470347613,-0.002454985499939283,0.00028129176792920783,0.002454985499939283,0.00028129176792920783,1495.621327441945,62.436434977708174,3.0,113.82221562499997,119,3.0
4.85,73.0,4.8,9.030927835051546,0.8750000000000001,9.905927835051546,8.155927835051546,0.117732849562857,5,True,True,True,True,10.12963538201486,0.432879390839616,0.9960353792614309,0.000506539155135316,-0.0024484632760140676,0.0002810577632601573,0.0024484632760140676,0.0002810577632601573,1496.3784333239219,62.58233863412643,3.0,113.77856406249997,120,3.0
4.85,72.0,4.8,8.907216494845361,1.0,9.907216494845361,7.907216494845361,0.13376172203463155,5,True,True,True,True,10.130924041808674,0.432879390839616,0.9960465442647275,0.0005060384833688362,-0.002441958379851043,0.0002808248531363308,0.002441958379851043,0.0002808248531363308,1497.135922464217,62.72878425217123,3.0,113.73491249999996,121,3.0
4.85,71.0,4.8,8.783505154639174,1.125,9.908505154639174,7.658505154639174,0.14986948528374183,5,True,True,True,True,10.132212701602487,0.432879390839616,0.9960576778255971,0.0005055398963813685,-0.0024354707654150967,0.00028059301847909097,0.0024354707654150967,0.00028059301847909097,1497.8937950568438,62.87577030212499,3.0,113.69126093749998,122,3.0
4.85,70.0,4.8,8.659793814432991,1.25,9.909793814432991,7.409793814432991,0.16603318005393172,5,True,True,True,True,10.133501361396304,0.432879390839616,0.9960687800325864,0.0005050433591974229,-0.0024290003867934095,0.0002803622404075257,0.0024290003867934095,0.0002803622404075257,1498.6520512959094,63.02329525890542,3.0,113.64760937499997,123,3.0
4.85,69.0,4.8,8.536082474226804,1.375,9.911082474226804,7.161082474226804,0.18223792432008468,5,True,True,True,True,10.134790021190117,0.432879390839616,0.9960798509739929,0.0005045488372175652,-0.0024225471981951475,0.00028013250023726664,0.0024225471981951475,0.00028013250023726664,1499.4106913756223,63.171357602150515,3.0,113.60395781249997,124,3.0
4.85,68.0,4.8,8.41237113402062,1.5,9.91237113402062,6.912371134020621,0.19847366365396812,5,True,True,True,True,10.136078680983934,0.432879390839616,0.9960908907378656,0.0005040562962160268,-0.0024161111539511273,0.00027990377947933163,0.0024161111539511273,0.00027990377947933163,1500.16971549029,63.31995581629493,3.0,113.56030624999997,125,3.0
4.85,67.0,4.8,8.288659793814434,1.6250000000000002,9.913659793814434,6.663659793814434,0.21473336766797096,5,True,True,True,True,10.137367340777747,0.432879390839616,0.9961018994120053,0.000503565702338264,-0.0024096922085135005,0.0002796760598389258,0.0024096922085135005,0.0002796760598389258,1500.9291238343137,63.4690883906515,3.0,113.51665468749998,126,3.0
4.85,66.0,4.8,8.164948453608249,1.7500000000000002,9.914948453608249,6.414948453608249,0.23101197617849054,5,True,True,True,True,10.138656000571562,0.432879390839616,0.9961128770839658,0.0005030770220985862,-0.0024032903164554146,0.00027944932321427617,0.0024032903164554146,0.00027944932321427617,1501.688916602199,63.618753819489854,3.0,113.47300312499998,127,3.0
4.85,65.0,4.8,8.041237113402062,1.875,9.916237113402062,6.166237113402062,0.24730575611541866,5,True,True,True,True,10.139944660365375,0.432879390839616,0.996123823841054,0.0005025902223776717,-0.0023969054324707137,0.0002792235516954278,0.0023969054324707137,0.0002792235516954278,1502.4490939885443,63.768950602109655,3.0,113.42935156249996,128,3.0
4.85,64.0,4.8,7.917525773195877,2.0,9.917525773195877,5.917525773195877,0.26361189426846865,5,True,True,True,True,10.14123332015919,0.432879390839616,0.9961347397703312,0.0005021052704201761,-0.002390537511373613,0.00027899872756306484,0.002390537511373613,0.00027899872756306484,1503.209656188052,63.91967724291443,3.0,113.38569999999997,129,3.0
4.85,63.0,4.8,7.793814432989691,2.1250000000000004,9.918814432989691,5.66881443298969,0.2799282310054948,5,True,True,True,True,10.142521979953004,0.432879390839616,0.9961456249586133,0.0005016221338322649,-0.002384186508098361,0.0002787748332872872,0.002384186508098361,0.0002787748332872872,1503.9706033955172,64.07093225148023,3.0,113.34204843749997,130,3.0
4.85,62.0,4.8,7.670103092783506,2.25,9.920103092783506,5.420103092783506,0.2962530812497736,5,True,True,True,True,10.14381063974682,0.432879390839616,0.9961564794924719,0.0005011407805791865,-0.002377852377698943,0.00027855185152643496,0.002377852377698943,0.00027855185152643496,1504.7319358058382,64.22271414262825,3.0,113.29839687499998,131,3.0
4.85,61.0,4.8,7.54639175257732,2.375,9.921391752577321,5.17139175257732,0.3125851111428187,5,True,True,True,True,10.145099299540634,0.432879390839616,0.9961673034582349,0.0005006611789828057,-0.002371535075348747,0.0002783297651258518,0.002371535075348747,0.0002783297651258518,1505.4936536140121,64.37502143649102,3.0,113.25474531249998,132,3.0
4.85,60.0,4.8,7.422680412371134,2.5,9.922680412371134,4.922680412371134,0.32892325121282556,5,True,True,True,True,10.146387959334447,0.432879390839616,0.9961780969419867,0.0005001832977191517,-0.00236523455634026,0.0002781085571167004,0.00236523455634026,0.0002781085571167004,1506.25575701513,64.52785265857415,3.0,113.21109374999997,133,3.0
4.85,59.0,4.8,7.298969072164948,2.625,9.923969072164947,4.673969072164948,0.34526663405363506,5,True,True,True,True,10.14767661912826,0.432879390839616,0.9961888600295695,0.0004997071058159634,-0.0023589507760847367,0.00027788821071472297,0.0023589507760847367,0.00027788821071472297,1507.0182462043879,64.68120633982598,3.0,113.16744218749997,134,3.0
4.85,58.0,4.8,7.175257731958763,2.75,9.925257731958762,4.425257731958763,0.3616145488155888,5,True,True,True,True,10.148965278922075,0.432879390839616,0.996199592806584,0.0004992325726502179,-0.0023526836901118986,0.00027766870931904454,0.0023526836901118986,0.00027766870931904454,1507.7811213770742,64.83508101669148,3.0,113.12379062499997,135,3.0
4.85,57.0,4.8,7.051546391752577,2.8750000000000004,9.926546391752577,4.176546391752577,0.3779664074511662,5,True,True,True,True,10.15025393871589,0.432879390839616,0.9962102953583892,0.0004987596679456663,-0.0023464332540696115,0.0002774500365109293,0.0023464332540696115,0.0002774500365109293,1508.5443827285828,64.98947523117708,3.0,113.08013906249998,136,3.0
4.85,56.0,4.8,6.927835051546393,3.0,9.927835051546392,3.927835051546393,0.39432171932325016,5,True,True,True,True,10.151542598509705,0.432879390839616,0.9962209677701045,0.0004982883617703592,-0.002340199423723568,0.00027723217605257625,0.002340199423723568,0.00027723217605257625,1509.3080304544003,65.14438753090784,3.0,113.03648749999998,137,3.0
4.85,55.0,4.8,6.804123711340207,3.125,9.929123711340207,3.679123711340207,0.41068007185717104,5,True,True,True,True,10.15283125830352,0.432879390839616,0.996231610126609,0.0004978186245341842,-0.0023339821549569852,0.0002770151118858782,0.0023339821549569852,0.0002770151118858782,1510.0720647501164,65.29981646918095,3.0,112.99283593749999,138,3.0
4.85,54.0,4.8,6.680412371134023,3.2500000000000004,9.930412371134024,3.430412371134022,0.42704111562382635,5,True,True,True,True,10.154119918097336,0.432879390839616,0.9962422225125429,0.0004973504269863893,-0.0023277814037702804,0.00027679882813120714,0.0023277814037702804,0.00027679882813120714,1510.8364858114198,65.45576060502212,3.0,112.94918437499997,139,3.0
4.85,71.0,4.7,8.783505154639174,1.1489361702127658,9.93244132485194,7.634568984426409,0.15884251862050905,5,True,True,True,True,10.156148871815253,0.432879390839616,0.9962469380757557,0.000497142448978257,-0.002325025811067113,0.00027670277437007206,0.002325025811067113,0.00027670277437007206,1511.1769701709652,65.52536040326919,3.0,112.92974843749997,140,3.0
4.85,66.0,4.75,8.164948453608249,1.7684210526315791,9.933369506239828,6.3965274009766695,0.23250602984334567,5,True,True,True,True,10.15707705320314,0.432879390839616,0.9962603147342626,0.0004965526661760797,-0.0023172079403692867,0.0002764304564163867,0.0023172079403692867,0.0002764304564163867,1512.1455760784013,65.72382684634553,3.0,112.87448124999997,141,3.0
4.85,65.0,4.75,8.041237113402062,1.894736842105263,9.935973955507325,6.146500271296799,0.2487019456768326,5,True,True,True,True,10.159681502470638,0.432879390839616,0.9962811319469281,0.0004956352916271503,-0.0023050383473739574,0.000276007082049364,0.0023050383473739574,0.000276007082049364,1513.6611107396195,66.03574484067654,3.0,112.78807812499997,142,3.0
4.85,64.0,4.75,7.917525773195877,2.0210526315789474,9.938578404774823,5.896473141616929,0.2649221613520348,5,True,True,True,True,10.162285951738136,0.432879390839616,0.996301833279162,0.0004947234297008122,-0.0022929326670690243,0.0002755864828158872,0.0022929326670690243,0.0002755864828158872,1515.1781643321785,66.3496551841036,3.0,112.70167499999997,143,3.0
4.85,69.0,4.7,8.536082474226804,1.404255319148936,9.94033779337574,7.131827155077868,0.18968590923678533,5,True,True,True,True,10.164045340339053,0.432879390839616,0.9963086254849072,0.0004944243016537924,-0.002288959899671446,0.00027544855694016095,0.002288959899671446,0.00027544855694016095,1515.6781003638023,66.4534678804001,3.0,112.67322031249998,144,3.0
4.85,63.0,4.75,7.793814432989691,2.1473684210526316,9.941182854042323,5.6464460119370585,0.2811624713390621,5,True,True,True,True,10.164890401005636,0.432879390839616,0.9963224193760205,0.0004938168693863677,-0.002280890563795604,0.00027516854390584317,0.002280890563795604,0.00027516854390584317,1516.6967383784151,66.66554698483569,3.0,112.61527187499998,145,3.0
4.85,62.0,4.75,7.670103092783506,2.2736842105263158,9.943787303309822,5.396418882257191,0.29741958396448653,5,True,True,True,True,10.167494850273135,0.432879390839616,0.9963428908789691,0.0004929154045911536,-0.002268911703657635,0.00027475315310338265,0.002268911703657635,0.00027475315310338265,1518.2168344021925,66.98340944449949,3.0,112.52886874999997,146,3.0
4.85,61.0,4.75,7.54639175257732,2.4,9.94639175257732,5.146391752577321,0.31369088683573765,5,True,True,True,True,10.170099299540633,0.432879390839616,0.9963632484259025,0.0004920188340656081,-0.002256995754512627,0.00027434020074935657,0.002256995754512627,0.00027434020074935657,1519.7384539288973,67.30323185932482,3.0,112.44246562499998,147,3.0
4.85,67.0,4.7,8.288659793814434,1.6595744680851066,9.94823426189954,6.629085325729327,0.22108935363902318,5,True,True,True,True,10.171941808862853,0.432879390839616,0.9963692989655585,0.0004917523118922575,-0.0022534534444154093,0.00027421747621232104,0.0022534534444154093,0.00027421747621232104,1520.1926374397608,67.39901055165939,3.0,112.41669218749999,148,3.0
4.8,60.0,4.9,7.5,2.4489795918367343,9.948979591836734,5.051020408163266,0.33206636010786367,5,True,True,True,True,10.172687138800047,0.432879390839616,0.9963834488422085,0.0004911288917991406,-0.002245168040970941,0.00027393046832809796,0.002245168040970941,0.00027393046832809796,1521.2582915175474,67.62430325416258,3.0,112.35624999999999,149,3.0
4.85,60.0,4.75,7.422680412371134,2.526315789473684,9.948996201844817,4.89636462289745,0.3299742807614539,5,True,True,True,True,10.17270374880813,0.432879390839616,0.996383492651165,0.0004911269613284931,-0.002245142385962447,0.00027392957970377593,0.002245142385962447,0.00027392957970377593,1521.2615984854463,67.62500362123528,3.0,112.35606249999998,150,3.0
4.8,61.0,4.9,7.625000000000001,2.326530612244898,9.951530612244898,5.2984693877551035,0.3158908261330774,5,True,True,True,True,10.175238159208211,0.432879390839616,0.9964040010015804,0.0004902229796848825,-0.002233130531156447,0.0002735135399569727,0.002233130531156447,0.0002735135399569727,1522.8149038423448,67.95480906913764,3.0,112.26803749999999,151,3.0
4.8,62.0,4.9,7.750000000000001,2.204081632653061,9.954081632653061,5.54591836734694,0.29973897056748366,5,True,True,True,True,10.177789179616374,0.432879390839616,0.9964244363670136,0.0004893215655798883,-0.00222115756067259,0.0002730988239625666,0.00222115756067259,0.0002730988239625666,1524.3731089551281,68.28732471582434,3.0,112.179825,152,3.0
4.85,65.0,4.7,8.041237113402062,1.9148936170212765,9.956130730423338,6.126343496380786,0.25284426058408366,5,True,True,True,True,10.17983827738665,0.432879390839616,0.9964289751832013,0.0004891212502977642,-0.002218497766988648,0.0002730066821568403,0.002218497766988648,0.0002730066821568403,1524.7206213320353,68.36170910126751,3.0,112.16016406249997,153,3.0
4.8,63.0,4.9,7.875,2.0816326530612246,9.956632653061224,5.793367346938775,0.28361483889376365,5,True,True,True,True,10.180340200024537,0.432879390839616,0.9964447556022251,0.0004884244552867144,-0.0022092487834905615,0.00027268621420935594,0.0022092487834905615,0.00027268621420935594,1525.9329084857027,68.6218392203092,3.0,112.0916125,154,3.0
4.85,56.0,4.75,6.927835051546393,3.0315789473684207,9.959413998914814,3.896256104177972,0.395198860202895,5,True,True,True,True,10.183121545878127,0.432879390839616,0.9964633488992042,0.00048760268136426043,-0.0021983481702881644,0.00027230835187899173,0.0021983481702881644,0.00027230835187899173,1527.3694576020423,68.93137538157202,3.0,112.01044999999999,155,3.0
4.85,55.0,4.75,6.804123711340207,3.1578947368421053,9.962018448182313,3.6462289744981016,0.41152234714075303,5,True,True,True,True,10.185725995145626,0.432879390839616,0.9964830359083662,0.00048673151203991824,-0.002186802809154038,0.00027190786582623335,0.002186802809154038,0.00027190786582623335,1528.9002502651965,69.26273817286756,3.0,111.92404687499999,156,3.0
4.85,63.0,4.7,7.793814432989691,2.170212765957447,9.964027198947138,5.6236016670322435,0.2848331048462568,5,True,True,True,True,10.18773474591045,0.432879390839616,0.996487670529404,0.00048652625048611003,-0.0021840843236991827,0.0002718135167094749,0.0021840843236991827,0.0002718135167094749,1529.262092092766,69.34129174068399,3.0,111.90363593749997,157,3.0
4.85,54.0,4.75,6.680412371134023,3.28421052631579,9.964622897449813,3.3962018448182327,0.4278511834842408,5,True,True,True,True,10.188330444413126,0.432879390839616,0.9965026133284511,0.00048586395759756955,-0.0021753180823477734,0.00027150911905082835,0.0021753180823477734,0.00027150911905082835,1530.4325771518902,69.59598872292636,3.0,111.83764374999998,158,3.0
4.8,54.0,4.85,6.750000000000002,3.2164948453608253,9.966494845360828,3.5335051546391765,0.42704111562382635,5,True,True,True,True,10.19020239232414,0.432879390839616,0.9965275375191776,0.00048475743156683153,-0.0021606914956112102,0.0002710006261082817,0.0021606914956112102,0.0002710006261082817,1532.3980999724224,70.0257055491952,3.0,111.72694062499997,159,3.0
4.8,55.0,4.85,6.875,3.0927835051546393,9.967783505154639,3.7822164948453607,0.41068007185717104,5,True,True,True,True,10.191491052117952,0.432879390839616,0.9965373165264527,0.000484322597594929,-0.002154951130233069,0.00027080082452825705,0.002154951130233069,0.00027080082452825705,1533.1738228066265,70.19599089409525,3.0,111.68328906249997,160,3.0
4.8,56.0,4.85,7.000000000000001,2.9690721649484537,9.969072164948454,4.030927835051547,0.39432171932325016,5,True,True,True,True,10.192779711911767,0.432879390839616,0.9965470679944863,0.0004838885713777846,-0.002149226015433157,0.0002706014038454741,0.002149226015433157,0.0002706014038454741,1533.9499383233283,70.36675107326006,3.0,111.63963749999999,161,3.0
4.8,57.0,4.85,7.124999999999999,2.8453608247422686,9.970360824742269,4.2796391752577305,0.3779664074511662,5,True,True,True,True,10.194068371705582,0.432879390839616,0.9965567920008331,0.0004834553329687721,-0.002143516110694858,0.00027040235310267377,0.002143516110694858,0.00027040235310267377,1534.726446721311,70.53798484155428,3.0,111.59598593749999,162,3.0
4.8,58.0,4.85,7.25,2.7216494845360826,9.971649484536083,4.528350515463917,0.3616145488155888,5,True,True,True,True,10.195357031499396,0.432879390839616,0.9965664886228297,0.0004830228626830667,-0.002137821375609207,0.0002702036614819764,0.002137821375609207,0.0002702036614819764,1535.5033481994583,70.70969096050887,3.0,111.55233437499997,163,3.0
4.8,59.0,4.85,7.375,2.597938144329897,9.972938144329897,4.777061855670103,0.34526663405363506,5,True,True,True,True,10.19664569129321,0.432879390839616,0.9965761579375947,0.000482591141095307,-0.002132141769874601,0.0002700053183036943,0.002132141769874601,0.0002700053183036943,1536.2806429567504,70.88186819832953,3.0,111.50868281249998,164,3.0
4.8,60.0,4.85,7.5,2.4742268041237114,9.974226804123711,5.025773195876289,0.32892325121282556,5,True,True,True,True,10.197934351087024,0.432879390839616,0.9965858000220297,0.00048216014903729247,-0.0021264772532964883,0.00026980731302515896,0.0021264772532964883,0.00026980731302515896,1537.0583311922742,71.05451532990548,3.0,111.46503124999998,165,3.0
4.8,61.0,4.85,7.625000000000001,2.350515463917526,9.975515463917526,5.2744845360824755,0.3125851111428187,5,True,True,True,True,10.19922301088084,0.432879390839616,0.9965954149528196,0.00048172986759571366,-0.002120827785787118,0.00026960963523954334,0.002120827785787118,0.00026960963523954334,1537.836413105211,71.22763113681546,3.0,111.42137968749998,166,3.0
4.8,62.0,4.85,7.750000000000001,2.2268041237113403,9.976804123711341,5.523195876288661,0.2962530812497736,5,True,True,True,True,10.200511670674654,0.432879390839616,0.9966050028064333,0.0004813002781098251,-0.0021151933273652395,0.0002694122746747005,0.0021151933273652395,0.0002694122746747005,1538.614888894848,71.40121440733301,3.0,111.37772812499999,167,3.0
4.8,63.0,4.85,7.875,2.103092783505155,9.978092783505154,5.771907216494845,0.2799282310054948,5,True,True,True,True,10.201800330468467,0.432879390839616,0.9966145636591246,0.00048087136216921965,-0.002109573838155815,0.0002692152211919992,0.002109573838155815,0.0002692152211919992,1539.3937587605712,71.57526393643276,3.0,111.33407656249999,168,3.0
4.8,64.0,4.85,8.0,1.9793814432989691,9.97938144329897,6.020618556701031,0.26361189426846865,5,True,True,True,True,10.203088990262282,0.432879390839616,0.9966240975869323,0.00048044310161151667,-0.00210396927838975,0.000269018464785164,0.00210396927838975,0.000269018464785164,1540.1730229018692,71.74977852579292,3.0,111.29042499999998,169,3.0
4.8,65.0,4.85,8.125,1.8556701030927836,9.980670103092784,6.269329896907216,0.24730575611541866,5,True,True,True,True,10.204377650056097,0.432879390839616,0.9966336046656811,0.0004800154785201492,-0.0020983796084036066,0.0002688219955791155,0.0020983796084036066,0.0002688219955791155,1540.9526815183278,71.92475698380062,3.0,111.2467734375,170,3.0
4.8,66.0,4.85,8.25,1.7319587628865982,9.981958762886599,6.518041237113402,0.23101197617849054,5,True,True,True,True,10.205666309849912,0.432879390839616,0.9966430849709824,0.00047958847522208686,-0.00209280478863931,0.00026862580382883757,0.00209280478863931,0.00026862580382883757,1541.7327348096385,72.1001981255523,3.0,111.20312187499998,171,3.0
4.8,67.0,4.85,8.375000000000002,1.6082474226804127,9.983247422680414,6.766752577319589,0.21473336766797096,5,True,True,True,True,10.206954969643727,0.432879390839616,0.9966525385782344,0.00047916207428562636,-0.0020872447796438957,0.0002684298799182152,0.0020872447796438957,0.0002684298799182152,1542.5131829755892,72.27610077285574,3.0,111.15947031249998,172,3.0
4.8,68.0,4.85,8.500000000000002,1.4845360824742269,9.984536082474229,7.015463917525775,0.19847366365396812,5,True,True,True,True,10.208243629437542,0.432879390839616,0.996661965562623,0.0004787362585181656,-0.002081699542069207,0.0002682342143589065,0.002081699542069207,0.0002682342143589065,1543.2940262160737,72.45246375422998,3.0,111.11581874999997,173,3.0
4.8,69.0,4.85,8.625,1.3608247422680413,9.985824742268042,7.264175257731958,0.18223792432008468,5,True,True,True,True,10.209532289231355,0.432879390839616,0.9966713659991225,0.0004783110109639799,-0.002076169036671627,0.0002680387977892049,0.002076169036671627,0.0002680387977892049,1544.0752647310824,72.62928590490567,3.0,111.07216718749999,174,3.0
4.8,70.0,4.85,8.75,1.2371134020618557,9.987113402061855,7.512886597938144,0.16603318005393175,5,True,True,True,True,10.210820949025168,0.432879390839616,0.9966807399624961,0.0004778863149020417,-0.0020706532243117944,0.00026784362097290957,0.0020706532243117944,0.00026784362097290957,1544.8568987207116,72.80656606682447,3.0,111.02851562499998,175,3.0
4.8,71.0,4.85,8.875,1.1134020618556701,9.98840206185567,7.76159793814433,0.14986948528374183,5,True,True,True,True,10.212109608818983,0.432879390839616,0.996690087527296,0.0004774621538438089,-0.002065152065954334,0.00026764867479820255,0.002065152065954334,0.00026764867479820255,1545.6389283851538,72.98430308863638,3.0,110.98486406249998,176,3.0
4.85,55.0,4.7,6.804123711340207,3.1914893617021276,9.995613073042335,3.6126343496380793,0.41403889252472914,5,True,True,True,True,10.219320620005648,0.432879390839616,0.9967129616939371,0.0004764213009685679,-0.0020516866136807057,0.000267170220121821,0.0020516866136807057,0.000267170220121821,1547.563649045926,73.42330003569454,3.0,110.87752343749999,177,3.0
4.85,61.0,4.65,7.54639175257732,2.4516129032258065,9.998004655803127,5.094778849351513,0.3224005872959565,5,True,True,True,True,10.22171220276644,0.432879390839616,0.9967148786866792,0.00047633387806970766,-0.002050557887039571,0.0002671300286128987,0.002050557887039571,0.0002671300286128987,1547.725669278147,73.46035437284533,3.0,110.86849374999998,178,3.0
4.85,54.0,4.7,6.680412371134023,3.319148936170213,9.999561307304235,3.3612634349638095,0.43027223653837493,5,True,True,True,True,10.223268854267548,0.432879390839616,0.9967400874122337,0.0004751813445555232,-0.0020357114894698973,0.0002666000784283846,0.0020357114894698973,0.0002666000784283846,1549.8666904212112,73.951458949309,3.0,110.74925937499998,179,3.0
4.8,53.0,4.8,6.625,3.375000000000001,10.0,3.249999999999999,0.4426229508196722,5,True,True,True,True,10.223707546963313,0.432879390839616,0.9967730398723976,0.00047366617118531704,-0.002016294681123977,0.00026590309478690733,0.002016294681123977,0.00026590309478690733,1552.695033814193,74.60430832337425,3.0,110.59199999999998,180,3.0
4.8,78.0,4.75,9.750000000000002,0.25263157894736843,10.002631578947371,9.497368421052633,0.04204165338983692,5,True,True,True,True,10.226339125910684,0.432879390839616,0.9967908163732044,0.00047284448598055266,-0.002005815448343572,0.0002655249592729609,0.002005815448343572,0.0002655249592729609,1554.234991208725,74.9616984504942,3.0,110.50649687499998,181,3.0
4.8,77.0,4.75,9.625000000000002,0.3789473684210526,10.003947368421054,9.24605263157895,0.05577835982629009,5,True,True,True,True,10.227654915384367,0.432879390839616,0.9967996678674929,0.0004724341607523888,-0.0020005962734646722,0.00026533608349533415,0.0020005962734646722,0.00026533608349533415,1555.005542557945,75.14103227534713,3.0,110.46374531249998,182,3.0
4.8,76.0,4.75,9.5,0.5052631578947369,10.005263157894737,8.994736842105263,0.07065720170042787,5,True,True,True,True,10.22897070485805,0.432879390839616,0.9968084949477994,0.0004720241632547084,-0.001995390678990908,0.00026514732615040386,0.001995390678990908,0.00026514732615040386,1555.7764759275078,75.3207906050876,3.0,110.42099375,183,3.0
4.8,75.0,4.75,9.375,0.631578947368421,10.006578947368421,8.743421052631579,0.08608800614152226,5,True,True,True,True,10.230286494331734,0.432879390839616,0.9968172976814621,0.000471614480832452,-0.0019901986295857723,0.00026495868019895405,0.0019901986295857723,0.00026495868019895405,1556.5477915068068,75.50097244533875,3.0,110.37824218749998,184,3.0
4.8,74.0,4.75,9.25,0.7578947368421052,10.007894736842106,8.492105263157894,0.101820132453138,5,True,True,True,True,10.231602283805419,0.432879390839616,0.9968260761356331,0.00047120510101574865,-0.001985020090004707,0.0002647701387013981,0.001985020090004707,0.0002647701387013981,1557.3194894853334,75.68157680779163,3.0,110.33549062499998,185,3.0
4.8,73.0,4.75,9.125,0.8842105263157896,10.00921052631579,8.24078947368421,0.117732849562857,5,True,True,True,True,10.232918073279103,0.432879390839616,0.9968348303772798,0.00047079601151811854,-0.0019798550250948637,0.0002645816948168436,0.0019798550250948637,0.0002645816948168436,1558.0915700526718,75.86260271019819,3.0,110.29273906249999,186,3.0
4.8,72.0,4.75,9.0,1.0105263157894737,10.010526315789473,7.989473684210527,0.13376172203463155,5,True,True,True,True,10.234233862752786,0.432879390839616,0.9968435604731845,0.00047038720023467965,-0.001974703399794851,0.00026439334180216787,0.001974703399794851,0.00026439334180216787,1558.8640333985015,76.04404917635684,3.0,110.24998749999999,187,3.0
4.8,71.0,4.75,8.875,1.1368421052631579,10.011842105263158,7.738157894736842,0.14986948528374183,5,True,True,True,True,10.23554965222647,0.432879390839616,0.9968522664899453,0.00046997865524038367,-0.0019695651791345192,0.00026420507301110513,0.0019695651791345192,0.00026420507301110513,1559.636879712592,76.22591523610058,3.0,110.20723593749997,188,3.0
4.8,70.0,4.75,8.75,1.263157894736842,10.013157894736842,7.4868421052631575,0.16603318005393172,5,True,True,True,True,10.236865441700155,0.432879390839616,0.9968609484939768,0.00046957036478824474,-0.0019644403282347116,0.0002640168818933232,0.0019644403282347116,0.0002640168818933232,1560.4101091848104,76.40819992528576,3.0,110.16448437499999,189,3.0
4.8,69.0,4.75,8.625,1.3894736842105262,10.014473684210525,7.235526315789474,0.18223792432008468,5,True,True,True,True,10.238181231173838,0.432879390839616,0.9968696065515105,0.0004691623173075933,-0.0019593288123070183,0.000263828761993522,0.0019593288123070183,0.000263828761993522,1561.1837220051177,76.59090228577955,3.0,110.1217328125,190,3.0
4.8,68.0,4.75,8.500000000000002,1.5157894736842104,10.015789473684212,6.984210526315792,0.19847366365396812,5,True,True,True,True,10.239497020647525,0.432879390839616,0.9968782407285948,0.00046875450140232964,-0.001954230596653556,0.0002636407069505302,0.001954230596653556,0.0002636407069505302,1561.957718363568,76.77402136544363,3.0,110.07898124999998,191,3.0
4.8,67.0,4.75,8.375000000000002,1.642105263157895,10.017105263157896,6.732894736842107,0.21473336766797096,5,True,True,True,True,10.24081281012121,0.432879390839616,0.9968868510910963,0.00046834690584920355,-0.0019491456466667271,0.00026345271049640543,0.0019491456466667271,0.00026345271049640543,1562.7320984503112,76.95755621812467,3.0,110.03622968749998,192,3.0
4.8,66.0,4.75,8.25,1.7684210526315791,10.01842105263158,6.481578947368421,0.23101197617849054,5,True,True,True,True,10.242128599594892,0.432879390839616,0.9968954377046999,0.00046793951959609467,-0.0019440739278289857,0.0002632647664555445,0.0019440739278289857,0.0002632647664555445,1563.5068624555881,77.14150590363612,3.0,109.993478125,193,3.0
4.8,65.0,4.75,8.125,1.894736842105263,10.019736842105264,6.230263157894737,0.24730575611541866,5,True,True,True,True,10.243444389068577,0.432879390839616,0.9969040006349092,0.0004675323317602997,-0.0019390154057125904,0.0002630768687437985,0.0019390154057125904,0.0002630768687437985,1564.2820105697374,77.32586948774727,3.0,109.9507265625,194,3.0
4.8,64.0,4.75,8.0,2.0210526315789474,10.021052631578947,5.978947368421053,0.26361189426846865,5,True,True,True,True,10.24476017854226,0.432879390839616,0.9969125399470471,0.0004671253316268502,-0.001933970045979394,0.00026288901136759077,0.001933970045979394,0.00026288901136759077,1565.0575429831904,77.51064604216687,3.0,109.907975,195,3.0
4.8,63.0,4.75,7.875,2.1473684210526316,10.022368421052631,5.727631578947369,0.2799282310054948,5,True,True,True,True,10.246075968015944,0.432879390839616,0.9969210557062566,0.0004667185086468204,-0.0019289378143805898,0.0002627011884230431,0.0019289378143805898,0.0002627011884230431,1565.8334598864747,77.69583464452602,3.0,109.86522343749999,196,3.0
4.8,62.0,4.75,7.750000000000001,2.2736842105263158,10.023684210526316,5.476315789473685,0.2962530812497736,5,True,True,True,True,10.247391757489629,0.432879390839616,0.9969295479775006,0.0004663118524356582,-0.001923918676756493,0.0002625133940951046,0.001923918676756493,0.0002625133940951046,1566.6097614702082,77.8814343783661,3.0,109.82247187499999,197,3.0
4.8,61.0,4.75,7.625000000000001,2.4,10.025,5.225000000000001,0.3125851111428187,5,True,True,True,True,10.248707546963313,0.432879390839616,0.996938016825563,0.0004659053527715297,-0.0019189125990362987,0.00026232562265669573,0.0019189125990362987,0.00026232562265669573,1567.3864479251076,78.06744433312112,3.0,109.77972031249999,198,3.0
4.8,60.0,4.75,7.5,2.526315789473684,10.026315789473685,4.973684210526316,0.32892325121282556,5,True,True,True,True,10.250023336436998,0.432879390839616,0.9969464623150495,0.0004654989995936733,-0.0019139195472378547,0.0002621378684678376,0.0019139195472378547,0.0002621378684678376,1568.163519441982,78.25386360410045,3.0,109.73696874999999,199,3.0
4.8,59.0,4.75,7.375,2.6526315789473682,10.027631578947368,4.722368421052632,0.34526663405363506,5,True,True,True,True,10.25133912591068,0.432879390839616,0.9969548845103867,0.0004650927830007482,-0.0019089394874674361,0.0002619501259748146,0.0019089394874674361,0.0002619501259748146,1568.940976211736,78.44069129247366,3.0,109.69421718749999,200,3.0
4.8,58.0,4.75,7.25,2.7789473684210524,10.028947368421052,4.471052631578948,0.3616145488155888,5,True,True,True,True,10.252654915384365,0.432879390839616,0.9969632834758242,0.0004646866932492316,-0.0019039723859195037,0.00026176238970931654,0.0019039723859195037,0.00026176238970931654,1569.7188184253685,78.62792650525274,3.0,109.65146562499999,201,3.0
4.8,57.0,4.75,7.124999999999999,2.905263157894737,10.030263157894737,4.219736842105262,0.3779664074511662,5,True,True,True,True,10.25397070485805,0.432879390839616,0.9969716592754341,0.00046428072075179285,-0.0018990182088764877,0.00026157465428760753,0.0018990182088764877,0.00026157465428760753,1570.497046273974,78.81556835527616,3.0,109.60871406249998,202,3.0
4.8,56.0,4.75,7.000000000000001,3.0315789473684207,10.031578947368422,3.96842105263158,0.39432171932325016,5,True,True,True,True,10.255286494331735,0.432879390839616,0.9969800119731118,0.00046387485607568096,-0.0018940769227085452,0.0002613869144096802,0.0018940769227085452,0.0002613869144096802,1571.2756599487384,79.00361596119065,3.0,109.56596249999998,203,3.0
4.8,55.0,4.75,6.875,3.1578947368421053,10.032894736842106,3.7171052631578947,0.41068007185717104,5,True,True,True,True,10.25660228380542,0.432879390839616,0.9969883416325767,0.0004634690899411741,-0.0018891484938733456,0.0002611991648584397,0.0018891484938733456,0.0002611991648584397,1572.0546596409463,79.19206844743111,3.0,109.52321093749998,204,3.0
4.8,54.0,4.75,6.750000000000002,3.28421052631579,10.034210526315793,3.465789473684212,0.42704111562382635,5,True,True,True,True,10.257918073279106,0.432879390839616,0.9969966483173719,0.0004630634132199461,-0.0018842328889158318,0.0002610114004988677,0.0018842328889158318,0.0002610114004988677,1572.8340455419768,79.38092494420647,3.0,109.48045937499998,205,3.0
4.8,71.0,4.65,8.875,1.161290322580645,10.036290322580644,7.713709677419355,0.16733507947887022,5,True,True,True,True,10.259997869543957,0.432879390839616,0.9970002918057678,0.00046288514663463657,-0.0018820765571147659,0.00026092887317030646,0.0018820765571147659,0.00026092887317030646,1573.176703318693,79.46405384963924,3.0,109.46167031249999,206,3.0
4.8,66.0,4.7,8.25,1.7872340425531914,10.037234042553191,6.462765957446809,0.235465699125714,5,True,True,True,True,10.260941589516504,0.432879390839616,0.9970107860241589,0.00046237055907817187,-0.0018758649159884685,0.00026069058571454403,0.0018758649159884685,0.00026069058571454403,1574.166398764272,79.70448897272846,3.0,109.40742499999999,207,3.0
4.75,63.0,4.9,7.957894736842104,2.0816326530612246,10.039527389903329,5.87626208378088,0.2848331048462569,5,True,True,True,True,10.263234936866642,0.432879390839616,0.9970125546585519,0.0004622836665174427,-0.0018748179205856914,0.0002606503395510216,0.0018748179205856914,0.0002606503395510216,1574.333599775016,79.74515748531155,3.0,109.3982640625,208,3.0
4.8,65.0,4.7,8.125,1.9148936170212765,10.039893617021276,6.210106382978724,0.25147107057212115,5,True,True,True,True,10.263601163984589,0.432879390839616,0.9970270817873197,0.00046156810295742805,-0.0018662168256900083,0.0002603188073724705,0.0018662168256900083,0.0002603188073724705,1575.7113809503837,80.08081305079935,3.0,109.3228125,209,3.0
4.8,64.0,4.7,8.0,2.0425531914893615,10.042553191489361,5.957446808510639,0.267523444069263,5,True,True,True,True,10.266260738452674,0.432879390839616,0.9970432887137831,0.00046076583733001503,-0.0018566183581792078,0.000259946881003406,0.0018566183581792078,0.000259946881003406,1577.257879475529,80.45870401400903,3.0,109.23819999999999,210,3.0
4.8,69.0,4.65,8.625,1.4193548387096773,10.044354838709678,7.205645161290323,0.19685229809549853,5,True,True,True,True,10.268062385672991,0.432879390839616,0.9970485779142112,0.00046050309304246454,-0.001853485212077325,0.0002598250215782275,0.001853485212077325,0.0002598250215782275,1577.7647510636964,80.58281836227493,3.0,109.2104859375,211,3.0
4.8,63.0,4.7,7.875,2.170212765957447,10.045212765957448,5.704787234042553,0.28361483889376354,5,True,True,True,True,10.268920312920761,0.432879390839616,0.9970594072878445,0.0004599636984092068,-0.0018470692582323942,0.0002595747705873698,0.0018470692582323942,0.0002595747705873698,1578.805895827936,80.83815539234149,3.0,109.15358749999999,212,3.0
4.75,65.0,4.9,8.210526315789474,1.8367346938775508,10.047261009667025,6.3737916219119235,0.25284426058408377,5,True,True,True,True,10.270968556630338,0.432879390839616,0.9970626828886384,0.00045980016101918015,-0.0018451283372467088,0.0002594988755957981,0.0018451283372467088,0.0002594988755957981,1579.1217058331843,80.91571230703013,3.0,109.13633593750001,213,3.0
4.8,62.0,4.7,7.750000000000001,2.2978723404255317,10.047872340425533,5.452127659574469,0.29973897056748355,5,True,True,True,True,10.271579887388846,0.432879390839616,0.9970754379911587,0.00045916162455199853,-0.0018375692719385791,0.00025920244126992803,0.0018375692719385791,0.00025920244126992803,1580.3554314972907,81.21916080208676,3.0,109.068975,214,3.0
4.8,61.0,4.7,7.625000000000001,2.425531914893617,10.050531914893618,5.199468085106384,0.3158908261330773,5,True,True,True,True,10.274239461856931,0.432879390839616,0.9970913813027551,0.00045835955621438936,-0.001828118146692708,0.0002588298593387718,0.001828118146692708,0.0002588298593387718,1581.9064879747414,81.60171394522733,3.0,108.98436249999999,215,3.0
4.8,67.0,4.65,8.375000000000002,1.6774193548387097,10.052419354838712,6.697580645161292,0.2272676514487139,5,True,True,True,True,10.276126901802025,0.432879390839616,0.9970960867642955,0.00045812198831446605,-0.0018253282091010292,0.000258719452921433,0.0018253282091010292,0.000258719452921433,1582.3661794938243,81.71531655679452,3.0,108.95930156249999,216,3.0
4.75,60.0,4.85,7.578947368421052,2.4742268041237114,10.053174172544765,5.104720564297341,0.3299742807614539,5,True,True,True,True,10.276881719508077,0.432879390839616,0.9971072026572595,0.00045755921349227845,-0.0018187364134632706,0.0002584578188071888,0.0018187364134632706,0.0002584578188071888,1583.4556245781257,81.98495576125728,3.0,108.8999375,217,3.0
4.8,60.0,4.7,7.5,2.553191489361702,10.053191489361701,4.946808510638299,0.33206636010786356,5,True,True,True,True,10.276899036325014,0.432879390839616,0.9971072376990513,0.0004575574359073371,-0.0018187156311889445,0.00025845699220064495,0.0018187156311889445,0.00025845699220064495,1583.459066752904,81.9858086088113,3.0,108.89974999999998,218,3.0
4.75,67.0,4.9,8.463157894736844,1.5918367346938775,10.054994629430722,6.871321160042966,0.22108935363902332,5,True,True,True,True,10.278702176394034,0.432879390839616,0.9971119699855278,0.0004573171753838456,-0.0018159089176229117,0.00025834525498537694,0.0018159089176229117,0.00025834525498537694,1583.9243742176775,82.10114741131078,3.0,108.87440781250001,219,3.0
4.75,61.0,4.85,7.705263157894737,2.350515463917526,10.055778621812262,5.354747693977211,0.31369088683573765,5,True,True,True,True,10.279486168775575,0.432879390839616,0.9971233056106374,0.00045674000722210916,-0.0018091847105142023,0.00025807673451160685,0.0018091847105142023,0.00025807673451160685,1585.0426291109648,82.37875985065588,3.0,108.81353437499999,220,3.0
4.75,62.0,4.85,7.831578947368421,2.2268041237113403,10.058383071079762,5.604774823657081,0.29741958396448653,5,True,True,True,True,10.282090618043075,0.432879390839616,0.997139318925829,0.00045592063208147224,-0.0017996831715298251,0.00025769528765489356,0.0017996831715298251,0.00025769528765489356,1586.6312242051977,82.7741585839669,3.0,108.72713125,221,3.0
4.8,65.0,4.65,8.125,1.9354838709677418,10.060483870967742,6.189516129032258,0.2582640184245669,5,True,True,True,True,10.284191417931055,0.432879390839616,0.9971428308674983,0.000455740290417883,-0.001797598949929454,0.00025761129381962915,0.001797598949929454,0.00025761129381962915,1586.9810276328053,82.86138434292057,3.0,108.7081171875,222,3.0
4.75,63.0,4.85,7.957894736842104,2.103092783505155,10.06098752034726,5.854801953336949,0.2811624713390621,5,True,True,True,True,10.284695067310572,0.432879390839616,0.9971552431018111,0.0004551010332038319,-0.0017902315330572901,0.00025731344699405603,0.0017902315330572901,0.00025731344699405603,1588.221411454953,83.17114561560811,3.0,108.640728125,223,3.0
4.75,69.0,4.9,8.715789473684211,1.3469387755102038,10.062728249194414,7.368850698174008,0.1896859092367855,5,True,True,True,True,10.286435796157727,0.432879390839616,0.9971604300631244,0.0004548330179706046,-0.0017871522162100487,0.00025718851837238033,0.0017871522162100487,0.00025718851837238033,1588.741649217689,83.30127910338254,3.0,108.61247968750001,224,3.0
4.75,64.0,4.85,8.08421052631579,1.9793814432989691,10.063591969614759,6.104829083016821,0.2649221613520348,5,True,True,True,True,10.287299516578072,0.432879390839616,0.9971710786347834,0.00045428115777119743,-0.0017808295330273608,0.0002569311824053327,0.0017808295330273608,0.0002569311824053327,1589.8131924559525,83.56971468963194,3.0,108.554325,225,3.0
4.75,65.0,4.85,8.210526315789474,1.8556701030927836,10.066196418882258,6.35485621269669,0.24870194567683263,5,True,True,True,True,10.289903965845571,0.432879390839616,0.9971868260181831,0.0004534609549690148,-0.0017714769107471386,0.00025654846486045725,0.0017714769107471386,0.00025654846486045725,1591.4065688055216,83.96985963897477,3.0,108.467921875,226,3.0
4.8,63.0,4.65,7.875,2.1935483870967745,10.068548387096774,5.681451612903226,0.28965493387624486,5,True,True,True,True,10.292255934060087,0.432879390839616,0.9971888225339005,0.0004533566126345603,-0.0017702909365428124,0.00025649975555606307,0.0017702909365428124,0.00025649975555606307,1591.609334618177,84.02086417172183,3.0,108.45693281249999,227,3.0
4.75,66.0,4.85,8.336842105263159,1.7319587628865982,10.068800868149758,6.604883342376561,0.23250602984334567,5,True,True,True,True,10.29250841511307,0.432879390839616,0.997202485742701,0.0004526403759417786,-0.001762173406892849,0.0002561652664033243,0.001762173406892849,0.0002561652664033243,1593.0015421025832,84.37157438470234,3.0,108.38151874999998,228,3.0
4.75,54.0,4.8,6.821052631578948,3.2500000000000004,10.071052631578949,3.5710526315789477,0.42704111562382635,5,True,True,True,True,10.294760178542262,0.432879390839616,0.9972201603287271,0.0004517081653719149,-0.0017516693179149062,0.00025572956131511776,0.0017516693179149062,0.00025572956131511776,1594.8144315400002,84.8295814890489,3.0,108.283415625,229,3.0
4.75,55.0,4.8,6.947368421052632,3.125,10.072368421052632,3.822368421052632,0.41068007185717104,5,True,True,True,True,10.296075968015945,0.432879390839616,0.9972278276166839,0.00045130173744761977,-0.0017471114367261101,0.00025553947448693216,0.0017471114367261101,0.00025553947448693216,1595.6051011742125,85.0298011717715,3.0,108.2406640625,230,3.0
4.75,56.0,4.8,7.0736842105263165,3.0,10.073684210526316,4.0736842105263165,0.39432171932325016,5,True,True,True,True,10.29739175748963,0.432879390839616,0.9972354737569088,0.00045089518814083796,-0.0017425654152420631,0.00025534925311738576,0.0017425654152420631,0.00025534925311738576,1596.3961628029165,85.23040135638327,3.0,108.19791249999999,231,3.0
4.75,57.0,4.8,7.199999999999999,2.8750000000000004,10.075,4.324999999999999,0.3779664074511662,5,True,True,True,True,10.298707546963312,0.432879390839616,0.9972430988077307,0.0004504885122969399,-0.001738031222603562,0.00025515889423863774,0.001738031222603562,0.00025515889423863774,1597.1876166204509,85.43138134189422,3.0,108.1551609375,232,3.0
4.75,58.0,4.8,7.326315789473684,2.75,10.076315789473684,4.576315789473684,0.3616145488155888,5,True,True,True,True,10.300023336436997,0.432879390839616,0.9972507028273179,0.00045008170486820695,-0.0017335088280316946,0.00025496839494156416,0.0017335088280316946,0.00025496839494156416,1597.9794628212544,85.63274043240733,3.0,108.112409375,233,3.0
4.75,59.0,4.8,7.4526315789473685,2.625,10.077631578947368,4.8276315789473685,0.34526663405363506,5,True,True,True,True,10.301339125910681,0.432879390839616,0.9972582858736784,0.00044967476091262594,-0.001728998200827637,0.0002547777523751235,0.001728998200827637,0.0002547777523751235,1598.771701599861,85.83447793709279,3.0,108.0696578125,234,3.0
4.75,60.0,4.8,7.578947368421052,2.5,10.078947368421051,5.078947368421052,0.32892325121282556,5,True,True,True,True,10.302654915384364,0.432879390839616,0.9972658480046599,0.0004492676755926728,-0.001724499310372448,0.00025458696374572814,0.001724499310372448,0.00025458696374572814,1599.5643331509011,86.03659317016586,3.0,108.02690625,235,3.0
4.75,61.0,4.8,7.705263157894737,2.375,10.080263157894738,5.330263157894737,0.3125851111428187,5,True,True,True,True,10.30397070485805,0.432879390839616,0.9972733892779508,0.00044886044417414455,-0.0017200121261268524,0.00025439602631660406,0.0017200121261268524,0.00025439602631660406,1600.357357669103,86.23908545086317,3.0,107.9841546875,236,3.0
4.75,62.0,4.8,7.831578947368421,2.25,10.08157894736842,5.581578947368421,0.2962530812497736,5,True,True,True,True,10.305286494331733,0.432879390839616,0.9972809097510804,0.0004484530620249591,-0.0017155366176310441,0.0002542049374071795,0.0017155366176310441,0.0002542049374071795,1601.1507753492876,86.44195410342029,3.0,107.941403125,237,3.0
4.75,63.0,4.8,7.957894736842104,2.1250000000000004,10.082894736842105,5.832894736842103,0.2799282310054948,5,True,True,True,True,10.306602283805418,0.432879390839616,0.9972884094814191,0.00044804552461400626,-0.0017110727545044703,0.00025401369439245584,0.0017110727545044703,0.00025401369439245584,1601.9445863863757,86.64519845704574,3.0,107.89865156249999,238,3.0
4.75,64.0,4.8,8.08421052631579,2.0,10.08421052631579,6.08421052631579,0.26361189426846865,5,True,True,True,True,10.307918073279103,0.432879390839616,0.997295888526179,0.0004476378275099687,-0.0017066205064456296,0.0002538222947024091,0.0017066205064456296,0.0002538222947024091,1602.7387909753845,86.8488178459007,3.0,107.8559,239,3.0
4.75,65.0,4.8,8.210526315789474,1.875,10.085526315789474,6.335526315789474,0.2473057561154187,5,True,True,True,True,10.309233862752787,0.432879390839616,0.9973033469424148,0.0004472299663801963,-0.001702179843231865,0.00025363073582136767,0.001702179843231865,0.00025363073582136767,1603.5333893114284,87.05281160907381,3.0,107.81314843749999,240,3.0
4.75,66.0,4.8,8.336842105263159,1.7500000000000002,10.086842105263159,6.586842105263159,0.23101197617849056,5,True,True,True,True,10.310549652226472,0.432879390839616,0.9973107847870237,0.00044682193698954744,-0.0016977507347191623,0.0002534390152874183,0.0016977507347191623,0.0002534390152874183,1604.3283815897146,87.2571790905573,3.0,107.77039687499999,241,3.0
4.75,67.0,4.8,8.463157894736844,1.6250000000000002,10.088157894736844,6.8381578947368435,0.214733367667971,5,True,True,True,True,10.311865441700157,0.432879390839616,0.9973182021167456,0.00044641373519927743,-0.0016933331508419444,0.00025324713069180927,0.0016933331508419444,0.00025324713069180927,1605.1237680055517,87.46191963922438,3.0,107.7276453125,242,3.0
4.75,68.0,4.8,8.589473684210526,1.5,10.089473684210526,7.089473684210526,0.19847366365396815,5,True,True,True,True,10.31318123117384,0.432879390839616,0.9973255989881643,0.00044600535696590315,-0.0016889270616128541,0.0002530550796783528,0.0016889270616128541,0.0002530550796783528,1605.9195487543432,87.66703260880494,3.0,107.68489374999999,243,3.0
4.75,69.0,4.8,8.715789473684211,1.375,10.090789473684211,7.340789473684211,0.1822379243200847,5,True,True,True,True,10.314497020647524,0.432879390839616,0.9973329754577074,0.0004455967983401178,-0.0016845324371225798,0.00025286285994284227,0.0016845324371225798,0.00025286285994284227,1606.7157240315894,87.87251735786292,3.0,107.6421421875,244,3.0
4.75,70.0,4.8,8.842105263157896,1.25,10.092105263157896,7.592105263157896,0.16603318005393175,5,True,True,True,True,10.315812810121209,0.432879390839616,0.9973403315816469,0.00044518805546566695,-0.0016801492475396183,0.000252670469232471,0.0016801492475396183,0.000252670469232471,1607.5122940328881,88.07837324977112,3.0,107.599390625,245,3.0
4.75,71.0,4.8,8.968421052631578,1.125,10.093421052631578,7.843421052631578,0.14986948528374183,5,True,True,True,True,10.317128599594891,0.432879390839616,0.9973476674160995,0.0004447791245782838,-0.0016757774631100955,0.0002524779053452503,0.0016757774631100955,0.0002524779053452503,1608.3092589539351,88.28459965268976,3.0,107.5566390625,246,3.0
4.75,72.0,4.8,9.094736842105263,1.0,10.094736842105263,8.094736842105263,0.13376172203463155,5,True,True,True,True,10.318444389068576,0.432879390839616,0.9973549830170273,0.00044437000200458956,-0.00167141705415756,0.0002522851661294446,0.00167141705415756,0.0002522851661294446,1609.106618990519,88.49119593953952,3.0,107.5138875,247,3.0
4.75,73.0,4.8,9.221052631578948,0.8750000000000001,10.096052631578948,8.346052631578948,0.11773284956285703,5,True,True,True,True,10.31976017854226,0.432879390839616,0.9973622784402377,0.0004439606841610442,-0.0016670679910827735,0.00025209224948299496,0.0016670679910827735,0.00025209224948299496,1609.9043743385298,88.69816148798127,3.0,107.4711359375,248,3.0
4.75,74.0,4.8,9.34736842105263,0.75,10.09736842105263,8.59736842105263,0.10182013245313802,5,True,True,True,True,10.321075968015943,0.432879390839616,0.9973695537413847,0.00044355116755287336,-0.0016627302443635228,0.0002518991533529703,0.0016627302443635228,0.0002518991533529703,1610.7025251939529,88.90549568039114,3.0,107.42838437500001,249,3.0
4.75,75.0,4.8,9.473684210526315,0.625,10.098684210526315,8.848684210526315,0.08608800614152229,5,True,True,True,True,10.322391757489628,0.432879390839616,0.9973768089759683,0.0004431414487730253,-0.0016584037845544016,0.00025170587573499517,0.0016584037845544016,0.00025170587573499517,1611.5010717528728,89.11319790383652,3.0,107.3856328125,250,3.0
4.8,54.0,4.65,6.750000000000002,3.3548387096774195,10.104838709677422,3.3951612903225823,0.41657441340618795,0,True,True,True,True,10.328546256640735,0.432879390839616,0.9973867938409375,0.00044257538665600947,-0.0016524484749831586,0.0002514387036356144,0.0016524484749831586,0.0002514387036356144,1612.6043244017455,89.4005888018481,3.0,107.32660312499999,251,3.0
4.75,55.0,4.75,6.947368421052632,3.1578947368421053,10.105263157894736,3.7894736842105265,0.41152234714075303,5,True,True,True,True,10.32897070485805,0.432879390839616,0.997412786082251,0.00044108970906208756,-0.001636939763923865,0.0002507366985030988,0.001636939763923865,0.0002507366985030988,1615.499746969602,90.15720835936976,3.0,107.171875,252,3.0
4.7,54.0,4.85,6.893617021276596,3.2164948453608253,10.110111866637421,3.677122175915771,0.43027223653837493,5,True,True,True,True,10.333819413600734,0.432879390839616,0.9974151266662479,0.0004409550522933502,-0.0016355427826072353,0.0002506730143704925,0.0016355427826072353,0.0002506730143704925,1615.762160486452,90.22595021803899,3.0,107.157865625,253,3.0
4.8,52.0,4.65,6.500000000000001,3.6129032258064515,10.112903225806452,2.8870967741935494,0.4328545581217637,1,True,True,True,True,10.336610772769765,0.432879390839616,0.9974288584511632,0.0004401620951214503,-0.0016273454979941345,0.0002502978035097229,0.0016273454979941345,0.0002502978035097229,1617.3073597432608,90.63129620823523,3.0,107.07541875000001,254,3.0
4.7,55.0,4.85,7.0212765957446805,3.0927835051546393,10.11406010089932,3.9284930905900413,0.41403889252472914,5,True,True,True,True,10.337767647862632,0.432879390839616,0.997436457888873,0.00043972107096244606,-0.001622807894671614,0.00025008897743049194,0.001622807894671614,0.00025008897743049194,1618.1666929982582,90.85713823598974,3.0,107.0296015625,255,3.0
4.75,72.0,4.7,9.094736842105263,1.0212765957446808,10.116013437849944,8.073460246360582,0.14374380468097778,5,True,True,True,True,10.339720984813257,0.432879390839616,0.9974681607703539,0.00043786409414741273,-0.001603869937306204,0.00024920857036608043,0.001603869937306204,0.00024920857036608043,1621.7843012307676,91.81111793532435,3.0,106.8369875,256,3.0
4.75,71.0,4.7,8.968421052631578,1.1489361702127658,10.117357222844344,7.819484882418813,0.15884251862050905,5,True,True,True,True,10.341064769807657,0.432879390839616,0.9974749987467534,0.0004374598768599304,-0.0015997834630839746,0.0002490166862153325,0.0015997834630839746,0.0002490166862153325,1622.57158756151,92.01941541612045,3.0,106.7951265625,257,3.0
4.75,70.0,4.7,8.842105263157896,1.276595744680851,10.118701007838746,7.565509518477045,0.17417548616643608,5,True,True,True,True,10.34240855480206,0.432879390839616,0.9974818182551867,0.0004370554265657196,-0.001595707400723194,0.0002488246047095589,0.001595707400723194,0.0002488246047095589,1623.3592560760999,92.22805756078937,3.0,106.753265625,258,3.0
4.75,69.0,4.7,8.715789473684211,1.404255319148936,10.120044792833147,7.311534154535275,0.18968590923678535,5,True,True,True,True,10.34375233979646,0.432879390839616,0.9974886193455319,0.00043665074124372353,-0.0015916417236956518,0.00024863232462160877,0.0015916417236956518,0.00024863232462160877,1624.1473069600681,92.43704386057391,3.0,106.7114046875,259,3.0
4.75,68.0,4.7,8.589473684210526,1.531914893617021,10.121388577827547,7.0575587905935055,0.20533357803029081,5,True,True,True,True,10.34509612479086,0.432879390839616,0.9974954020675327,0.00043624581893859937,-0.0015875864055407201,0.0002484398447610206,0.0015875864055407201,0.0002484398447610206,1624.9357403990334,92.64637381066713,3.0,106.66954375,260,3.0
4.75,67.0,4.7,8.463157894736844,1.6595744680851066,10.12273236282195,6.803583426651737,0.22108935363902318,5,True,True,True,True,10.346439909785262,0.432879390839616,0.997502166470798,0.00043584065775990226,-0.0015835414198651996,0.00024824716397360113,0.0015835414198651996,0.00024824716397360113,1625.7245565787066,92.85604691019063,3.0,106.62768281250001,261,3.0
4.75,66.0,4.7,8.336842105263159,1.7872340425531914,10.12407614781635,6.549608062709968,0.2369316699818421,5,True,True,True,True,10.347783694779663,0.432879390839616,0.997508912604803,0.00043543525588131095,-0.001579506740343129,0.000248054281141001,0.001579506740343129,0.000248054281141001,1626.5137556848856,93.06606266217568,3.0,106.585821875,262,3.0
4.75,65.0,4.7,8.210526315789474,1.9148936170212765,10.12541993281075,6.295632698768198,0.25284426058408366,5,True,True,True,True,10.349127479774063,0.432879390839616,0.9975156405188893,0.0004350296115398376,-0.0015754823407156343,0.00024786119518029303,0.0015754823407156343,0.00024786119518029303,1627.3033379034573,93.2764205735396,3.0,106.5439609375,263,3.0
4.75,64.0,4.7,8.08421052631579,2.0425531914893615,10.12676371780515,6.041657334826429,0.2688146459966483,5,True,True,True,True,10.350471264768464,0.432879390839616,0.9975223502622651,0.00043462372303504647,-0.0015714681947907327,0.0002476679050435598,0.0015714681947907327,0.0002476679050435598,1628.0933034204072,93.48712015506825,3.0,106.50210000000001,264,3.0
4.75,63.0,4.7,7.957894736842104,2.170212765957447,10.128107502799551,5.787681970884657,0.2848331048462568,5,True,True,True,True,10.351815049762864,0.432879390839616,0.9975290418840057,0.000434217588728294,-0.0015674642764431806,0.0002474744097174778,0.0015674642764431806,0.0002474744097174778,1628.8836524218023,93.69816092139313,3.0,106.4602390625,265,3.0
4.75,62.0,4.7,7.831578947368421,2.2978723404255317,10.129451287793954,5.533706606942889,0.30089195943474134,5,True,True,True,True,10.353158834757267,0.432879390839616,0.9975357154330539,0.0004338112070419512,-0.0015634705596143058,0.0002472807082229168,0.0015634705596143058,0.0002472807082229168,1629.6743850938003,93.9095423909708,3.0,106.418378125,266,3.0
4.75,61.0,4.7,7.705263157894737,2.425531914893617,10.130795072788354,5.27973124300112,0.31698507032770695,5,True,True,True,True,10.354502619751667,0.432879390839616,0.9975423709582203,0.00043340457645866105,-0.0015594870183118176,0.00024708679961452546,0.0015594870183118176,0.00024708679961452546,1630.465501622658,94.12126408606419,3.0,106.3765171875,267,3.0
4.75,60.0,4.7,7.578947368421052,2.553191489361702,10.132138857782754,5.02575587905935,0.333107472583412,5,True,True,True,True,10.355846404746067,0.432879390839616,0.9975490085081837,0.00043299769552058656,-0.0015555136266096601,0.0002468926829803416,0.0015555136266096601,0.0002468926829803416,1631.2570021947117,94.33332553271921,3.0,106.33465625,268,3.0
4.75,59.0,4.7,7.4526315789473685,2.680851063829787,10.133482642777155,4.771780515117582,0.3492551097596423,5,True,True,True,True,10.357190189740468,0.432879390839616,0.9975556281314916,0.0004325905628286683,-0.0015515503586478335,0.00024669835744138644,0.0015515503586478335,0.00024669835744138644,1632.0488869963951,94.54572626074759,3.0,106.2927953125,269,3.0
4.75,58.0,4.7,7.326315789473684,2.808510638297872,10.134826427771555,4.517805151175812,0.3654246365772222,5,True,True,True,True,10.358533974734868,0.432879390839616,0.9975622298765601,0.0004321831770418877,-0.0015475971886322185,0.0002465038221512764,0.0015475971886322185,0.0002465038221512764,1632.8411562142317,94.75846580370337,3.0,106.250934375,270,3.0
4.75,57.0,4.7,7.199999999999999,2.9361702127659575,10.136170212765958,4.263829787234042,0.3816132705554591,5,True,True,True,True,10.35987775972927,0.432879390839616,0.9975688137916745,0.00043177553687654845,-0.001543654090834426,0.0002463090762958343,0.001543654090834426,0.0002463090762958343,1633.6338100348312,94.97154369886448,3.0,106.20907343750001,271,3.0
4.75,56.0,4.7,7.0736842105263165,3.063829787234042,10.137513997760358,4.009854423292275,0.39781867908952834,5,True,True,True,True,10.361221544723671,0.432879390839616,0.9975753799249899,0.0004313676411055522,-0.0015397210395916108,0.0002461141190926974,0.0015397210395916108,0.0002461141190926974,1634.4268486448996,95.18495948721178,3.0,106.16721249999999,272,3.0
4.75,55.0,4.7,6.947368421052632,3.1914893617021276,10.138857782754759,3.7558790593505043,0.41403889252472914,5,True,True,True,True,10.362565329718072,0.432879390839616,0.9975819283245314,0.0004309594885576794,-0.0015357980093063256,0.00024591894979094373,0.0015357980093063256,0.00024591894979094373,1635.2202722312284,95.39871271340925,3.0,106.1253515625,273,3.0
4.75,54.0,4.7,6.821052631578948,3.319148936170213,10.14020156774916,3.501903695408735,0.43027223653837493,5,True,True,True,True,10.363909114712474,0.432879390839616,0.9975884590381942,0.0004305510781168903,-0.0015318849744463292,0.0002457235676707048,0.0015318849744463292,0.0002457235676707048,1636.0140809807033,95.61280292578311,3.0,106.08349062500001,274,3.0
4.75,66.0,4.65,8.336842105263159,1.8064516129032258,10.143293718166385,6.530390492359933,0.24412951504990307,5,True,True,True,True,10.367001265129698,0.432879390839616,0.9975995550369099,0.0004298540284884284,-0.0015252351603134628,0.0002453898947509672,0.0015252351603134628,0.0002453898947509672,1637.3686314851564,95.97866145618372,3.0,106.01210625,275,3.0
4.7,63.0,4.85,8.042553191489361,2.103092783505155,10.145645974994515,5.939460407984206,0.2848331048462568,5,True,True,True,True,10.369353521957828,0.432879390839616,0.9976008910357006,0.00042976983274584167,-0.001524434381010507,0.0002453495731649385,0.001524434381010507,0.0002453495731649385,1637.532222324292,96.02289227843866,3.0,106.00348906250001,276,3.0
4.75,65.0,4.65,8.210526315789474,1.9354838709677418,10.146010186757216,6.275042444821732,0.2596012788651634,5,True,True,True,True,10.36971773372053,0.432879390839616,0.9976123678097866,0.0004290441611681259,-0.0015175543175459782,0.00024500188918653756,0.0015175543175459782,0.00024500188918653756,1638.9419754642513,96.4044593838383,3.0,105.929265625,277,3.0
4.75,64.0,4.65,8.08421052631579,2.064516129032258,10.148726655348048,6.019694397283532,0.27517979173700174,5,True,True,True,True,10.37243420231136,0.432879390839616,0.9976251121923644,0.00042823326625024866,-0.001509912154286517,0.0002446130385727178,0.001509912154286517,0.0002446130385727178,1640.5168312661722,96.83156893509104,3.0,105.84642500000001,278,3.0
4.75,63.0,4.65,7.957894736842104,2.1935483870967745,10.15144312393888,5.764346349745329,0.29084790096281427,5,True,True,True,True,10.375150670902192,0.432879390839616,0.9976377885496877,0.00042742133760559706,-0.0015023084757511955,0.00024422333875211843,0.0015023084757511955,0.00024422333875211843,1642.0932003436324,97.25998678121402,3.0,105.763584375,279,3.0
4.7,65.0,4.85,8.297872340425531,1.8556701030927836,10.153542443518315,6.442202237332747,0.25284426058408366,5,True,True,True,True,10.377249990481628,0.432879390839616,0.9976403241224088,0.00042725828473593255,-0.0015007872821041935,0.0002441450359477812,0.0015007872821041935,0.0002441450359477812,1642.409709126394,97.34611372088878,3.0,105.7469609375,280,3.0
4.75,62.0,4.65,7.831578947368421,2.32258064516129,10.154159592529712,5.508998302207131,0.3065918706205276,5,True,True,True,True,10.377867139493025,0.432879390839616,0.9976503972448525,0.0004266083698716725,-0.0014947430881370452,0.00024383278600094579,0.0014947430881370452,0.00024383278600094579,1643.6710841507304,97.68970964731368,3.0,105.68074375,281,3.0
4.75,61.0,4.65,7.705263157894737,2.4516129032258065,10.156876061120544,5.25365025466893,0.3224005872959565,5,True,True,True,True,10.380583608083857,0.432879390839616,0.997662938639017,0.00042579435843307587,-0.0014872157986170439,0.00024344137701844853,0.0014872157986170439,0.00024344137701844853,1645.2504841429684,98.12073431173911,3.0,105.597903125,282,3.0
4.75,67.0,4.6,8.463157894736844,1.6956521739130437,10.158810068649887,6.7675057208238,0.2391458793289157,5,True,True,True,True,10.3825176156132,0.432879390839616,0.9976666134616534,0.0004255548137043436,-0.0014850097529856806,0.00024332612684509252,0.0014850097529856806,0.00024332612684509252,1645.7151672782009,98.2477166451651,3.0,105.5735453125,283,3.0
4.7,60.0,4.8,7.659574468085106,2.5,10.159574468085106,5.159574468085106,0.3320663601078636,5,True,True,True,True,10.383282015048419,0.432879390839616,0.9976753849322741,0.0004249811453778045,-0.0014797433240150417,0.000243049997741228,0.0014797433240150417,0.000243049997741228,1646.8278218416258,98.552077628653,3.0,105.51525000000001,284,3.0
4.75,60.0,4.65,7.578947368421052,2.5806451612903225,10.159592529711375,4.998302207130729,0.3382649733109015,5,True,True,True,True,10.383300076674688,0.432879390839616,0.9976754130914113,0.00042497929940227546,-0.001479726415335222,0.0002430491089165691,0.001479726415335222,0.0002430491089165691,1646.8314017772454,98.55305760548909,3.0,105.5150625,285,3.0
4.7,67.0,4.85,8.553191489361703,1.6082474226804127,10.161438912042115,6.94494406668129,0.22108935363902318,5,True,True,True,True,10.385146459005428,0.432879390839616,0.997679109065014,0.00042473676832322193,-0.0014775069981252068,0.00024293231600843476,0.0014775069981252068,0.00024293231600843476,1647.3017238120885,98.68184341038437,3.0,105.4904328125,286,3.0
4.7,61.0,4.8,7.787234042553192,2.375,10.162234042553191,5.412234042553192,0.31589082613307734,5,True,True,True,True,10.385941589516504,0.432879390839616,0.9976880576204422,0.00042414757076958,-0.0014721325962451693,0.00024264845196485794,0.0014721325962451693,0.00024264845196485794,1648.4441183464544,98.99498222825821,3.0,105.4306375,287,3.0
4.7,62.0,4.8,7.914893617021277,2.25,10.164893617021278,5.664893617021277,0.29973897056748355,5,True,True,True,True,10.38860116398459,0.432879390839616,0.9977006612231829,0.0004233128973243695,-0.0014645610125459249,0.00024224600511191585,0.0014645610125459249,0.00024224600511191585,1650.0620011825051,99.43923509382964,3.0,105.346025,288,3.0
4.75,65.0,4.6,8.210526315789474,1.956521739130435,10.16704805491991,6.254004576659039,0.26877587209009524,5,True,True,True,True,10.390755601883223,0.432879390839616,0.9977033894414673,0.0004231314733630531,-0.0014629217327006502,0.00024215848042152515,0.0014629217327006502,0.00024215848042152515,1650.4135908316896,99.53589803029898,3.0,105.32764843749999,289,3.0
4.7,63.0,4.8,8.042553191489361,2.1250000000000004,10.167553191489361,5.917553191489361,0.28361483889376354,5,True,True,True,True,10.391260738452674,0.432879390839616,0.997713196117117,0.00042247712312857183,-0.0014570283715885648,0.00024184265537210514,0.0014570283715885648,0.00024184265537210514,1651.681471906698,99.88483301483252,3.0,105.2614125,290,3.0
4.7,69.0,4.85,8.808510638297872,1.3608247422680413,10.169335380565913,7.44768589602983,0.18968590923678535,5,True,True,True,True,10.393042927529226,0.432879390839616,0.9977172565167727,0.00042220517276573535,-0.0014545878390228796,0.00024171133026964367,0.0014545878390228796,0.00024171133026964367,1652.208309653538,100.02998761325607,3.0,105.2339046875,291,3.0
4.7,64.0,4.8,8.170212765957446,2.0,10.170212765957446,6.170212765957446,0.267523444069263,5,True,True,True,True,10.39392031292076,0.432879390839616,0.9977256626768118,0.00042164024698028056,-0.0014495344730798335,0.00024143840134088654,0.0014495344730798335,0.00024143840134088654,1653.3025320774846,100.33177283549188,3.0,105.1768,292,3.0
4.7,65.0,4.8,8.297872340425531,1.875,10.172872340425531,6.422872340425531,0.25147107057212115,5,True,True,True,True,10.396579887388844,0.432879390839616,0.997738061274793,0.00042080226836994786,-0.0014420791177566395,0.00024103324200902828,0.0014420791177566395,0.00024103324200902828,1654.9251832548448,100.78005145416004,3.0,105.0921875,293,3.0
4.75,63.0,4.6,7.957894736842104,2.2173913043478266,10.175286041189931,5.740503432494277,0.29906545591866335,5,True,True,True,True,10.398993588153244,0.432879390839616,0.9977395858033442,0.0004206988373821623,-0.00144116224940949,0.00024098320771318599,0.00144116224940949,0.00024098320771318599,1655.1254281182025,100.83543384298636,3.0,105.08175156249999,294,3.0
4.7,66.0,4.8,8.425531914893616,1.7500000000000002,10.175531914893616,6.675531914893616,0.23546569912571402,5,True,True,True,True,10.39923946185693,0.432879390839616,0.9977503922815554,0.0004199631874614333,-0.0014346621073807572,0.00024062717675236262,0.0014346621073807572,0.00024062717675236262,1656.5494270002876,101.22966582269439,3.0,105.007575,295,3.0
4.7,71.0,4.85,9.063829787234042,1.1134020618556701,10.177231849089711,7.950427725378372,0.15884251862050908,5,True,True,True,True,10.400939396053024,0.432879390839616,0.9977547769558381,0.0004196634503666408,-0.0014320242030108838,0.0002404820315080855,0.0014320242030108838,0.0002404820315080855,1657.129510051792,101.39045731487697,3.0,104.97737656250001,296,3.0
4.7,54.0,4.75,6.893617021276596,3.28421052631579,10.177827547592386,3.6094064949608065,0.43027223653837493,5,True,True,True,True,10.4015350945557,0.432879390839616,0.9977643289973097,0.00041900795139222433,-0.0014262764992027295,0.00024016444607049945,0.0014262764992027295,0.00024016444607049945,1658.3978638170352,101.74242271938355,3.0,104.91138437500001,297,3.0
4.7,55.0,4.75,7.0212765957446805,3.1578947368421053,10.179171332586787,3.8633818589025752,0.41403889252472914,5,True,True,True,True,10.4028788795501,0.432879390839616,0.9977703670843155,0.0004185918007647442,-0.0014226425124235081,0.00023996270586125614,0.0014226425124235081,0.00023996270586125614,1659.2029240017494,101.96610480660593,3.0,104.8695234375,298,3.0
4.7,56.0,4.75,7.148936170212766,3.0315789473684207,10.180515117581187,4.117357222844345,0.39781867908952834,5,True,True,True,True,10.4042226645445,0.432879390839616,0.9977763888636917,0.0004181753811840782,-0.0014190177846203106,0.0002397607439385135,0.0014190177846203106,0.0002397607439385135,1660.0083749985315,102.19011193560516,3.0,104.8276625,299,3.0
4.7,57.0,4.75,7.27659574468085,2.905263157894737,10.181858902575588,4.371332586786113,0.3816132705554591,5,True,True,True,True,10.4055664495389,0.432879390839616,0.9977823943794818,0.000417758692929431,-0.0014154022922023436,0.000239558560375493,0.0014154022922023436,0.000239558560375493,1660.8142169971006,102.4144437586168,3.0,104.7858015625,300,3.0
4.7,58.0,4.75,7.404255319148935,2.7789473684210524,10.183202687569988,4.6253079507278825,0.3654246365772222,5,True,True,True,True,10.406910234533301,0.432879390839616,0.9977883836756104,0.0004173417363159101,-0.001411796011638921,0.00023935615526607466,0.001411796011638921,0.00023935615526607466,1661.6204501872678,102.63909993093156,3.0,104.74394062500001,301,3.0
4.7,59.0,4.75,7.531914893617021,2.6526315789473682,10.184546472564389,4.879283314669653,0.34925510975964236,5,True,True,True,True,10.408254019527702,0.432879390839616,0.9977943567958835,0.00041692451169400764,-0.001408198919459303,0.00023915352872452402,0.001408198919459303,0.00023915352872452402,1662.4270747589321,102.86408011087647,3.0,104.7020796875,302,3.0
4.7,60.0,4.75,7.659574468085106,2.526315789473684,10.185890257558789,5.133258678611422,0.33310747258341206,5,True,True,True,True,10.409597804522102,0.432879390839616,0.9978003137839887,0.00041650701944909694,-0.001404610992252559,0.00023895068088521578,0.001404610992252559,0.00023895068088521578,1663.2340909020888,103.08938395979769,3.0,104.66021875000001,303,3.0
4.7,61.0,4.75,7.787234042553192,2.4,10.187234042553191,5.387234042553192,0.316985070327707,5,True,True,True,True,10.410941589516504,0.432879390839616,0.9978062546834957,0.0004160892600009441,-0.0014010322066674008,0.00023874761190236692,0.0014010322066674008,0.00023874761190236692,1664.0414988068258,103.3150111420439,3.0,104.6183578125,304,3.0
4.7,62.0,4.75,7.914893617021277,2.2736842105263158,10.188577827547594,5.641209406494961,0.3008919594347414,5,True,True,True,True,10.412285374510907,0.432879390839616,0.9978121795378566,0.00041567123380320157,-0.0013974625394120412,0.0002385443219497689,0.0013974625394120412,0.0002385443219497689,1664.8492986633185,103.54096132494554,3.0,104.576496875,305,3.0
4.7,63.0,4.75,8.042553191489361,2.1473684210526316,10.189921612541992,5.89518477043673,0.2848331048462568,5,True,True,True,True,10.413629159505305,0.432879390839616,0.9978180883904058,0.00041525294134293217,-0.0013939019672540346,0.0002383408112205203,0.0013939019672540346,0.0002383408112205203,1665.6574906618391,103.76723417880245,3.0,104.53463593750001,306,3.0
4.7,64.0,4.75,8.170212765957446,2.0210526315789474,10.191265397536394,6.149160134378499,0.26881464599664834,5,True,True,True,True,10.414972944499707,0.432879390839616,0.9978239812843611,0.00041483438314012205,-0.001390350467020127,0.00023813707992676692,0.001390350467020127,0.00023813707992676692,1666.4660749927527,103.99382937686244,3.0,104.492775,307,3.0
4.7,65.0,4.75,8.297872340425531,1.894736842105263,10.192609182530795,6.403135498320268,0.25284426058408366,5,True,True,True,True,10.416316729494108,0.432879390839616,0.9978298582628232,0.0004144155597472008,-0.0013868080155961162,0.00023793312829944148,0.0013868080155961162,0.00023793312829944148,1667.2750518465116,104.22074659530537,3.0,104.4509140625,308,3.0
4.7,66.0,4.75,8.425531914893616,1.7684210526315791,10.193952967525195,6.657110862262037,0.2369316699818421,5,True,True,True,True,10.417660514488508,0.432879390839616,0.9978357193687768,0.00041399647174857534,-0.0013832745899266814,0.00023772895658800663,0.0013832745899266814,0.00023772895658800663,1668.0844214136655,104.44798551322688,3.0,104.40905312500001,309,3.0
4.7,67.0,4.75,8.553191489361703,1.642105263157895,10.195296752519598,6.911086226203809,0.22108935363902318,5,True,True,True,True,10.41900429948291,0.432879390839616,0.99784156464509,0.000413577119760158,-0.0013797501670152485,0.00023752456506020026,0.0013797501670152485,0.00023752456506020026,1668.8941838848564,104.67554581262044,3.0,104.36719218750001,310,3.0
4.7,68.0,4.75,8.680851063829788,1.5157894736842104,10.196640537513998,7.165061590145578,0.20533357803029081,5,True,True,True,True,10.420348084477311,0.432879390839616,0.9978473941345156,0.00041315750442890467,-0.0013762347239238391,0.00023731995400178376,0.0013762347239238391,0.00023731995400178376,1669.7043394508146,104.90342717836056,3.0,104.32533125,311,3.0
4.7,69.0,4.75,8.808510638297872,1.3894736842105262,10.197984322508397,7.419036954087345,0.18968590923678535,5,True,True,True,True,10.42169186947171,0.432879390839616,0.9978532078796908,0.00041273762643235086,-0.0013727282377729137,0.00023711512371629292,0.0013727282377729137,0.00023711512371629292,1670.5148883023671,105.13162929818543,3.0,104.28347031250001,312,3.0
4.7,70.0,4.75,8.936170212765957,1.263157894736842,10.199328107502799,7.673012318029114,0.17417548616643608,5,True,True,True,True,10.423035654466112,0.432879390839616,0.9978590059231374,0.00041231748647816926,-0.0013692306857412278,0.00023691007452478934,0.0013692306857412278,0.00023691007452478934,1671.3258306304338,105.36015186268182,3.0,104.24160937500001,313,3.0
4.75,56.0,4.6,7.0736842105263165,3.130434782608696,10.204118993135012,3.9432494279176207,0.3867223181627897,0,True,True,True,True,10.427826540098325,0.432879390839616,0.997861839175468,0.0004121116729794612,-0.0013675213885587182,0.00023680959408720948,0.0013675213885587182,0.00023680959408720948,1671.723045646483,105.47216289014739,3.0,104.22111249999999,314,3.0
4.75,55.0,4.6,6.947368421052632,3.2608695652173916,10.208237986270024,3.6864988558352403,0.3946331023481653,0,True,True,True,True,10.431945533233337,0.432879390839616,0.9978787556299448,0.00041087581203523587,-0.0013573130368545539,0.0002362057747995345,0.0013573130368545539,0.0002362057747995345,1674.1076821452991,106.14565876394343,3.0,104.09816406249999,315,3.0
4.75,61.0,4.55,7.705263157894737,2.5054945054945055,10.210757663389241,5.199768652400231,0.33284058021543655,0,True,True,True,True,10.434465210352554,0.432879390839616,0.9978798476331061,0.0004107956183563142,-0.0013566539017857975,0.00023616656653087858,0.0013566539017857975,0.00023616656653087858,1674.2623870496466,106.18941421098438,3.0,104.09019375,316,3.0
4.75,54.0,4.6,6.821052631578948,3.3913043478260874,10.212356979405035,3.429748283752861,0.4030557151247666,0,True,True,True,True,10.436064526368348,0.432879390839616,0.997895538246766,0.00040963772154634586,-0.0013471808890367695,0.00023560008125890594,0.0013471808890367695,0.00023560008125890594,1676.4957202190612,106.8219074033684,3.0,103.975215625,317,3.0
4.7,56.0,4.7,7.148936170212766,3.063829787234042,10.212765957446807,4.085106382978724,0.4004213577712944,5,True,True,True,True,10.43647350441012,0.432879390839616,0.9979161320356532,0.000408101855614686,-0.0013347415626933183,0.00023484762546287767,0.0013347415626933183,0.00023484762546287767,1679.4569371876494,107.66293589624222,3.0,103.82300000000001,318,3.0
4.65,54.0,4.8,6.967741935483872,3.2500000000000004,10.217741935483872,3.7177419354838714,0.4334792735970526,5,True,True,True,True,10.441449482447185,0.432879390839616,0.997917878540311,0.0004079707504333053,-0.0013336862967530537,0.00023478333857133578,0.0013336862967530537,0.00023478333857133578,1679.7096567005917,107.7348374502521,3.0,103.81002187500002,319,3.0
4.75,52.0,4.6,6.56842105263158,3.6521739130434785,10.220594965675058,2.9162471395881013,0.4213117934648019,0,True,True,True,True,10.444302512638371,0.432879390839616,0.9979287061945896,0.00040715494406120314,-0.001327142933902252,0.00023438311587727103,0.001327142933902252,0.00023438311587727103,1681.2820205071177,108.18263362754173,3.0,103.72931875,320,3.0
4.65,55.0,4.8,7.096774193548386,3.125,10.221774193548386,3.971774193548386,0.41737068371604313,5,True,True,True,True,10.445481740511699,0.432879390839616,0.9979347044133746,0.00040670076991981466,-0.0013235172591259212,0.00023416015910400956,0.0013235172591259212,0.00023416015910400956,1682.1572448668173,108.4322183033317,3.0,103.6844296875,321,3.0
4.75,51.0,4.6,6.442105263157895,3.782608695652174,10.224713958810069,2.6594965675057214,0.43108551483959573,0,True,True,True,True,10.448421505773382,0.432879390839616,0.9979450936182882,0.0004059103079744154,-0.0013172360015907564,0.000233771869111692,0.0013172360015907564,0.000233771869111692,1683.680292446567,108.86709703727874,3.0,103.60637031249999,322,3.0
4.65,56.0,4.8,7.225806451612903,3.0,10.225806451612904,4.225806451612903,0.40128516610389453,5,True,True,True,True,10.449513998576217,0.432879390839616,0.9979513943145414,0.0004054285501234792,-0.0013134257579678346,0.00023353506664498705,0.0013134257579678346,0.00023353506664498705,1684.6083995350302,109.1324464683524,3.0,103.55883750000001,323,3.0
4.75,50.0,4.6,6.315789473684211,3.91304347826087,10.22883295194508,2.4027459954233406,0.43337965447939264,1,True,True,True,True,10.452540498908393,0.432879390839616,0.997961351389856,0.00040466354398693827,-0.0013074030231129577,0.00023315879814828135,0.0013074030231129577,0.00023315879814828135,1686.0819854112965,109.55428485572452,3.0,103.48342187499999,324,3.0
4.65,57.0,4.8,7.354838709677418,2.8750000000000004,10.229838709677418,4.479838709677418,0.38522561099507274,5,True,True,True,True,10.453546256640731,0.432879390839616,0.9979679493426165,0.0004041541217960662,-0.0013034112020818413,0.0002329080766942797,0.0013034112020818413,0.0002329080766942797,1687.0631259021588,109.8355147810776,3.0,103.43324531250002,325,3.0
4.7,66.0,4.65,8.425531914893616,1.8064516129032258,10.231983527796842,6.61908030199039,0.24834810739236698,5,True,True,True,True,10.455691074760155,0.432879390839616,0.9979919570993753,0.0004022834868259282,-0.0012888800720846135,0.0002319863038965768,0.0012888800720846135,0.0002319863038965768,1690.6651402547063,110.87044521198162,3.0,103.24928437500002,326,3.0
4.7,65.0,4.65,8.297872340425531,1.9354838709677418,10.233356211393273,6.362388469457789,0.2635723549906137,5,True,True,True,True,10.457063758356586,0.432879390839616,0.9979972663901263,0.0004018661536897345,-0.001285665201650718,0.00023178042303680123,0.001285665201650718,0.00023178042303680123,1691.4685825493978,111.10181512457258,3.0,103.2083046875,327,3.0
4.7,64.0,4.65,8.170212765957446,2.064516129032258,10.234728894989704,6.105696636925188,0.2789291668278695,5,True,True,True,True,10.458436441953017,0.432879390839616,0.9980025616430457,0.00040144859554792336,-0.0012824583501102273,0.00023157434535290688,0.0012824583501102273,0.00023157434535290688,1692.2724066580308,111.33348540205589,3.0,103.167325,328,3.0
4.7,63.0,4.65,8.042553191489361,2.1935483870967745,10.236101578586135,5.849004804392587,0.2943977986013904,5,True,True,True,True,10.459809125549448,0.432879390839616,0.9980078428952495,0.00040103081367625504,-0.0012792594974615071,0.00023136807150699352,0.0012792594974615071,0.00023136807150699352,1693.0766127620502,111.565455819875,3.0,103.1263453125,329,3.0
4.7,62.0,4.65,7.914893617021277,2.32258064516129,10.237474262182566,5.592312971859987,0.3099615096386391,5,True,True,True,True,10.461181809145879,0.432879390839616,0.9980131101837559,0.0004006128093682346,-0.0012760686237528196,0.00023116160217182178,0.0012760686237528196,0.00023116160217182178,1693.8812010429922,111.79772615569418,3.0,103.08536562500001,330,3.0
4.7,61.0,4.65,7.787234042553192,2.4516129032258065,10.238846945778999,5.335621139327385,0.32560666611058114,5,True,True,True,True,10.462554492742312,0.432879390839616,0.9980183635454851,0.00040019458393481325,-0.0012728857090821876,0.0002309549380306488,0.0012728857090821876,0.0002309549380306488,1694.6861716824742,112.03029618938295,3.0,103.04438593750001,331,3.0
4.7,60.0,4.65,7.659574468085106,2.5806451612903225,10.240219629375428,5.078929306794784,0.3413220685743814,5,True,True,True,True,10.463927176338741,0.432879390839616,0.9980236030172597,0.0003997761387040937,-0.0012697107335972796,0.0002307480797770648,0.0012697107335972796,0.0002307480797770648,1695.4915248622017,112.26316570300567,3.0,103.00340625000001,332,3.0
4.7,59.0,4.65,7.531914893617021,2.7096774193548385,10.241592312971859,4.822237474262183,0.35709844286723785,5,True,True,True,True,10.465299859935172,0.432879390839616,0.9980288286358048,0.00039935747502103805,-0.0012665436774952818,0.0002305410281148309,0.0012665436774952818,0.0002305410281148309,1696.297260763965,112.49633448080748,3.0,102.96242656250001,333,3.0
4.7,58.0,4.65,7.404255319148935,2.8387096774193545,10.24296499656829,4.56554564172958,0.37292805099989595,5,True,True,True,True,10.466672543531603,0.432879390839616,0.9980340404377486,0.00039893859424717197,-0.0012633845210227716,0.00023033378375771792,0.0012633845210227716,0.00023033378375771792,1697.103379569645,112.72980230920248,3.0,102.92144687500002,334,3.0
4.7,57.0,4.65,7.27659574468085,2.967741935483871,10.24433768016472,4.308853809196979,0.38880439101046704,5,True,True,True,True,10.468045227128034,0.432879390839616,0.9980392384596223,0.0003985194977603002,-0.001260233244475601,0.00023012634742935065,0.001260233244475601,0.00023012634742935065,1697.909881461205,112.96356897675983,3.0,102.88046718750002,335,3.0
4.7,56.0,4.65,7.148936170212766,3.0967741935483866,10.245710363761152,4.0521619766643795,0.40472196337426913,5,True,True,True,True,10.469417910724465,0.432879390839616,0.9980444227378605,0.00039810018695422345,-0.0012570898281987698,0.00022991871986304704,0.0012570898281987698,0.00022991871986304704,1698.7167666206963,113.19763427419275,3.0,102.83948750000002,336,3.0
4.7,55.0,4.65,7.0212765957446805,3.225806451612903,10.247083047357584,3.7954701441317775,0.4206760876590091,5,True,True,True,True,10.470790594320897,0.432879390839616,0.9980495933088018,0.0003976806632384516,-0.0012539542525863009,0.000229710901801667,0.0012539542525863009,0.000229710901801667,1699.524035230256,113.43199799434458,3.0,102.79850781250002,337,3.0
4.7,54.0,4.65,6.893617021276596,3.3548387096774195,10.248455730954015,3.538778311599177,0.432879495260719,0,True,True,True,True,10.472163277917328,0.432879390839616,0.9980547502086884,0.0003972609280379374,-0.0012508264980811237,0.00022950289399745397,0.0012508264980811237,0.00022950289399745397,1700.3316874721072,113.66665993217788,3.0,102.75752812500002,338,3.0
4.7,53.0,4.65,6.76595744680851,3.483870967741936,10.249828414550446,3.2820864790665745,0.4411811094834392,0,True,True,True,True,10.47353596151376,0.432879390839616,0.9980598934736665,0.00039684098279278935,-0.0012477065451749476,0.00022929469721188922,0.0012477065451749476,0.00022929469721188922,1701.1397235285633,113.90161988476054,3.0,102.71654843750001,339,3.0
4.65,54.0,4.75,6.967741935483872,3.28421052631579,10.251952461799661,3.683531409168082,0.43427733237397,5,True,True,True,True,10.475660008762974,0.432879390839616,0.9980621567226988,0.0003966557703480004,-0.00124633348853433,0.00022920284726648304,0.00124633348853433,0.00022920284726648304,1701.4960936626958,114.00530399531108,3.0,102.69848125000001,340,3.0
4.65,63.0,4.8,8.129032258064514,2.1250000000000004,10.254032258064514,6.004032258064514,0.28965493387624486,5,True,True,True,True,10.477739805027827,0.432879390839616,0.9980645075993992,0.0003964631148621616,-0.0012449071741164736,0.00022910728871978193,0.0012449071741164736,0.00022910728871978193,1701.8667817656133,114.11319219273102,3.0,102.67969218750001,341,3.0
4.65,55.0,4.75,7.096774193548386,3.1578947368421053,10.25466893039049,3.938879456706281,0.4181994839800984,5,True,True,True,True,10.478376477353804,0.432879390839616,0.998072500282399,0.0003958060293299825,-0.00124005715042571,0.0002287812356475715,0.00124005715042571,0.0002287812356475715,1703.1310575815946,114.48145113205011,3.0,102.61564062500001,342,3.0
4.7,64.0,4.6,8.170212765957446,2.0869565217391304,10.257169287696577,6.083256244218315,0.2874876093619556,5,True,True,True,True,10.48087683465989,0.432879390839616,0.9980836802338549,0.000394881484596134,-0.0012332711528023844,0.0002283221170289661,0.0012332711528023844,0.0002283221170289661,1704.9099043891677,115.00036003211335,3.0,102.5256,343,3.0
4.7,63.0,4.6,8.042553191489361,2.2173913043478266,10.259944495837187,5.825161887141535,0.3025189403173093,5,True,True,True,True,10.4836520428005,0.432879390839616,0.9980936930091711,0.00039404803786168404,-0.0012271917017696492,0.00022790788802331332,0.0012271917017696492,0.00022790788802331332,1706.5134627853608,115.46889832246637,3.0,102.4445125,344,3.0
4.65,65.0,4.8,8.387096774193548,1.875,10.262096774193548,6.512096774193548,0.258264018424567,5,True,True,True,True,10.485804321156861,0.432879390839616,0.998095663095166,0.00039388344362729694,-0.0012259953129489796,0.00022782604454510367,0.0012259953129489796,0.00022782604454510367,1706.8301441354643,115.56151355170257,3.0,102.42850781250002,345,3.0
4.7,62.0,4.6,7.914893617021277,2.3478260869565215,10.262719703977798,5.567067530064755,0.31768503724101815,5,True,True,True,True,10.48642725094111,0.432879390839616,0.9981036534677126,0.00039321381365752396,-0.001221142219592325,0.00022749294300187007,0.001221142219592325,0.00022749294300187007,1708.1185294134705,115.93859764462793,3.0,102.363425,346,3.0
4.7,61.0,4.6,7.787234042553192,2.4782608695652177,10.26549491211841,5.308973172987974,0.3329674855673004,5,True,True,True,True,10.489202459081723,0.432879390839616,0.9981135618828346,0.00039237882411746137,-0.001215122558537942,0.0002270772884643047,0.001215122558537942,0.0002270772884643047,1709.7251056920659,116.40945657098509,3.0,102.2823375,347,3.0
4.65,60.0,4.75,7.741935483870967,2.526315789473684,10.268251273344651,5.215619694397283,0.33826497331090155,5,True,True,True,True,10.491958820307964,0.432879390839616,0.9981233957942898,0.00039154501492634405,-0.0012091463882344055,0.00022666189458453028,0.0012091463882344055,0.00022666189458453028,1711.3294728893457,116.88038091613899,3.0,102.20143750000003,348,3.0
4.7,60.0,4.6,7.659574468085106,2.608695652173913,10.268270120259018,5.050878815911193,0.34835097233287243,5,True,True,True,True,10.491977667222331,0.432879390839616,0.9981234185264642,0.0003915430815656678,-0.0012091325716022906,0.0002266609310285449,0.0012091325716022906,0.0002266609310285449,1711.3331930410552,116.88147370427173,3.0,102.20125000000002,349,3.0
4.65,67.0,4.8,8.64516129032258,1.6250000000000002,10.27016129032258,7.02016129032258,0.22726765144871394,5,True,True,True,True,10.493868837285893,0.432879390839616,0.998126317082936,0.000391296336196014,-0.0012073707490999161,0.000226537942739858,0.0012073707490999161,0.000226537942739858,1711.8079817664084,117.02097332649679,3.0,102.17732343750002,350,3.0
4.65,61.0,4.75,7.870967741935484,2.4,10.270967741935484,5.470967741935484,0.3224005872959565,5,True,True,True,True,10.494675288898797,0.432879390839616,0.9981334124802946,0.0003906904406198767,-0.0012030573184748327,0.00022623581821444819,0.0012030573184748327,0.00022623581821444819,1712.9738856810902,117.36379502240479,3.0,102.11859687500001,351,3.0
4.65,62.0,4.75,8.0,2.2736842105263158,10.273684210526316,5.726315789473684,0.3065918706205277,5,True,True,True,True,10.497391757489629,0.432879390839616,0.9981433757005777,0.00038983510693857556,-0.0011969989123064512,0.00022580902253122167,0.0011969989123064512,0.00022580902253122167,1714.6198785855338,117.84841510858232,3.0,102.03575625000002,352,3.0
4.65,63.0,4.75,8.129032258064514,2.1473684210526316,10.276400679117145,5.981663837011883,0.2908479009628143,5,True,True,True,True,10.500108226080458,0.432879390839616,0.998153285740521,0.000388979027591482,-0.001190971015312267,0.00022538151494733394,0.001190971015312267,0.00022538151494733394,1716.2674531210002,118.33423978060237,3.0,101.95291562500002,353,3.0
4.65,64.0,4.75,8.258064516129032,2.0210526315789474,10.279117147707979,6.237011884550085,0.2751797917370018,5,True,True,True,True,10.502824694671292,0.432879390839616,0.9981631428839834,0.00038812221646386834,-0.0011849734738529126,0.00022495330298675815,0.0011849734738529126,0.00022495330298675815,1717.9166108072768,118.82126767594761,3.0,101.87007500000001,354,3.0
4.65,65.0,4.75,8.387096774193548,1.894736842105263,10.281833616298812,6.492359932088285,0.2596012788651634,5,True,True,True,True,10.505541163262125,0.432879390839616,0.9981729474133089,0.00038726468760979653,-0.001179006135062721,0.00022452439428079988,0.001179006135062721,0.00022452439428079988,1719.5673531656096,119.30949746328355,3.0,101.78723437500003,355,3.0
4.65,66.0,4.75,8.516129032258064,1.7684210526315791,10.284550084889643,6.747707979626485,0.2441295150499031,5,True,True,True,True,10.508257631852956,0.432879390839616,0.9981826996093338,0.0003864064552448405,-0.0011730688468458283,0.00022409479656403724,0.0011730688468458283,0.00022409479656403724,1721.2196817187069,119.79892784209437,3.0,101.70439375000001,356,3.0
4.65,54.0,4.7,6.967741935483872,3.319148936170213,10.286890871654085,3.6485929993136588,0.43666275744643185,5,True,True,True,True,10.510598418617398,0.432879390839616,0.9981937371283014,0.00038542869777449633,-0.0011663468542412513,0.00022360496008872683,0.0011663468542412513,0.00022360496008872683,1723.1024475166387,120.35750235351965,3.0,101.61009687500002,357,3.0
4.65,55.0,4.7,7.096774193548386,3.1914893617021276,10.288263555250513,3.9052848318462585,0.42067608765900916,5,True,True,True,True,10.511971102213826,0.432879390839616,0.9981985129101115,0.00038500350943016334,-0.0011634376200164555,0.00022339181399443352,0.0011634376200164555,0.00022339181399443352,1723.9213047530354,120.60073250573792,3.0,101.56911718750001,358,3.0
4.65,56.0,4.7,7.225806451612903,3.063829787234042,10.289636238846946,4.1619766643788605,0.4047219633742692,5,True,True,True,True,10.513343785810259,0.432879390839616,0.9982032760646943,0.00038457815826361993,-0.0011605356423326652,0.00022317850438861747,0.0011605356423326652,0.00022317850438861747,1724.7405511289026,120.84425565093343,3.0,101.52813750000001,359,3.0
4.65,57.0,4.7,7.354838709677418,2.9361702127659575,10.291008922443375,4.418668496911461,0.3888043910104671,5,True,True,True,True,10.514716469406688,0.432879390839616,0.9982080266254363,0.0003841526460556115,-0.0011576409030897967,0.00022296503224636974,0.0011576409030897967,0.00022296503224636974,1725.560186829166,121.08807164396907,3.0,101.48715781250003,360,3.0
4.65,58.0,4.7,7.483870967741934,2.808510638297872,10.292381606039806,4.675360329444063,0.372928050999896,5,True,True,True,True,10.516089153003119,0.432879390839616,0.9982127646256357,0.0003837269745948517,-0.0011547533842329097,0.0002227513985480147,0.0011547533842329097,0.0002227513985480147,1726.380212038845,121.33218034146651,3.0,101.44617812500002,361,3.0
4.65,59.0,4.7,7.612903225806451,2.680851063829787,10.293754289636238,4.932052161976664,0.35709844286723785,5,True,True,True,True,10.517461836599551,0.432879390839616,0.9982174900985029,0.00038330114567784106,-0.001151873067752102,0.00022253760427900224,0.001151873067752102,0.00022253760427900224,1727.2006269430415,121.57658160179554,3.0,101.40519843750002,362,3.0
4.65,60.0,4.7,7.741935483870967,2.553191489361702,10.29512697323267,5.188743994509265,0.3413220685743814,5,True,True,True,True,10.518834520195982,0.432879390839616,0.9982222030771603,0.00038287516110866804,-0.0011489999356823926,0.00022232365042979885,0.0011489999356823926,0.00022232365042979885,1728.0214317269472,121.82127528506302,3.0,101.36421875000002,363,3.0
4.65,61.0,4.7,7.870967741935484,2.425531914893617,10.296499656829102,5.445435827041867,0.32560666611058114,5,True,True,True,True,10.520207203792415,0.432879390839616,0.9982269035946426,0.0003824490226988222,-0.0011461339701036122,0.00022210953799578546,0.0011461339701036122,0.00022210953799578546,1728.842626575842,122.06626125310389,3.0,101.32323906250002,364,3.0
4.65,62.0,4.7,8.0,2.2978723404255317,10.297872340425531,5.702127659574469,0.3099615096386391,5,True,True,True,True,10.521579887388844,0.432879390839616,0.9982315916838974,0.0003820227322670102,-0.0011432751531402863,0.00022189526797714685,0.0011432751531402863,0.00022189526797714685,1729.664211675093,122.31153936947057,3.0,101.28225937500002,365,3.0
4.65,63.0,4.7,8.129032258064514,2.170212765957447,10.29924502402196,5.958819492107067,0.2943977986013904,5,True,True,True,True,10.522952570985273,0.432879390839616,0.9982362673777851,0.00038159629163896986,-0.00114042346696153,0.00022168084137877552,0.00114042346696153,0.00022168084137877552,1730.4861872101549,122.55710949942429,3.0,101.24127968750001,366,3.0
4.65,64.0,4.7,8.258064516129032,2.0425531914893615,10.300617707618393,6.215511324639671,0.2789291668278695,5,True,True,True,True,10.524325254581706,0.432879390839616,0.9982409307090793,0.0003811697026472872,-0.001137578893780938,0.00022146625921016215,0.001137578893780938,0.00022146625921016215,1731.3085533665746,122.80297150992371,3.0,101.20030000000003,367,3.0
4.7,58.0,4.55,7.404255319148935,2.901098901098901,10.305354220247835,4.503156418050034,0.3612396761382164,0,True,True,True,True,10.529061767211148,0.432879390839616,0.9982437266523166,0.0003809133240859048,-0.0011358731987968023,0.00022133725715389692,0.0011358731987968023,0.00022133725715389692,1731.8028445477948,122.95083339263084,3.0,101.175678125,368,3.0
4.7,57.0,4.55,7.27659574468085,3.0329670329670333,10.309562777647884,4.243628711713816,0.3682394029378865,0,True,True,True,True,10.533270324611197,0.432879390839616,0.9982573272748303,0.00037965959488941796,-0.0011275737934923794,0.00022070599883010843,0.0011275737934923794,0.00022070599883010843,1734.2205911026697,123.67498293592412,3.0,101.0553453125,369,3.0
4.7,56.0,4.55,7.148936170212766,3.1648351648351647,10.31377133504793,3.984101005377601,0.3758242967900329,0,True,True,True,True,10.537478882011243,0.432879390839616,0.9982708225738003,0.00037840465886102075,-0.0011193350288725703,0.00022007343909949056,0.0011193350288725703,0.00022007343909949056,1736.6417130408465,124.40164419136072,3.0,100.9350125,370,3.0
4.7,55.0,4.55,7.0212765957446805,3.296703296703297,10.317979892447978,3.7245732990413836,0.3839596803851393,0,True,True,True,True,10.541687439411291,0.432879390839616,0.9982842133648545,0.00037714856341520447,-0.0011111564618583203,0.00021943960421555686,0.0011111564618583203,0.00021943960421555686,1739.0662150746523,125.13081406393833,3.0,100.8146796875,371,3.0
4.7,54.0,4.55,6.893617021276596,3.428571428571429,10.322188449848024,3.4650455927051675,0.39261133476665927,0,True,True,True,True,10.545895996811337,0.432879390839616,0.9982975004573047,0.0003758913563672746,-0.0011030376526079948,0.00021880452071271702,0.0011030376526079948,0.00021880452071271702,1741.4941019229927,125.86248957887516,3.0,100.69434687500001,372,3.0
4.65,55.0,4.65,7.096774193548386,3.225806451612903,10.322580645161288,3.870967741935483,0.4247716734979001,5,True,True,True,True,10.546288192124601,0.432879390839616,0.9983138891070159,0.00037432562055333404,-0.0010930187476103392,0.0002180126270102412,0.0010930187476103392,0.0002180126270102412,1744.5196881198322,126.77635730235866,3.0,100.54462500000002,373,3.0
4.6,54.0,4.75,7.043478260869567,3.28421052631579,10.327688787185357,3.7592677345537773,0.4398231995281906,5,True,True,True,True,10.55139633414867,0.432879390839616,0.9983151920437298,0.0003742004202380974,-0.0010922219845692833,0.00021794925957620398,0.0010922219845692833,0.00021794925957620398,1744.7617167064022,126.8495597538083,3.0,100.53265937499998,374,3.0
4.6,61.0,4.8,7.9565217391304355,2.375,10.331521739130435,5.5815217391304355,0.32878148266366425,5,True,True,True,True,10.555229286093748,0.432879390839616,0.9983204476459179,0.00037369431995180105,-0.0010890077593746048,0.0002176930393540846,0.0010890077593746048,0.0002176930393540846,1745.7402234723684,127.14566102812198,3.0,100.48429999999999,375,3.0
4.6,55.0,4.75,7.173913043478262,3.1578947368421053,10.331807780320368,4.016018306636156,0.4239557215448136,5,True,True,True,True,10.55551532728368,0.432879390839616,0.9983285217132136,0.0003729134066978403,-0.0010840687035670363,0.00021729747630843592,0.0010840687035670363,0.00021729747630843592,1747.2505395303908,127.60315594640717,3.0,100.4097109375,376,3.0
4.6,56.0,4.75,7.304347826086957,3.0315789473684207,10.335926773455377,4.272768878718536,0.40812982093938743,5,True,True,True,True,10.55963432041869,0.432879390839616,0.9983417459225543,0.00037162540329642435,-0.0010759762856421102,0.0002166444846603705,0.0010759762856421102,0.0002166444846603705,1749.7429125463598,128.35935833715936,3.0,100.28676249999998,377,3.0
4.6,57.0,4.75,7.434782608695651,2.905263157894737,10.34004576659039,4.5295194508009144,0.39235052895531225,5,True,True,True,True,10.563753313553702,0.432879390839616,0.998354865506119,0.0003703364624811524,-0.0010679442764603359,0.00021599031400453293,0.0010679442764603359,0.00021599031400453293,1752.2388408184897,129.11816428944957,3.0,100.16381406249998,378,3.0
4.6,63.0,4.8,8.217391304347826,2.1250000000000004,10.342391304347826,6.092391304347826,0.2979053979843513,5,True,True,True,True,10.56609885131114,0.432879390839616,0.9983560250959411,0.00037022200041286833,-0.0010672341836347598,0.00021593218766771248,0.0010672341836347598,0.00021593218766771248,1752.4605749214738,129.18564879076777,3.0,100.15289999999999,379,3.0
4.6,58.0,4.75,7.565217391304348,2.7789473684210524,10.3441647597254,4.786270022883295,0.37662370388104116,5,True,True,True,True,10.567872306688713,0.432879390839616,0.9983678812916739,0.0003690466369444125,-0.001059972225079081,0.0002153349939105907,0.001059972225079081,0.0002153349939105907,1754.7383294181957,129.8795712863209,3.0,100.040865625,380,3.0
4.6,59.0,4.75,7.695652173913044,2.6526315789473682,10.348283752860413,5.043020594965675,0.3609562037154911,5,True,True,True,True,10.571991299823726,0.432879390839616,0.9983807941004361,0.0003677559795912336,-0.0010520596839219305,0.0002146785541268022,0.0010520596839219305,0.0002146785541268022,1757.2413834241188,130.6435769284489,3.0,99.9179171875,381,3.0
4.65,60.0,4.6,7.741935483870967,2.608695652173913,10.35063113604488,5.133239831697054,0.35328600850213976,5,True,True,True,True,10.574338683008193,0.432879390839616,0.9983990440727583,0.0003659128654760975,-0.0010408705968510653,0.00021373992937476205,0.0010408705968510653,0.00021373992937476205,1760.8194464055114,131.73831483033575,3.0,99.74246875000003,382,3.0
4.65,59.0,4.6,7.612903225806451,2.739130434782609,10.35203366058906,4.873772791023843,0.36855060331748907,5,True,True,True,True,10.575741207552372,0.432879390839616,0.998403187077767,0.000365491319890827,-0.001038329509623793,0.0002135250556245073,0.001038329509623793,0.0002135250556245073,1761.638420296236,131.9893155972277,3.0,99.70236093750002,383,3.0
4.65,58.0,4.6,7.483870967741934,2.869565217391304,10.353436185133239,4.6143057503506295,0.383908297032065,5,True,True,True,True,10.577143732096552,0.432879390839616,0.9984073193613746,0.00036506970137593247,-0.0010357946259767898,0.00021331007151783086,0.0010357946259767898,0.00021331007151783086,1762.4577750995138,132.2405922638386,3.0,99.662253125,384,3.0
4.65,57.0,4.6,7.354838709677418,3.0000000000000004,10.354838709677418,4.354838709677418,0.39934834890919413,5,True,True,True,True,10.578546256640731,0.432879390839616,0.9984114409513265,0.0003646480117853884,-0.0010332659307651978,0.00021309497810412064,0.0010332659307651978,0.00021309497810412064,1763.277510992514,132.49214476032117,3.0,99.62214531250002,385,3.0
4.65,56.0,4.6,7.225806451612903,3.130434782608696,10.3562412342216,4.095371669004207,0.40764525016263875,0,True,True,True,True,10.579948781184912,0.432879390839616,0.9984155518752958,0.0003642262529742062,-0.0010307434088811275,0.00021287977643400072,0.0010307434088811275,0.00021287977643400072,1764.0976281524831,132.74397301807102,3.0,99.58203750000001,386,3.0
4.65,55.0,4.6,7.096774193548386,3.2608695652173916,10.357643758765779,3.8359046283309945,0.415157541282699,0,True,True,True,True,10.581351305729092,0.432879390839616,0.9984196521608846,0.00036380442679833746,-0.0010282270452535776,0.00021266446755927282,0.0010282270452535776,0.00021266446755927282,1764.918126756751,132.99607696971955,3.0,99.54192968750002,387,3.0
4.65,54.0,4.6,6.967741935483872,3.3913043478260874,10.35904628330996,3.5764375876577845,0.4231718422930517,0,True,True,True,True,10.582753830273273,0.432879390839616,0.9984237418356229,0.0003633825351145745,-0.0010257168248483395,0.00021244905253285984,0.0010257168248483395,0.00021244905253285984,1765.7390069827325,133.24845654912747,3.0,99.50182187500002,388,3.0
4.6,54.0,4.7,7.043478260869567,3.319148936170213,10.36262719703978,3.724329324699354,0.4421787072780465,5,True,True,True,True,10.586334744003093,0.432879390839616,0.9984295912404271,0.0003627770922642555,-0.0010221258495859075,0.00021213979074526527,0.0010221258495859075,0.00021213979074526527,1766.9174766769243,133.6110532566609,3.0,99.44427499999999,389,3.0
4.6,55.0,4.7,7.173913043478262,3.1914893617021276,10.36540240518039,3.982423681776134,0.426398893241356,5,True,True,True,True,10.589109952143703,0.432879390839616,0.9984377966299147,0.00036192376988363286,-0.0010170872463251969,0.00021170365843145496,0.0010170872463251969,0.00021170365843145496,1768.5793564911094,134.12293941336392,3.0,99.3631875,390,3.0
4.6,56.0,4.7,7.304347826086957,3.063829787234042,10.368177613320999,4.240518038852915,0.41066715606058174,5,True,True,True,True,10.591885160284312,0.432879390839616,0.998445959146223,0.00036107021359900584,-0.0010120734810262972,0.0002112671114608687,0.0010120734810262972,0.0002112671114608687,1770.2427993916017,134.63595103490346,3.0,99.28209999999999,391,3.0
4.6,57.0,4.7,7.434782608695651,2.9361702127659575,10.370952821461609,4.498612395929694,0.3949892402311525,5,True,True,True,True,10.594660368424922,0.432879390839616,0.9984540790133642,0.0003602164387789936,-0.001007084431249654,0.00021083015858006866,0.001007084431249654,0.00021083015858006866,1771.9078068485687,135.15008763417651,3.0,99.20101249999999,392,3.0
4.6,58.0,4.7,7.565217391304348,2.808510638297872,10.37372802960222,4.756706753006476,0.3793718184735708,5,True,True,True,True,10.597435576565532,0.432879390839616,0.9984621564541803,0.0003593624607944873,-0.00100211997515928,0.00021039280854751085,0.00100211997515928,0.00021039280854751085,1773.5743803335606,135.6653487437925,3.0,99.119925,393,3.0
4.6,59.0,4.7,7.695652173913044,2.680851063829787,10.376503237742831,5.014801110083257,0.36382268116153627,5,True,True,True,True,10.600210784706144,0.432879390839616,0.9984701916903491,0.0003585082950156523,-0.0009971799915197827,0.00020995507013179873,0.0009971799915197827,0.00020995507013179873,1775.2425213195081,136.18173391585646,3.0,99.03883749999999,394,3.0
4.6,60.0,4.7,7.82608695652174,2.553191489361702,10.379278445883442,5.272895467160039,0.34835097233287243,5,True,True,True,True,10.602985992846754,0.432879390839616,0.9984781849423899,0.0003576539568090052,-0.000992264359693406,0.00020951695210998076,0.000992264359693406,0.00020951695210998076,1776.912231280728,136.69924272175584,3.0,98.95774999999998,395,3.0
4.65,58.0,4.55,7.483870967741934,2.901098901098901,10.384969868840836,4.582772066643033,0.37349280274129243,0,True,True,True,True,10.608677415804149,0.432879390839616,0.9984937270941651,0.000355979410452716,-0.0009827021627492718,0.00020865737764609347,0.0009827021627492718,0.00020865737764609347,1780.1886406128483,137.71657565719673,3.0,98.79885625000001,396,3.0
4.65,57.0,4.55,7.354838709677418,3.0329670329670333,10.387805742644451,4.321871676710385,0.38026704821632074,0,True,True,True,True,10.611513289607764,0.432879390839616,0.9985014294679359,0.00035514293549493555,-0.0009779612631264326,0.00020822758509602508,0.0009779612631264326,0.00020822758509602508,1781.827173370241,138.22625578533274,3.0,98.71950312500002,397,3.0
4.65,56.0,4.55,7.225806451612903,3.1648351648351647,10.390641616448068,4.060971286777738,0.38761665617053304,0,True,True,True,True,10.614349163411381,0.432879390839616,0.9985090924553767,0.000354306353275616,-0.0009732432352648297,0.0002077974621558557,0.0009732432352648297,0.0002077974621558557,1783.467214276566,138.73701055383418,3.0,98.64015,398,3.0
4.6,55.0,4.65,7.173913043478262,3.225806451612903,10.399719495091166,3.9481065918653586,0.4304400307076116,5,True,True,True,True,10.623427042054479,0.432879390839616,0.9985378479067979,0.0003511275348552665,-0.0009555264580262514,0.00020616060119188945,0.0009555264580262514,0.00020616060119188945,1789.711339429752,140.68710778203072,3.0,98.3386953125,399,3.0
4.6,56.0,4.65,7.304347826086957,3.0967741935483866,10.401122019635343,4.207573632538571,0.41486156359079895,5,True,True,True,True,10.624829566598656,0.432879390839616,0.9985416317108005,0.0003507045417705474,-0.0009531937222518378,0.00020594249460765792,0.0009531937222518378,0.00020594249460765792,1790.5437512150254,140.94773127059995,3.0,98.2985875,400,3.0
4.6,57.0,4.65,7.434782608695651,2.967741935483871,10.402524544179522,4.46704067321178,0.39934834890919413,5,True,True,True,True,10.626232091142835,0.432879390839616,0.998545405722954,0.00035028154066673537,-0.0009508666814073206,0.00020572431478378856,0.0009508666814073206,0.00020572431478378856,1791.3765501629464,141.20862891122962,3.0,98.2584796875,401,3.0
4.6,58.0,4.65,7.565217391304348,2.8387096774193545,10.403927068723702,4.726507713884994,0.383908297032065,5,True,True,True,True,10.627634615687015,0.432879390839616,0.998549169968598,0.000349858533381837,-0.000948545321589615,0.00020550606278241937,0.000948545321589615,0.00020550606278241937,1792.2097364535862,141.46980067377942,3.0,98.218371875,402,3.0
4.55,56.0,4.75,7.384615384615385,3.0315789473684207,10.416194331983807,4.353036437246964,0.41569536648924277,5,True,True,True,True,10.63990187894712,0.432879390839616,0.9985612433466147,0.0003484943232042337,-0.0009410975226526421,0.00020480172540990896,0.0009410975226526421,0.00020480172540990896,1794.89938620202,142.31394144801536,3.0,98.08902499999999,403,3.0
4.55,57.0,4.75,7.5164835164835155,2.905263157894737,10.421746674378252,4.6112203585887785,0.400214473191716,5,True,True,True,True,10.645454221341565,0.432879390839616,0.9985762408061424,0.0003467837101950849,-0.0009318409839287749,0.0002039175350082887,0.0009318409839287749,0.0002039175350082887,1798.2777615332584,143.3764739181354,3.0,97.92683124999999,404,3.0
4.6,56.0,4.6,7.304347826086957,3.130434782608696,10.434782608695652,4.173913043478262,0.4201933621733088,0,True,True,True,True,10.658490155658965,0.432879390839616,0.9986295629127567,0.000340554503139881,-0.0008988849905328517,0.00020068840011258055,0.0008988849905328517,0.00020068840011258055,1810.638198085331,147.2848840132035,3.0,97.33599999999998,405,3.0
4.55,55.0,4.7,7.252747252747253,3.1914893617021276,10.44423661444938,4.061257891045125,0.4336458268426697,5,True,True,True,True,10.667944161412693,0.432879390839616,0.9986411391715568,0.00033917098529723374,-0.0008917207130031692,0.00019996923539914965,0.0008917207130031692,0.00019996923539914965,1813.3966650975833,148.1615459633685,3.0,97.2046953125,406,3.0
4.55,56.0,4.7,7.384615384615385,3.063829787234042,10.448445171849427,4.320785597381343,0.41818680042236583,5,True,True,True,True,10.67215271881274,0.432879390839616,0.9986516622220835,0.00033790346176376863,-0.0008852052396005036,0.00019930974433593382,0.0008852052396005036,0.00019930974433593382,1815.9283236830074,148.96752951962512,3.0,97.0843625,407,3.0
