bootstrap_iteration,recommendation_type,C1,Q1,C2,predicted_charge_time,_life
0,fast_charge,5.2,58.0,4.55,9.817210070512763,1391.9559326171875
0,ideal_point_compromise,5.05,67.0,4.4,9.956926789437404,1415.707275390625
0,longevity,5.0,67.0,4.0,10.213803477106172,1434.65380859375
1,fast_charge,5.2,58.0,4.55,9.817210070512763,1389.8760986328125
1,ideal_point_compromise,5.1,64.0,4.25,10.012038771223818,1431.9202880859375
1,longevity,5.0,67.0,4.0,10.213803477106172,1467.8345947265625
2,fast_charge,5.2,58.0,4.55,9.817210070512763,1162.650146484375
2,ideal_point_compromise,5.05,67.0,4.4,9.956926789437404,1200.3814697265625
2,longevity,5.0,67.0,4.0,10.213803477106172,1230.614990234375
3,fast_charge,5.2,58.0,4.55,9.817210070512763,1405.576904296875
3,ideal_point_compromise,4.2,29.0,5.55,9.880174133476826,1598.40234375
3,longevity,3.7,31.0,5.9,10.233881351590824,1756.07763671875
4,fast_charge,5.2,58.0,4.55,9.817210070512763,1220.028076171875
4,ideal_point_compromise,5.35,50.0,4.35,9.969211147102948,1269.68115234375
4,longevity,5.3,54.0,4.0,10.237011024275983,1330.4542236328125
5,fast_charge,5.2,58.0,4.55,9.817210070512763,1321.8878173828125
5,ideal_point_compromise,5.1,64.0,4.25,10.012038771223818,1391.1036376953125
5,longevity,5.0,67.0,4.0,10.213803477106172,1439.823974609375
6,fast_charge,5.2,58.0,4.55,9.817210070512763,1391.2406005859375
6,ideal_point_compromise,5.15,23.0,4.9,9.883006964326299,1415.84521484375
6,longevity,5.6,19.0,4.6,10.216039501950892,1422.8297119140625
7,fast_charge,5.2,58.0,4.55,9.817210070512763,1248.3621826171875
7,ideal_point_compromise,5.2,59.0,4.2,10.031495784798476,1296.363037109375
7,longevity,5.3,54.0,4.0,10.237011024275983,1329.7633056640625
8,fast_charge,5.2,58.0,4.55,9.817210070512763,1404.6510009765625
8,ideal_point_compromise,4.2,29.0,5.55,9.880174133476826,1504.2578125
8,longevity,3.7,31.0,5.9,10.233881351590824,1570.880859375
9,fast_charge,5.2,58.0,4.55,9.817210070512763,1388.372802734375
9,ideal_point_compromise,5.2,59.0,4.2,10.031495784798476,1416.764892578125
9,longevity,5.3,54.0,4.0,10.237011024275983,1436.462890625
10,fast_charge,5.2,58.0,4.55,9.817210070512763,1309.798828125
10,ideal_point_compromise,5.2,59.0,4.2,10.031495784798476,1364.49169921875
10,longevity,5.3,54.0,4.0,10.237011024275983,1398.209228515625
11,fast_charge,5.2,58.0,4.55,9.817210070512763,1361.6282958984375
11,ideal_point_compromise,5.25,56.0,4.25,10.012038771223818,1394.8892822265625
11,longevity,5.3,54.0,4.0,10.237011024275983,1423.730224609375
12,fast_charge,5.2,58.0,4.55,9.817210070512763,1162.352294921875
12,ideal_point_compromise,5.05,67.0,4.4,9.956926789437404,1222.4266357421875
12,longevity,5.0,67.0,4.0,10.213803477106172,1276.1734619140625
13,fast_charge,5.2,58.0,4.55,9.817210070512763,1295.6304931640625
13,ideal_point_compromise,5.3,53.0,4.3,9.991245337571288,1339.8782958984375
13,longevity,5.3,54.0,4.0,10.237011024275983,1386.6767578125
14,fast_charge,5.2,58.0,4.55,9.817210070512763,1513.3896484375
14,ideal_point_compromise,4.2,29.0,5.55,9.880174133476826,1558.7769775390625
14,longevity,3.7,31.0,5.9,10.233881351590824,1596.8739013671875
15,fast_charge,5.2,58.0,4.55,9.817210070512763,1477.658203125
15,ideal_point_compromise,5.45,41.0,4.45,9.995991911288213,1504.139892578125
15,longevity,5.6,36.0,4.3,10.220481217969958,1520.92724609375
16,fast_charge,5.2,58.0,4.55,9.817210070512763,1328.8470458984375
16,ideal_point_compromise,5.1,64.0,4.25,10.012038771223818,1404.50439453125
16,longevity,5.0,67.0,4.0,10.213803477106172,1460.382080078125
17,fast_charge,5.2,58.0,4.55,9.817210070512763,1372.68212890625
17,ideal_point_compromise,5.2,59.0,4.2,10.031495784798476,1403.5596923828125
17,longevity,5.3,54.0,4.0,10.237011024275983,1420.99072265625
18,fast_charge,5.2,58.0,4.55,9.817210070512763,1225.775146484375
18,ideal_point_compromise,5.3,53.0,4.3,9.991245337571288,1261.6636962890625
18,longevity,5.3,54.0,4.0,10.237011024275983,1298.9197998046875
19,fast_charge,5.2,58.0,4.55,9.817210070512763,1410.5167236328125
19,ideal_point_compromise,5.1,64.0,4.25,10.012038771223818,1427.8114013671875
19,longevity,5.0,67.0,4.0,10.213803477106172,1441.9603271484375
20,fast_charge,5.2,58.0,4.55,9.817210070512763,1332.7232666015625
20,ideal_point_compromise,5.05,67.0,4.4,9.956926789437404,1362.0828857421875
20,longevity,5.0,67.0,4.0,10.213803477106172,1378.0042724609375
21,fast_charge,5.2,58.0,4.55,9.817210070512763,1440.6690673828125
21,ideal_point_compromise,5.1,64.0,4.25,10.012038771223818,1490.9521484375
21,longevity,5.0,67.0,4.0,10.213803477106172,1524.130859375
22,fast_charge,5.2,58.0,4.55,9.817210070512763,1365.2066650390625
22,ideal_point_compromise,4.05,30.0,5.65,9.97798243482495,1403.6409912109375
22,longevity,3.7,31.0,5.9,10.233881351590824,1425.837646484375
23,fast_charge,5.2,58.0,4.55,9.817210070512763,1386.0587158203125
23,ideal_point_compromise,5.1,64.0,4.25,10.012038771223818,1419.60009765625
23,longevity,5.0,67.0,4.0,10.213803477106172,1440.9376220703125
24,fast_charge,5.2,58.0,4.55,9.817210070512763,1364.028076171875
24,ideal_point_compromise,5.2,59.0,4.2,10.031495784798476,1414.564453125
24,longevity,5.3,54.0,4.0,10.237011024275983,1441.9390869140625
25,fast_charge,5.2,58.0,4.55,9.817210070512763,1381.2774658203125
25,ideal_point_compromise,4.95,71.0,4.7,9.97880025337954,1432.3658447265625
25,longevity,4.8,80.0,4.8,10.22380347710617,1472.1353759765625
26,fast_charge,5.2,58.0,4.55,9.817210070512763,1246.1768798828125
26,ideal_point_compromise,5.1,64.0,4.25,10.012038771223818,1283.989013671875
26,longevity,5.0,67.0,4.0,10.213803477106172,1309.3907470703125
27,fast_charge,5.2,58.0,4.55,9.817210070512763,1362.0926513671875
27,ideal_point_compromise,5.1,64.0,4.25,10.012038771223818,1385.0164794921875
27,longevity,5.0,67.0,4.0,10.213803477106172,1403.7816162109375
28,fast_charge,5.2,58.0,4.55,9.817210070512763,1094.450927734375
28,ideal_point_compromise,5.15,23.0,4.9,9.883006964326299,1183.92822265625
28,longevity,5.6,19.0,4.6,10.216039501950892,1271.0390625
29,fast_charge,5.2,58.0,4.55,9.817210070512763,1493.0069580078125
29,ideal_point_compromise,4.2,29.0,5.55,9.880174133476826,1592.1392822265625
29,longevity,3.7,31.0,5.9,10.233881351590824,1648.23046875
30,fast_charge,5.2,58.0,4.55,9.817210070512763,1335.07421875
30,ideal_point_compromise,5.05,67.0,4.4,9.956926789437404,1362.6123046875
30,longevity,5.0,67.0,4.0,10.213803477106172,1376.6505126953125
31,fast_charge,5.2,58.0,4.55,9.817210070512763,1270.8974609375
31,ideal_point_compromise,5.3,53.0,4.3,9.991245337571288,1298.32275390625
31,longevity,5.3,54.0,4.0,10.237011024275983,1325.96826171875
32,fast_charge,5.2,58.0,4.55,9.817210070512763,1373.6341552734375
32,ideal_point_compromise,4.05,30.0,5.65,9.97798243482495,1509.206787109375
32,longevity,3.7,31.0,5.9,10.233881351590824,1586.84619140625
33,fast_charge,5.2,58.0,4.55,9.817210070512763,1274.1339111328125
33,ideal_point_compromise,5.1,64.0,4.25,10.012038771223818,1305.032470703125
33,longevity,5.0,67.0,4.0,10.213803477106172,1326.1212158203125
34,fast_charge,5.2,58.0,4.55,9.817210070512763,1184.8582763671875
34,ideal_point_compromise,5.2,59.0,4.2,10.031495784798476,1235.318115234375
34,longevity,5.3,54.0,4.0,10.237011024275983,1268.4510498046875
35,fast_charge,5.2,58.0,4.55,9.817210070512763,1401.562744140625
35,ideal_point_compromise,5.1,64.0,4.25,10.012038771223818,1446.0068359375
35,longevity,5.0,67.0,4.0,10.213803477106172,1477.0902099609375
36,fast_charge,5.2,58.0,4.55,9.817210070512763,1335.1455078125
36,ideal_point_compromise,5.1,64.0,4.25,10.012038771223818,1375.81689453125
36,longevity,5.0,67.0,4.0,10.213803477106172,1401.946044921875
37,fast_charge,5.2,58.0,4.55,9.817210070512763,1371.915771484375
37,ideal_point_compromise,4.95,72.0,4.6,9.994554465248461,1390.450439453125
37,longevity,4.8,80.0,4.8,10.22380347710617,1400.45556640625
38,fast_charge,5.2,58.0,4.55,9.817210070512763,1464.950927734375
38,ideal_point_compromise,5.4,34.0,4.65,9.93706512585169,1501.0941162109375
38,longevity,5.6,19.0,4.6,10.216039501950892,1530.8963623046875
39,fast_charge,5.2,58.0,4.55,9.817210070512763,1343.5018310546875
39,ideal_point_compromise,5.2,59.0,4.2,10.031495784798476,1381.716796875
39,longevity,5.3,54.0,4.0,10.237011024275983,1403.6173095703125
40,fast_charge,5.2,58.0,4.55,9.817210070512763,1335.61962890625
40,ideal_point_compromise,5.1,64.0,4.25,10.012038771223818,1360.5748291015625
40,longevity,5.0,67.0,4.0,10.213803477106172,1377.1337890625
41,fast_charge,5.2,58.0,4.55,9.817210070512763,1285.000244140625
41,ideal_point_compromise,5.2,59.0,4.2,10.031495784798476,1340.80029296875
41,longevity,5.3,54.0,4.0,10.237011024275983,1371.9117431640625
42,fast_charge,5.2,58.0,4.55,9.817210070512763,1192.4393310546875
42,ideal_point_compromise,5.2,59.0,4.2,10.031495784798476,1246.8309326171875
42,longevity,5.3,54.0,4.0,10.237011024275983,1284.896240234375
43,fast_charge,5.2,58.0,4.55,9.817210070512763,1398.287353515625
43,ideal_point_compromise,5.1,64.0,4.25,10.012038771223818,1431.8037109375
43,longevity,5.0,67.0,4.0,10.213803477106172,1451.823974609375
44,fast_charge,5.2,58.0,4.55,9.817210070512763,1374.6845703125
44,ideal_point_compromise,5.05,67.0,4.4,9.956926789437404,1413.838623046875
44,longevity,5.0,67.0,4.0,10.213803477106172,1447.7415771484375
45,fast_charge,5.2,58.0,4.55,9.817210070512763,1157.4500732421875
45,ideal_point_compromise,5.1,64.0,4.25,10.012038771223818,1212.553955078125
45,longevity,5.0,67.0,4.0,10.213803477106172,1250.3043212890625
46,fast_charge,5.2,58.0,4.55,9.817210070512763,1292.0184326171875
46,ideal_point_compromise,4.2,29.0,5.55,9.880174133476826,1315.9437255859375
46,longevity,3.7,31.0,5.9,10.233881351590824,1321.03759765625
47,fast_charge,5.2,58.0,4.55,9.817210070512763,1360.59326171875
47,ideal_point_compromise,5.05,67.0,4.4,9.956926789437404,1384.50732421875
47,longevity,5.0,67.0,4.0,10.213803477106172,1404.5252685546875
48,fast_charge,5.2,58.0,4.55,9.817210070512763,1179.4578857421875
48,ideal_point_compromise,5.05,67.0,4.4,9.956926789437404,1233.08837890625
48,longevity,5.0,67.0,4.0,10.213803477106172,1275.1451416015625
49,fast_charge,5.2,58.0,4.55,9.817210070512763,1515.4964599609375
49,ideal_point_compromise,4.2,29.0,5.55,9.880174133476826,1650.1085205078125
49,longevity,3.7,31.0,5.9,10.233881351590824,1744.51513671875
50,fast_charge,5.2,58.0,4.55,9.817210070512763,1370.7940673828125
50,ideal_point_compromise,5.05,67.0,4.4,9.956926789437404,1393.293701171875
50,longevity,5.0,67.0,4.0,10.213803477106172,1410.869140625
51,fast_charge,5.2,58.0,4.55,9.817210070512763,1279.5523681640625
51,ideal_point_compromise,5.1,64.0,4.25,10.012038771223818,1364.0355224609375
51,longevity,5.0,67.0,4.0,10.213803477106172,1445.699951171875
52,fast_charge,5.2,58.0,4.55,9.817210070512763,1346.28955078125
52,ideal_point_compromise,4.95,72.0,4.6,9.994554465248461,1361.7103271484375
52,longevity,4.8,80.0,4.8,10.22380347710617,1368.9716796875
53,fast_charge,5.2,58.0,4.55,9.817210070512763,1319.4613037109375
53,ideal_point_compromise,5.2,59.0,4.2,10.031495784798476,1350.9993896484375
53,longevity,5.3,54.0,4.0,10.237011024275983,1370.3836669921875
54,fast_charge,5.2,58.0,4.55,9.817210070512763,1508.6763916015625
54,ideal_point_compromise,4.2,29.0,5.55,9.880174133476826,1759.2716064453125
54,longevity,3.7,31.0,5.9,10.233881351590824,1858.910400390625
55,fast_charge,5.2,58.0,4.55,9.817210070512763,1327.1856689453125
55,ideal_point_compromise,5.1,64.0,4.25,10.012038771223818,1343.7513427734375
55,longevity,5.0,67.0,4.0,10.213803477106172,1357.0947265625
56,fast_charge,5.2,58.0,4.55,9.817210070512763,1455.0985107421875
56,ideal_point_compromise,4.2,29.0,5.55,9.880174133476826,1502.7779541015625
56,longevity,3.7,31.0,5.9,10.233881351590824,1528.812744140625
57,fast_charge,5.2,58.0,4.55,9.817210070512763,1295.8248291015625
57,ideal_point_compromise,5.05,67.0,4.4,9.956926789437404,1332.34130859375
57,longevity,5.0,67.0,4.0,10.213803477106172,1358.918701171875
58,fast_charge,5.2,58.0,4.55,9.817210070512763,1248.477294921875
58,ideal_point_compromise,5.2,59.0,4.2,10.031495784798476,1301.470458984375
58,longevity,5.3,54.0,4.0,10.237011024275983,1337.733154296875
59,fast_charge,5.2,58.0,4.55,9.817210070512763,1475.1934814453125
59,ideal_point_compromise,4.2,29.0,5.55,9.880174133476826,1690.65087890625
59,longevity,3.7,31.0,5.9,10.233881351590824,1824.6966552734375
60,fast_charge,5.2,58.0,4.55,9.817210070512763,1369.5040283203125
60,ideal_point_compromise,5.1,64.0,4.3,9.985773381346936,1392.5054931640625
60,longevity,5.0,67.0,4.0,10.213803477106172,1408.8983154296875
61,fast_charge,5.2,58.0,4.55,9.817210070512763,1266.6846923828125
61,ideal_point_compromise,5.1,64.0,4.25,10.012038771223818,1299.8629150390625
61,longevity,5.0,67.0,4.0,10.213803477106172,1321.74267578125
62,fast_charge,5.2,58.0,4.55,9.817210070512763,1455.2056884765625
62,ideal_point_compromise,5.15,23.0,4.9,9.883006964326299,1526.3443603515625
62,longevity,5.6,19.0,4.6,10.216039501950892,1553.9156494140625
63,fast_charge,5.2,58.0,4.55,9.817210070512763,1388.7535400390625
63,ideal_point_compromise,5.1,64.0,4.25,10.012038771223818,1404.8492431640625
63,longevity,5.0,67.0,4.0,10.213803477106172,1413.308837890625
64,fast_charge,5.2,58.0,4.55,9.817210070512763,1432.6932373046875
64,ideal_point_compromise,5.1,64.0,4.25,10.012038771223818,1472.605712890625
64,longevity,5.0,67.0,4.0,10.213803477106172,1497.85888671875
65,fast_charge,5.2,58.0,4.55,9.817210070512763,1350.763427734375
65,ideal_point_compromise,5.1,64.0,4.25,10.012038771223818,1370.3135986328125
65,longevity,5.0,67.0,4.0,10.213803477106172,1386.5233154296875
66,fast_charge,5.2,58.0,4.55,9.817210070512763,1383.58837890625
66,ideal_point_compromise,5.15,23.0,4.9,9.883006964326299,1419.4617919921875
66,longevity,5.6,19.0,4.6,10.216039501950892,1442.41943359375
67,fast_charge,5.2,58.0,4.55,9.817210070512763,1265.1298828125
67,ideal_point_compromise,5.1,64.0,4.25,10.012038771223818,1310.3138427734375
67,longevity,5.0,67.0,4.0,10.213803477106172,1340.5914306640625
68,fast_charge,5.2,58.0,4.55,9.817210070512763,1335.830810546875
68,ideal_point_compromise,5.4,47.0,4.4,9.946025699328391,1372.85400390625
68,longevity,5.6,36.0,4.3,10.220481217969958,1406.152099609375
69,fast_charge,5.2,58.0,4.55,9.817210070512763,1274.4542236328125
69,ideal_point_compromise,5.05,67.0,4.4,9.956926789437404,1313.9769287109375
69,longevity,5.0,67.0,4.0,10.213803477106172,1341.4910888671875
70,fast_charge,5.2,58.0,4.55,9.817210070512763,1332.1461181640625
70,ideal_point_compromise,5.1,64.0,4.25,10.012038771223818,1371.064453125
70,longevity,5.0,67.0,4.0,10.213803477106172,1396.673095703125
71,fast_charge,5.2,58.0,4.55,9.817210070512763,1323.8607177734375
71,ideal_point_compromise,5.05,67.0,4.4,9.956926789437404,1354.9119873046875
71,longevity,5.0,67.0,4.0,10.213803477106172,1373.353515625
72,fast_charge,5.2,58.0,4.55,9.817210070512763,1385.3582763671875
72,ideal_point_compromise,5.15,23.0,4.9,9.883006964326299,1422.24462890625
72,longevity,5.6,19.0,4.6,10.216039501950892,1434.421142578125
73,fast_charge,5.2,58.0,4.55,9.817210070512763,1333.7752685546875
73,ideal_point_compromise,5.1,64.0,4.25,10.012038771223818,1350.230712890625
73,longevity,5.0,67.0,4.0,10.213803477106172,1360.4427490234375
74,fast_charge,5.2,58.0,4.55,9.817210070512763,1282.6116943359375
74,ideal_point_compromise,5.2,59.0,4.2,10.031495784798476,1321.0050048828125
74,longevity,5.3,54.0,4.0,10.237011024275983,1342.5887451171875
75,fast_charge,5.2,58.0,4.55,9.817210070512763,1383.9010009765625
75,ideal_point_compromise,5.05,67.0,4.4,9.956926789437404,1423.520751953125
75,longevity,5.0,67.0,4.0,10.213803477106172,1453.8857421875
76,fast_charge,5.2,58.0,4.55,9.817210070512763,1222.09814453125
76,ideal_point_compromise,5.05,67.0,4.4,9.956926789437404,1260.10302734375
76,longevity,5.0,67.0,4.0,10.213803477106172,1283.843505859375
77,fast_charge,5.2,58.0,4.55,9.817210070512763,1448.719970703125
77,ideal_point_compromise,3.9,31.0,5.75,10.10607772459781,1488.7498779296875
77,longevity,3.7,31.0,5.9,10.233881351590824,1496.91015625
78,fast_charge,5.2,58.0,4.55,9.817210070512763,1298.340087890625
78,ideal_point_compromise,5.4,47.0,4.4,9.946025699328391,1328.1177978515625
78,longevity,5.6,36.0,4.3,10.220481217969958,1354.679443359375
79,fast_charge,5.2,58.0,4.55,9.817210070512763,1412.1070556640625
79,ideal_point_compromise,5.2,59.0,4.2,10.031495784798476,1450.454833984375
79,longevity,5.3,54.0,4.0,10.237011024275983,1469.658447265625
80,fast_charge,5.2,58.0,4.55,9.817210070512763,1341.207763671875
80,ideal_point_compromise,5.2,59.0,4.2,10.031495784798476,1382.0489501953125
80,longevity,5.3,54.0,4.0,10.237011024275983,1403.685302734375
81,fast_charge,5.2,58.0,4.55,9.817210070512763,1385.0531005859375
81,ideal_point_compromise,5.4,34.0,4.65,9.93706512585169,1392.9969482421875
81,longevity,5.6,19.0,4.6,10.216039501950892,1399.197265625
82,fast_charge,5.2,58.0,4.55,9.817210070512763,1174.58056640625
82,ideal_point_compromise,5.35,50.0,4.35,9.969211147102948,1194.1248779296875
82,longevity,5.3,54.0,4.0,10.237011024275983,1216.1259765625
83,fast_charge,5.2,58.0,4.55,9.817210070512763,1463.8232421875
83,ideal_point_compromise,5.2,59.0,4.2,10.031495784798476,1466.65673828125
83,longevity,5.3,54.0,4.0,10.237011024275983,1467.9599609375
84,fast_charge,5.2,58.0,4.55,9.817210070512763,1443.7666015625
84,ideal_point_compromise,5.4,47.0,4.4,9.946025699328391,1456.3714599609375
84,longevity,5.6,36.0,4.3,10.220481217969958,1468.107421875
85,fast_charge,5.2,58.0,4.55,9.817210070512763,1221.9405517578125
85,ideal_point_compromise,5.2,59.0,4.2,10.031495784798476,1261.32470703125
85,longevity,5.3,54.0,4.0,10.237011024275983,1282.408203125
86,fast_charge,5.2,58.0,4.55,9.817210070512763,1455.48486328125
86,ideal_point_compromise,4.95,71.0,4.7,9.97880025337954,1466.0074462890625
86,longevity,4.8,80.0,4.8,10.22380347710617,1473.7646484375
87,fast_charge,5.2,58.0,4.55,9.817210070512763,1431.99609375
87,ideal_point_compromise,5.15,23.0,4.9,9.883006964326299,1520.2294921875
87,longevity,5.6,19.0,4.6,10.216039501950892,1594.2352294921875
88,fast_charge,5.2,58.0,4.55,9.817210070512763,1306.173583984375
88,ideal_point_compromise,5.2,59.0,4.2,10.031495784798476,1336.771240234375
88,longevity,5.3,54.0,4.0,10.237011024275983,1355.647216796875
89,fast_charge,5.2,58.0,4.55,9.817210070512763,1242.34619140625
89,ideal_point_compromise,5.1,64.0,4.25,10.012038771223818,1272.6427001953125
89,longevity,5.0,67.0,4.0,10.213803477106172,1292.98779296875
90,fast_charge,5.2,58.0,4.55,9.817210070512763,1166.4049072265625
90,ideal_point_compromise,5.2,59.0,4.2,10.031495784798476,1203.190673828125
90,longevity,5.3,54.0,4.0,10.237011024275983,1228.242431640625
91,fast_charge,5.2,58.0,4.55,9.817210070512763,1328.4927978515625
91,ideal_point_compromise,5.05,67.0,4.4,9.956926789437404,1338.3138427734375
91,longevity,5.0,67.0,4.0,10.213803477106172,1349.19775390625
92,fast_charge,5.2,58.0,4.55,9.817210070512763,1303.3094482421875
92,ideal_point_compromise,5.4,47.0,4.4,9.946025699328391,1332.7476806640625
92,longevity,5.6,36.0,4.3,10.220481217969958,1359.18310546875
93,fast_charge,5.2,58.0,4.55,9.817210070512763,1360.6263427734375
93,ideal_point_compromise,5.2,59.0,4.2,10.031495784798476,1397.944580078125
93,longevity,5.3,54.0,4.0,10.237011024275983,1416.7288818359375
94,fast_charge,5.2,58.0,4.55,9.817210070512763,1266.1456298828125
94,ideal_point_compromise,5.05,67.0,4.4,9.956926789437404,1308.07568359375
94,longevity,5.0,67.0,4.0,10.213803477106172,1341.5955810546875
95,fast_charge,5.2,58.0,4.55,9.817210070512763,1304.84033203125
95,ideal_point_compromise,5.05,67.0,4.4,9.956926789437404,1336.75048828125
95,longevity,4.8,80.0,4.8,10.22380347710617,1354.1796875
96,fast_charge,5.2,58.0,4.55,9.817210070512763,1453.15380859375
96,ideal_point_compromise,4.2,29.0,5.55,9.880174133476826,1607.0347900390625
96,longevity,3.7,31.0,5.9,10.233881351590824,1686.5242919921875
97,fast_charge,5.2,58.0,4.55,9.817210070512763,1354.1480712890625
97,ideal_point_compromise,5.2,59.0,4.2,10.031495784798476,1377.2779541015625
97,longevity,5.3,54.0,4.0,10.237011024275983,1392.1231689453125
98,fast_charge,5.2,58.0,4.55,9.817210070512763,1453.4896240234375
98,ideal_point_compromise,4.2,29.0,5.55,9.880174133476826,1507.0919189453125
98,longevity,3.7,31.0,5.9,10.233881351590824,1524.861328125
99,fast_charge,5.2,58.0,4.55,9.817210070512763,1446.8333740234375
99,ideal_point_compromise,5.1,64.0,4.25,10.012038771223818,1501.988525390625
99,longevity,5.0,67.0,4.0,10.213803477106172,1542.6126708984375
100,fast_charge,5.2,58.0,4.55,9.817210070512763,1307.1549072265625
100,ideal_point_compromise,5.05,67.0,4.4,9.956926789437404,1355.4520263671875
100,longevity,5.0,67.0,4.0,10.213803477106172,1392.61083984375
101,fast_charge,5.2,58.0,4.55,9.817210070512763,1414.318359375
101,ideal_point_compromise,4.2,29.0,5.55,9.880174133476826,1570.4010009765625
101,longevity,3.7,31.0,5.9,10.233881351590824,1679.9990234375
102,fast_charge,5.2,58.0,4.55,9.817210070512763,1244.154296875
102,ideal_point_compromise,5.1,64.0,4.25,10.012038771223818,1275.676025390625
102,longevity,5.0,67.0,4.0,10.213803477106172,1296.0252685546875
103,fast_charge,5.2,58.0,4.55,9.817210070512763,1371.10546875
103,ideal_point_compromise,5.1,64.0,4.25,10.012038771223818,1391.613525390625
103,longevity,5.0,67.0,4.0,10.213803477106172,1407.574462890625
104,fast_charge,5.2,58.0,4.55,9.817210070512763,1269.159423828125
104,ideal_point_compromise,5.4,47.0,4.4,9.946025699328391,1290.89599609375
104,longevity,5.3,54.0,4.0,10.237011024275983,1318.3751220703125
105,fast_charge,5.2,58.0,4.55,9.817210070512763,1258.626220703125
105,ideal_point_compromise,5.2,59.0,4.2,10.031495784798476,1316.639404296875
105,longevity,5.3,54.0,4.0,10.237011024275983,1354.4896240234375
106,fast_charge,5.2,58.0,4.55,9.817210070512763,1482.4339599609375
106,ideal_point_compromise,4.2,29.0,5.55,9.880174133476826,1590.91845703125
106,longevity,3.7,31.0,5.9,10.233881351590824,1651.940673828125
107,fast_charge,5.2,58.0,4.55,9.817210070512763,1432.021484375
107,ideal_point_compromise,4.95,71.0,4.7,9.97880025337954,1444.7674560546875
107,longevity,4.8,80.0,4.8,10.22380347710617,1453.852783203125
108,fast_charge,5.2,58.0,4.55,9.817210070512763,1283.400390625
108,ideal_point_compromise,5.05,67.0,4.4,9.956926789437404,1321.0372314453125
108,longevity,5.0,67.0,4.0,10.213803477106172,1372.1719970703125
109,fast_charge,5.2,58.0,4.55,9.817210070512763,1462.639404296875
109,ideal_point_compromise,4.2,29.0,5.55,9.880174133476826,1517.740478515625
109,longevity,3.7,31.0,5.9,10.233881351590824,1533.846923828125
110,fast_charge,5.2,58.0,4.55,9.817210070512763,1361.949951171875
110,ideal_point_compromise,5.4,47.0,4.4,9.946025699328391,1397.235595703125
110,longevity,5.3,54.0,4.0,10.237011024275983,1435.988037109375
111,fast_charge,5.2,58.0,4.55,9.817210070512763,1433.7442626953125
111,ideal_point_compromise,4.95,71.0,4.7,9.97880025337954,1459.3116455078125
111,longevity,4.8,80.0,4.8,10.22380347710617,1478.0609130859375
112,fast_charge,5.2,58.0,4.55,9.817210070512763,1414.983154296875
112,ideal_point_compromise,4.95,71.0,4.7,9.97880025337954,1455.4337158203125
112,longevity,4.8,80.0,4.8,10.22380347710617,1483.6943359375
113,fast_charge,5.2,58.0,4.55,9.817210070512763,1342.678466796875
113,ideal_point_compromise,5.4,47.0,4.4,9.946025699328391,1378.572021484375
113,longevity,5.3,54.0,4.0,10.237011024275983,1412.3736572265625
114,fast_charge,5.2,58.0,4.55,9.817210070512763,1288.630615234375
114,ideal_point_compromise,5.1,64.0,4.25,10.012038771223818,1336.98388671875
114,longevity,5.3,54.0,4.0,10.237011024275983,1368.3133544921875
115,fast_charge,5.2,58.0,4.55,9.817210070512763,1236.697021484375
115,ideal_point_compromise,5.4,47.0,4.4,9.946025699328391,1260.94189453125
115,longevity,5.6,36.0,4.3,10.220481217969958,1282.5582275390625
116,fast_charge,5.2,58.0,4.55,9.817210070512763,1513.093994140625
116,ideal_point_compromise,5.0,24.0,5.0,9.823803477106171,1587.51416015625
116,longevity,5.6,19.0,4.6,10.216039501950892,1594.2882080078125
117,fast_charge,5.2,58.0,4.55,9.817210070512763,1219.013671875
117,ideal_point_compromise,5.05,67.0,4.4,9.956926789437404,1254.593017578125
117,longevity,5.0,67.0,4.0,10.213803477106172,1286.1324462890625
118,fast_charge,5.2,58.0,4.55,9.817210070512763,1236.3792724609375
118,ideal_point_compromise,5.1,64.0,4.3,9.985773381346936,1280.8935546875
118,longevity,5.0,67.0,4.1,10.166242501496415,1309.4027099609375
119,fast_charge,5.2,58.0,4.55,9.817210070512763,1444.5228271484375
119,ideal_point_compromise,4.05,30.0,5.65,9.97798243482495,1521.954345703125
119,longevity,3.7,31.0,5.9,10.233881351590824,1564.5867919921875
120,fast_charge,5.2,58.0,4.55,9.817210070512763,1389.2308349609375
120,ideal_point_compromise,4.05,30.0,5.65,9.97798243482495,1471.579833984375
120,longevity,3.7,31.0,5.9,10.233881351590824,1526.281005859375
121,fast_charge,5.2,58.0,4.55,9.817210070512763,1420.1041259765625
121,ideal_point_compromise,5.05,67.0,4.4,9.956926789437404,1466.019775390625
121,longevity,5.0,67.0,4.0,10.213803477106172,1503.61474609375
122,fast_charge,5.2,58.0,4.55,9.817210070512763,1396.3900146484375
122,ideal_point_compromise,4.95,71.0,4.7,9.97880025337954,1458.4967041015625
122,longevity,4.8,80.0,4.8,10.22380347710617,1506.26806640625
123,fast_charge,5.2,58.0,4.55,9.817210070512763,1272.8514404296875
123,ideal_point_compromise,5.2,59.0,4.2,10.031495784798476,1341.4957275390625
123,longevity,5.3,54.0,4.0,10.237011024275983,1384.98974609375
124,fast_charge,5.2,58.0,4.55,9.817210070512763,1388.708740234375
124,ideal_point_compromise,5.1,64.0,4.25,10.012038771223818,1437.06787109375
124,longevity,5.0,67.0,4.0,10.213803477106172,1470.047607421875
125,fast_charge,5.2,58.0,4.55,9.817210070512763,1373.30029296875
125,ideal_point_compromise,4.05,30.0,5.65,9.97798243482495,1432.9952392578125
125,longevity,3.7,31.0,5.9,10.233881351590824,1469.9083251953125
126,fast_charge,5.2,58.0,4.55,9.817210070512763,1581.2626953125
126,ideal_point_compromise,4.95,71.0,4.7,9.97880025337954,1609.1900634765625
126,longevity,3.7,31.0,5.9,10.233881351590824,1629.379638671875
127,fast_charge,5.2,58.0,4.55,9.817210070512763,1445.591064453125
127,ideal_point_compromise,4.2,29.0,5.55,9.880174133476826,1527.78759765625
127,longevity,3.7,31.0,5.9,10.233881351590824,1567.2193603515625
128,fast_charge,5.2,58.0,4.55,9.817210070512763,1362.879638671875
128,ideal_point_compromise,5.1,64.0,4.25,10.012038771223818,1396.3802490234375
128,longevity,5.0,67.0,4.0,10.213803477106172,1418.370361328125
129,fast_charge,5.2,58.0,4.55,9.817210070512763,1378.1883544921875
129,ideal_point_compromise,5.2,59.0,4.2,10.031495784798476,1393.7779541015625
129,longevity,5.3,54.0,4.0,10.237011024275983,1403.8433837890625
130,fast_charge,5.2,58.0,4.55,9.817210070512763,1564.940673828125
130,ideal_point_compromise,4.2,29.0,5.55,9.880174133476826,1738.587646484375
130,longevity,3.7,31.0,5.9,10.233881351590824,1833.276611328125
131,fast_charge,5.2,58.0,4.55,9.817210070512763,1494.070556640625
131,ideal_point_compromise,4.2,29.0,5.55,9.880174133476826,1649.6259765625
131,longevity,3.7,31.0,5.9,10.233881351590824,1759.816162109375
132,fast_charge,5.2,58.0,4.55,9.817210070512763,1354.0162353515625
132,ideal_point_compromise,5.2,59.0,4.2,10.031495784798476,1376.33056640625
132,longevity,5.3,54.0,4.0,10.237011024275983,1390.3543701171875
133,fast_charge,5.2,58.0,4.55,9.817210070512763,1307.01220703125
133,ideal_point_compromise,5.1,64.0,4.25,10.012038771223818,1359.0262451171875
133,longevity,5.0,67.0,4.0,10.213803477106172,1403.4666748046875
134,fast_charge,5.2,58.0,4.55,9.817210070512763,1441.16162109375
134,ideal_point_compromise,4.2,29.0,5.55,9.880174133476826,1534.5361328125
134,longevity,3.7,31.0,5.9,10.233881351590824,1599.5234375
135,fast_charge,5.2,58.0,4.55,9.817210070512763,1481.8966064453125
135,ideal_point_compromise,4.95,72.0,4.6,9.994554465248461,1511.31884765625
135,longevity,4.8,80.0,4.8,10.22380347710617,1526.7283935546875
136,fast_charge,5.2,58.0,4.55,9.817210070512763,1409.7962646484375
136,ideal_point_compromise,4.2,29.0,5.55,9.880174133476826,1511.475341796875
136,longevity,3.7,31.0,5.9,10.233881351590824,1578.33056640625
137,fast_charge,5.2,58.0,4.55,9.817210070512763,1503.369140625
137,ideal_point_compromise,4.2,29.0,5.55,9.880174133476826,1718.563232421875
137,longevity,3.7,31.0,5.9,10.233881351590824,1845.65576171875
138,fast_charge,5.2,58.0,4.55,9.817210070512763,1314.10595703125
138,ideal_point_compromise,5.05,67.0,4.4,9.956926789437404,1347.3343505859375
138,longevity,5.0,67.0,4.0,10.213803477106172,1386.7520751953125
139,fast_charge,5.2,58.0,4.55,9.817210070512763,1461.4420166015625
139,ideal_point_compromise,4.95,71.0,4.7,9.97880025337954,1481.2481689453125
139,longevity,4.8,80.0,4.8,10.22380347710617,1495.5411376953125
140,fast_charge,5.2,58.0,4.55,9.817210070512763,1344.3187255859375
140,ideal_point_compromise,5.05,67.0,4.4,9.956926789437404,1371.8089599609375
140,longevity,5.0,67.0,4.0,10.213803477106172,1391.1219482421875
141,fast_charge,5.2,58.0,4.55,9.817210070512763,1328.4537353515625
141,ideal_point_compromise,5.2,59.0,4.2,10.031495784798476,1367.339599609375
141,longevity,5.3,54.0,4.0,10.237011024275983,1389.327880859375
142,fast_charge,5.2,58.0,4.55,9.817210070512763,1383.6495361328125
142,ideal_point_compromise,4.05,30.0,5.65,9.97798243482495,1531.7938232421875
142,longevity,3.7,31.0,5.9,10.233881351590824,1616.853271484375
143,fast_charge,5.2,58.0,4.55,9.817210070512763,1302.1697998046875
143,ideal_point_compromise,5.1,64.0,4.25,10.012038771223818,1333.025390625
143,longevity,5.0,67.0,4.0,10.213803477106172,1358.962158203125
144,fast_charge,5.2,58.0,4.55,9.817210070512763,1349.112060546875
144,ideal_point_compromise,5.2,59.0,4.2,10.031495784798476,1423.7799072265625
144,longevity,5.0,67.0,4.0,10.213803477106172,1464.398681640625
145,fast_charge,5.2,58.0,4.55,9.817210070512763,1264.31201171875
145,ideal_point_compromise,5.1,64.0,4.25,10.012038771223818,1320.160888671875
145,longevity,5.0,67.0,4.0,10.213803477106172,1359.7550048828125
146,fast_charge,5.2,58.0,4.55,9.817210070512763,1303.6768798828125
146,ideal_point_compromise,5.1,64.0,4.25,10.012038771223818,1363.04296875
146,longevity,5.0,67.0,4.0,10.213803477106172,1402.5723876953125
147,fast_charge,5.2,58.0,4.55,9.817210070512763,1215.0721435546875
147,ideal_point_compromise,5.05,67.0,4.4,9.956926789437404,1260.0816650390625
147,longevity,5.0,67.0,4.0,10.213803477106172,1292.3736572265625
148,fast_charge,5.2,58.0,4.55,9.817210070512763,1331.115966796875
148,ideal_point_compromise,5.1,64.0,4.25,10.012038771223818,1391.1085205078125
148,longevity,5.0,67.0,4.0,10.213803477106172,1431.70703125
149,fast_charge,5.2,58.0,4.55,9.817210070512763,1366.6026611328125
149,ideal_point_compromise,5.2,59.0,4.2,10.031495784798476,1406.533203125
149,longevity,5.3,54.0,4.0,10.237011024275983,1430.00390625
150,fast_charge,5.2,58.0,4.55,9.817210070512763,1284.894287109375
150,ideal_point_compromise,5.05,67.0,4.4,9.956926789437404,1325.895751953125
150,longevity,5.0,67.0,4.0,10.213803477106172,1364.8338623046875
151,fast_charge,5.2,58.0,4.55,9.817210070512763,1244.7276611328125
151,ideal_point_compromise,5.4,47.0,4.4,9.946025699328391,1270.2166748046875
151,longevity,5.3,54.0,4.0,10.237011024275983,1300.0245361328125
152,fast_charge,5.2,58.0,4.55,9.817210070512763,1407.018798828125
152,ideal_point_compromise,5.1,64.0,4.25,10.012038771223818,1444.232421875
152,longevity,5.0,67.0,4.0,10.213803477106172,1467.7359619140625
153,fast_charge,5.2,58.0,4.55,9.817210070512763,1245.0030517578125
153,ideal_point_compromise,5.35,50.0,4.35,9.969211147102948,1288.5234375
153,longevity,5.3,54.0,4.0,10.237011024275983,1340.572265625
154,fast_charge,5.2,58.0,4.55,9.817210070512763,1357.4505615234375
154,ideal_point_compromise,5.05,67.0,4.4,9.956926789437404,1373.4306640625
154,longevity,5.0,67.0,4.0,10.213803477106172,1387.5706787109375
155,fast_charge,5.2,58.0,4.55,9.817210070512763,1349.56494140625
155,ideal_point_compromise,4.85,77.0,4.75,10.128524041403512,1426.0294189453125
155,longevity,3.7,31.0,5.9,10.233881351590824,1439.2913818359375
156,fast_charge,5.2,58.0,4.55,9.817210070512763,1364.3118896484375
156,ideal_point_compromise,5.05,67.0,4.4,9.956926789437404,1405.7999267578125
156,longevity,5.0,67.0,4.0,10.213803477106172,1447.6728515625
157,fast_charge,5.2,58.0,4.55,9.817210070512763,1206.592529296875
157,ideal_point_compromise,5.4,47.0,4.4,9.946025699328391,1232.338134765625
157,longevity,5.3,54.0,4.0,10.237011024275983,1259.9102783203125
158,fast_charge,5.2,58.0,4.55,9.817210070512763,1338.74365234375
158,ideal_point_compromise,5.2,59.0,4.2,10.031495784798476,1372.203857421875
158,longevity,5.3,54.0,4.0,10.237011024275983,1392.64501953125
159,fast_charge,5.2,58.0,4.55,9.817210070512763,1417.495361328125
159,ideal_point_compromise,5.1,64.0,4.25,10.012038771223818,1452.21533203125
159,longevity,5.0,67.0,4.0,10.213803477106172,1474.7098388671875
160,fast_charge,5.2,58.0,4.55,9.817210070512763,1243.2265625
160,ideal_point_compromise,5.1,64.0,4.25,10.012038771223818,1285.2298583984375
160,longevity,5.0,67.0,4.0,10.213803477106172,1311.5147705078125
161,fast_charge,5.2,58.0,4.55,9.817210070512763,1456.187255859375
161,ideal_point_compromise,5.1,64.0,4.25,10.012038771223818,1496.8756103515625
161,longevity,5.0,67.0,4.0,10.213803477106172,1520.9552001953125
162,fast_charge,5.2,58.0,4.55,9.817210070512763,1374.285888671875
162,ideal_point_compromise,5.05,67.0,4.4,9.956926789437404,1397.0123291015625
162,longevity,5.0,67.0,4.0,10.213803477106172,1418.4947509765625
163,fast_charge,5.2,58.0,4.55,9.817210070512763,1490.74853515625
163,ideal_point_compromise,5.0,69.0,4.65,9.923158315815847,1497.83837890625
163,longevity,4.8,80.0,4.8,10.22380347710617,1505.4920654296875
164,fast_charge,5.2,58.0,4.55,9.817210070512763,1266.36572265625
164,ideal_point_compromise,5.05,67.0,4.4,9.956926789437404,1291.2208251953125
164,longevity,5.0,67.0,4.0,10.213803477106172,1312.6463623046875
165,fast_charge,5.2,58.0,4.55,9.817210070512763,1202.6268310546875
165,ideal_point_compromise,5.4,47.0,4.4,9.946025699328391,1262.5433349609375
165,longevity,5.6,36.0,4.3,10.220481217969958,1320.1776123046875
166,fast_charge,5.2,58.0,4.55,9.817210070512763,1300.03125
166,ideal_point_compromise,5.2,59.0,4.2,10.031495784798476,1335.954345703125
166,longevity,5.3,54.0,4.0,10.237011024275983,1355.75390625
167,fast_charge,5.2,58.0,4.55,9.817210070512763,1116.8511962890625
167,ideal_point_compromise,5.4,47.0,4.4,9.946025699328391,1180.3614501953125
167,longevity,5.6,36.0,4.3,10.220481217969958,1237.3577880859375
168,fast_charge,5.2,58.0,4.55,9.817210070512763,1353.027587890625
168,ideal_point_compromise,5.05,67.0,4.4,9.956926789437404,1385.3563232421875
168,longevity,5.0,67.0,4.0,10.213803477106172,1417.1832275390625
169,fast_charge,5.2,58.0,4.55,9.817210070512763,1405.238037109375
169,ideal_point_compromise,5.15,23.0,4.9,9.883006964326299,1439.8909912109375
169,longevity,5.6,19.0,4.6,10.216039501950892,1466.2845458984375
170,fast_charge,5.2,58.0,4.55,9.817210070512763,1285.439208984375
170,ideal_point_compromise,4.95,72.0,4.6,9.994554465248461,1319.72998046875
170,longevity,4.8,80.0,4.8,10.22380347710617,1340.4794921875
171,fast_charge,5.2,58.0,4.55,9.817210070512763,1425.5552978515625
171,ideal_point_compromise,4.2,29.0,5.55,9.880174133476826,1502.5535888671875
171,longevity,3.7,31.0,5.9,10.233881351590824,1567.5892333984375
172,fast_charge,5.2,58.0,4.55,9.817210070512763,1325.0994873046875
172,ideal_point_compromise,4.95,72.0,4.6,9.994554465248461,1345.0833740234375
172,longevity,4.8,80.0,4.8,10.22380347710617,1356.7398681640625
173,fast_charge,5.2,58.0,4.55,9.817210070512763,1454.9632568359375
173,ideal_point_compromise,4.2,29.0,5.55,9.880174133476826,1547.5692138671875
173,longevity,3.7,31.0,5.9,10.233881351590824,1635.9886474609375
174,fast_charge,5.2,58.0,4.55,9.817210070512763,1478.23486328125
174,ideal_point_compromise,4.2,29.0,5.55,9.880174133476826,1616.9224853515625
174,longevity,3.7,31.0,5.9,10.233881351590824,1707.210693359375
175,fast_charge,5.2,58.0,4.55,9.817210070512763,1347.1060791015625
175,ideal_point_compromise,4.95,71.0,4.7,9.97880025337954,1381.4884033203125
175,longevity,4.8,80.0,4.8,10.22380347710617,1406.60595703125
176,fast_charge,5.2,58.0,4.55,9.817210070512763,1416.80126953125
176,ideal_point_compromise,5.05,67.0,4.4,9.956926789437404,1436.6759033203125
176,longevity,5.0,67.0,4.0,10.213803477106172,1448.5601806640625
177,fast_charge,5.2,58.0,4.55,9.817210070512763,1404.6214599609375
177,ideal_point_compromise,5.4,47.0,4.4,9.946025699328391,1414.987548828125
177,longevity,5.6,36.0,4.3,10.220481217969958,1424.287841796875
178,fast_charge,5.2,58.0,4.55,9.817210070512763,1270.8143310546875
178,ideal_point_compromise,5.2,59.0,4.2,10.031495784798476,1304.6090087890625
178,longevity,5.3,54.0,4.0,10.237011024275983,1325.133056640625
179,fast_charge,5.2,58.0,4.55,9.817210070512763,1324.9246826171875
179,ideal_point_compromise,5.2,59.0,4.2,10.031495784798476,1364.713134765625
179,longevity,5.3,54.0,4.0,10.237011024275983,1387.579345703125
180,fast_charge,5.2,58.0,4.55,9.817210070512763,1423.3245849609375
180,ideal_point_compromise,4.95,71.0,4.7,9.97880025337954,1472.6185302734375
180,longevity,4.8,80.0,4.8,10.22380347710617,1510.6219482421875
181,fast_charge,5.2,58.0,4.55,9.817210070512763,1249.8035888671875
181,ideal_point_compromise,5.25,56.0,4.25,10.012038771223818,1280.9283447265625
181,longevity,5.3,54.0,4.0,10.237011024275983,1307.5152587890625
182,fast_charge,5.2,58.0,4.55,9.817210070512763,1415.3575439453125
182,ideal_point_compromise,5.45,41.0,4.45,9.995991911288213,1433.160400390625
182,longevity,5.6,36.0,4.3,10.220481217969958,1444.6044921875
183,fast_charge,5.2,58.0,4.55,9.817210070512763,1493.2474365234375
183,ideal_point_compromise,4.2,29.0,5.55,9.880174133476826,1567.3634033203125
183,longevity,3.7,31.0,5.9,10.233881351590824,1602.13427734375
184,fast_charge,5.2,58.0,4.55,9.817210070512763,1446.357177734375
184,ideal_point_compromise,4.2,29.0,5.55,9.880174133476826,1480.3218994140625
184,longevity,3.7,31.0,5.9,10.233881351590824,1491.1904296875
185,fast_charge,5.2,58.0,4.55,9.817210070512763,1469.1500244140625
185,ideal_point_compromise,5.15,23.0,4.9,9.883006964326299,1499.046142578125
185,longevity,5.6,19.0,4.6,10.216039501950892,1512.6943359375
186,fast_charge,5.2,58.0,4.55,9.817210070512763,1298.8192138671875
186,ideal_point_compromise,5.2,59.0,4.2,10.031495784798476,1371.9210205078125
186,longevity,5.0,67.0,4.0,10.213803477106172,1414.0067138671875
187,fast_charge,5.2,58.0,4.55,9.817210070512763,1365.5916748046875
187,ideal_point_compromise,5.2,59.0,4.2,10.031495784798476,1406.9268798828125
187,longevity,5.3,54.0,4.0,10.237011024275983,1434.2520751953125
188,fast_charge,5.2,58.0,4.55,9.817210070512763,1443.8828125
188,ideal_point_compromise,4.2,29.0,5.55,9.880174133476826,1542.4388427734375
188,longevity,3.7,31.0,5.9,10.233881351590824,1624.73095703125
189,fast_charge,5.2,58.0,4.55,9.817210070512763,1407.8590087890625
189,ideal_point_compromise,4.95,71.0,4.7,9.97880025337954,1430.8968505859375
189,longevity,4.8,80.0,4.8,10.22380347710617,1447.1917724609375
190,fast_charge,5.2,58.0,4.55,9.817210070512763,1252.338623046875
190,ideal_point_compromise,5.05,67.0,4.4,9.956926789437404,1295.8582763671875
190,longevity,5.0,67.0,4.0,10.213803477106172,1341.7469482421875
191,fast_charge,5.2,58.0,4.55,9.817210070512763,1289.453125
191,ideal_point_compromise,5.1,64.0,4.25,10.012038771223818,1313.1204833984375
191,longevity,5.0,67.0,4.0,10.213803477106172,1333.2802734375
192,fast_charge,5.2,58.0,4.55,9.817210070512763,1240.229736328125
192,ideal_point_compromise,5.2,59.0,4.2,10.031495784798476,1292.7271728515625
192,longevity,5.3,54.0,4.0,10.237011024275983,1324.6068115234375
193,fast_charge,5.2,58.0,4.55,9.817210070512763,1286.0213623046875
193,ideal_point_compromise,4.05,30.0,5.65,9.97798243482495,1382.8392333984375
193,longevity,3.7,31.0,5.9,10.233881351590824,1442.4124755859375
194,fast_charge,5.2,58.0,4.55,9.817210070512763,1312.0028076171875
194,ideal_point_compromise,5.05,67.0,4.4,9.956926789437404,1340.7930908203125
194,longevity,5.0,67.0,4.0,10.213803477106172,1366.1258544921875
195,fast_charge,5.2,58.0,4.55,9.817210070512763,1157.621826171875
195,ideal_point_compromise,5.1,64.0,4.25,10.012038771223818,1194.7242431640625
195,longevity,5.0,67.0,4.0,10.213803477106172,1222.4189453125
196,fast_charge,5.2,58.0,4.55,9.817210070512763,1491.7882080078125
196,ideal_point_compromise,4.95,71.0,4.7,9.97880025337954,1523.9449462890625
196,longevity,4.8,80.0,4.8,10.22380347710617,1548.0872802734375
197,fast_charge,5.2,58.0,4.55,9.817210070512763,1422.78515625
197,ideal_point_compromise,4.95,72.0,4.6,9.994554465248461,1471.75439453125
197,longevity,4.8,80.0,4.8,10.22380347710617,1497.867431640625
198,fast_charge,5.2,58.0,4.55,9.817210070512763,1356.2691650390625
198,ideal_point_compromise,5.1,64.0,4.25,10.012038771223818,1395.322509765625
198,longevity,5.0,67.0,4.0,10.213803477106172,1419.2943115234375
199,fast_charge,5.2,58.0,4.55,9.817210070512763,1332.49365234375
199,ideal_point_compromise,5.1,64.0,4.25,10.012038771223818,1372.4757080078125
199,longevity,5.0,67.0,4.0,10.213803477106172,1399.7137451171875
200,fast_charge,5.2,58.0,4.55,9.817210070512763,1325.739990234375
200,ideal_point_compromise,5.05,67.0,4.4,9.956926789437404,1388.0233154296875
200,longevity,5.0,67.0,4.0,10.213803477106172,1456.4613037109375
201,fast_charge,5.2,58.0,4.55,9.817210070512763,1502.8709716796875
201,ideal_point_compromise,4.2,29.0,5.55,9.880174133476826,1690.574462890625
201,longevity,3.7,31.0,5.9,10.233881351590824,1790.2906494140625
202,fast_charge,5.2,58.0,4.55,9.817210070512763,1365.821044921875
202,ideal_point_compromise,5.2,59.0,4.2,10.031495784798476,1398.258544921875
202,longevity,5.3,54.0,4.0,10.237011024275983,1416.4656982421875
203,fast_charge,5.2,58.0,4.55,9.817210070512763,1389.2611083984375
203,ideal_point_compromise,5.1,64.0,4.25,10.012038771223818,1423.9068603515625
203,longevity,5.0,67.0,4.0,10.213803477106172,1446.5421142578125
204,fast_charge,5.2,58.0,4.55,9.817210070512763,1334.6929931640625
204,ideal_point_compromise,5.05,67.0,4.4,9.956926789437404,1377.500732421875
204,longevity,5.0,67.0,4.0,10.213803477106172,1416.1927490234375
205,fast_charge,5.2,58.0,4.55,9.817210070512763,1425.0130615234375
205,ideal_point_compromise,5.2,59.0,4.2,10.031495784798476,1470.8319091796875
205,longevity,5.3,54.0,4.0,10.237011024275983,1499.220703125
206,fast_charge,5.2,58.0,4.55,9.817210070512763,1221.679443359375
206,ideal_point_compromise,5.4,47.0,4.4,9.946025699328391,1287.141845703125
206,longevity,5.6,36.0,4.3,10.220481217969958,1351.27978515625
207,fast_charge,5.2,58.0,4.55,9.817210070512763,1463.256591796875
207,ideal_point_compromise,4.95,72.0,4.6,9.994554465248461,1527.0570068359375
207,longevity,4.8,80.0,4.8,10.22380347710617,1564.2911376953125
208,fast_charge,5.2,58.0,4.55,9.817210070512763,1314.2347412109375
208,ideal_point_compromise,5.2,59.0,4.2,10.031495784798476,1341.2572021484375
208,longevity,5.3,54.0,4.0,10.237011024275983,1354.899169921875
209,fast_charge,5.2,58.0,4.55,9.817210070512763,1299.54296875
209,ideal_point_compromise,5.1,64.0,4.25,10.012038771223818,1334.4771728515625
209,longevity,5.0,67.0,4.0,10.213803477106172,1355.9212646484375
210,fast_charge,5.2,58.0,4.55,9.817210070512763,1284.027587890625
210,ideal_point_compromise,5.4,47.0,4.4,9.946025699328391,1317.800048828125
210,longevity,5.6,36.0,4.3,10.220481217969958,1347.541259765625
211,fast_charge,5.2,58.0,4.55,9.817210070512763,1322.363525390625
211,ideal_point_compromise,5.1,64.0,4.25,10.012038771223818,1366.08837890625
211,longevity,5.0,67.0,4.0,10.213803477106172,1396.02001953125
212,fast_charge,5.2,58.0,4.55,9.817210070512763,1529.587158203125
212,ideal_point_compromise,4.2,29.0,5.55,9.880174133476826,1632.1807861328125
212,longevity,3.7,31.0,5.9,10.233881351590824,1687.2000732421875
213,fast_charge,5.2,58.0,4.55,9.817210070512763,1367.9256591796875
213,ideal_point_compromise,5.05,67.0,4.4,9.956926789437404,1413.6015625
213,longevity,5.0,67.0,4.0,10.213803477106172,1443.9052734375
214,fast_charge,5.2,58.0,4.55,9.817210070512763,1512.059326171875
214,ideal_point_compromise,5.2,59.0,4.2,10.031495784798476,1550.7552490234375
214,longevity,5.3,54.0,4.0,10.237011024275983,1573.4775390625
215,fast_charge,5.2,58.0,4.55,9.817210070512763,1407.94384765625
215,ideal_point_compromise,5.2,59.0,4.2,10.031495784798476,1439.4786376953125
215,longevity,5.3,54.0,4.0,10.237011024275983,1460.2320556640625
216,fast_charge,5.2,58.0,4.55,9.817210070512763,1504.2791748046875
216,ideal_point_compromise,4.2,29.0,5.55,9.880174133476826,1615.027099609375
216,longevity,3.7,31.0,5.9,10.233881351590824,1664.68994140625
217,fast_charge,5.2,58.0,4.55,9.817210070512763,1422.8626708984375
217,ideal_point_compromise,5.1,64.0,4.25,10.012038771223818,1426.3306884765625
217,longevity,5.0,67.0,4.0,10.213803477106172,1428.3992919921875
218,fast_charge,5.2,58.0,4.55,9.817210070512763,1406.512939453125
218,ideal_point_compromise,4.2,29.0,5.55,9.880174133476826,1477.506103515625
218,longevity,3.7,31.0,5.9,10.233881351590824,1545.6572265625
219,fast_charge,5.2,58.0,4.55,9.817210070512763,1422.26611328125
219,ideal_point_compromise,5.05,67.0,4.4,9.956926789437404,1459.51220703125
219,longevity,5.0,67.0,4.0,10.213803477106172,1501.080810546875
220,fast_charge,5.2,58.0,4.55,9.817210070512763,1256.3929443359375
220,ideal_point_compromise,5.2,59.0,4.2,10.031495784798476,1317.544677734375
220,longevity,5.3,54.0,4.0,10.237011024275983,1356.772705078125
221,fast_charge,5.2,58.0,4.55,9.817210070512763,1342.5740966796875
221,ideal_point_compromise,5.1,64.0,4.25,10.012038771223818,1376.2386474609375
221,longevity,5.0,67.0,4.0,10.213803477106172,1398.619140625
222,fast_charge,5.2,58.0,4.55,9.817210070512763,1396.192626953125
222,ideal_point_compromise,5.0,69.0,4.5,9.970470143772836,1428.4541015625
222,longevity,5.0,67.0,4.0,10.213803477106172,1447.1759033203125
223,fast_charge,5.2,58.0,4.55,9.817210070512763,1414.848388671875
223,ideal_point_compromise,5.05,67.0,4.4,9.956926789437404,1438.124267578125
223,longevity,5.0,67.0,4.0,10.213803477106172,1459.7156982421875
224,fast_charge,5.2,58.0,4.55,9.817210070512763,1275.6676025390625
224,ideal_point_compromise,5.1,64.0,4.25,10.012038771223818,1305.3629150390625
224,longevity,5.0,67.0,4.0,10.213803477106172,1324.5726318359375
225,fast_charge,5.2,58.0,4.55,9.817210070512763,1491.128662109375
225,ideal_point_compromise,5.05,67.0,4.4,9.956926789437404,1533.732177734375
225,longevity,5.0,67.0,4.0,10.213803477106172,1579.7860107421875
226,fast_charge,5.2,58.0,4.55,9.817210070512763,1248.16796875
226,ideal_point_compromise,5.1,64.0,4.25,10.012038771223818,1300.3924560546875
226,longevity,5.0,67.0,4.0,10.213803477106172,1335.4610595703125
227,fast_charge,5.2,58.0,4.55,9.817210070512763,1556.7730712890625
227,ideal_point_compromise,4.2,29.0,5.55,9.880174133476826,1693.64404296875
227,longevity,3.7,31.0,5.9,10.233881351590824,1777.017578125
228,fast_charge,5.2,58.0,4.55,9.817210070512763,1441.3756103515625
228,ideal_point_compromise,5.05,67.0,4.4,9.956926789437404,1479.515869140625
228,longevity,5.0,67.0,4.0,10.213803477106172,1504.17578125
229,fast_charge,5.2,58.0,4.55,9.817210070512763,1460.3956298828125
229,ideal_point_compromise,4.95,72.0,4.6,9.994554465248461,1522.0068359375
229,longevity,4.8,80.0,4.8,10.22380347710617,1555.550537109375
230,fast_charge,5.2,58.0,4.55,9.817210070512763,1417.7906494140625
230,ideal_point_compromise,5.4,34.0,4.65,9.93706512585169,1428.91943359375
230,longevity,5.6,19.0,4.6,10.216039501950892,1437.9837646484375
231,fast_charge,5.2,58.0,4.55,9.817210070512763,1475.6199951171875
231,ideal_point_compromise,4.2,29.0,5.55,9.880174133476826,1612.710205078125
231,longevity,3.7,31.0,5.9,10.233881351590824,1676.787353515625
232,fast_charge,5.2,58.0,4.55,9.817210070512763,1281.3582763671875
232,ideal_point_compromise,5.25,56.0,4.25,10.012038771223818,1296.10986328125
232,longevity,5.3,54.0,4.0,10.237011024275983,1308.43701171875
233,fast_charge,5.2,58.0,4.55,9.817210070512763,1420.971435546875
233,ideal_point_compromise,5.2,59.0,4.2,10.031495784798476,1447.63916015625
233,longevity,5.3,54.0,4.0,10.237011024275983,1463.6402587890625
234,fast_charge,5.2,58.0,4.55,9.817210070512763,1179.5927734375
234,ideal_point_compromise,5.3,53.0,4.3,9.991245337571288,1219.227294921875
234,longevity,5.3,54.0,4.0,10.237011024275983,1261.00439453125
235,fast_charge,5.2,58.0,4.55,9.817210070512763,1298.291015625
235,ideal_point_compromise,5.2,59.0,4.2,10.031495784798476,1366.2667236328125
235,longevity,5.3,54.0,4.0,10.237011024275983,1408.2105712890625
236,fast_charge,5.2,58.0,4.55,9.817210070512763,1316.49267578125
236,ideal_point_compromise,5.2,59.0,4.2,10.031495784798476,1337.6090087890625
236,longevity,5.3,54.0,4.0,10.237011024275983,1352.283203125
237,fast_charge,5.2,58.0,4.55,9.817210070512763,1243.992431640625
237,ideal_point_compromise,5.1,64.0,4.25,10.012038771223818,1271.328857421875
237,longevity,5.0,67.0,4.0,10.213803477106172,1290.105712890625
238,fast_charge,5.2,58.0,4.55,9.817210070512763,1325.50634765625
238,ideal_point_compromise,5.4,47.0,4.4,9.946025699328391,1345.5545654296875
238,longevity,5.3,54.0,4.0,10.237011024275983,1371.016357421875
239,fast_charge,5.2,58.0,4.55,9.817210070512763,1327.6024169921875
239,ideal_point_compromise,5.4,47.0,4.4,9.946025699328391,1351.10400390625
239,longevity,5.3,54.0,4.0,10.237011024275983,1377.67724609375
240,fast_charge,5.2,58.0,4.55,9.817210070512763,1336.8133544921875
240,ideal_point_compromise,5.4,47.0,4.4,9.946025699328391,1372.9249267578125
240,longevity,5.3,54.0,4.0,10.237011024275983,1409.556884765625
241,fast_charge,5.2,58.0,4.55,9.817210070512763,1358.019287109375
241,ideal_point_compromise,4.2,29.0,5.55,9.880174133476826,1476.02880859375
241,longevity,3.7,31.0,5.9,10.233881351590824,1563.50830078125
242,fast_charge,5.2,58.0,4.55,9.817210070512763,1249.9117431640625
242,ideal_point_compromise,5.25,56.0,4.25,10.012038771223818,1281.1834716796875
242,longevity,5.3,54.0,4.0,10.237011024275983,1308.1458740234375
243,fast_charge,5.2,58.0,4.55,9.817210070512763,1520.061767578125
243,ideal_point_compromise,4.2,29.0,5.55,9.880174133476826,1583.8690185546875
243,longevity,3.7,31.0,5.9,10.233881351590824,1610.7218017578125
244,fast_charge,5.2,58.0,4.55,9.817210070512763,1279.9830322265625
244,ideal_point_compromise,5.25,56.0,4.25,10.012038771223818,1310.2803955078125
244,longevity,5.3,54.0,4.0,10.237011024275983,1336.477294921875
245,fast_charge,5.2,58.0,4.55,9.817210070512763,1230.8939208984375
245,ideal_point_compromise,5.4,47.0,4.4,9.946025699328391,1275.9754638671875
245,longevity,5.3,54.0,4.0,10.237011024275983,1336.28759765625
246,fast_charge,5.2,58.0,4.55,9.817210070512763,1333.73291015625
246,ideal_point_compromise,4.05,30.0,5.65,9.97798243482495,1453.3399658203125
246,longevity,3.7,31.0,5.9,10.233881351590824,1518.939697265625
247,fast_charge,5.2,58.0,4.55,9.817210070512763,1401.6751708984375
247,ideal_point_compromise,5.15,23.0,4.9,9.883006964326299,1418.47265625
247,longevity,5.6,19.0,4.6,10.216039501950892,1431.2706298828125
248,fast_charge,5.2,58.0,4.55,9.817210070512763,1323.7716064453125
248,ideal_point_compromise,5.1,64.0,4.25,10.012038771223818,1358.978759765625
248,longevity,5.0,67.0,4.0,10.213803477106172,1381.238525390625
249,fast_charge,5.2,58.0,4.55,9.817210070512763,1549.34423828125
249,ideal_point_compromise,4.95,72.0,4.6,9.994554465248461,1604.76513671875
249,longevity,4.8,80.0,4.8,10.22380347710617,1639.4515380859375
250,fast_charge,5.2,58.0,4.55,9.817210070512763,1306.759521484375
250,ideal_point_compromise,5.1,64.0,4.25,10.012038771223818,1323.8145751953125
250,longevity,5.0,67.0,4.0,10.213803477106172,1337.259033203125
251,fast_charge,5.2,58.0,4.55,9.817210070512763,1389.986572265625
251,ideal_point_compromise,5.1,64.0,4.25,10.012038771223818,1401.0328369140625
251,longevity,5.0,67.0,4.0,10.213803477106172,1409.95947265625
252,fast_charge,5.2,58.0,4.55,9.817210070512763,1395.8677978515625
252,ideal_point_compromise,5.1,64.0,4.25,10.012038771223818,1465.081298828125
252,longevity,5.0,67.0,4.0,10.213803477106172,1508.3536376953125
253,fast_charge,5.2,58.0,4.55,9.817210070512763,1378.9024658203125
253,ideal_point_compromise,5.2,59.0,4.2,10.031495784798476,1394.4678955078125
253,longevity,5.3,54.0,4.0,10.237011024275983,1404.529052734375
254,fast_charge,5.2,58.0,4.55,9.817210070512763,1340.9576416015625
254,ideal_point_compromise,5.05,67.0,4.4,9.956926789437404,1373.4844970703125
254,longevity,5.0,67.0,4.0,10.213803477106172,1409.980224609375
255,fast_charge,5.2,58.0,4.55,9.817210070512763,1338.77490234375
255,ideal_point_compromise,4.95,72.0,4.6,9.994554465248461,1364.0821533203125
255,longevity,4.8,80.0,4.8,10.22380347710617,1379.1016845703125
256,fast_charge,5.2,58.0,4.55,9.817210070512763,1363.8775634765625
256,ideal_point_compromise,4.95,71.0,4.7,9.97880025337954,1384.4423828125
256,longevity,4.8,80.0,4.8,10.22380347710617,1399.1021728515625
257,fast_charge,5.2,58.0,4.55,9.817210070512763,1430.1790771484375
257,ideal_point_compromise,5.2,59.0,4.2,10.031495784798476,1467.8502197265625
257,longevity,5.3,54.0,4.0,10.237011024275983,1489.8275146484375
258,fast_charge,5.2,58.0,4.55,9.817210070512763,1319.650634765625
258,ideal_point_compromise,5.2,59.0,4.2,10.031495784798476,1355.6767578125
258,longevity,5.0,67.0,4.0,10.213803477106172,1379.257080078125
259,fast_charge,5.2,58.0,4.55,9.817210070512763,1327.097900390625
259,ideal_point_compromise,5.2,59.0,4.2,10.031495784798476,1352.864501953125
259,longevity,5.0,67.0,4.0,10.213803477106172,1368.348388671875
260,fast_charge,5.2,58.0,4.55,9.817210070512763,1152.820556640625
260,ideal_point_compromise,5.4,47.0,4.4,9.946025699328391,1193.66455078125
260,longevity,5.3,54.0,4.0,10.237011024275983,1242.3868408203125
261,fast_charge,5.2,58.0,4.55,9.817210070512763,1312.1190185546875
261,ideal_point_compromise,5.3,53.0,4.3,9.991245337571288,1333.0802001953125
261,longevity,5.3,54.0,4.0,10.237011024275983,1354.50244140625
262,fast_charge,5.2,58.0,4.55,9.817210070512763,1321.924072265625
262,ideal_point_compromise,5.4,34.0,4.65,9.93706512585169,1360.7015380859375
262,longevity,5.6,19.0,4.6,10.216039501950892,1400.45703125
263,fast_charge,5.2,58.0,4.55,9.817210070512763,1368.9449462890625
263,ideal_point_compromise,5.05,67.0,4.4,9.956926789437404,1419.900146484375
263,longevity,5.0,67.0,4.0,10.213803477106172,1448.1278076171875
264,fast_charge,5.2,58.0,4.55,9.817210070512763,1313.6527099609375
264,ideal_point_compromise,5.2,59.0,4.2,10.031495784798476,1387.958251953125
264,longevity,5.3,54.0,4.0,10.237011024275983,1430.93603515625
265,fast_charge,5.2,58.0,4.55,9.817210070512763,1442.456298828125
265,ideal_point_compromise,4.2,29.0,5.55,9.880174133476826,1630.2757568359375
265,longevity,3.7,31.0,5.9,10.233881351590824,1779.9571533203125
266,fast_charge,5.2,58.0,4.55,9.817210070512763,1253.641357421875
266,ideal_point_compromise,5.2,59.0,4.2,10.031495784798476,1304.989013671875
266,longevity,5.3,54.0,4.0,10.237011024275983,1335.13916015625
267,fast_charge,5.2,58.0,4.55,9.817210070512763,1414.1510009765625
267,ideal_point_compromise,4.2,29.0,5.55,9.880174133476826,1536.2352294921875
267,longevity,3.7,31.0,5.9,10.233881351590824,1612.2681884765625
268,fast_charge,5.2,58.0,4.55,9.817210070512763,1496.276611328125
268,ideal_point_compromise,4.2,29.0,5.55,9.880174133476826,1531.3389892578125
268,longevity,3.7,31.0,5.9,10.233881351590824,1557.8760986328125
269,fast_charge,5.2,58.0,4.55,9.817210070512763,1495.1865234375
269,ideal_point_compromise,4.2,29.0,5.55,9.880174133476826,1694.39697265625
269,longevity,3.7,31.0,5.9,10.233881351590824,1848.6121826171875
270,fast_charge,5.2,58.0,4.55,9.817210070512763,1295.4888916015625
270,ideal_point_compromise,5.2,59.0,4.2,10.031495784798476,1322.6627197265625
270,longevity,5.3,54.0,4.0,10.237011024275983,1338.0242919921875
271,fast_charge,5.2,58.0,4.55,9.817210070512763,1247.5333251953125
271,ideal_point_compromise,5.2,59.0,4.2,10.031495784798476,1277.0155029296875
271,longevity,5.3,54.0,4.0,10.237011024275983,1293.360107421875
272,fast_charge,5.2,58.0,4.55,9.817210070512763,1395.066650390625
272,ideal_point_compromise,5.05,67.0,4.4,9.956926789437404,1398.1800537109375
272,longevity,4.9,71.0,4.35,10.159060338471404,1399.0164794921875
273,fast_charge,5.2,58.0,4.55,9.817210070512763,1322.5987548828125
273,ideal_point_compromise,4.2,29.0,5.55,9.880174133476826,1431.792236328125
273,longevity,3.7,31.0,5.9,10.233881351590824,1531.6807861328125
274,fast_charge,5.2,58.0,4.55,9.817210070512763,1361.524169921875
274,ideal_point_compromise,4.95,71.0,4.7,9.97880025337954,1403.2452392578125
274,longevity,4.8,80.0,4.8,10.22380347710617,1434.401611328125
275,fast_charge,5.2,58.0,4.55,9.817210070512763,1273.280517578125
275,ideal_point_compromise,5.4,47.0,4.4,9.946025699328391,1324.716552734375
275,longevity,5.3,54.0,4.0,10.237011024275983,1383.497802734375
276,fast_charge,5.2,58.0,4.55,9.817210070512763,1405.01025390625
276,ideal_point_compromise,5.2,59.0,4.2,10.031495784798476,1407.8372802734375
276,longevity,5.3,54.0,4.0,10.237011024275983,1409.55859375
277,fast_charge,5.2,58.0,4.55,9.817210070512763,1156.38232421875
277,ideal_point_compromise,5.2,59.0,4.2,10.031495784798476,1201.89453125
277,longevity,5.3,54.0,4.0,10.237011024275983,1226.701171875
278,fast_charge,5.2,58.0,4.55,9.817210070512763,1320.33349609375
278,ideal_point_compromise,5.2,59.0,4.2,10.031495784798476,1374.739013671875
278,longevity,5.3,54.0,4.0,10.237011024275983,1405.2412109375
279,fast_charge,5.2,58.0,4.55,9.817210070512763,1363.1524658203125
279,ideal_point_compromise,4.95,72.0,4.6,9.994554465248461,1402.132568359375
279,longevity,4.8,80.0,4.8,10.22380347710617,1427.46240234375
280,fast_charge,5.2,58.0,4.55,9.817210070512763,1515.509521484375
280,ideal_point_compromise,4.2,29.0,5.55,9.880174133476826,1723.4649658203125
280,longevity,3.7,31.0,5.9,10.233881351590824,1871.4842529296875
281,fast_charge,5.2,58.0,4.55,9.817210070512763,1292.2998046875
281,ideal_point_compromise,5.1,64.0,4.25,10.012038771223818,1307.398193359375
281,longevity,5.0,67.0,4.0,10.213803477106172,1316.8023681640625
282,fast_charge,5.2,58.0,4.55,9.817210070512763,1299.041259765625
282,ideal_point_compromise,5.4,47.0,4.4,9.946025699328391,1337.580322265625
282,longevity,5.6,36.0,4.3,10.220481217969958,1373.783447265625
283,fast_charge,5.2,58.0,4.55,9.817210070512763,1494.148193359375
283,ideal_point_compromise,4.2,29.0,5.55,9.880174133476826,1694.631103515625
283,longevity,3.7,31.0,5.9,10.233881351590824,1786.5782470703125
284,fast_charge,5.2,58.0,4.55,9.817210070512763,1454.262939453125
284,ideal_point_compromise,5.2,59.0,4.2,10.031495784798476,1523.281005859375
284,longevity,5.3,54.0,4.0,10.237011024275983,1564.0667724609375
285,fast_charge,5.2,58.0,4.55,9.817210070512763,1403.4940185546875
285,ideal_point_compromise,5.2,59.0,4.2,10.031495784798476,1437.474609375
285,longevity,5.3,54.0,4.0,10.237011024275983,1459.9783935546875
286,fast_charge,5.2,58.0,4.55,9.817210070512763,1434.523193359375
286,ideal_point_compromise,4.2,29.0,5.55,9.880174133476826,1518.1903076171875
286,longevity,3.7,31.0,5.9,10.233881351590824,1588.733642578125
287,fast_charge,5.2,58.0,4.55,9.817210070512763,1268.2388916015625
287,ideal_point_compromise,5.1,64.0,4.25,10.012038771223818,1285.8603515625
287,longevity,5.0,67.0,4.0,10.213803477106172,1297.13671875
288,fast_charge,5.2,58.0,4.55,9.817210070512763,1221.3642578125
288,ideal_point_compromise,5.05,67.0,4.4,9.956926789437404,1239.72509765625
288,longevity,5.0,67.0,4.0,10.213803477106172,1250.879638671875
289,fast_charge,5.2,58.0,4.55,9.817210070512763,1368.3377685546875
289,ideal_point_compromise,5.1,64.0,4.25,10.012038771223818,1395.21435546875
289,longevity,5.0,67.0,4.0,10.213803477106172,1410.0970458984375
290,fast_charge,5.2,58.0,4.55,9.817210070512763,1419.1915283203125
290,ideal_point_compromise,5.4,47.0,4.4,9.946025699328391,1424.1339111328125
290,longevity,5.6,36.0,4.3,10.220481217969958,1428.662109375
291,fast_charge,5.2,58.0,4.55,9.817210070512763,1449.2203369140625
291,ideal_point_compromise,4.2,29.0,5.55,9.880174133476826,1549.74267578125
291,longevity,3.7,31.0,5.9,10.233881351590824,1626.9991455078125
292,fast_charge,5.2,58.0,4.55,9.817210070512763,1464.9219970703125
292,ideal_point_compromise,4.2,29.0,5.55,9.880174133476826,1608.0301513671875
292,longevity,3.7,31.0,5.9,10.233881351590824,1674.5047607421875
293,fast_charge,5.2,58.0,4.55,9.817210070512763,1308.34130859375
293,ideal_point_compromise,5.05,67.0,4.4,9.956926789437404,1365.0426025390625
293,longevity,5.0,67.0,4.0,10.213803477106172,1404.833251953125
294,fast_charge,5.2,58.0,4.55,9.817210070512763,1463.452880859375
294,ideal_point_compromise,4.35,30.0,5.4,9.917290067144485,1471.0184326171875
294,longevity,4.35,30.0,5.4,9.917290067144485,1471.0184326171875
295,fast_charge,5.2,58.0,4.55,9.817210070512763,1351.6505126953125
295,ideal_point_compromise,5.0,69.0,4.5,9.970470143772836,1369.228271484375
295,longevity,5.0,67.0,4.0,10.213803477106172,1380.2264404296875
296,fast_charge,5.2,58.0,4.55,9.817210070512763,1426.8533935546875
296,ideal_point_compromise,5.1,64.0,4.25,10.012038771223818,1460.1922607421875
296,longevity,5.0,67.0,4.0,10.213803477106172,1480.080078125
297,fast_charge,5.2,58.0,4.55,9.817210070512763,1294.143798828125
297,ideal_point_compromise,5.05,67.0,4.4,9.956926789437404,1321.9300537109375
297,longevity,5.0,67.0,4.0,10.213803477106172,1351.9620361328125
298,fast_charge,5.2,58.0,4.55,9.817210070512763,1471.1197509765625
298,ideal_point_compromise,5.05,67.0,4.4,9.956926789437404,1526.5953369140625
298,longevity,5.0,67.0,4.0,10.213803477106172,1574.1480712890625
299,fast_charge,5.2,58.0,4.55,9.817210070512763,1172.2890625
299,ideal_point_compromise,5.2,59.0,4.2,10.031495784798476,1222.8524169921875
299,longevity,5.3,54.0,4.0,10.237011024275983,1259.5673828125
300,fast_charge,5.2,58.0,4.55,9.817210070512763,1424.0052490234375
300,ideal_point_compromise,5.05,67.0,4.4,9.956926789437404,1505.7701416015625
300,longevity,5.0,67.0,4.0,10.213803477106172,1560.9737548828125
301,fast_charge,5.2,58.0,4.55,9.817210070512763,1467.1153564453125
301,ideal_point_compromise,5.0,69.0,4.65,9.923158315815847,1481.2041015625
301,longevity,4.8,80.0,4.8,10.22380347710617,1496.01611328125
302,fast_charge,5.2,58.0,4.55,9.817210070512763,1429.626708984375
302,ideal_point_compromise,4.2,29.0,5.55,9.880174133476826,1581.8818359375
302,longevity,3.7,31.0,5.9,10.233881351590824,1696.473388671875
303,fast_charge,5.2,58.0,4.55,9.817210070512763,1464.2896728515625
303,ideal_point_compromise,4.95,72.0,4.6,9.994554465248461,1529.2083740234375
303,longevity,4.8,80.0,4.8,10.22380347710617,1561.4114990234375
304,fast_charge,5.2,58.0,4.55,9.817210070512763,1440.0167236328125
304,ideal_point_compromise,4.2,29.0,5.55,9.880174133476826,1589.9385986328125
304,longevity,3.7,31.0,5.9,10.233881351590824,1732.4813232421875
305,fast_charge,5.2,58.0,4.55,9.817210070512763,1473.2320556640625
305,ideal_point_compromise,5.2,59.0,4.2,10.031495784798476,1517.599853515625
305,longevity,5.3,54.0,4.0,10.237011024275983,1545.7606201171875
306,fast_charge,5.2,58.0,4.55,9.817210070512763,1369.019287109375
306,ideal_point_compromise,4.2,29.0,5.55,9.880174133476826,1524.09326171875
306,longevity,3.7,31.0,5.9,10.233881351590824,1633.323974609375
307,fast_charge,5.2,58.0,4.55,9.817210070512763,1415.586669921875
307,ideal_point_compromise,4.95,71.0,4.7,9.97880025337954,1482.247314453125
307,longevity,4.8,80.0,4.8,10.22380347710617,1533.327880859375
308,fast_charge,5.2,58.0,4.55,9.817210070512763,1518.136962890625
308,ideal_point_compromise,5.0,69.0,4.65,9.923158315815847,1530.2310791015625
308,longevity,4.8,80.0,4.8,10.22380347710617,1542.9765625
309,fast_charge,5.2,58.0,4.55,9.817210070512763,1184.7161865234375
309,ideal_point_compromise,5.2,59.0,4.2,10.031495784798476,1224.3837890625
309,longevity,5.3,54.0,4.0,10.237011024275983,1249.0260009765625
310,fast_charge,5.2,58.0,4.55,9.817210070512763,1256.377685546875
310,ideal_point_compromise,5.1,64.0,4.25,10.012038771223818,1287.69970703125
310,longevity,5.0,67.0,4.0,10.213803477106172,1308.1529541015625
311,fast_charge,5.2,58.0,4.55,9.817210070512763,1463.50390625
311,ideal_point_compromise,4.05,30.0,5.65,9.97798243482495,1520.9615478515625
311,longevity,3.7,31.0,5.9,10.233881351590824,1562.3123779296875
312,fast_charge,5.2,58.0,4.55,9.817210070512763,1351.2449951171875
312,ideal_point_compromise,5.2,59.0,4.2,10.031495784798476,1425.94189453125
312,longevity,5.3,54.0,4.0,10.237011024275983,1472.9677734375
313,fast_charge,5.2,58.0,4.55,9.817210070512763,1292.9501953125
313,ideal_point_compromise,5.05,67.0,4.4,9.956926789437404,1316.146484375
313,longevity,5.0,67.0,4.0,10.213803477106172,1339.41845703125
314,fast_charge,5.2,58.0,4.55,9.817210070512763,1215.3211669921875
314,ideal_point_compromise,5.05,67.0,4.4,9.956926789437404,1251.1568603515625
314,longevity,5.0,67.0,4.0,10.213803477106172,1287.584228515625
315,fast_charge,5.2,58.0,4.55,9.817210070512763,1420.5733642578125
315,ideal_point_compromise,5.1,64.0,4.25,10.012038771223818,1465.9901123046875
315,longevity,5.0,67.0,4.0,10.213803477106172,1495.3270263671875
316,fast_charge,5.2,58.0,4.55,9.817210070512763,1394.2138671875
316,ideal_point_compromise,5.05,67.0,4.4,9.956926789437404,1436.712158203125
316,longevity,5.0,67.0,4.0,10.213803477106172,1488.02294921875
317,fast_charge,5.2,58.0,4.55,9.817210070512763,1283.8365478515625
317,ideal_point_compromise,5.4,47.0,4.4,9.946025699328391,1310.1158447265625
317,longevity,5.3,54.0,4.0,10.237011024275983,1342.7286376953125
318,fast_charge,5.2,58.0,4.55,9.817210070512763,1323.646484375
318,ideal_point_compromise,5.1,64.0,4.25,10.012038771223818,1365.72265625
318,longevity,5.0,67.0,4.0,10.213803477106172,1393.366455078125
319,fast_charge,5.2,58.0,4.55,9.817210070512763,1321.2740478515625
319,ideal_point_compromise,5.4,47.0,4.4,9.946025699328391,1349.6807861328125
319,longevity,5.3,54.0,4.0,10.237011024275983,1377.7545166015625
320,fast_charge,5.2,58.0,4.55,9.817210070512763,1329.2486572265625
320,ideal_point_compromise,5.05,67.0,4.4,9.956926789437404,1364.198486328125
320,longevity,5.0,67.0,4.0,10.213803477106172,1395.2020263671875
321,fast_charge,5.2,58.0,4.55,9.817210070512763,1158.3382568359375
321,ideal_point_compromise,5.4,47.0,4.4,9.946025699328391,1213.5889892578125
321,longevity,5.6,36.0,4.3,10.220481217969958,1265.9473876953125
322,fast_charge,5.2,58.0,4.55,9.817210070512763,1416.04931640625
322,ideal_point_compromise,5.15,23.0,4.9,9.883006964326299,1523.0740966796875
322,longevity,5.6,19.0,4.6,10.216039501950892,1616.8670654296875
323,fast_charge,5.2,58.0,4.55,9.817210070512763,1396.6590576171875
323,ideal_point_compromise,5.05,67.0,4.4,9.956926789437404,1428.1058349609375
323,longevity,5.0,67.0,4.0,10.213803477106172,1447.697509765625
324,fast_charge,5.2,58.0,4.55,9.817210070512763,1274.7786865234375
324,ideal_point_compromise,5.1,64.0,4.25,10.012038771223818,1324.0111083984375
324,longevity,5.0,67.0,4.0,10.213803477106172,1354.90966796875
325,fast_charge,5.2,58.0,4.55,9.817210070512763,1262.5738525390625
325,ideal_point_compromise,5.4,47.0,4.4,9.946025699328391,1288.8428955078125
325,longevity,5.3,54.0,4.0,10.237011024275983,1321.508056640625
326,fast_charge,5.2,58.0,4.55,9.817210070512763,1492.1309814453125
326,ideal_point_compromise,4.2,29.0,5.55,9.880174133476826,1543.2647705078125
326,longevity,3.7,31.0,5.9,10.233881351590824,1567.190185546875
327,fast_charge,5.2,58.0,4.55,9.817210070512763,1368.4951171875
327,ideal_point_compromise,5.1,64.0,4.25,10.012038771223818,1407.0672607421875
327,longevity,5.0,67.0,4.0,10.213803477106172,1429.0592041015625
328,fast_charge,5.2,58.0,4.55,9.817210070512763,1576.0341796875
328,ideal_point_compromise,5.05,67.0,4.4,9.956926789437404,1624.781982421875
328,longevity,5.0,67.0,4.0,10.213803477106172,1676.489990234375
329,fast_charge,5.2,58.0,4.55,9.817210070512763,1226.9013671875
329,ideal_point_compromise,5.4,47.0,4.4,9.946025699328391,1276.4622802734375
329,longevity,5.3,54.0,4.0,10.237011024275983,1324.2564697265625
330,fast_charge,5.2,58.0,4.55,9.817210070512763,1439.746826171875
330,ideal_point_compromise,5.15,23.0,4.9,9.883006964326299,1457.8204345703125
330,longevity,5.6,19.0,4.6,10.216039501950892,1467.44140625
331,fast_charge,5.2,58.0,4.55,9.817210070512763,1309.835693359375
331,ideal_point_compromise,5.4,47.0,4.4,9.946025699328391,1341.38916015625
331,longevity,5.6,36.0,4.3,10.220481217969958,1369.9444580078125
332,fast_charge,5.2,58.0,4.55,9.817210070512763,1242.3328857421875
332,ideal_point_compromise,5.1,64.0,4.25,10.012038771223818,1280.2908935546875
332,longevity,5.0,67.0,4.0,10.213803477106172,1304.001953125
333,fast_charge,5.2,58.0,4.55,9.817210070512763,1360.86376953125
333,ideal_point_compromise,5.05,67.0,4.4,9.956926789437404,1425.8927001953125
333,longevity,5.0,67.0,4.0,10.213803477106172,1476.17822265625
334,fast_charge,5.2,58.0,4.55,9.817210070512763,1419.9942626953125
334,ideal_point_compromise,5.1,64.0,4.25,10.012038771223818,1473.570068359375
334,longevity,5.0,67.0,4.0,10.213803477106172,1512.0950927734375
335,fast_charge,5.2,58.0,4.55,9.817210070512763,1459.4244384765625
335,ideal_point_compromise,5.1,64.0,4.25,10.012038771223818,1463.5235595703125
335,longevity,5.0,67.0,4.0,10.213803477106172,1466.5906982421875
336,fast_charge,5.2,58.0,4.55,9.817210070512763,1410.879638671875
336,ideal_point_compromise,4.95,72.0,4.6,9.994554465248461,1426.7222900390625
336,longevity,4.8,80.0,4.8,10.22380347710617,1433.234619140625
337,fast_charge,5.2,58.0,4.55,9.817210070512763,1231.1004638671875
337,ideal_point_compromise,5.2,59.0,4.2,10.031495784798476,1280.054931640625
337,longevity,5.3,54.0,4.0,10.237011024275983,1312.3597412109375
338,fast_charge,5.2,58.0,4.55,9.817210070512763,1390.58935546875
338,ideal_point_compromise,5.1,64.0,4.25,10.012038771223818,1423.868896484375
338,longevity,5.0,67.0,4.0,10.213803477106172,1442.2445068359375
339,fast_charge,5.2,58.0,4.55,9.817210070512763,1378.7216796875
339,ideal_point_compromise,5.2,59.0,4.2,10.031495784798476,1401.6173095703125
339,longevity,5.3,54.0,4.0,10.237011024275983,1414.6595458984375
340,fast_charge,5.2,58.0,4.55,9.817210070512763,1523.8341064453125
340,ideal_point_compromise,4.2,29.0,5.55,9.880174133476826,1729.2052001953125
340,longevity,3.7,31.0,5.9,10.233881351590824,1854.33984375
341,fast_charge,5.2,58.0,4.55,9.817210070512763,1324.8560791015625
341,ideal_point_compromise,5.2,59.0,4.2,10.031495784798476,1352.07275390625
341,longevity,5.3,54.0,4.0,10.237011024275983,1369.2999267578125
342,fast_charge,5.2,58.0,4.55,9.817210070512763,1269.3052978515625
342,ideal_point_compromise,5.05,67.0,4.4,9.956926789437404,1316.3741455078125
342,longevity,5.0,67.0,4.0,10.213803477106172,1354.0372314453125
343,fast_charge,5.2,58.0,4.55,9.817210070512763,1476.998779296875
343,ideal_point_compromise,4.2,29.0,5.55,9.880174133476826,1530.969970703125
343,longevity,3.7,31.0,5.9,10.233881351590824,1583.87841796875
344,fast_charge,5.2,58.0,4.55,9.817210070512763,1396.454345703125
344,ideal_point_compromise,5.4,47.0,4.4,9.946025699328391,1398.173583984375
344,longevity,5.6,36.0,4.3,10.220481217969958,1399.69384765625
345,fast_charge,5.2,58.0,4.55,9.817210070512763,1229.46240234375
345,ideal_point_compromise,5.05,67.0,4.4,9.956926789437404,1282.396484375
345,longevity,5.0,67.0,4.0,10.213803477106172,1316.5284423828125
346,fast_charge,5.2,58.0,4.55,9.817210070512763,1322.461181640625
346,ideal_point_compromise,4.2,29.0,5.55,9.880174133476826,1391.1134033203125
346,longevity,3.7,31.0,5.9,10.233881351590824,1430.1651611328125
347,fast_charge,5.2,58.0,4.55,9.817210070512763,1212.830322265625
347,ideal_point_compromise,5.1,64.0,4.25,10.012038771223818,1243.78125
347,longevity,5.0,67.0,4.0,10.213803477106172,1264.540771484375
348,fast_charge,5.2,58.0,4.55,9.817210070512763,1160.4691162109375
348,ideal_point_compromise,5.05,67.0,4.4,9.956926789437404,1183.43603515625
348,longevity,5.0,67.0,4.0,10.213803477106172,1202.1175537109375
349,fast_charge,5.2,58.0,4.55,9.817210070512763,1362.4100341796875
349,ideal_point_compromise,4.2,29.0,5.55,9.880174133476826,1437.6082763671875
349,longevity,3.7,31.0,5.9,10.233881351590824,1501.0782470703125
350,fast_charge,5.2,58.0,4.55,9.817210070512763,1246.6767578125
350,ideal_point_compromise,5.05,67.0,4.4,9.956926789437404,1290.7938232421875
350,longevity,5.0,67.0,4.0,10.213803477106172,1332.1666259765625
351,fast_charge,5.2,58.0,4.55,9.817210070512763,1346.41064453125
351,ideal_point_compromise,5.2,59.0,4.2,10.031495784798476,1374.554443359375
351,longevity,5.3,54.0,4.0,10.237011024275983,1390.541015625
352,fast_charge,5.2,58.0,4.55,9.817210070512763,1496.284912109375
352,ideal_point_compromise,4.2,29.0,5.55,9.880174133476826,1596.1329345703125
352,longevity,3.7,31.0,5.9,10.233881351590824,1665.790283203125
353,fast_charge,5.2,58.0,4.55,9.817210070512763,1364.24853515625
353,ideal_point_compromise,4.95,72.0,4.6,9.994554465248461,1396.9014892578125
353,longevity,4.8,80.0,4.8,10.22380347710617,1414.9674072265625
354,fast_charge,5.2,58.0,4.55,9.817210070512763,1331.822998046875
354,ideal_point_compromise,5.2,59.0,4.2,10.031495784798476,1395.794189453125
354,longevity,5.3,54.0,4.0,10.237011024275983,1433.198974609375
355,fast_charge,5.2,58.0,4.55,9.817210070512763,1271.6280517578125
355,ideal_point_compromise,5.25,56.0,4.25,10.012038771223818,1308.538818359375
355,longevity,5.3,54.0,4.0,10.237011024275983,1340.459228515625
356,fast_charge,5.2,58.0,4.55,9.817210070512763,1230.855712890625
356,ideal_point_compromise,5.3,53.0,4.3,9.991245337571288,1280.4071044921875
356,longevity,5.3,54.0,4.0,10.237011024275983,1333.0052490234375
357,fast_charge,5.2,58.0,4.55,9.817210070512763,1463.56640625
357,ideal_point_compromise,4.95,72.0,4.6,9.994554465248461,1488.4700927734375
357,longevity,4.8,80.0,4.8,10.22380347710617,1502.935546875
358,fast_charge,5.2,58.0,4.55,9.817210070512763,1245.89306640625
358,ideal_point_compromise,5.4,47.0,4.4,9.946025699328391,1271.837890625
358,longevity,5.3,54.0,4.0,10.237011024275983,1297.2686767578125
359,fast_charge,5.2,58.0,4.55,9.817210070512763,1181.7330322265625
359,ideal_point_compromise,5.1,64.0,4.25,10.012038771223818,1216.5670166015625
359,longevity,5.0,67.0,4.0,10.213803477106172,1239.297119140625
360,fast_charge,5.2,58.0,4.55,9.817210070512763,1361.75390625
360,ideal_point_compromise,5.05,67.0,4.4,9.956926789437404,1385.6671142578125
360,longevity,5.0,67.0,4.0,10.213803477106172,1405.2952880859375
361,fast_charge,5.2,58.0,4.55,9.817210070512763,1292.970703125
361,ideal_point_compromise,5.05,67.0,4.4,9.956926789437404,1325.4791259765625
361,longevity,5.0,67.0,4.0,10.213803477106172,1351.702392578125
362,fast_charge,5.2,58.0,4.55,9.817210070512763,1507.5179443359375
362,ideal_point_compromise,4.2,29.0,5.55,9.880174133476826,1575.9306640625
362,longevity,3.7,31.0,5.9,10.233881351590824,1605.8970947265625
363,fast_charge,5.2,58.0,4.55,9.817210070512763,1142.421875
363,ideal_point_compromise,5.1,64.0,4.25,10.012038771223818,1167.2501220703125
363,longevity,5.0,67.0,4.0,10.213803477106172,1184.524658203125
364,fast_charge,5.2,58.0,4.55,9.817210070512763,1424.541015625
364,ideal_point_compromise,4.2,29.0,5.55,9.880174133476826,1444.467041015625
364,longevity,3.7,31.0,5.9,10.233881351590824,1448.732421875
365,fast_charge,5.2,58.0,4.55,9.817210070512763,1259.9930419921875
365,ideal_point_compromise,5.25,56.0,4.25,10.012038771223818,1310.3953857421875
365,longevity,5.3,54.0,4.0,10.237011024275983,1356.00390625
366,fast_charge,5.2,58.0,4.55,9.817210070512763,1355.7684326171875
366,ideal_point_compromise,5.2,59.0,4.2,10.031495784798476,1391.0328369140625
366,longevity,5.3,54.0,4.0,10.237011024275983,1409.6820068359375
367,fast_charge,5.2,58.0,4.55,9.817210070512763,1291.2882080078125
367,ideal_point_compromise,5.1,64.0,4.25,10.012038771223818,1366.757080078125
367,longevity,5.0,67.0,4.0,10.213803477106172,1423.203125
368,fast_charge,5.2,58.0,4.55,9.817210070512763,1477.9940185546875
368,ideal_point_compromise,4.95,71.0,4.7,9.97880025337954,1536.141845703125
368,longevity,4.8,80.0,4.8,10.22380347710617,1577.2769775390625
369,fast_charge,5.2,58.0,4.55,9.817210070512763,1287.929931640625
369,ideal_point_compromise,5.05,67.0,4.4,9.956926789437404,1322.8427734375
369,longevity,5.0,67.0,4.0,10.213803477106172,1344.0382080078125
370,fast_charge,5.2,58.0,4.55,9.817210070512763,1397.46923828125
370,ideal_point_compromise,4.2,29.0,5.55,9.880174133476826,1491.2203369140625
370,longevity,3.7,31.0,5.9,10.233881351590824,1565.4835205078125
371,fast_charge,5.2,58.0,4.55,9.817210070512763,1205.6197509765625
371,ideal_point_compromise,5.05,67.0,4.4,9.956926789437404,1257.7327880859375
371,longevity,5.0,67.0,4.0,10.213803477106172,1296.5137939453125
372,fast_charge,5.2,58.0,4.55,9.817210070512763,1369.5155029296875
372,ideal_point_compromise,4.95,72.0,4.6,9.994554465248461,1371.3568115234375
372,longevity,4.8,80.0,4.8,10.22380347710617,1372.2626953125
373,fast_charge,5.2,58.0,4.55,9.817210070512763,1249.915283203125
373,ideal_point_compromise,5.1,64.0,4.25,10.012038771223818,1325.1234130859375
373,longevity,5.0,67.0,4.0,10.213803477106172,1381.0740966796875
374,fast_charge,5.2,58.0,4.55,9.817210070512763,1439.0181884765625
374,ideal_point_compromise,5.1,64.0,4.25,10.012038771223818,1491.5177001953125
374,longevity,5.0,67.0,4.0,10.213803477106172,1529.7840576171875
375,fast_charge,5.2,58.0,4.55,9.817210070512763,1495.174072265625
375,ideal_point_compromise,4.95,71.0,4.7,9.97880025337954,1552.9434814453125
375,longevity,4.8,80.0,4.8,10.22380347710617,1594.1429443359375
376,fast_charge,5.2,58.0,4.55,9.817210070512763,1312.3843994140625
376,ideal_point_compromise,5.2,59.0,4.2,10.031495784798476,1386.853515625
376,longevity,5.3,54.0,4.0,10.237011024275983,1430.1297607421875
377,fast_charge,5.2,58.0,4.55,9.817210070512763,1374.62548828125
377,ideal_point_compromise,4.2,29.0,5.55,9.880174133476826,1504.483154296875
377,longevity,3.7,31.0,5.9,10.233881351590824,1619.4708251953125
378,fast_charge,5.2,58.0,4.55,9.817210070512763,1239.761474609375
378,ideal_point_compromise,5.2,59.0,4.2,10.031495784798476,1295.419921875
378,longevity,5.3,54.0,4.0,10.237011024275983,1332.1163330078125
379,fast_charge,5.2,58.0,4.55,9.817210070512763,1248.89599609375
379,ideal_point_compromise,5.1,64.0,4.25,10.012038771223818,1276.65673828125
379,longevity,5.0,67.0,4.0,10.213803477106172,1294.364013671875
380,fast_charge,5.2,58.0,4.55,9.817210070512763,1386.413818359375
380,ideal_point_compromise,5.4,47.0,4.4,9.946025699328391,1421.3751220703125
380,longevity,5.6,36.0,4.3,10.220481217969958,1455.0201416015625
381,fast_charge,5.2,58.0,4.55,9.817210070512763,1297.659912109375
381,ideal_point_compromise,5.1,64.0,4.25,10.012038771223818,1354.2408447265625
381,longevity,5.0,67.0,4.0,10.213803477106172,1405.0814208984375
382,fast_charge,5.2,58.0,4.55,9.817210070512763,1293.1435546875
382,ideal_point_compromise,5.2,59.0,4.2,10.031495784798476,1319.0523681640625
382,longevity,5.3,54.0,4.0,10.237011024275983,1334.8048095703125
383,fast_charge,5.2,58.0,4.55,9.817210070512763,1290.171875
383,ideal_point_compromise,5.1,64.0,4.25,10.012038771223818,1346.002685546875
383,longevity,5.0,67.0,4.0,10.213803477106172,1382.788818359375
384,fast_charge,5.2,58.0,4.55,9.817210070512763,1300.0758056640625
384,ideal_point_compromise,5.4,47.0,4.4,9.946025699328391,1330.0682373046875
384,longevity,5.3,54.0,4.0,10.237011024275983,1359.525146484375
385,fast_charge,5.2,58.0,4.55,9.817210070512763,1353.87939453125
385,ideal_point_compromise,5.05,67.0,4.4,9.956926789437404,1383.4755859375
385,longevity,5.0,67.0,4.0,10.213803477106172,1408.1627197265625
386,fast_charge,5.2,58.0,4.55,9.817210070512763,1403.8726806640625
386,ideal_point_compromise,5.15,23.0,4.9,9.883006964326299,1519.57666015625
386,longevity,5.6,19.0,4.6,10.216039501950892,1553.3187255859375
387,fast_charge,5.2,58.0,4.55,9.817210070512763,1488.0709228515625
387,ideal_point_compromise,4.2,29.0,5.55,9.880174133476826,1616.33935546875
387,longevity,3.7,31.0,5.9,10.233881351590824,1733.379150390625
388,fast_charge,5.2,58.0,4.55,9.817210070512763,1469.6181640625
388,ideal_point_compromise,5.4,34.0,4.65,9.93706512585169,1471.7835693359375
388,longevity,5.6,19.0,4.6,10.216039501950892,1473.8934326171875
389,fast_charge,5.2,58.0,4.55,9.817210070512763,1275.7889404296875
389,ideal_point_compromise,5.1,64.0,4.25,10.012038771223818,1334.80859375
389,longevity,5.0,67.0,4.0,10.213803477106172,1378.2420654296875
390,fast_charge,5.2,58.0,4.55,9.817210070512763,1236.8587646484375
390,ideal_point_compromise,5.4,47.0,4.4,9.946025699328391,1281.320068359375
390,longevity,5.3,54.0,4.0,10.237011024275983,1340.5318603515625
391,fast_charge,5.2,58.0,4.55,9.817210070512763,1416.4190673828125
391,ideal_point_compromise,4.2,29.0,5.55,9.880174133476826,1617.2890625
391,longevity,3.7,31.0,5.9,10.233881351590824,1771.693603515625
392,fast_charge,5.2,58.0,4.55,9.817210070512763,1212.068359375
392,ideal_point_compromise,5.05,67.0,4.4,9.956926789437404,1261.6260986328125
392,longevity,5.0,67.0,4.0,10.213803477106172,1304.2579345703125
393,fast_charge,5.2,58.0,4.55,9.817210070512763,1291.43017578125
393,ideal_point_compromise,5.1,64.0,4.25,10.012038771223818,1341.602294921875
393,longevity,5.0,67.0,4.0,10.213803477106172,1371.674560546875
394,fast_charge,5.2,58.0,4.55,9.817210070512763,1356.5379638671875
394,ideal_point_compromise,5.1,64.0,4.25,10.012038771223818,1376.635009765625
394,longevity,5.0,67.0,4.0,10.213803477106172,1392.0830078125
395,fast_charge,5.2,58.0,4.55,9.817210070512763,1325.4339599609375
395,ideal_point_compromise,5.1,64.0,4.25,10.012038771223818,1365.386962890625
395,longevity,5.0,67.0,4.0,10.213803477106172,1392.845703125
396,fast_charge,5.2,58.0,4.55,9.817210070512763,1391.326171875
396,ideal_point_compromise,5.0,24.0,5.0,9.823803477106171,1403.21240234375
396,longevity,5.6,19.0,4.6,10.216039501950892,1405.3763427734375
397,fast_charge,5.2,58.0,4.55,9.817210070512763,1440.46923828125
397,ideal_point_compromise,4.2,29.0,5.55,9.880174133476826,1612.9022216796875
397,longevity,3.7,31.0,5.9,10.233881351590824,1754.03515625
398,fast_charge,5.2,58.0,4.55,9.817210070512763,1271.9517822265625
398,ideal_point_compromise,5.05,67.0,4.4,9.956926789437404,1290.6240234375
398,longevity,5.0,67.0,4.0,10.213803477106172,1304.728271484375
399,fast_charge,5.2,58.0,4.55,9.817210070512763,1327.8773193359375
399,ideal_point_compromise,5.1,64.0,4.25,10.012038771223818,1355.6785888671875
399,longevity,5.0,67.0,4.0,10.213803477106172,1371.4232177734375
400,fast_charge,5.2,58.0,4.55,9.817210070512763,1250.334228515625
400,ideal_point_compromise,5.05,67.0,4.4,9.956926789437404,1287.54541015625
400,longevity,5.0,67.0,4.0,10.213803477106172,1318.6614990234375
401,fast_charge,5.2,58.0,4.55,9.817210070512763,1234.684326171875
401,ideal_point_compromise,5.2,59.0,4.2,10.031495784798476,1292.0068359375
401,longevity,5.3,54.0,4.0,10.237011024275983,1333.1590576171875
402,fast_charge,5.2,58.0,4.55,9.817210070512763,1308.906494140625
402,ideal_point_compromise,5.1,64.0,4.25,10.012038771223818,1365.82080078125
402,longevity,5.0,67.0,4.0,10.213803477106172,1404.6866455078125
403,fast_charge,5.2,58.0,4.55,9.817210070512763,1326.126953125
403,ideal_point_compromise,5.1,64.0,4.25,10.012038771223818,1402.0799560546875
403,longevity,5.0,67.0,4.0,10.213803477106172,1458.401611328125
404,fast_charge,5.2,58.0,4.55,9.817210070512763,1322.7918701171875
404,ideal_point_compromise,5.2,59.0,4.2,10.031495784798476,1357.4300537109375
404,longevity,5.3,54.0,4.0,10.237011024275983,1381.1466064453125
405,fast_charge,5.2,58.0,4.55,9.817210070512763,1401.7576904296875
405,ideal_point_compromise,5.05,67.0,4.4,9.956926789437404,1410.1556396484375
405,longevity,5.0,67.0,4.0,10.213803477106172,1418.081787109375
406,fast_charge,5.2,58.0,4.55,9.817210070512763,1189.0296630859375
406,ideal_point_compromise,5.1,64.0,4.25,10.012038771223818,1251.541259765625
406,longevity,5.0,67.0,4.0,10.213803477106172,1295.192138671875
407,fast_charge,5.2,58.0,4.55,9.817210070512763,1258.0499267578125
407,ideal_point_compromise,5.1,64.0,4.25,10.012038771223818,1299.838623046875
407,longevity,5.0,67.0,4.0,10.213803477106172,1335.3543701171875
408,fast_charge,5.2,58.0,4.55,9.817210070512763,1418.5142822265625
408,ideal_point_compromise,4.95,71.0,4.7,9.97880025337954,1469.1795654296875
408,longevity,4.8,80.0,4.8,10.22380347710617,1506.832763671875
409,fast_charge,5.2,58.0,4.55,9.817210070512763,1620.23583984375
409,ideal_point_compromise,5.05,67.0,4.4,9.956926789437404,1643.2862548828125
409,longevity,4.8,80.0,4.8,10.22380347710617,1656.194091796875
410,fast_charge,5.2,58.0,4.55,9.817210070512763,1432.8211669921875
410,ideal_point_compromise,5.05,67.0,4.4,9.956926789437404,1464.36181640625
410,longevity,5.0,67.0,4.0,10.213803477106172,1487.543701171875
411,fast_charge,5.2,58.0,4.55,9.817210070512763,1425.6483154296875
411,ideal_point_compromise,5.4,34.0,4.65,9.93706512585169,1437.06884765625
411,longevity,5.6,19.0,4.6,10.216039501950892,1447.5677490234375
412,fast_charge,5.2,58.0,4.55,9.817210070512763,1394.9959716796875
412,ideal_point_compromise,5.1,64.0,4.25,10.012038771223818,1428.2191162109375
412,longevity,5.0,67.0,4.0,10.213803477106172,1448.26708984375
413,fast_charge,5.2,58.0,4.55,9.817210070512763,1418.2060546875
413,ideal_point_compromise,5.05,67.0,4.4,9.956926789437404,1449.3519287109375
413,longevity,5.0,67.0,4.0,10.213803477106172,1470.16162109375
414,fast_charge,5.2,58.0,4.55,9.817210070512763,1375.6798095703125
414,ideal_point_compromise,4.95,72.0,4.6,9.994554465248461,1377.933349609375
414,longevity,4.8,80.0,4.8,10.22380347710617,1378.812744140625
415,fast_charge,5.2,58.0,4.55,9.817210070512763,1334.808349609375
415,ideal_point_compromise,5.1,64.0,4.25,10.012038771223818,1374.8724365234375
415,longevity,5.0,67.0,4.0,10.213803477106172,1408.89501953125
416,fast_charge,5.2,58.0,4.55,9.817210070512763,1327.704345703125
416,ideal_point_compromise,4.05,30.0,5.65,9.97798243482495,1330.5137939453125
416,longevity,3.7,31.0,5.9,10.233881351590824,1332.4927978515625
417,fast_charge,5.2,58.0,4.55,9.817210070512763,1270.69677734375
417,ideal_point_compromise,5.2,59.0,4.2,10.031495784798476,1330.308349609375
417,longevity,5.3,54.0,4.0,10.237011024275983,1371.28173828125
418,fast_charge,5.2,58.0,4.55,9.817210070512763,1533.597900390625
418,ideal_point_compromise,4.2,29.0,5.55,9.880174133476826,1674.5419921875
418,longevity,3.7,31.0,5.9,10.233881351590824,1771.4677734375
419,fast_charge,5.2,58.0,4.55,9.817210070512763,1173.3553466796875
419,ideal_point_compromise,5.05,67.0,4.4,9.956926789437404,1197.781494140625
419,longevity,5.0,67.0,4.0,10.213803477106172,1222.2781982421875
420,fast_charge,5.2,58.0,4.55,9.817210070512763,1306.10302734375
420,ideal_point_compromise,5.2,59.0,4.2,10.031495784798476,1364.9683837890625
420,longevity,5.3,54.0,4.0,10.237011024275983,1405.419189453125
421,fast_charge,5.2,58.0,4.55,9.817210070512763,1281.82763671875
421,ideal_point_compromise,5.4,47.0,4.4,9.946025699328391,1321.221435546875
421,longevity,5.6,36.0,4.3,10.220481217969958,1356.3511962890625
422,fast_charge,5.2,58.0,4.55,9.817210070512763,1525.251220703125
422,ideal_point_compromise,4.2,29.0,5.55,9.880174133476826,1649.5723876953125
422,longevity,3.7,31.0,5.9,10.233881351590824,1709.957275390625
423,fast_charge,5.2,58.0,4.55,9.817210070512763,1425.008544921875
423,ideal_point_compromise,5.1,64.0,4.25,10.012038771223818,1461.0975341796875
423,longevity,5.0,67.0,4.0,10.213803477106172,1482.767578125
424,fast_charge,5.2,58.0,4.55,9.817210070512763,1522.7845458984375
424,ideal_point_compromise,4.2,29.0,5.55,9.880174133476826,1655.922119140625
424,longevity,3.7,31.0,5.9,10.233881351590824,1742.6568603515625
425,fast_charge,5.2,58.0,4.55,9.817210070512763,1312.72412109375
425,ideal_point_compromise,5.2,59.0,4.2,10.031495784798476,1378.364501953125
425,longevity,5.3,54.0,4.0,10.237011024275983,1425.9913330078125
426,fast_charge,5.2,58.0,4.55,9.817210070512763,1518.6646728515625
426,ideal_point_compromise,4.2,29.0,5.55,9.880174133476826,1643.1947021484375
426,longevity,3.7,31.0,5.9,10.233881351590824,1729.58203125
427,fast_charge,5.2,58.0,4.55,9.817210070512763,1357.2030029296875
427,ideal_point_compromise,4.95,72.0,4.6,9.994554465248461,1379.937744140625
427,longevity,4.8,80.0,4.8,10.22380347710617,1391.4453125
428,fast_charge,5.2,58.0,4.55,9.817210070512763,1271.2706298828125
428,ideal_point_compromise,5.05,67.0,4.4,9.956926789437404,1293.6798095703125
428,longevity,5.0,67.0,4.0,10.213803477106172,1317.302001953125
429,fast_charge,5.2,58.0,4.55,9.817210070512763,1359.98779296875
429,ideal_point_compromise,4.95,72.0,4.6,9.994554465248461,1372.683349609375
429,longevity,4.8,80.0,4.8,10.22380347710617,1379.467041015625
430,fast_charge,5.2,58.0,4.55,9.817210070512763,1480.1966552734375
430,ideal_point_compromise,5.05,67.0,4.4,9.956926789437404,1492.9605712890625
430,longevity,5.0,67.0,4.0,10.213803477106172,1504.08447265625
431,fast_charge,5.2,58.0,4.55,9.817210070512763,1391.5855712890625
431,ideal_point_compromise,5.1,64.0,4.25,10.012038771223818,1411.9559326171875
431,longevity,5.0,67.0,4.0,10.213803477106172,1428.5115966796875
432,fast_charge,5.2,58.0,4.55,9.817210070512763,1413.853271484375
432,ideal_point_compromise,4.2,29.0,5.55,9.880174133476826,1482.60498046875
432,longevity,3.7,31.0,5.9,10.233881351590824,1528.4266357421875
433,fast_charge,5.2,58.0,4.55,9.817210070512763,1397.5894775390625
433,ideal_point_compromise,5.05,67.0,4.4,9.956926789437404,1434.7674560546875
433,longevity,5.0,67.0,4.0,10.213803477106172,1462.1168212890625
434,fast_charge,5.2,58.0,4.55,9.817210070512763,1510.4388427734375
434,ideal_point_compromise,4.05,30.0,5.65,9.97798243482495,1551.15380859375
434,longevity,3.7,31.0,5.9,10.233881351590824,1580.8948974609375
435,fast_charge,5.2,58.0,4.55,9.817210070512763,1540.4171142578125
435,ideal_point_compromise,4.2,29.0,5.55,9.880174133476826,1617.622314453125
435,longevity,3.7,31.0,5.9,10.233881351590824,1664.9383544921875
436,fast_charge,5.2,58.0,4.55,9.817210070512763,1399.0177001953125
436,ideal_point_compromise,5.05,67.0,4.4,9.956926789437404,1423.59375
436,longevity,5.0,67.0,4.0,10.213803477106172,1440.5870361328125
437,fast_charge,5.2,58.0,4.55,9.817210070512763,1456.161376953125
437,ideal_point_compromise,4.2,29.0,5.55,9.880174133476826,1572.64794921875
437,longevity,3.7,31.0,5.9,10.233881351590824,1662.1285400390625
438,fast_charge,5.2,58.0,4.55,9.817210070512763,1397.3375244140625
438,ideal_point_compromise,4.95,71.0,4.7,9.97880025337954,1426.0650634765625
438,longevity,4.8,80.0,4.8,10.22380347710617,1445.6761474609375
439,fast_charge,5.2,58.0,4.55,9.817210070512763,1372.5888671875
439,ideal_point_compromise,5.4,47.0,4.4,9.946025699328391,1384.3363037109375
439,longevity,5.6,36.0,4.3,10.220481217969958,1395.310302734375
440,fast_charge,5.2,58.0,4.55,9.817210070512763,1319.5223388671875
440,ideal_point_compromise,5.2,59.0,4.2,10.031495784798476,1379.0745849609375
440,longevity,5.3,54.0,4.0,10.237011024275983,1413.0682373046875
441,fast_charge,5.2,58.0,4.55,9.817210070512763,1528.362060546875
441,ideal_point_compromise,4.95,71.0,4.7,9.97880025337954,1558.6597900390625
441,longevity,4.8,80.0,4.8,10.22380347710617,1581.1451416015625
442,fast_charge,5.2,58.0,4.55,9.817210070512763,1264.401611328125
442,ideal_point_compromise,5.1,64.0,4.25,10.012038771223818,1303.64111328125
442,longevity,5.0,67.0,4.0,10.213803477106172,1338.359619140625
443,fast_charge,5.2,58.0,4.55,9.817210070512763,1226.2923583984375
443,ideal_point_compromise,5.25,56.0,4.25,10.012038771223818,1270.2186279296875
443,longevity,5.3,54.0,4.0,10.237011024275983,1309.216552734375
444,fast_charge,5.2,58.0,4.55,9.817210070512763,1344.2412109375
444,ideal_point_compromise,5.2,59.0,4.2,10.031495784798476,1411.9305419921875
444,longevity,5.3,54.0,4.0,10.237011024275983,1447.9810791015625
445,fast_charge,5.2,58.0,4.55,9.817210070512763,1416.4039306640625
445,ideal_point_compromise,5.4,47.0,4.4,9.946025699328391,1422.1707763671875
445,longevity,5.3,54.0,4.0,10.237011024275983,1428.7200927734375
446,fast_charge,5.2,58.0,4.55,9.817210070512763,1286.570556640625
446,ideal_point_compromise,5.3,53.0,4.3,9.991245337571288,1318.7022705078125
446,longevity,5.3,54.0,4.0,10.237011024275983,1351.8604736328125
447,fast_charge,5.2,58.0,4.55,9.817210070512763,1254.755859375
447,ideal_point_compromise,5.05,67.0,4.4,9.956926789437404,1284.9788818359375
447,longevity,5.0,67.0,4.0,10.213803477106172,1317.6451416015625
448,fast_charge,5.2,58.0,4.55,9.817210070512763,1424.8062744140625
448,ideal_point_compromise,4.95,71.0,4.7,9.97880025337954,1468.99169921875
448,longevity,4.8,80.0,4.8,10.22380347710617,1501.867919921875
449,fast_charge,5.2,58.0,4.55,9.817210070512763,1384.026123046875
449,ideal_point_compromise,5.1,64.0,4.25,10.012038771223818,1436.055419921875
449,longevity,5.0,67.0,4.0,10.213803477106172,1473.8260498046875
450,fast_charge,5.2,58.0,4.55,9.817210070512763,1299.4111328125
450,ideal_point_compromise,5.4,47.0,4.4,9.946025699328391,1308.494873046875
450,longevity,5.3,54.0,4.0,10.237011024275983,1316.912841796875
451,fast_charge,5.2,58.0,4.55,9.817210070512763,1271.7786865234375
451,ideal_point_compromise,5.2,59.0,4.2,10.031495784798476,1299.4034423828125
451,longevity,5.3,54.0,4.0,10.237011024275983,1318.1644287109375
452,fast_charge,5.2,58.0,4.55,9.817210070512763,1354.5904541015625
452,ideal_point_compromise,5.05,67.0,4.4,9.956926789437404,1384.5699462890625
452,longevity,5.0,67.0,4.0,10.213803477106172,1400.04150390625
453,fast_charge,5.2,58.0,4.55,9.817210070512763,1267.0218505859375
453,ideal_point_compromise,5.1,64.0,4.25,10.012038771223818,1328.103759765625
453,longevity,5.0,67.0,4.0,10.213803477106172,1369.2523193359375
454,fast_charge,5.2,58.0,4.55,9.817210070512763,1225.1068115234375
454,ideal_point_compromise,5.1,64.0,4.25,10.012038771223818,1251.8536376953125
454,longevity,5.0,67.0,4.0,10.213803477106172,1267.85107421875
455,fast_charge,5.2,58.0,4.55,9.817210070512763,1157.011474609375
455,ideal_point_compromise,5.05,67.0,4.4,9.956926789437404,1187.7359619140625
455,longevity,5.0,67.0,4.0,10.213803477106172,1218.7279052734375
456,fast_charge,5.2,58.0,4.55,9.817210070512763,1369.8179931640625
456,ideal_point_compromise,5.25,56.0,4.25,10.012038771223818,1403.8583984375
456,longevity,5.3,54.0,4.0,10.237011024275983,1433.381591796875
457,fast_charge,5.2,58.0,4.55,9.817210070512763,1329.3701171875
457,ideal_point_compromise,5.1,64.0,4.25,10.012038771223818,1351.7374267578125
457,longevity,5.0,67.0,4.0,10.213803477106172,1365.8017578125
458,fast_charge,5.2,58.0,4.55,9.817210070512763,1512.9141845703125
458,ideal_point_compromise,4.2,29.0,5.55,9.880174133476826,1767.6795654296875
458,longevity,3.7,31.0,5.9,10.233881351590824,1909.4306640625
459,fast_charge,5.2,58.0,4.55,9.817210070512763,1316.27294921875
459,ideal_point_compromise,5.2,59.0,4.2,10.031495784798476,1375.9544677734375
459,longevity,5.3,54.0,4.0,10.237011024275983,1416.3974609375
460,fast_charge,5.2,58.0,4.55,9.817210070512763,1253.5755615234375
460,ideal_point_compromise,5.1,64.0,4.25,10.012038771223818,1309.056884765625
460,longevity,5.0,67.0,4.0,10.213803477106172,1347.092529296875
461,fast_charge,5.2,58.0,4.55,9.817210070512763,1415.62646484375
461,ideal_point_compromise,5.2,59.0,4.2,10.031495784798476,1497.84130859375
461,longevity,5.3,54.0,4.0,10.237011024275983,1539.0517578125
462,fast_charge,5.2,58.0,4.55,9.817210070512763,1336.7593994140625
462,ideal_point_compromise,5.2,59.0,4.2,10.031495784798476,1393.8392333984375
462,longevity,5.3,54.0,4.0,10.237011024275983,1427.050048828125
463,fast_charge,5.2,58.0,4.55,9.817210070512763,1257.267333984375
463,ideal_point_compromise,5.1,64.0,4.25,10.012038771223818,1295.86865234375
463,longevity,5.3,54.0,4.0,10.237011024275983,1320.791259765625
464,fast_charge,5.2,58.0,4.55,9.817210070512763,1415.130859375
464,ideal_point_compromise,5.15,23.0,4.9,9.883006964326299,1480.3148193359375
464,longevity,5.6,19.0,4.6,10.216039501950892,1502.8836669921875
465,fast_charge,5.2,58.0,4.55,9.817210070512763,1559.4324951171875
465,ideal_point_compromise,4.2,29.0,5.55,9.880174133476826,1976.82958984375
465,longevity,3.7,31.0,5.9,10.233881351590824,2230.953125
466,fast_charge,5.2,58.0,4.55,9.817210070512763,1228.0567626953125
466,ideal_point_compromise,5.3,53.0,4.3,9.991245337571288,1273.6710205078125
466,longevity,5.3,54.0,4.0,10.237011024275983,1321.95361328125
467,fast_charge,5.2,58.0,4.55,9.817210070512763,1396.5968017578125
467,ideal_point_compromise,4.95,72.0,4.6,9.994554465248461,1442.830078125
467,longevity,4.8,80.0,4.8,10.22380347710617,1468.86328125
468,fast_charge,5.2,58.0,4.55,9.817210070512763,1464.72802734375
468,ideal_point_compromise,4.2,29.0,5.55,9.880174133476826,1516.1451416015625
468,longevity,3.7,31.0,5.9,10.233881351590824,1551.0045166015625
469,fast_charge,5.2,58.0,4.55,9.817210070512763,1244.4676513671875
469,ideal_point_compromise,5.2,59.0,4.2,10.031495784798476,1273.1339111328125
469,longevity,5.3,54.0,4.0,10.237011024275983,1292.8575439453125
470,fast_charge,5.2,58.0,4.55,9.817210070512763,1230.52197265625
470,ideal_point_compromise,5.05,67.0,4.4,9.956926789437404,1278.89111328125
470,longevity,5.0,67.0,4.0,10.213803477106172,1320.18701171875
471,fast_charge,5.2,58.0,4.55,9.817210070512763,1318.4991455078125
471,ideal_point_compromise,5.2,59.0,4.2,10.031495784798476,1357.40771484375
471,longevity,5.3,54.0,4.0,10.237011024275983,1380.194091796875
472,fast_charge,5.2,58.0,4.55,9.817210070512763,1529.8997802734375
472,ideal_point_compromise,4.2,29.0,5.55,9.880174133476826,1675.250732421875
472,longevity,3.7,31.0,5.9,10.233881351590824,1813.9248046875
473,fast_charge,5.2,58.0,4.55,9.817210070512763,1283.0286865234375
473,ideal_point_compromise,5.05,67.0,4.4,9.956926789437404,1309.808349609375
473,longevity,5.0,67.0,4.0,10.213803477106172,1330.849365234375
474,fast_charge,5.2,58.0,4.55,9.817210070512763,1202.5804443359375
474,ideal_point_compromise,5.2,59.0,4.2,10.031495784798476,1251.3929443359375
474,longevity,5.3,54.0,4.0,10.237011024275983,1282.838134765625
475,fast_charge,5.2,58.0,4.55,9.817210070512763,1379.2867431640625
475,ideal_point_compromise,4.2,29.0,5.55,9.880174133476826,1446.9793701171875
475,longevity,3.7,31.0,5.9,10.233881351590824,1499.0439453125
476,fast_charge,5.2,58.0,4.55,9.817210070512763,1284.030517578125
476,ideal_point_compromise,5.05,67.0,4.4,9.956926789437404,1302.5672607421875
476,longevity,5.0,67.0,4.0,10.213803477106172,1323.71923828125
477,fast_charge,5.2,58.0,4.55,9.817210070512763,1302.0162353515625
477,ideal_point_compromise,5.4,47.0,4.4,9.946025699328391,1332.587646484375
477,longevity,5.6,36.0,4.3,10.220481217969958,1360.499755859375
478,fast_charge,5.2,58.0,4.55,9.817210070512763,1363.585205078125
478,ideal_point_compromise,5.05,67.0,4.4,9.956926789437404,1384.736328125
478,longevity,5.0,67.0,4.0,10.213803477106172,1405.2657470703125
479,fast_charge,5.2,58.0,4.55,9.817210070512763,1281.908203125
479,ideal_point_compromise,5.05,67.0,4.4,9.956926789437404,1339.86474609375
479,longevity,5.0,67.0,4.0,10.213803477106172,1378.3946533203125
480,fast_charge,5.2,58.0,4.55,9.817210070512763,1170.8870849609375
480,ideal_point_compromise,5.2,59.0,4.2,10.031495784798476,1210.617431640625
480,longevity,5.3,54.0,4.0,10.237011024275983,1238.1929931640625
481,fast_charge,5.2,58.0,4.55,9.817210070512763,1432.22998046875
481,ideal_point_compromise,5.4,34.0,4.65,9.93706512585169,1456.54345703125
481,longevity,5.6,19.0,4.6,10.216039501950892,1475.302978515625
482,fast_charge,5.2,58.0,4.55,9.817210070512763,1171.30078125
482,ideal_point_compromise,5.35,50.0,4.35,9.969211147102948,1210.010498046875
482,longevity,5.3,54.0,4.0,10.237011024275983,1256.5604248046875
483,fast_charge,5.2,58.0,4.55,9.817210070512763,1338.3411865234375
483,ideal_point_compromise,5.2,59.0,4.2,10.031495784798476,1359.589111328125
483,longevity,5.3,54.0,4.0,10.237011024275983,1373.5574951171875
484,fast_charge,5.2,58.0,4.55,9.817210070512763,1373.9344482421875
484,ideal_point_compromise,5.1,64.0,4.25,10.012038771223818,1393.121337890625
484,longevity,5.0,67.0,4.0,10.213803477106172,1408.9725341796875
485,fast_charge,5.2,58.0,4.55,9.817210070512763,1392.20458984375
485,ideal_point_compromise,5.15,23.0,4.9,9.883006964326299,1418.21337890625
485,longevity,5.6,19.0,4.6,10.216039501950892,1434.8770751953125
486,fast_charge,5.2,58.0,4.55,9.817210070512763,1294.6920166015625
486,ideal_point_compromise,5.2,59.0,4.2,10.031495784798476,1331.7301025390625
486,longevity,5.3,54.0,4.0,10.237011024275983,1354.068115234375
487,fast_charge,5.2,58.0,4.55,9.817210070512763,1259.843017578125
487,ideal_point_compromise,5.2,59.0,4.2,10.031495784798476,1291.2230224609375
487,longevity,5.3,54.0,4.0,10.237011024275983,1311.6497802734375
488,fast_charge,5.2,58.0,4.55,9.817210070512763,1235.6759033203125
488,ideal_point_compromise,5.05,67.0,4.4,9.956926789437404,1282.437744140625
488,longevity,5.0,67.0,4.0,10.213803477106172,1327.7965087890625
489,fast_charge,5.2,58.0,4.55,9.817210070512763,1513.45751953125
489,ideal_point_compromise,4.2,29.0,5.55,9.880174133476826,1524.521240234375
489,longevity,3.7,31.0,5.9,10.233881351590824,1534.6475830078125
490,fast_charge,5.2,58.0,4.55,9.817210070512763,1416.0694580078125
490,ideal_point_compromise,4.95,72.0,4.6,9.994554465248461,1458.0299072265625
490,longevity,4.8,80.0,4.8,10.22380347710617,1482.014892578125
491,fast_charge,5.2,58.0,4.55,9.817210070512763,1388.0880126953125
491,ideal_point_compromise,5.2,59.0,4.2,10.031495784798476,1404.4913330078125
491,longevity,5.0,67.0,4.0,10.213803477106172,1414.9044189453125
492,fast_charge,5.2,58.0,4.55,9.817210070512763,1393.459716796875
492,ideal_point_compromise,4.95,72.0,4.6,9.994554465248461,1438.585205078125
492,longevity,4.8,80.0,4.8,10.22380347710617,1466.22998046875
493,fast_charge,5.2,58.0,4.55,9.817210070512763,1392.8509521484375
493,ideal_point_compromise,5.05,67.0,4.4,9.956926789437404,1431.1429443359375
493,longevity,4.8,80.0,4.8,10.22380347710617,1455.5908203125
494,fast_charge,5.2,58.0,4.55,9.817210070512763,1420.5343017578125
494,ideal_point_compromise,5.1,64.0,4.25,10.012038771223818,1457.394775390625
494,longevity,5.0,67.0,4.0,10.213803477106172,1479.7901611328125
495,fast_charge,5.2,58.0,4.55,9.817210070512763,1513.498046875
495,ideal_point_compromise,5.0,69.0,4.65,9.923158315815847,1536.552001953125
495,longevity,4.8,80.0,4.8,10.22380347710617,1560.6785888671875
496,fast_charge,5.2,58.0,4.55,9.817210070512763,1425.173583984375
496,ideal_point_compromise,5.15,23.0,4.9,9.883006964326299,1461.556396484375
496,longevity,5.6,19.0,4.6,10.216039501950892,1472.3826904296875
497,fast_charge,5.2,58.0,4.55,9.817210070512763,1505.2840576171875
497,ideal_point_compromise,4.2,29.0,5.55,9.880174133476826,1583.629638671875
497,longevity,3.7,31.0,5.9,10.233881351590824,1617.4200439453125
498,fast_charge,5.2,58.0,4.55,9.817210070512763,1382.24462890625
498,ideal_point_compromise,5.1,64.0,4.25,10.012038771223818,1418.3486328125
498,longevity,5.0,67.0,4.0,10.213803477106172,1442.2012939453125
499,fast_charge,5.2,58.0,4.55,9.817210070512763,1056.4173583984375
499,ideal_point_compromise,5.4,47.0,4.4,9.946025699328391,1082.494140625
499,longevity,5.6,36.0,4.3,10.220481217969958,1105.856201171875
500,fast_charge,5.2,58.0,4.55,9.817210070512763,1314.01611328125
500,ideal_point_compromise,5.2,59.0,4.2,10.031495784798476,1380.8648681640625
500,longevity,5.3,54.0,4.0,10.237011024275983,1420.910888671875
501,fast_charge,5.2,58.0,4.55,9.817210070512763,1549.059326171875
501,ideal_point_compromise,4.2,29.0,5.55,9.880174133476826,1652.6619873046875
501,longevity,3.7,31.0,5.9,10.233881351590824,1699.8607177734375
502,fast_charge,5.2,58.0,4.55,9.817210070512763,1448.2313232421875
502,ideal_point_compromise,4.05,30.0,5.65,9.97798243482495,1483.455322265625
502,longevity,3.7,31.0,5.9,10.233881351590824,1501.8651123046875
503,fast_charge,5.2,58.0,4.55,9.817210070512763,1415.611572265625
503,ideal_point_compromise,4.2,29.0,5.55,9.880174133476826,1498.7249755859375
503,longevity,3.7,31.0,5.9,10.233881351590824,1545.98583984375
504,fast_charge,5.2,58.0,4.55,9.817210070512763,1283.1527099609375
504,ideal_point_compromise,5.1,64.0,4.25,10.012038771223818,1321.4884033203125
504,longevity,5.0,67.0,4.0,10.213803477106172,1346.369384765625
505,fast_charge,5.2,58.0,4.55,9.817210070512763,1452.83349609375
505,ideal_point_compromise,5.4,34.0,4.65,9.93706512585169,1465.013427734375
505,longevity,5.6,19.0,4.6,10.216039501950892,1473.416259765625
506,fast_charge,5.2,58.0,4.55,9.817210070512763,1335.7288818359375
506,ideal_point_compromise,5.4,47.0,4.4,9.946025699328391,1361.7708740234375
506,longevity,5.3,54.0,4.0,10.237011024275983,1393.0419921875
507,fast_charge,5.2,58.0,4.55,9.817210070512763,1350.4483642578125
507,ideal_point_compromise,5.1,64.0,4.25,10.012038771223818,1395.7332763671875
507,longevity,5.0,67.0,4.0,10.213803477106172,1434.0233154296875
508,fast_charge,5.2,58.0,4.55,9.817210070512763,1340.84619140625
508,ideal_point_compromise,5.1,64.0,4.25,10.012038771223818,1388.6221923828125
508,longevity,5.0,67.0,4.0,10.213803477106172,1423.6585693359375
509,fast_charge,5.2,58.0,4.55,9.817210070512763,1283.8848876953125
509,ideal_point_compromise,5.4,47.0,4.4,9.946025699328391,1310.5494384765625
509,longevity,5.3,54.0,4.0,10.237011024275983,1340.766845703125
510,fast_charge,5.2,58.0,4.55,9.817210070512763,1341.7421875
510,ideal_point_compromise,5.1,64.0,4.25,10.012038771223818,1369.305908203125
510,longevity,5.0,67.0,4.0,10.213803477106172,1384.5404052734375
511,fast_charge,5.2,58.0,4.55,9.817210070512763,1334.84423828125
511,ideal_point_compromise,5.1,64.0,4.25,10.012038771223818,1372.0989990234375
511,longevity,5.0,67.0,4.0,10.213803477106172,1404.117919921875
512,fast_charge,5.2,58.0,4.55,9.817210070512763,1358.980224609375
512,ideal_point_compromise,4.95,72.0,4.6,9.994554465248461,1374.968017578125
512,longevity,4.8,80.0,4.8,10.22380347710617,1382.7601318359375
513,fast_charge,5.2,58.0,4.55,9.817210070512763,1424.8922119140625
513,ideal_point_compromise,5.1,64.0,4.25,10.012038771223818,1466.9722900390625
513,longevity,5.0,67.0,4.0,10.213803477106172,1494.903564453125
514,fast_charge,5.2,58.0,4.55,9.817210070512763,1385.8768310546875
514,ideal_point_compromise,5.1,64.0,4.25,10.012038771223818,1400.6265869140625
514,longevity,5.3,54.0,4.0,10.237011024275983,1408.5997314453125
515,fast_charge,5.2,58.0,4.55,9.817210070512763,1321.8145751953125
515,ideal_point_compromise,5.05,67.0,4.4,9.956926789437404,1359.345458984375
515,longevity,5.0,67.0,4.0,10.213803477106172,1388.2464599609375
516,fast_charge,5.2,58.0,4.55,9.817210070512763,1334.3837890625
516,ideal_point_compromise,4.95,72.0,4.6,9.994554465248461,1358.3240966796875
516,longevity,4.8,80.0,4.8,10.22380347710617,1371.7703857421875
517,fast_charge,5.2,58.0,4.55,9.817210070512763,1257.0135498046875
517,ideal_point_compromise,5.1,64.0,4.25,10.012038771223818,1303.984130859375
517,longevity,5.0,67.0,4.0,10.213803477106172,1334.414306640625
518,fast_charge,5.2,58.0,4.55,9.817210070512763,1357.2174072265625
518,ideal_point_compromise,5.05,67.0,4.4,9.956926789437404,1398.515625
518,longevity,5.0,67.0,4.0,10.213803477106172,1431.328857421875
519,fast_charge,5.2,58.0,4.55,9.817210070512763,1296.4322509765625
519,ideal_point_compromise,5.1,64.0,4.25,10.012038771223818,1331.985107421875
519,longevity,5.0,67.0,4.0,10.213803477106172,1360.1541748046875
520,fast_charge,5.2,58.0,4.55,9.817210070512763,1255.2347412109375
520,ideal_point_compromise,5.25,56.0,4.25,10.012038771223818,1307.8114013671875
520,longevity,5.3,54.0,4.0,10.237011024275983,1355.7386474609375
521,fast_charge,5.2,58.0,4.55,9.817210070512763,1424.0499267578125
521,ideal_point_compromise,5.05,67.0,4.4,9.956926789437404,1455.9139404296875
521,longevity,5.0,67.0,4.0,10.213803477106172,1483.8707275390625
522,fast_charge,5.2,58.0,4.55,9.817210070512763,1247.834716796875
522,ideal_point_compromise,5.05,67.0,4.4,9.956926789437404,1277.80859375
522,longevity,5.0,67.0,4.0,10.213803477106172,1302.62939453125
523,fast_charge,5.2,58.0,4.55,9.817210070512763,1352.3441162109375
523,ideal_point_compromise,5.2,59.0,4.2,10.031495784798476,1419.463623046875
523,longevity,5.3,54.0,4.0,10.237011024275983,1463.173095703125
524,fast_charge,5.2,58.0,4.55,9.817210070512763,1579.52001953125
524,ideal_point_compromise,4.2,29.0,5.55,9.880174133476826,1723.26611328125
524,longevity,3.7,31.0,5.9,10.233881351590824,1806.3837890625
525,fast_charge,5.2,58.0,4.55,9.817210070512763,1295.6693115234375
525,ideal_point_compromise,5.2,59.0,4.2,10.031495784798476,1338.3646240234375
525,longevity,5.3,54.0,4.0,10.237011024275983,1361.376708984375
526,fast_charge,5.2,58.0,4.55,9.817210070512763,1444.7159423828125
526,ideal_point_compromise,4.2,29.0,5.55,9.880174133476826,1624.5257568359375
526,longevity,3.7,31.0,5.9,10.233881351590824,1700.859130859375
527,fast_charge,5.2,58.0,4.55,9.817210070512763,1339.716552734375
527,ideal_point_compromise,5.1,64.0,4.25,10.012038771223818,1356.0361328125
527,longevity,5.3,54.0,4.0,10.237011024275983,1365.1820068359375
528,fast_charge,5.2,58.0,4.55,9.817210070512763,1515.8470458984375
528,ideal_point_compromise,4.2,29.0,5.55,9.880174133476826,1625.451904296875
528,longevity,3.7,31.0,5.9,10.233881351590824,1688.939697265625
529,fast_charge,5.2,58.0,4.55,9.817210070512763,1401.3387451171875
529,ideal_point_compromise,5.05,67.0,4.4,9.956926789437404,1404.80126953125
529,longevity,5.0,67.0,4.0,10.213803477106172,1406.357177734375
530,fast_charge,5.2,58.0,4.55,9.817210070512763,1492.2974853515625
530,ideal_point_compromise,4.95,71.0,4.7,9.97880025337954,1516.772705078125
530,longevity,4.8,80.0,4.8,10.22380347710617,1534.478271484375
531,fast_charge,5.2,58.0,4.55,9.817210070512763,1351.7412109375
531,ideal_point_compromise,5.1,64.0,4.3,9.985773381346936,1393.7166748046875
531,longevity,4.95,70.0,4.2,10.137223390526083,1413.4266357421875
532,fast_charge,5.2,58.0,4.55,9.817210070512763,1324.9959716796875
532,ideal_point_compromise,5.1,64.0,4.25,10.012038771223818,1354.3717041015625
532,longevity,5.0,67.0,4.0,10.213803477106172,1372.923095703125
533,fast_charge,5.2,58.0,4.55,9.817210070512763,1294.7740478515625
533,ideal_point_compromise,5.1,64.0,4.25,10.012038771223818,1346.45166015625
533,longevity,5.0,67.0,4.0,10.213803477106172,1378.0350341796875
534,fast_charge,5.2,58.0,4.55,9.817210070512763,1424.2069091796875
534,ideal_point_compromise,5.05,67.0,4.4,9.956926789437404,1460.3221435546875
534,longevity,5.0,67.0,4.0,10.213803477106172,1495.370361328125
535,fast_charge,5.2,58.0,4.55,9.817210070512763,1377.3260498046875
535,ideal_point_compromise,5.1,64.0,4.25,10.012038771223818,1419.197021484375
535,longevity,5.0,67.0,4.0,10.213803477106172,1448.0645751953125
536,fast_charge,5.2,58.0,4.55,9.817210070512763,1595.6827392578125
536,ideal_point_compromise,4.95,72.0,4.6,9.994554465248461,1808.88623046875
536,longevity,4.8,80.0,4.8,10.22380347710617,2028.383056640625
537,fast_charge,5.2,58.0,4.55,9.817210070512763,1459.1702880859375
537,ideal_point_compromise,4.2,29.0,5.55,9.880174133476826,1560.6153564453125
537,longevity,3.7,31.0,5.9,10.233881351590824,1611.2489013671875
538,fast_charge,5.2,58.0,4.55,9.817210070512763,1448.6324462890625
538,ideal_point_compromise,4.95,72.0,4.6,9.994554465248461,1503.828369140625
538,longevity,4.8,80.0,4.8,10.22380347710617,1527.458251953125
539,fast_charge,5.2,58.0,4.55,9.817210070512763,1248.666015625
539,ideal_point_compromise,5.1,64.0,4.25,10.012038771223818,1284.099853515625
539,longevity,5.0,67.0,4.0,10.213803477106172,1308.5458984375
540,fast_charge,5.2,58.0,4.55,9.817210070512763,1252.0252685546875
540,ideal_point_compromise,5.4,47.0,4.4,9.946025699328391,1284.0679931640625
540,longevity,5.3,54.0,4.0,10.237011024275983,1321.0428466796875
541,fast_charge,5.2,58.0,4.55,9.817210070512763,1293.220458984375
541,ideal_point_compromise,5.1,64.0,4.25,10.012038771223818,1334.30078125
541,longevity,5.0,67.0,4.0,10.213803477106172,1362.2813720703125
542,fast_charge,5.2,58.0,4.55,9.817210070512763,1272.1268310546875
542,ideal_point_compromise,5.1,64.0,4.25,10.012038771223818,1339.3441162109375
542,longevity,5.0,67.0,4.0,10.213803477106172,1382.92626953125
543,fast_charge,5.2,58.0,4.55,9.817210070512763,1335.0662841796875
543,ideal_point_compromise,5.4,47.0,4.4,9.946025699328391,1374.46337890625
543,longevity,5.6,36.0,4.3,10.220481217969958,1411.068603515625
544,fast_charge,5.2,58.0,4.55,9.817210070512763,1275.9114990234375
544,ideal_point_compromise,5.2,59.0,4.2,10.031495784798476,1307.2967529296875
544,longevity,5.3,54.0,4.0,10.237011024275983,1324.0743408203125
545,fast_charge,5.2,58.0,4.55,9.817210070512763,1344.4107666015625
545,ideal_point_compromise,5.05,67.0,4.4,9.956926789437404,1366.1468505859375
545,longevity,5.0,67.0,4.0,10.213803477106172,1385.8975830078125
546,fast_charge,5.2,58.0,4.55,9.817210070512763,1333.3814697265625
546,ideal_point_compromise,5.15,23.0,4.9,9.883006964326299,1337.36865234375
546,longevity,5.6,19.0,4.6,10.216039501950892,1338.4649658203125
547,fast_charge,5.2,58.0,4.55,9.817210070512763,1385.3695068359375
547,ideal_point_compromise,4.95,71.0,4.7,9.97880025337954,1427.21337890625
547,longevity,4.8,80.0,4.8,10.22380347710617,1456.57373046875
548,fast_charge,5.2,58.0,4.55,9.817210070512763,1374.2369384765625
548,ideal_point_compromise,5.3,53.0,4.3,9.991245337571288,1404.475341796875
548,longevity,5.3,54.0,4.0,10.237011024275983,1435.5986328125
549,fast_charge,5.2,58.0,4.55,9.817210070512763,1231.7587890625
549,ideal_point_compromise,5.05,67.0,4.4,9.956926789437404,1271.219482421875
549,longevity,5.0,67.0,4.0,10.213803477106172,1307.1712646484375
550,fast_charge,5.2,58.0,4.55,9.817210070512763,1295.973876953125
550,ideal_point_compromise,5.1,64.0,4.25,10.012038771223818,1328.6942138671875
550,longevity,5.0,67.0,4.0,10.213803477106172,1348.8892822265625
551,fast_charge,5.2,58.0,4.55,9.817210070512763,1410.3157958984375
551,ideal_point_compromise,4.2,29.0,5.55,9.880174133476826,1573.7244873046875
551,longevity,3.7,31.0,5.9,10.233881351590824,1710.0023193359375
552,fast_charge,5.2,58.0,4.55,9.817210070512763,1434.7794189453125
552,ideal_point_compromise,4.2,29.0,5.55,9.880174133476826,1562.7723388671875
552,longevity,3.7,31.0,5.9,10.233881351590824,1653.7774658203125
553,fast_charge,5.2,58.0,4.55,9.817210070512763,1398.04443359375
553,ideal_point_compromise,5.1,64.0,4.25,10.012038771223818,1443.6705322265625
553,longevity,5.0,67.0,4.0,10.213803477106172,1475.0771484375
554,fast_charge,5.2,58.0,4.55,9.817210070512763,1259.510009765625
554,ideal_point_compromise,5.05,67.0,4.4,9.956926789437404,1302.9501953125
554,longevity,5.0,67.0,4.0,10.213803477106172,1336.9324951171875
555,fast_charge,5.2,58.0,4.55,9.817210070512763,1374.8173828125
555,ideal_point_compromise,5.05,67.0,4.4,9.956926789437404,1400.5941162109375
555,longevity,5.0,67.0,4.0,10.213803477106172,1429.0966796875
556,fast_charge,5.2,58.0,4.55,9.817210070512763,1405.416259765625
556,ideal_point_compromise,5.2,59.0,4.2,10.031495784798476,1442.817626953125
556,longevity,5.3,54.0,4.0,10.237011024275983,1461.4810791015625
557,fast_charge,5.2,58.0,4.55,9.817210070512763,1368.4088134765625
557,ideal_point_compromise,5.4,47.0,4.4,9.946025699328391,1385.5546875
557,longevity,5.6,36.0,4.3,10.220481217969958,1402.34814453125
558,fast_charge,5.2,58.0,4.55,9.817210070512763,1313.7393798828125
558,ideal_point_compromise,5.4,47.0,4.4,9.946025699328391,1339.352294921875
558,longevity,5.6,19.0,4.6,10.216039501950892,1364.13037109375
559,fast_charge,5.2,58.0,4.55,9.817210070512763,1500.0367431640625
559,ideal_point_compromise,4.05,30.0,5.65,9.97798243482495,1566.3785400390625
559,longevity,3.7,31.0,5.9,10.233881351590824,1593.8548583984375
560,fast_charge,5.2,58.0,4.55,9.817210070512763,1338.3192138671875
560,ideal_point_compromise,4.05,30.0,5.65,9.97798243482495,1362.3642578125
560,longevity,3.7,31.0,5.9,10.233881351590824,1376.9859619140625
561,fast_charge,5.2,58.0,4.55,9.817210070512763,1493.9608154296875
561,ideal_point_compromise,4.2,29.0,5.55,9.880174133476826,1606.427978515625
561,longevity,3.7,31.0,5.9,10.233881351590824,1698.633544921875
562,fast_charge,5.2,58.0,4.55,9.817210070512763,1221.330078125
562,ideal_point_compromise,5.1,64.0,4.25,10.012038771223818,1245.447509765625
562,longevity,5.0,67.0,4.0,10.213803477106172,1259.8739013671875
563,fast_charge,5.2,58.0,4.55,9.817210070512763,1379.5614013671875
563,ideal_point_compromise,4.05,30.0,5.65,9.97798243482495,1462.2969970703125
563,longevity,3.7,31.0,5.9,10.233881351590824,1511.680419921875
564,fast_charge,5.2,58.0,4.55,9.817210070512763,1350.336181640625
564,ideal_point_compromise,4.2,29.0,5.55,9.880174133476826,1370.389404296875
564,longevity,3.7,31.0,5.9,10.233881351590824,1386.9654541015625
565,fast_charge,5.2,58.0,4.55,9.817210070512763,1363.501708984375
565,ideal_point_compromise,4.05,30.0,5.65,9.97798243482495,1388.0528564453125
565,longevity,3.7,31.0,5.9,10.233881351590824,1404.6041259765625
566,fast_charge,5.2,58.0,4.55,9.817210070512763,1416.248779296875
566,ideal_point_compromise,5.0,64.0,4.75,9.924856108685116,1419.2542724609375
566,longevity,4.8,80.0,4.8,10.22380347710617,1420.878173828125
567,fast_charge,5.2,58.0,4.55,9.817210070512763,1197.2203369140625
567,ideal_point_compromise,5.4,47.0,4.4,9.946025699328391,1235.2235107421875
567,longevity,5.3,54.0,4.0,10.237011024275983,1284.2578125
568,fast_charge,5.2,58.0,4.55,9.817210070512763,1428.0089111328125
568,ideal_point_compromise,5.15,23.0,4.9,9.883006964326299,1488.9095458984375
568,longevity,5.6,19.0,4.6,10.216039501950892,1519.54833984375
569,fast_charge,5.2,58.0,4.55,9.817210070512763,1378.1695556640625
569,ideal_point_compromise,4.05,30.0,5.65,9.97798243482495,1465.6990966796875
569,longevity,3.7,31.0,5.9,10.233881351590824,1514.45751953125
570,fast_charge,5.2,58.0,4.55,9.817210070512763,1338.323974609375
570,ideal_point_compromise,5.2,59.0,4.2,10.031495784798476,1371.4940185546875
570,longevity,5.3,54.0,4.0,10.237011024275983,1388.294921875
571,fast_charge,5.2,58.0,4.55,9.817210070512763,1252.3328857421875
571,ideal_point_compromise,5.4,47.0,4.4,9.946025699328391,1278.767578125
571,longevity,5.6,36.0,4.3,10.220481217969958,1302.6947021484375
572,fast_charge,5.2,58.0,4.55,9.817210070512763,1449.3765869140625
572,ideal_point_compromise,4.95,72.0,4.6,9.994554465248461,1496.540283203125
572,longevity,4.8,80.0,4.8,10.22380347710617,1521.77099609375
573,fast_charge,5.2,58.0,4.55,9.817210070512763,1352.4078369140625
573,ideal_point_compromise,5.2,59.0,4.2,10.031495784798476,1392.7723388671875
573,longevity,5.3,54.0,4.0,10.237011024275983,1417.9375
574,fast_charge,5.2,58.0,4.55,9.817210070512763,1374.2486572265625
574,ideal_point_compromise,5.15,23.0,4.9,9.883006964326299,1387.57373046875
574,longevity,5.6,19.0,4.6,10.216039501950892,1394.4737548828125
575,fast_charge,5.2,58.0,4.55,9.817210070512763,1283.302734375
575,ideal_point_compromise,5.2,59.0,4.2,10.031495784798476,1319.494140625
575,longevity,5.3,54.0,4.0,10.237011024275983,1338.8653564453125
576,fast_charge,5.2,58.0,4.55,9.817210070512763,1505.0318603515625
576,ideal_point_compromise,4.2,29.0,5.55,9.880174133476826,1593.7760009765625
576,longevity,3.7,31.0,5.9,10.233881351590824,1666.9844970703125
577,fast_charge,5.2,58.0,4.55,9.817210070512763,1425.600341796875
577,ideal_point_compromise,5.1,64.0,4.25,10.012038771223818,1455.5364990234375
577,longevity,5.0,67.0,4.0,10.213803477106172,1475.4072265625
578,fast_charge,5.2,58.0,4.55,9.817210070512763,1451.906005859375
578,ideal_point_compromise,5.4,34.0,4.65,9.93706512585169,1452.767578125
578,longevity,5.6,19.0,4.6,10.216039501950892,1453.412353515625
579,fast_charge,5.2,58.0,4.55,9.817210070512763,1432.416259765625
579,ideal_point_compromise,4.95,71.0,4.7,9.97880025337954,1447.607421875
579,longevity,4.8,80.0,4.8,10.22380347710617,1458.3671875
580,fast_charge,5.2,58.0,4.55,9.817210070512763,1476.6820068359375
580,ideal_point_compromise,5.2,59.0,4.2,10.031495784798476,1532.693603515625
580,longevity,5.3,54.0,4.0,10.237011024275983,1563.602294921875
581,fast_charge,5.2,58.0,4.55,9.817210070512763,1427.9390869140625
581,ideal_point_compromise,4.95,71.0,4.7,9.97880025337954,1450.3809814453125
581,longevity,4.8,80.0,4.8,10.22380347710617,1466.5068359375
582,fast_charge,5.2,58.0,4.55,9.817210070512763,1337.8311767578125
582,ideal_point_compromise,5.05,67.0,4.4,9.956926789437404,1378.22607421875
582,longevity,5.0,67.0,4.0,10.213803477106172,1420.75830078125
583,fast_charge,5.2,58.0,4.55,9.817210070512763,1373.3299560546875
583,ideal_point_compromise,4.05,30.0,5.65,9.97798243482495,1448.2958984375
583,longevity,3.7,31.0,5.9,10.233881351590824,1494.1431884765625
584,fast_charge,5.2,58.0,4.55,9.817210070512763,1194.862060546875
584,ideal_point_compromise,5.05,67.0,4.4,9.956926789437404,1243.9244384765625
584,longevity,5.0,67.0,4.0,10.213803477106172,1281.8057861328125
585,fast_charge,5.2,58.0,4.55,9.817210070512763,1253.1510009765625
585,ideal_point_compromise,5.05,67.0,4.4,9.956926789437404,1285.6361083984375
585,longevity,5.0,67.0,4.0,10.213803477106172,1305.6505126953125
586,fast_charge,5.2,58.0,4.55,9.817210070512763,1368.4749755859375
586,ideal_point_compromise,5.1,64.0,4.35,9.96011179353619,1436.7840576171875
586,longevity,5.0,67.0,4.0,10.213803477106172,1476.422607421875
587,fast_charge,5.2,58.0,4.55,9.817210070512763,1276.460693359375
587,ideal_point_compromise,5.05,67.0,4.4,9.956926789437404,1323.6304931640625
587,longevity,5.0,67.0,4.0,10.213803477106172,1353.321044921875
588,fast_charge,5.2,58.0,4.55,9.817210070512763,1263.4427490234375
588,ideal_point_compromise,5.1,64.0,4.25,10.012038771223818,1298.669189453125
588,longevity,5.0,67.0,4.0,10.213803477106172,1323.8779296875
589,fast_charge,5.2,58.0,4.55,9.817210070512763,1233.4814453125
589,ideal_point_compromise,5.2,59.0,4.2,10.031495784798476,1276.9342041015625
589,longevity,5.3,54.0,4.0,10.237011024275983,1300.7911376953125
590,fast_charge,5.2,58.0,4.55,9.817210070512763,1464.974853515625
590,ideal_point_compromise,4.2,29.0,5.55,9.880174133476826,1535.96533203125
590,longevity,3.7,31.0,5.9,10.233881351590824,1575.302734375
591,fast_charge,5.2,58.0,4.55,9.817210070512763,1304.160400390625
591,ideal_point_compromise,5.05,67.0,4.4,9.956926789437404,1329.759033203125
591,longevity,5.0,67.0,4.0,10.213803477106172,1351.9566650390625
592,fast_charge,5.2,58.0,4.55,9.817210070512763,1315.9517822265625
592,ideal_point_compromise,5.1,64.0,4.25,10.012038771223818,1349.3955078125
592,longevity,5.0,67.0,4.0,10.213803477106172,1369.7318115234375
593,fast_charge,5.2,58.0,4.55,9.817210070512763,1427.5838623046875
593,ideal_point_compromise,5.1,64.0,4.25,10.012038771223818,1457.092529296875
593,longevity,5.3,54.0,4.0,10.237011024275983,1475.9801025390625
594,fast_charge,5.2,58.0,4.55,9.817210070512763,1267.218505859375
594,ideal_point_compromise,5.2,59.0,4.2,10.031495784798476,1325.398193359375
594,longevity,5.3,54.0,4.0,10.237011024275983,1361.2174072265625
595,fast_charge,5.2,58.0,4.55,9.817210070512763,1394.0179443359375
595,ideal_point_compromise,5.0,24.0,5.0,9.823803477106171,1413.380615234375
595,longevity,5.6,19.0,4.6,10.216039501950892,1416.6048583984375
596,fast_charge,5.2,58.0,4.55,9.817210070512763,1447.5684814453125
596,ideal_point_compromise,5.05,67.0,4.4,9.956926789437404,1470.76904296875
596,longevity,5.0,67.0,4.0,10.213803477106172,1492.5045166015625
597,fast_charge,5.2,58.0,4.55,9.817210070512763,1270.6513671875
597,ideal_point_compromise,5.1,64.0,4.25,10.012038771223818,1303.9638671875
597,longevity,5.0,67.0,4.0,10.213803477106172,1325.182373046875
598,fast_charge,5.2,58.0,4.55,9.817210070512763,1363.5916748046875
598,ideal_point_compromise,5.4,47.0,4.4,9.946025699328391,1373.6053466796875
598,longevity,5.6,36.0,4.3,10.220481217969958,1382.2310791015625
599,fast_charge,5.2,58.0,4.55,9.817210070512763,1264.3563232421875
599,ideal_point_compromise,5.2,59.0,4.2,10.031495784798476,1290.6123046875
599,longevity,5.3,54.0,4.0,10.237011024275983,1304.9205322265625
600,fast_charge,5.2,58.0,4.55,9.817210070512763,1317.9273681640625
600,ideal_point_compromise,5.1,64.0,4.25,10.012038771223818,1373.7142333984375
600,longevity,5.0,67.0,4.0,10.213803477106172,1408.677490234375
601,fast_charge,5.2,58.0,4.55,9.817210070512763,1329.984619140625
601,ideal_point_compromise,5.05,67.0,4.4,9.956926789437404,1357.353271484375
601,longevity,5.0,67.0,4.0,10.213803477106172,1380.447021484375
602,fast_charge,5.2,58.0,4.55,9.817210070512763,1293.808837890625
602,ideal_point_compromise,5.05,67.0,4.4,9.956926789437404,1335.40625
602,longevity,5.0,67.0,4.0,10.213803477106172,1372.626953125
603,fast_charge,5.2,58.0,4.55,9.817210070512763,1331.625
603,ideal_point_compromise,5.2,59.0,4.2,10.031495784798476,1410.1143798828125
603,longevity,5.3,54.0,4.0,10.237011024275983,1454.80029296875
604,fast_charge,5.2,58.0,4.55,9.817210070512763,1344.175537109375
604,ideal_point_compromise,5.05,67.0,4.4,9.956926789437404,1362.834716796875
604,longevity,5.0,67.0,4.0,10.213803477106172,1373.8984375
605,fast_charge,5.2,58.0,4.55,9.817210070512763,1304.6461181640625
605,ideal_point_compromise,5.2,59.0,4.2,10.031495784798476,1400.76611328125
605,longevity,5.3,54.0,4.0,10.237011024275983,1460.1385498046875
606,fast_charge,5.2,58.0,4.55,9.817210070512763,1297.2596435546875
606,ideal_point_compromise,5.1,64.0,4.25,10.012038771223818,1355.6492919921875
606,longevity,5.0,67.0,4.0,10.213803477106172,1395.0855712890625
607,fast_charge,5.2,58.0,4.55,9.817210070512763,1345.202392578125
607,ideal_point_compromise,5.05,67.0,4.4,9.956926789437404,1373.6090087890625
607,longevity,5.0,67.0,4.0,10.213803477106172,1396.4453125
608,fast_charge,5.2,58.0,4.55,9.817210070512763,1293.8917236328125
608,ideal_point_compromise,5.2,59.0,4.2,10.031495784798476,1376.7069091796875
608,longevity,5.3,54.0,4.0,10.237011024275983,1438.669189453125
609,fast_charge,5.2,58.0,4.55,9.817210070512763,1336.7508544921875
609,ideal_point_compromise,5.05,67.0,4.4,9.956926789437404,1375.50634765625
609,longevity,5.0,67.0,4.0,10.213803477106172,1411.056640625
610,fast_charge,5.2,58.0,4.55,9.817210070512763,1415.124755859375
610,ideal_point_compromise,5.1,64.0,4.25,10.012038771223818,1458.7918701171875
610,longevity,5.0,67.0,4.0,10.213803477106172,1487.207763671875
611,fast_charge,5.2,58.0,4.55,9.817210070512763,1492.0919189453125
611,ideal_point_compromise,4.2,29.0,5.55,9.880174133476826,1634.627197265625
611,longevity,3.7,31.0,5.9,10.233881351590824,1706.911865234375
612,fast_charge,5.2,58.0,4.55,9.817210070512763,1325.7939453125
612,ideal_point_compromise,5.1,64.0,4.25,10.012038771223818,1366.33935546875
612,longevity,5.0,67.0,4.0,10.213803477106172,1393.1097412109375
613,fast_charge,5.2,58.0,4.55,9.817210070512763,1115.647705078125
613,ideal_point_compromise,5.4,47.0,4.4,9.946025699328391,1187.5322265625
613,longevity,5.6,36.0,4.3,10.220481217969958,1259.889404296875
614,fast_charge,5.2,58.0,4.55,9.817210070512763,1374.90283203125
614,ideal_point_compromise,5.05,67.0,4.4,9.956926789437404,1420.6573486328125
614,longevity,5.0,67.0,4.05,10.189729403032096,1467.2314453125
615,fast_charge,5.2,58.0,4.55,9.817210070512763,1538.6873779296875
615,ideal_point_compromise,4.2,29.0,5.55,9.880174133476826,1657.564697265625
615,longevity,3.7,31.0,5.9,10.233881351590824,1724.689208984375
616,fast_charge,5.2,58.0,4.55,9.817210070512763,1258.1673583984375
616,ideal_point_compromise,5.1,64.0,4.25,10.012038771223818,1290.8316650390625
616,longevity,5.0,67.0,4.0,10.213803477106172,1310.5810546875
617,fast_charge,5.2,58.0,4.55,9.817210070512763,1337.28564453125
617,ideal_point_compromise,4.95,72.0,4.6,9.994554465248461,1372.1041259765625
617,longevity,4.8,80.0,4.8,10.22380347710617,1392.85302734375
618,fast_charge,5.2,58.0,4.55,9.817210070512763,1346.5511474609375
618,ideal_point_compromise,5.2,59.0,4.2,10.031495784798476,1415.6712646484375
618,longevity,5.3,54.0,4.0,10.237011024275983,1451.9482421875
619,fast_charge,5.2,58.0,4.55,9.817210070512763,1464.178955078125
619,ideal_point_compromise,5.0,69.0,4.5,9.970470143772836,1490.6263427734375
619,longevity,5.0,67.0,4.0,10.213803477106172,1505.8385009765625
620,fast_charge,5.2,58.0,4.55,9.817210070512763,1432.6016845703125
620,ideal_point_compromise,5.05,67.0,4.4,9.956926789437404,1443.8719482421875
620,longevity,5.0,67.0,4.0,10.213803477106172,1456.58349609375
621,fast_charge,5.2,58.0,4.55,9.817210070512763,1371.3746337890625
621,ideal_point_compromise,5.4,34.0,4.65,9.93706512585169,1391.740234375
621,longevity,5.6,19.0,4.6,10.216039501950892,1407.776611328125
622,fast_charge,5.2,58.0,4.55,9.817210070512763,1510.607421875
622,ideal_point_compromise,4.2,29.0,5.55,9.880174133476826,1541.235595703125
622,longevity,3.7,31.0,5.9,10.233881351590824,1559.4486083984375
623,fast_charge,5.2,58.0,4.55,9.817210070512763,1352.9281005859375
623,ideal_point_compromise,4.95,71.0,4.7,9.97880025337954,1392.916748046875
623,longevity,4.8,80.0,4.8,10.22380347710617,1422.8900146484375
624,fast_charge,5.2,58.0,4.55,9.817210070512763,1444.405517578125
624,ideal_point_compromise,4.2,29.0,5.55,9.880174133476826,1502.1328125
624,longevity,3.7,31.0,5.9,10.233881351590824,1516.952880859375
625,fast_charge,5.2,58.0,4.55,9.817210070512763,1433.2454833984375
625,ideal_point_compromise,5.05,67.0,4.4,9.956926789437404,1470.1104736328125
625,longevity,5.0,67.0,4.0,10.213803477106172,1499.313720703125
626,fast_charge,5.2,58.0,4.55,9.817210070512763,1266.11376953125
626,ideal_point_compromise,5.05,67.0,4.4,9.956926789437404,1298.171142578125
626,longevity,5.0,67.0,4.0,10.213803477106172,1328.2388916015625
627,fast_charge,5.2,58.0,4.55,9.817210070512763,1343.4134521484375
627,ideal_point_compromise,4.05,30.0,5.65,9.97798243482495,1359.001708984375
627,longevity,3.7,31.0,5.9,10.233881351590824,1368.174072265625
628,fast_charge,5.2,58.0,4.55,9.817210070512763,1386.463623046875
628,ideal_point_compromise,4.95,71.0,4.7,9.97880025337954,1432.071533203125
628,longevity,4.8,80.0,4.8,10.22380347710617,1466.672607421875
629,fast_charge,5.2,58.0,4.55,9.817210070512763,1331.399169921875
629,ideal_point_compromise,4.95,72.0,4.6,9.994554465248461,1337.09228515625
629,longevity,4.8,80.0,4.8,10.22380347710617,1340.404296875
630,fast_charge,5.2,58.0,4.55,9.817210070512763,1396.2401123046875
630,ideal_point_compromise,5.15,23.0,4.9,9.883006964326299,1438.642822265625
630,longevity,5.6,19.0,4.6,10.216039501950892,1456.6993408203125
631,fast_charge,5.2,58.0,4.55,9.817210070512763,1246.635498046875
631,ideal_point_compromise,5.2,59.0,4.2,10.031495784798476,1307.4915771484375
631,longevity,5.3,54.0,4.0,10.237011024275983,1347.159423828125
632,fast_charge,5.2,58.0,4.55,9.817210070512763,1447.352783203125
632,ideal_point_compromise,5.05,67.0,4.4,9.956926789437404,1487.280517578125
632,longevity,5.0,67.0,4.0,10.213803477106172,1517.5194091796875
633,fast_charge,5.2,58.0,4.55,9.817210070512763,1384.7393798828125
633,ideal_point_compromise,5.2,59.0,4.2,10.031495784798476,1414.28173828125
633,longevity,5.3,54.0,4.0,10.237011024275983,1430.1156005859375
634,fast_charge,5.2,58.0,4.55,9.817210070512763,1318.388916015625
634,ideal_point_compromise,5.1,64.0,4.25,10.012038771223818,1359.640625
634,longevity,5.0,67.0,4.0,10.213803477106172,1389.408203125
635,fast_charge,5.2,58.0,4.55,9.817210070512763,1258.462646484375
635,ideal_point_compromise,5.2,59.0,4.2,10.031495784798476,1292.5897216796875
635,longevity,5.3,54.0,4.0,10.237011024275983,1312.8106689453125
636,fast_charge,5.2,58.0,4.55,9.817210070512763,1104.677734375
636,ideal_point_compromise,5.4,47.0,4.4,9.946025699328391,1131.5765380859375
636,longevity,5.3,54.0,4.0,10.237011024275983,1164.4715576171875
637,fast_charge,5.2,58.0,4.55,9.817210070512763,1412.406982421875
637,ideal_point_compromise,5.4,34.0,4.65,9.93706512585169,1433.588623046875
637,longevity,5.6,19.0,4.6,10.216039501950892,1449.76123046875
638,fast_charge,5.2,58.0,4.55,9.817210070512763,1351.5616455078125
638,ideal_point_compromise,4.95,72.0,4.6,9.994554465248461,1355.17138671875
638,longevity,4.8,80.0,4.8,10.22380347710617,1356.739013671875
639,fast_charge,5.2,58.0,4.55,9.817210070512763,1340.7127685546875
639,ideal_point_compromise,5.0,24.0,5.0,9.823803477106171,1362.3173828125
639,longevity,5.6,19.0,4.6,10.216039501950892,1366.0955810546875
640,fast_charge,5.2,58.0,4.55,9.817210070512763,1570.18798828125
640,ideal_point_compromise,4.2,29.0,5.55,9.880174133476826,1840.258544921875
640,longevity,3.7,31.0,5.9,10.233881351590824,1984.685546875
641,fast_charge,5.2,58.0,4.55,9.817210070512763,1232.1346435546875
641,ideal_point_compromise,5.4,47.0,4.4,9.946025699328391,1283.737548828125
641,longevity,5.3,54.0,4.0,10.237011024275983,1342.9669189453125
642,fast_charge,5.2,58.0,4.55,9.817210070512763,1410.8135986328125
642,ideal_point_compromise,5.15,23.0,4.9,9.883006964326299,1435.1302490234375
642,longevity,5.6,19.0,4.6,10.216039501950892,1448.2664794921875
643,fast_charge,5.2,58.0,4.55,9.817210070512763,1344.6107177734375
643,ideal_point_compromise,4.95,72.0,4.6,9.994554465248461,1358.8267822265625
643,longevity,4.8,80.0,4.8,10.22380347710617,1366.170654296875
644,fast_charge,5.2,58.0,4.55,9.817210070512763,1336.8154296875
644,ideal_point_compromise,5.2,59.0,4.2,10.031495784798476,1346.8656005859375
644,longevity,5.3,54.0,4.0,10.237011024275983,1352.647705078125
645,fast_charge,5.2,58.0,4.55,9.817210070512763,1333.758544921875
645,ideal_point_compromise,5.2,59.0,4.2,10.031495784798476,1376.52978515625
645,longevity,5.3,54.0,4.0,10.237011024275983,1407.947509765625
646,fast_charge,5.2,58.0,4.55,9.817210070512763,1402.2825927734375
646,ideal_point_compromise,4.95,71.0,4.7,9.97880025337954,1449.3143310546875
646,longevity,4.8,80.0,4.8,10.22380347710617,1482.56787109375
647,fast_charge,5.2,58.0,4.55,9.817210070512763,1301.0584716796875
647,ideal_point_compromise,5.4,47.0,4.4,9.946025699328391,1309.925537109375
647,longevity,5.3,54.0,4.0,10.237011024275983,1320.9266357421875
648,fast_charge,5.2,58.0,4.55,9.817210070512763,1530.9056396484375
648,ideal_point_compromise,5.05,67.0,4.4,9.956926789437404,1538.2642822265625
648,longevity,5.0,67.0,4.0,10.213803477106172,1545.3226318359375
649,fast_charge,5.2,58.0,4.55,9.817210070512763,1555.8597412109375
649,ideal_point_compromise,4.2,29.0,5.55,9.880174133476826,1717.9779052734375
649,longevity,3.7,31.0,5.9,10.233881351590824,1829.874755859375
650,fast_charge,5.2,58.0,4.55,9.817210070512763,1244.918701171875
650,ideal_point_compromise,5.2,59.0,4.2,10.031495784798476,1291.2569580078125
650,longevity,5.3,54.0,4.0,10.237011024275983,1315.578857421875
651,fast_charge,5.2,58.0,4.55,9.817210070512763,1394.33935546875
651,ideal_point_compromise,4.05,30.0,5.65,9.97798243482495,1476.75537109375
651,longevity,3.7,31.0,5.9,10.233881351590824,1528.9102783203125
652,fast_charge,5.2,58.0,4.55,9.817210070512763,1297.68994140625
652,ideal_point_compromise,5.05,67.0,4.4,9.956926789437404,1335.187255859375
652,longevity,5.0,67.0,4.0,10.213803477106172,1363.8524169921875
653,fast_charge,5.2,58.0,4.55,9.817210070512763,1353.6727294921875
653,ideal_point_compromise,4.2,29.0,5.55,9.880174133476826,1369.7545166015625
653,longevity,3.7,31.0,5.9,10.233881351590824,1377.7601318359375
654,fast_charge,5.2,58.0,4.55,9.817210070512763,1265.4219970703125
654,ideal_point_compromise,5.2,59.0,4.2,10.031495784798476,1320.7286376953125
654,longevity,5.3,54.0,4.0,10.237011024275983,1351.643798828125
655,fast_charge,5.2,58.0,4.55,9.817210070512763,1461.9248046875
655,ideal_point_compromise,4.2,29.0,5.55,9.880174133476826,1633.1168212890625
655,longevity,3.7,31.0,5.9,10.233881351590824,1740.9744873046875
656,fast_charge,5.2,58.0,4.55,9.817210070512763,1408.6015625
656,ideal_point_compromise,4.95,71.0,4.7,9.97880025337954,1432.896484375
656,longevity,4.8,80.0,4.8,10.22380347710617,1450.5589599609375
657,fast_charge,5.2,58.0,4.55,9.817210070512763,1377.6361083984375
657,ideal_point_compromise,4.2,29.0,5.55,9.880174133476826,1442.0064697265625
657,longevity,3.7,31.0,5.9,10.233881351590824,1470.425537109375
658,fast_charge,5.2,58.0,4.55,9.817210070512763,1310.3304443359375
658,ideal_point_compromise,5.1,64.0,4.25,10.012038771223818,1343.586669921875
658,longevity,5.0,67.0,4.0,10.213803477106172,1364.4326171875
659,fast_charge,5.2,58.0,4.55,9.817210070512763,1265.3319091796875
659,ideal_point_compromise,5.1,64.0,4.25,10.012038771223818,1299.8125
659,longevity,5.0,67.0,4.0,10.213803477106172,1324.0052490234375
660,fast_charge,5.2,58.0,4.55,9.817210070512763,1332.0633544921875
660,ideal_point_compromise,5.3,53.0,4.3,9.991245337571288,1380.0283203125
660,longevity,5.3,54.0,4.0,10.237011024275983,1431.4410400390625
661,fast_charge,5.2,58.0,4.55,9.817210070512763,1505.9947509765625
661,ideal_point_compromise,4.2,29.0,5.55,9.880174133476826,1738.326904296875
661,longevity,3.7,31.0,5.9,10.233881351590824,1876.3385009765625
662,fast_charge,5.2,58.0,4.55,9.817210070512763,1346.5404052734375
662,ideal_point_compromise,5.2,59.0,4.2,10.031495784798476,1391.0264892578125
662,longevity,5.3,54.0,4.0,10.237011024275983,1420.0877685546875
663,fast_charge,5.2,58.0,4.55,9.817210070512763,1447.341552734375
663,ideal_point_compromise,4.2,29.0,5.55,9.880174133476826,1512.781005859375
663,longevity,3.7,31.0,5.9,10.233881351590824,1577.278076171875
664,fast_charge,5.2,58.0,4.55,9.817210070512763,1424.422607421875
664,ideal_point_compromise,4.2,29.0,5.55,9.880174133476826,1481.767333984375
664,longevity,3.7,31.0,5.9,10.233881351590824,1500.3892822265625
665,fast_charge,5.2,58.0,4.55,9.817210070512763,1487.8533935546875
665,ideal_point_compromise,5.05,67.0,4.4,9.956926789437404,1500.275146484375
665,longevity,5.0,67.0,4.0,10.213803477106172,1513.7618408203125
666,fast_charge,5.2,58.0,4.55,9.817210070512763,1366.4619140625
666,ideal_point_compromise,5.05,67.0,4.4,9.956926789437404,1431.782470703125
666,longevity,5.0,67.0,4.0,10.213803477106172,1501.0435791015625
667,fast_charge,5.2,58.0,4.55,9.817210070512763,1387.2701416015625
667,ideal_point_compromise,4.95,71.0,4.7,9.97880025337954,1427.7696533203125
667,longevity,4.8,80.0,4.8,10.22380347710617,1458.022216796875
668,fast_charge,5.2,58.0,4.55,9.817210070512763,1372.5262451171875
668,ideal_point_compromise,5.3,53.0,4.3,9.991245337571288,1394.7659912109375
668,longevity,5.3,54.0,4.0,10.237011024275983,1417.973876953125
669,fast_charge,5.2,58.0,4.55,9.817210070512763,1199.92724609375
669,ideal_point_compromise,5.2,59.0,4.2,10.031495784798476,1249.248779296875
669,longevity,5.3,54.0,4.0,10.237011024275983,1276.0682373046875
670,fast_charge,5.2,58.0,4.55,9.817210070512763,1443.6044921875
670,ideal_point_compromise,4.95,72.0,4.6,9.994554465248461,1465.4931640625
670,longevity,4.8,80.0,4.8,10.22380347710617,1476.6904296875
671,fast_charge,5.2,58.0,4.55,9.817210070512763,1365.2200927734375
671,ideal_point_compromise,5.25,56.0,4.25,10.012038771223818,1387.58251953125
671,longevity,5.3,54.0,4.0,10.237011024275983,1406.755859375
672,fast_charge,5.2,58.0,4.55,9.817210070512763,1440.216064453125
672,ideal_point_compromise,4.2,29.0,5.55,9.880174133476826,1491.966796875
672,longevity,3.7,31.0,5.9,10.233881351590824,1525.2432861328125
673,fast_charge,5.2,58.0,4.55,9.817210070512763,1339.44873046875
673,ideal_point_compromise,5.05,67.0,4.4,9.956926789437404,1340.42138671875
673,longevity,5.0,67.0,4.0,10.213803477106172,1341.3837890625
674,fast_charge,5.2,58.0,4.55,9.817210070512763,1317.911376953125
674,ideal_point_compromise,5.3,53.0,4.3,9.991245337571288,1350.7593994140625
674,longevity,5.3,54.0,4.0,10.237011024275983,1384.21875
675,fast_charge,5.2,58.0,4.55,9.817210070512763,1322.1474609375
675,ideal_point_compromise,5.1,64.0,4.25,10.012038771223818,1339.304931640625
675,longevity,5.0,67.0,4.0,10.213803477106172,1348.9345703125
676,fast_charge,5.2,58.0,4.55,9.817210070512763,1395.026123046875
676,ideal_point_compromise,4.2,29.0,5.55,9.880174133476826,1534.1204833984375
676,longevity,3.7,31.0,5.9,10.233881351590824,1662.446533203125
677,fast_charge,5.2,58.0,4.55,9.817210070512763,1395.07470703125
677,ideal_point_compromise,4.95,71.0,4.7,9.97880025337954,1418.9263916015625
677,longevity,4.8,80.0,4.8,10.22380347710617,1436.315185546875
678,fast_charge,5.2,58.0,4.55,9.817210070512763,1309.50244140625
678,ideal_point_compromise,5.1,64.0,4.25,10.012038771223818,1344.92333984375
678,longevity,5.0,67.0,4.0,10.213803477106172,1375.1197509765625
679,fast_charge,5.2,58.0,4.55,9.817210070512763,1326.702880859375
679,ideal_point_compromise,5.2,59.0,4.2,10.031495784798476,1362.757568359375
679,longevity,5.3,54.0,4.0,10.237011024275983,1386.0623779296875
680,fast_charge,5.2,58.0,4.55,9.817210070512763,1373.9356689453125
680,ideal_point_compromise,5.05,67.0,4.4,9.956926789437404,1402.9613037109375
680,longevity,5.0,67.0,4.0,10.213803477106172,1429.87646484375
681,fast_charge,5.2,58.0,4.55,9.817210070512763,1451.3719482421875
681,ideal_point_compromise,4.2,29.0,5.55,9.880174133476826,1623.6634521484375
681,longevity,3.7,31.0,5.9,10.233881351590824,1753.1165771484375
682,fast_charge,5.2,58.0,4.55,9.817210070512763,1349.4993896484375
682,ideal_point_compromise,5.05,67.0,4.4,9.956926789437404,1446.7249755859375
682,longevity,5.0,67.0,4.0,10.213803477106172,1501.6842041015625
683,fast_charge,5.2,58.0,4.55,9.817210070512763,1312.7020263671875
683,ideal_point_compromise,5.35,50.0,4.35,9.969211147102948,1342.0401611328125
683,longevity,5.3,54.0,4.0,10.237011024275983,1376.7520751953125
684,fast_charge,5.2,58.0,4.55,9.817210070512763,1346.31982421875
684,ideal_point_compromise,4.95,72.0,4.6,9.994554465248461,1379.11376953125
684,longevity,4.8,80.0,4.8,10.22380347710617,1396.619384765625
685,fast_charge,5.2,58.0,4.55,9.817210070512763,1354.779541015625
685,ideal_point_compromise,4.05,30.0,5.65,9.97798243482495,1422.087890625
685,longevity,3.7,31.0,5.9,10.233881351590824,1461.1527099609375
686,fast_charge,5.2,58.0,4.55,9.817210070512763,1542.162109375
686,ideal_point_compromise,4.2,29.0,5.55,9.880174133476826,1635.157470703125
686,longevity,3.7,31.0,5.9,10.233881351590824,1677.1939697265625
687,fast_charge,5.2,58.0,4.55,9.817210070512763,1312.79638671875
687,ideal_point_compromise,5.2,59.0,4.2,10.031495784798476,1377.3428955078125
687,longevity,5.3,54.0,4.0,10.237011024275983,1424.9130859375
688,fast_charge,5.2,58.0,4.55,9.817210070512763,1489.645263671875
688,ideal_point_compromise,4.95,71.0,4.7,9.97880025337954,1510.6025390625
688,longevity,4.8,80.0,4.8,10.22380347710617,1526.0550537109375
689,fast_charge,5.2,58.0,4.55,9.817210070512763,1398.5811767578125
689,ideal_point_compromise,5.2,59.0,4.2,10.031495784798476,1442.1363525390625
689,longevity,5.3,54.0,4.0,10.237011024275983,1470.8699951171875
690,fast_charge,5.2,58.0,4.55,9.817210070512763,1234.2674560546875
690,ideal_point_compromise,5.2,59.0,4.2,10.031495784798476,1279.8780517578125
690,longevity,5.3,54.0,4.0,10.237011024275983,1303.8642578125
691,fast_charge,5.2,58.0,4.55,9.817210070512763,1371.56787109375
691,ideal_point_compromise,5.1,64.0,4.25,10.012038771223818,1406.0521240234375
691,longevity,5.0,67.0,4.0,10.213803477106172,1428.3729248046875
692,fast_charge,5.2,58.0,4.55,9.817210070512763,1286.354736328125
692,ideal_point_compromise,5.35,50.0,4.35,9.969211147102948,1311.8233642578125
692,longevity,5.3,54.0,4.0,10.237011024275983,1341.7850341796875
693,fast_charge,5.2,58.0,4.55,9.817210070512763,1324.9432373046875
693,ideal_point_compromise,5.2,59.0,4.2,10.031495784798476,1356.169189453125
693,longevity,5.3,54.0,4.0,10.237011024275983,1374.17333984375
694,fast_charge,5.2,58.0,4.55,9.817210070512763,1279.092041015625
694,ideal_point_compromise,5.05,67.0,4.4,9.956926789437404,1310.9140625
694,longevity,5.0,67.0,4.0,10.213803477106172,1331.9949951171875
695,fast_charge,5.2,58.0,4.55,9.817210070512763,1275.93017578125
695,ideal_point_compromise,5.1,64.0,4.25,10.012038771223818,1314.037841796875
695,longevity,5.0,67.0,4.0,10.213803477106172,1341.37890625
696,fast_charge,5.2,58.0,4.55,9.817210070512763,1386.03515625
696,ideal_point_compromise,5.3,53.0,4.3,9.991245337571288,1403.503662109375
696,longevity,5.3,54.0,4.0,10.237011024275983,1421.54443359375
697,fast_charge,5.2,58.0,4.55,9.817210070512763,1380.2855224609375
697,ideal_point_compromise,5.05,67.0,4.4,9.956926789437404,1406.604736328125
697,longevity,5.0,67.0,4.0,10.213803477106172,1422.0302734375
698,fast_charge,5.2,58.0,4.55,9.817210070512763,1467.972412109375
698,ideal_point_compromise,4.2,29.0,5.55,9.880174133476826,1508.7880859375
698,longevity,3.7,31.0,5.9,10.233881351590824,1521.9814453125
699,fast_charge,5.2,58.0,4.55,9.817210070512763,1243.4029541015625
699,ideal_point_compromise,5.1,64.0,4.25,10.012038771223818,1303.469970703125
699,longevity,5.0,67.0,4.0,10.213803477106172,1343.6612548828125
700,fast_charge,5.2,58.0,4.55,9.817210070512763,1232.7470703125
700,ideal_point_compromise,5.2,59.0,4.2,10.031495784798476,1260.8609619140625
700,longevity,5.3,54.0,4.0,10.237011024275983,1279.4984130859375
701,fast_charge,5.2,58.0,4.55,9.817210070512763,1256.0244140625
701,ideal_point_compromise,5.3,53.0,4.3,9.991245337571288,1296.4908447265625
701,longevity,5.3,54.0,4.0,10.237011024275983,1339.7025146484375
702,fast_charge,5.2,58.0,4.55,9.817210070512763,1346.714599609375
702,ideal_point_compromise,5.1,64.0,4.25,10.012038771223818,1375.1568603515625
702,longevity,5.0,67.0,4.0,10.213803477106172,1392.6551513671875
703,fast_charge,5.2,58.0,4.55,9.817210070512763,1296.0067138671875
703,ideal_point_compromise,5.1,64.0,4.25,10.012038771223818,1344.8125
703,longevity,5.0,67.0,4.0,10.213803477106172,1374.3690185546875
704,fast_charge,5.2,58.0,4.55,9.817210070512763,1202.7816162109375
704,ideal_point_compromise,5.25,56.0,4.25,10.012038771223818,1240.990234375
704,longevity,5.3,54.0,4.0,10.237011024275983,1274.8016357421875
705,fast_charge,5.2,58.0,4.55,9.817210070512763,1208.712158203125
705,ideal_point_compromise,5.4,47.0,4.4,9.946025699328391,1247.9154052734375
705,longevity,5.6,36.0,4.3,10.220481217969958,1280.9534912109375
706,fast_charge,5.2,58.0,4.55,9.817210070512763,1188.537353515625
706,ideal_point_compromise,5.1,64.0,4.25,10.012038771223818,1250.7454833984375
706,longevity,5.0,67.0,4.0,10.213803477106172,1291.111083984375
707,fast_charge,5.2,58.0,4.55,9.817210070512763,1372.2528076171875
707,ideal_point_compromise,5.05,67.0,4.4,9.956926789437404,1425.655517578125
707,longevity,5.0,67.0,4.0,10.213803477106172,1475.22509765625
708,fast_charge,5.2,58.0,4.55,9.817210070512763,1267.869384765625
708,ideal_point_compromise,5.2,59.0,4.2,10.031495784798476,1301.56201171875
708,longevity,5.3,54.0,4.0,10.237011024275983,1321.801025390625
709,fast_charge,5.2,58.0,4.55,9.817210070512763,1388.8956298828125
709,ideal_point_compromise,4.95,72.0,4.6,9.994554465248461,1453.9853515625
709,longevity,4.8,80.0,4.8,10.22380347710617,1490.1669921875
710,fast_charge,5.2,58.0,4.55,9.817210070512763,1464.381591796875
710,ideal_point_compromise,4.05,30.0,5.65,9.97798243482495,1486.9456787109375
710,longevity,3.7,31.0,5.9,10.233881351590824,1494.7318115234375
711,fast_charge,5.2,58.0,4.55,9.817210070512763,1274.05126953125
711,ideal_point_compromise,5.1,64.0,4.25,10.012038771223818,1309.0782470703125
711,longevity,5.0,67.0,4.0,10.213803477106172,1331.2410888671875
712,fast_charge,5.2,58.0,4.55,9.817210070512763,1377.543212890625
712,ideal_point_compromise,4.05,30.0,5.65,9.97798243482495,1423.889892578125
712,longevity,3.7,31.0,5.9,10.233881351590824,1450.4046630859375
713,fast_charge,5.2,58.0,4.55,9.817210070512763,1357.772216796875
713,ideal_point_compromise,5.1,64.0,4.25,10.012038771223818,1375.2974853515625
713,longevity,5.0,67.0,4.0,10.213803477106172,1388.6727294921875
714,fast_charge,5.2,58.0,4.55,9.817210070512763,1278.25390625
714,ideal_point_compromise,5.2,59.0,4.2,10.031495784798476,1312.23779296875
714,longevity,5.3,54.0,4.0,10.237011024275983,1332.655029296875
715,fast_charge,5.2,58.0,4.55,9.817210070512763,1216.82958984375
715,ideal_point_compromise,5.1,64.0,4.25,10.012038771223818,1258.521240234375
715,longevity,5.0,67.0,4.0,10.213803477106172,1286.1971435546875
716,fast_charge,5.2,58.0,4.55,9.817210070512763,1303.5167236328125
716,ideal_point_compromise,5.1,64.0,4.25,10.012038771223818,1339.60693359375
716,longevity,5.0,67.0,4.0,10.213803477106172,1363.5347900390625
717,fast_charge,5.2,58.0,4.55,9.817210070512763,1409.775634765625
717,ideal_point_compromise,5.2,59.0,4.2,10.031495784798476,1417.3663330078125
717,longevity,5.3,54.0,4.0,10.237011024275983,1422.4443359375
718,fast_charge,5.2,58.0,4.55,9.817210070512763,1454.2694091796875
718,ideal_point_compromise,4.95,72.0,4.6,9.994554465248461,1485.740478515625
718,longevity,4.8,80.0,4.8,10.22380347710617,1501.902587890625
719,fast_charge,5.2,58.0,4.55,9.817210070512763,1338.43115234375
719,ideal_point_compromise,5.1,64.0,4.25,10.012038771223818,1397.5904541015625
719,longevity,5.0,67.0,4.0,10.213803477106172,1436.03857421875
720,fast_charge,5.2,58.0,4.55,9.817210070512763,1386.953857421875
720,ideal_point_compromise,5.2,59.0,4.2,10.031495784798476,1478.5887451171875
720,longevity,5.3,54.0,4.0,10.237011024275983,1529.421630859375
721,fast_charge,5.2,58.0,4.55,9.817210070512763,1494.1748046875
721,ideal_point_compromise,4.2,29.0,5.55,9.880174133476826,1558.59765625
721,longevity,3.7,31.0,5.9,10.233881351590824,1611.7364501953125
722,fast_charge,5.2,58.0,4.55,9.817210070512763,1243.86669921875
722,ideal_point_compromise,5.2,59.0,4.2,10.031495784798476,1274.93212890625
722,longevity,5.3,54.0,4.0,10.237011024275983,1291.48876953125
723,fast_charge,5.2,58.0,4.55,9.817210070512763,1220.989013671875
723,ideal_point_compromise,5.4,47.0,4.4,9.946025699328391,1252.42333984375
723,longevity,5.6,36.0,4.3,10.220481217969958,1280.8612060546875
724,fast_charge,5.2,58.0,4.55,9.817210070512763,1259.8031005859375
724,ideal_point_compromise,5.2,59.0,4.2,10.031495784798476,1322.6783447265625
724,longevity,5.0,67.0,4.0,10.213803477106172,1357.443359375
725,fast_charge,5.2,58.0,4.55,9.817210070512763,1283.5169677734375
725,ideal_point_compromise,5.1,64.0,4.25,10.012038771223818,1348.58935546875
725,longevity,5.0,67.0,4.0,10.213803477106172,1396.376953125
726,fast_charge,5.2,58.0,4.55,9.817210070512763,1333.8577880859375
726,ideal_point_compromise,5.05,67.0,4.4,9.956926789437404,1362.76416015625
726,longevity,5.0,67.0,4.0,10.213803477106172,1397.9012451171875
727,fast_charge,5.2,58.0,4.55,9.817210070512763,1486.5054931640625
727,ideal_point_compromise,4.2,29.0,5.55,9.880174133476826,1576.553466796875
727,longevity,3.7,31.0,5.9,10.233881351590824,1650.204833984375
728,fast_charge,5.2,58.0,4.55,9.817210070512763,1400.4012451171875
728,ideal_point_compromise,5.05,67.0,4.4,9.956926789437404,1411.70361328125
728,longevity,5.0,67.0,4.0,10.213803477106172,1419.635986328125
729,fast_charge,5.2,58.0,4.55,9.817210070512763,1338.028076171875
729,ideal_point_compromise,5.1,64.0,4.25,10.012038771223818,1374.6180419921875
729,longevity,5.0,67.0,4.0,10.213803477106172,1398.7413330078125
730,fast_charge,5.2,58.0,4.55,9.817210070512763,1259.1536865234375
730,ideal_point_compromise,5.1,64.0,4.25,10.012038771223818,1287.4732666015625
730,longevity,5.0,67.0,4.0,10.213803477106172,1306.3228759765625
731,fast_charge,5.2,58.0,4.55,9.817210070512763,1258.674560546875
731,ideal_point_compromise,5.05,67.0,4.4,9.956926789437404,1300.9501953125
731,longevity,5.0,67.0,4.0,10.213803477106172,1338.2552490234375
732,fast_charge,5.2,58.0,4.55,9.817210070512763,1208.2078857421875
732,ideal_point_compromise,5.4,47.0,4.4,9.946025699328391,1251.0966796875
732,longevity,5.3,54.0,4.0,10.237011024275983,1294.60595703125
733,fast_charge,5.2,58.0,4.55,9.817210070512763,1421.1612548828125
733,ideal_point_compromise,4.95,71.0,4.7,9.97880025337954,1447.7879638671875
733,longevity,4.8,80.0,4.8,10.22380347710617,1467.42724609375
734,fast_charge,5.2,58.0,4.55,9.817210070512763,1299.799072265625
734,ideal_point_compromise,5.05,67.0,4.4,9.956926789437404,1355.4573974609375
734,longevity,5.0,67.0,4.0,10.213803477106172,1396.56005859375
735,fast_charge,5.2,58.0,4.55,9.817210070512763,1485.817626953125
735,ideal_point_compromise,4.2,29.0,5.55,9.880174133476826,1640.47802734375
735,longevity,3.7,31.0,5.9,10.233881351590824,1754.156982421875
736,fast_charge,5.2,58.0,4.55,9.817210070512763,1311.6732177734375
736,ideal_point_compromise,5.1,64.0,4.25,10.012038771223818,1363.10888671875
736,longevity,5.0,67.0,4.0,10.213803477106172,1393.69091796875
737,fast_charge,5.2,58.0,4.55,9.817210070512763,1253.722412109375
737,ideal_point_compromise,5.4,47.0,4.4,9.946025699328391,1312.8876953125
737,longevity,5.3,54.0,4.0,10.237011024275983,1384.372802734375
738,fast_charge,5.2,58.0,4.55,9.817210070512763,1350.126220703125
738,ideal_point_compromise,5.05,67.0,4.4,9.956926789437404,1370.750732421875
738,longevity,5.0,67.0,4.0,10.213803477106172,1386.072265625
739,fast_charge,5.2,58.0,4.55,9.817210070512763,1272.3880615234375
739,ideal_point_compromise,5.4,47.0,4.4,9.946025699328391,1311.9329833984375
739,longevity,5.6,36.0,4.3,10.220481217969958,1348.2890625
740,fast_charge,5.2,58.0,4.55,9.817210070512763,1320.1658935546875
740,ideal_point_compromise,5.4,47.0,4.4,9.946025699328391,1327.9422607421875
740,longevity,5.3,54.0,4.0,10.237011024275983,1334.9281005859375
741,fast_charge,5.2,58.0,4.55,9.817210070512763,1384.4940185546875
741,ideal_point_compromise,5.05,67.0,4.4,9.956926789437404,1435.819580078125
741,longevity,5.0,67.0,4.0,10.213803477106172,1502.3480224609375
742,fast_charge,5.2,58.0,4.55,9.817210070512763,1274.5146484375
742,ideal_point_compromise,5.1,64.0,4.25,10.012038771223818,1326.16455078125
742,longevity,5.0,67.0,4.0,10.213803477106172,1361.0614013671875
743,fast_charge,5.2,58.0,4.55,9.817210070512763,1307.1824951171875
743,ideal_point_compromise,5.4,47.0,4.4,9.946025699328391,1373.0576171875
743,longevity,5.3,54.0,4.0,10.237011024275983,1447.2083740234375
744,fast_charge,5.2,58.0,4.55,9.817210070512763,1259.0428466796875
744,ideal_point_compromise,5.05,67.0,4.4,9.956926789437404,1307.1805419921875
744,longevity,5.0,67.0,4.0,10.213803477106172,1359.8660888671875
745,fast_charge,5.2,58.0,4.55,9.817210070512763,1382.2738037109375
745,ideal_point_compromise,5.1,64.0,4.25,10.012038771223818,1417.5855712890625
745,longevity,5.0,67.0,4.0,10.213803477106172,1441.4288330078125
746,fast_charge,5.2,58.0,4.55,9.817210070512763,1232.6680908203125
746,ideal_point_compromise,5.2,59.0,4.2,10.031495784798476,1294.3873291015625
746,longevity,5.3,54.0,4.0,10.237011024275983,1335.066650390625
747,fast_charge,5.2,58.0,4.55,9.817210070512763,1421.88134765625
747,ideal_point_compromise,4.95,71.0,4.7,9.97880025337954,1438.09912109375
747,longevity,4.8,80.0,4.8,10.22380347710617,1449.550048828125
748,fast_charge,5.2,58.0,4.55,9.817210070512763,1357.19482421875
748,ideal_point_compromise,5.2,59.0,4.2,10.031495784798476,1449.7786865234375
748,longevity,5.3,54.0,4.0,10.237011024275983,1501.0526123046875
749,fast_charge,5.2,58.0,4.55,9.817210070512763,1354.3929443359375
749,ideal_point_compromise,5.25,56.0,4.25,10.012038771223818,1381.9949951171875
749,longevity,5.3,54.0,4.0,10.237011024275983,1406.6849365234375
750,fast_charge,5.2,58.0,4.55,9.817210070512763,1311.56884765625
750,ideal_point_compromise,5.05,67.0,4.4,9.956926789437404,1354.767822265625
750,longevity,5.0,67.0,4.0,10.213803477106172,1380.08349609375
751,fast_charge,5.2,58.0,4.55,9.817210070512763,1458.090576171875
751,ideal_point_compromise,5.2,59.0,4.2,10.031495784798476,1518.951904296875
751,longevity,5.3,54.0,4.0,10.237011024275983,1561.5740966796875
752,fast_charge,5.2,58.0,4.55,9.817210070512763,1377.597900390625
752,ideal_point_compromise,5.2,59.0,4.2,10.031495784798476,1475.5987548828125
752,longevity,5.3,54.0,4.0,10.237011024275983,1534.1385498046875
753,fast_charge,5.2,58.0,4.55,9.817210070512763,1311.79736328125
753,ideal_point_compromise,5.05,67.0,4.4,9.956926789437404,1349.0308837890625
753,longevity,5.0,67.0,4.0,10.213803477106172,1388.452392578125
754,fast_charge,5.2,58.0,4.55,9.817210070512763,1222.163330078125
754,ideal_point_compromise,5.3,53.0,4.3,9.991245337571288,1266.45703125
754,longevity,5.3,54.0,4.0,10.237011024275983,1313.24755859375
755,fast_charge,5.2,58.0,4.55,9.817210070512763,1492.5576171875
755,ideal_point_compromise,4.2,29.0,5.55,9.880174133476826,1571.4683837890625
755,longevity,3.7,31.0,5.9,10.233881351590824,1593.5870361328125
756,fast_charge,5.2,58.0,4.55,9.817210070512763,1316.5595703125
756,ideal_point_compromise,5.25,56.0,4.25,10.012038771223818,1400.246337890625
756,longevity,5.3,54.0,4.0,10.237011024275983,1423.9654541015625
757,fast_charge,5.2,58.0,4.55,9.817210070512763,1449.3043212890625
757,ideal_point_compromise,4.05,30.0,5.65,9.97798243482495,1556.6898193359375
757,longevity,3.7,31.0,5.9,10.233881351590824,1618.9014892578125
758,fast_charge,5.2,58.0,4.55,9.817210070512763,1417.4918212890625
758,ideal_point_compromise,5.15,23.0,4.9,9.883006964326299,1452.2222900390625
758,longevity,5.6,19.0,4.6,10.216039501950892,1473.3345947265625
759,fast_charge,5.2,58.0,4.55,9.817210070512763,1356.0501708984375
759,ideal_point_compromise,5.2,59.0,4.2,10.031495784798476,1377.5587158203125
759,longevity,5.0,67.0,4.0,10.213803477106172,1391.63818359375
760,fast_charge,5.2,58.0,4.55,9.817210070512763,1362.6943359375
760,ideal_point_compromise,5.0,69.0,4.65,9.923158315815847,1460.678466796875
760,longevity,4.85,77.0,4.65,10.136673447176008,1579.171630859375
761,fast_charge,5.2,58.0,4.55,9.817210070512763,1279.83642578125
761,ideal_point_compromise,5.1,64.0,4.25,10.012038771223818,1331.182861328125
761,longevity,5.0,67.0,4.0,10.213803477106172,1364.5400390625
762,fast_charge,5.2,58.0,4.55,9.817210070512763,1378.8958740234375
762,ideal_point_compromise,4.95,71.0,4.7,9.97880025337954,1419.1905517578125
762,longevity,4.8,80.0,4.8,10.22380347710617,1447.269775390625
763,fast_charge,5.2,58.0,4.55,9.817210070512763,1308.2593994140625
763,ideal_point_compromise,4.2,29.0,5.55,9.880174133476826,1355.791748046875
763,longevity,3.7,31.0,5.9,10.233881351590824,1389.289306640625
764,fast_charge,5.2,58.0,4.55,9.817210070512763,1293.276123046875
764,ideal_point_compromise,5.2,59.0,4.2,10.031495784798476,1323.135498046875
764,longevity,5.3,54.0,4.0,10.237011024275983,1339.9072265625
765,fast_charge,5.2,58.0,4.55,9.817210070512763,1245.475341796875
765,ideal_point_compromise,5.05,67.0,4.4,9.956926789437404,1279.8443603515625
765,longevity,5.0,67.0,4.0,10.213803477106172,1315.1544189453125
766,fast_charge,5.2,58.0,4.55,9.817210070512763,1292.314697265625
766,ideal_point_compromise,5.2,59.0,4.2,10.031495784798476,1328.7552490234375
766,longevity,5.3,54.0,4.0,10.237011024275983,1352.4190673828125
767,fast_charge,5.2,58.0,4.55,9.817210070512763,1266.9208984375
767,ideal_point_compromise,5.1,64.0,4.25,10.012038771223818,1315.208251953125
767,longevity,5.0,67.0,4.0,10.213803477106172,1345.261474609375
768,fast_charge,5.2,58.0,4.55,9.817210070512763,1189.7838134765625
768,ideal_point_compromise,5.1,64.0,4.25,10.012038771223818,1218.055419921875
768,longevity,5.0,67.0,4.0,10.213803477106172,1237.1719970703125
769,fast_charge,5.2,58.0,4.55,9.817210070512763,1373.697265625
769,ideal_point_compromise,5.2,59.0,4.2,10.031495784798476,1415.171630859375
769,longevity,5.3,54.0,4.0,10.237011024275983,1437.19091796875
770,fast_charge,5.2,58.0,4.55,9.817210070512763,1301.9803466796875
770,ideal_point_compromise,5.4,47.0,4.4,9.946025699328391,1341.815673828125
770,longevity,5.6,36.0,4.3,10.220481217969958,1379.3798828125
771,fast_charge,5.2,58.0,4.55,9.817210070512763,1278.68212890625
771,ideal_point_compromise,5.05,67.0,4.4,9.956926789437404,1338.709716796875
771,longevity,5.0,67.0,4.0,10.213803477106172,1424.694091796875
772,fast_charge,5.2,58.0,4.55,9.817210070512763,1316.626953125
772,ideal_point_compromise,5.05,67.0,4.4,9.956926789437404,1343.6585693359375
772,longevity,5.0,67.0,4.0,10.213803477106172,1360.1995849609375
773,fast_charge,5.2,58.0,4.55,9.817210070512763,1470.078125
773,ideal_point_compromise,4.95,71.0,4.7,9.97880025337954,1522.0828857421875
773,longevity,4.8,80.0,4.8,10.22380347710617,1561.460205078125
774,fast_charge,5.2,58.0,4.55,9.817210070512763,1292.01513671875
774,ideal_point_compromise,5.2,59.0,4.2,10.031495784798476,1325.849365234375
774,longevity,5.3,54.0,4.0,10.237011024275983,1347.0557861328125
775,fast_charge,5.2,58.0,4.55,9.817210070512763,1469.5848388671875
775,ideal_point_compromise,4.2,29.0,5.55,9.880174133476826,1615.8399658203125
775,longevity,3.7,31.0,5.9,10.233881351590824,1702.0164794921875
776,fast_charge,5.2,58.0,4.55,9.817210070512763,1442.3228759765625
776,ideal_point_compromise,4.95,71.0,4.7,9.97880025337954,1470.9617919921875
776,longevity,4.8,80.0,4.8,10.22380347710617,1491.2445068359375
777,fast_charge,5.2,58.0,4.55,9.817210070512763,1230.2733154296875
777,ideal_point_compromise,5.3,53.0,4.3,9.991245337571288,1276.727294921875
777,longevity,5.3,54.0,4.0,10.237011024275983,1325.79052734375
778,fast_charge,5.2,58.0,4.55,9.817210070512763,1327.8712158203125
778,ideal_point_compromise,5.05,67.0,4.4,9.956926789437404,1362.923828125
778,longevity,5.0,67.0,4.0,10.213803477106172,1398.290771484375
779,fast_charge,5.2,58.0,4.55,9.817210070512763,1333.6844482421875
779,ideal_point_compromise,5.1,64.0,4.25,10.012038771223818,1379.4112548828125
779,longevity,5.0,67.0,4.0,10.213803477106172,1410.66650390625
780,fast_charge,5.2,58.0,4.55,9.817210070512763,1331.4925537109375
780,ideal_point_compromise,5.05,67.0,4.4,9.956926789437404,1355.6982421875
780,longevity,5.0,67.0,4.0,10.213803477106172,1378.29248046875
781,fast_charge,5.2,58.0,4.55,9.817210070512763,1218.5177001953125
781,ideal_point_compromise,5.1,64.0,4.25,10.012038771223818,1278.6937255859375
781,longevity,5.0,67.0,4.0,10.213803477106172,1320.6173095703125
782,fast_charge,5.2,58.0,4.55,9.817210070512763,1388.0341796875
782,ideal_point_compromise,4.95,72.0,4.6,9.994554465248461,1429.1314697265625
782,longevity,4.8,80.0,4.8,10.22380347710617,1454.697265625
783,fast_charge,5.2,58.0,4.55,9.817210070512763,1275.087646484375
783,ideal_point_compromise,5.2,59.0,4.2,10.031495784798476,1346.8040771484375
783,longevity,5.3,54.0,4.0,10.237011024275983,1389.7894287109375
784,fast_charge,5.2,58.0,4.55,9.817210070512763,1374.9521484375
784,ideal_point_compromise,5.05,67.0,4.4,9.956926789437404,1405.9866943359375
784,longevity,5.0,67.0,4.0,10.213803477106172,1433.2633056640625
785,fast_charge,5.2,58.0,4.55,9.817210070512763,1328.440673828125
785,ideal_point_compromise,5.05,67.0,4.4,9.956926789437404,1365.5712890625
785,longevity,5.0,67.0,4.0,10.213803477106172,1399.702880859375
786,fast_charge,5.2,58.0,4.55,9.817210070512763,1229.6771240234375
786,ideal_point_compromise,5.05,67.0,4.4,9.956926789437404,1276.5888671875
786,longevity,5.0,67.0,4.0,10.213803477106172,1319.700439453125
787,fast_charge,5.2,58.0,4.55,9.817210070512763,1308.4080810546875
787,ideal_point_compromise,5.2,59.0,4.2,10.031495784798476,1339.3094482421875
787,longevity,5.3,54.0,4.0,10.237011024275983,1356.7156982421875
788,fast_charge,5.2,58.0,4.55,9.817210070512763,1300.5211181640625
788,ideal_point_compromise,5.2,59.0,4.2,10.031495784798476,1360.4422607421875
788,longevity,5.3,54.0,4.0,10.237011024275983,1391.94580078125
789,fast_charge,5.2,58.0,4.55,9.817210070512763,1121.58544921875
789,ideal_point_compromise,5.4,47.0,4.4,9.946025699328391,1165.162109375
789,longevity,5.6,36.0,4.3,10.220481217969958,1202.65625
790,fast_charge,5.2,58.0,4.55,9.817210070512763,1405.2943115234375
790,ideal_point_compromise,5.2,59.0,4.2,10.031495784798476,1449.1798095703125
790,longevity,5.3,54.0,4.0,10.237011024275983,1474.1629638671875
791,fast_charge,5.2,58.0,4.55,9.817210070512763,1407.9267578125
791,ideal_point_compromise,5.05,67.0,4.4,9.956926789437404,1457.439208984375
791,longevity,5.0,67.0,4.0,10.213803477106172,1484.939697265625
792,fast_charge,5.2,58.0,4.55,9.817210070512763,1490.2408447265625
792,ideal_point_compromise,4.95,72.0,4.6,9.994554465248461,1540.26171875
792,longevity,4.8,80.0,4.8,10.22380347710617,1566.4532470703125
793,fast_charge,5.2,58.0,4.55,9.817210070512763,1494.397705078125
793,ideal_point_compromise,4.2,29.0,5.55,9.880174133476826,1581.5723876953125
793,longevity,3.7,31.0,5.9,10.233881351590824,1620.4241943359375
794,fast_charge,5.2,58.0,4.55,9.817210070512763,1413.656494140625
794,ideal_point_compromise,5.4,47.0,4.4,9.946025699328391,1418.19287109375
794,longevity,5.6,36.0,4.3,10.220481217969958,1422.42626953125
795,fast_charge,5.2,58.0,4.55,9.817210070512763,1378.3951416015625
795,ideal_point_compromise,5.05,67.0,4.4,9.956926789437404,1435.4622802734375
795,longevity,5.0,67.0,4.0,10.213803477106172,1495.474853515625
796,fast_charge,5.2,58.0,4.55,9.817210070512763,1413.825927734375
796,ideal_point_compromise,5.2,59.0,4.2,10.031495784798476,1448.3818359375
796,longevity,5.3,54.0,4.0,10.237011024275983,1468.4285888671875
797,fast_charge,5.2,58.0,4.55,9.817210070512763,1500.6285400390625
797,ideal_point_compromise,4.2,29.0,5.55,9.880174133476826,1663.83837890625
797,longevity,3.7,31.0,5.9,10.233881351590824,1762.742431640625
798,fast_charge,5.2,58.0,4.55,9.817210070512763,1298.7071533203125
798,ideal_point_compromise,5.35,50.0,4.35,9.969211147102948,1325.2034912109375
798,longevity,5.3,54.0,4.0,10.237011024275983,1355.995849609375
799,fast_charge,5.2,58.0,4.55,9.817210070512763,1369.3978271484375
799,ideal_point_compromise,5.1,64.0,4.25,10.012038771223818,1402.762451171875
799,longevity,5.0,67.0,4.0,10.213803477106172,1423.041259765625
800,fast_charge,5.2,58.0,4.55,9.817210070512763,1474.74755859375
800,ideal_point_compromise,4.95,71.0,4.7,9.97880025337954,1522.68115234375
800,longevity,4.8,80.0,4.8,10.22380347710617,1556.6845703125
801,fast_charge,5.2,58.0,4.55,9.817210070512763,1419.525390625
801,ideal_point_compromise,4.2,29.0,5.55,9.880174133476826,1483.43408203125
801,longevity,3.7,31.0,5.9,10.233881351590824,1521.9007568359375
802,fast_charge,5.2,58.0,4.55,9.817210070512763,1431.110595703125
802,ideal_point_compromise,4.2,29.0,5.55,9.880174133476826,1522.84228515625
802,longevity,3.7,31.0,5.9,10.233881351590824,1599.7991943359375
803,fast_charge,5.2,58.0,4.55,9.817210070512763,1451.7530517578125
803,ideal_point_compromise,4.2,29.0,5.55,9.880174133476826,1542.21875
803,longevity,3.7,31.0,5.9,10.233881351590824,1604.2877197265625
804,fast_charge,5.2,58.0,4.55,9.817210070512763,1449.8277587890625
804,ideal_point_compromise,4.95,71.0,4.7,9.97880025337954,1455.77490234375
804,longevity,4.8,80.0,4.8,10.22380347710617,1460.266845703125
805,fast_charge,5.2,58.0,4.55,9.817210070512763,1278.202880859375
805,ideal_point_compromise,5.1,64.0,4.25,10.012038771223818,1309.53955078125
805,longevity,5.0,67.0,4.0,10.213803477106172,1330.7587890625
806,fast_charge,5.2,58.0,4.55,9.817210070512763,1319.3121337890625
806,ideal_point_compromise,5.1,64.0,4.25,10.012038771223818,1368.8746337890625
806,longevity,5.0,67.0,4.0,10.213803477106172,1403.71044921875
807,fast_charge,5.2,58.0,4.55,9.817210070512763,1307.38037109375
807,ideal_point_compromise,5.4,47.0,4.4,9.946025699328391,1341.94921875
807,longevity,5.6,36.0,4.3,10.220481217969958,1373.5418701171875
808,fast_charge,5.2,58.0,4.55,9.817210070512763,1457.968994140625
808,ideal_point_compromise,4.2,29.0,5.55,9.880174133476826,1538.111572265625
808,longevity,3.7,31.0,5.9,10.233881351590824,1608.34521484375
809,fast_charge,5.2,58.0,4.55,9.817210070512763,1299.13720703125
809,ideal_point_compromise,5.1,64.0,4.25,10.012038771223818,1361.2147216796875
809,longevity,5.0,67.0,4.0,10.213803477106172,1403.100341796875
810,fast_charge,5.2,58.0,4.55,9.817210070512763,1342.822265625
810,ideal_point_compromise,5.4,47.0,4.4,9.946025699328391,1370.6907958984375
810,longevity,5.6,36.0,4.3,10.220481217969958,1394.7469482421875
811,fast_charge,5.2,58.0,4.55,9.817210070512763,1390.99072265625
811,ideal_point_compromise,5.1,64.0,4.25,10.012038771223818,1435.1265869140625
811,longevity,5.0,67.0,4.0,10.213803477106172,1465.834716796875
812,fast_charge,5.2,58.0,4.55,9.817210070512763,1365.0587158203125
812,ideal_point_compromise,5.05,67.0,4.4,9.956926789437404,1403.1353759765625
812,longevity,5.0,67.0,4.0,10.213803477106172,1432.1458740234375
813,fast_charge,5.2,58.0,4.55,9.817210070512763,1356.2991943359375
813,ideal_point_compromise,5.1,64.0,4.25,10.012038771223818,1403.325439453125
813,longevity,5.0,67.0,4.0,10.213803477106172,1443.3765869140625
814,fast_charge,5.2,58.0,4.55,9.817210070512763,1233.1368408203125
814,ideal_point_compromise,5.2,59.0,4.2,10.031495784798476,1254.9981689453125
814,longevity,5.3,54.0,4.0,10.237011024275983,1267.2255859375
815,fast_charge,5.2,58.0,4.55,9.817210070512763,1171.98828125
815,ideal_point_compromise,5.4,47.0,4.4,9.946025699328391,1207.266357421875
815,longevity,5.3,54.0,4.0,10.237011024275983,1246.194091796875
816,fast_charge,5.2,58.0,4.55,9.817210070512763,1421.7225341796875
816,ideal_point_compromise,4.2,29.0,5.55,9.880174133476826,1570.872314453125
816,longevity,3.7,31.0,5.9,10.233881351590824,1706.65380859375
817,fast_charge,5.2,58.0,4.55,9.817210070512763,1399.825439453125
817,ideal_point_compromise,5.1,64.0,4.25,10.012038771223818,1434.351806640625
817,longevity,5.0,67.0,4.0,10.213803477106172,1456.080810546875
818,fast_charge,5.2,58.0,4.55,9.817210070512763,1286.9039306640625
818,ideal_point_compromise,5.05,67.0,4.4,9.956926789437404,1309.1533203125
818,longevity,5.0,67.0,4.0,10.213803477106172,1330.9395751953125
819,fast_charge,5.2,58.0,4.55,9.817210070512763,1286.475341796875
819,ideal_point_compromise,5.15,23.0,4.9,9.883006964326299,1341.93115234375
819,longevity,5.6,19.0,4.6,10.216039501950892,1392.1292724609375
820,fast_charge,5.2,58.0,4.55,9.817210070512763,1205.904052734375
820,ideal_point_compromise,5.25,56.0,4.25,10.012038771223818,1241.4403076171875
820,longevity,5.3,54.0,4.0,10.237011024275983,1272.8095703125
821,fast_charge,5.2,58.0,4.55,9.817210070512763,1454.7666015625
821,ideal_point_compromise,5.05,67.0,4.4,9.956926789437404,1489.07177734375
821,longevity,5.0,67.0,4.0,10.213803477106172,1523.8670654296875
822,fast_charge,5.2,58.0,4.55,9.817210070512763,1429.7982177734375
822,ideal_point_compromise,4.95,72.0,4.6,9.994554465248461,1445.6954345703125
822,longevity,4.8,80.0,4.8,10.22380347710617,1453.5535888671875
823,fast_charge,5.2,58.0,4.55,9.817210070512763,1370.856201171875
823,ideal_point_compromise,5.2,59.0,4.2,10.031495784798476,1396.44580078125
823,longevity,5.3,54.0,4.0,10.237011024275983,1408.9302978515625
824,fast_charge,5.2,58.0,4.55,9.817210070512763,1460.7059326171875
824,ideal_point_compromise,4.95,71.0,4.7,9.97880025337954,1470.271240234375
824,longevity,4.8,80.0,4.8,10.22380347710617,1477.3153076171875
825,fast_charge,5.2,58.0,4.55,9.817210070512763,1451.1212158203125
825,ideal_point_compromise,5.4,34.0,4.65,9.93706512585169,1464.726806640625
825,longevity,5.6,19.0,4.6,10.216039501950892,1478.0164794921875
826,fast_charge,5.2,58.0,4.55,9.817210070512763,1469.048583984375
826,ideal_point_compromise,5.0,69.0,4.65,9.923158315815847,1485.191650390625
826,longevity,4.8,80.0,4.8,10.22380347710617,1502.4927978515625
827,fast_charge,5.2,58.0,4.55,9.817210070512763,1263.5242919921875
827,ideal_point_compromise,5.1,64.0,4.25,10.012038771223818,1298.9931640625
827,longevity,5.0,67.0,4.0,10.213803477106172,1323.916748046875
828,fast_charge,5.2,58.0,4.55,9.817210070512763,1235.3499755859375
828,ideal_point_compromise,5.1,64.0,4.25,10.012038771223818,1292.5325927734375
828,longevity,5.0,67.0,4.0,10.213803477106172,1330.4747314453125
829,fast_charge,5.2,58.0,4.55,9.817210070512763,1411.8480224609375
829,ideal_point_compromise,5.05,67.0,4.4,9.956926789437404,1430.5640869140625
829,longevity,5.0,67.0,4.0,10.213803477106172,1447.7623291015625
830,fast_charge,5.2,58.0,4.55,9.817210070512763,1308.7886962890625
830,ideal_point_compromise,5.05,67.0,4.4,9.956926789437404,1329.602294921875
830,longevity,5.0,67.0,4.0,10.213803477106172,1347.525634765625
831,fast_charge,5.2,58.0,4.55,9.817210070512763,1330.99267578125
831,ideal_point_compromise,5.1,64.0,4.25,10.012038771223818,1379.582763671875
831,longevity,5.0,67.0,4.0,10.213803477106172,1421.07080078125
832,fast_charge,5.2,58.0,4.55,9.817210070512763,1421.5333251953125
832,ideal_point_compromise,4.95,72.0,4.6,9.994554465248461,1459.2601318359375
832,longevity,4.8,80.0,4.8,10.22380347710617,1478.4891357421875
833,fast_charge,5.2,58.0,4.55,9.817210070512763,1383.061279296875
833,ideal_point_compromise,5.1,64.0,4.25,10.012038771223818,1420.4805908203125
833,longevity,5.0,67.0,4.0,10.213803477106172,1445.94189453125
834,fast_charge,5.2,58.0,4.55,9.817210070512763,1221.863525390625
834,ideal_point_compromise,5.1,64.0,4.25,10.012038771223818,1293.2264404296875
834,longevity,5.0,67.0,4.0,10.213803477106172,1343.404541015625
835,fast_charge,5.2,58.0,4.55,9.817210070512763,896.2527465820312
835,ideal_point_compromise,5.15,23.0,4.9,9.883006964326299,1204.1102294921875
835,longevity,5.6,19.0,4.6,10.216039501950892,1322.6669921875
836,fast_charge,5.2,58.0,4.55,9.817210070512763,1334.9735107421875
836,ideal_point_compromise,5.1,64.0,4.25,10.012038771223818,1370.0623779296875
836,longevity,5.0,67.0,4.0,10.213803477106172,1393.4693603515625
837,fast_charge,5.2,58.0,4.55,9.817210070512763,1255.68359375
837,ideal_point_compromise,5.2,59.0,4.2,10.031495784798476,1284.975830078125
837,longevity,5.3,54.0,4.0,10.237011024275983,1299.667724609375
838,fast_charge,5.2,58.0,4.55,9.817210070512763,1433.6300048828125
838,ideal_point_compromise,4.05,30.0,5.65,9.97798243482495,1530.258544921875
838,longevity,3.7,31.0,5.9,10.233881351590824,1587.5479736328125
839,fast_charge,5.2,58.0,4.55,9.817210070512763,1453.8468017578125
839,ideal_point_compromise,5.05,67.0,4.4,9.956926789437404,1482.42138671875
839,longevity,5.0,67.0,4.0,10.213803477106172,1506.12646484375
840,fast_charge,5.2,58.0,4.55,9.817210070512763,1341.1790771484375
840,ideal_point_compromise,5.05,67.0,4.4,9.956926789437404,1367.1123046875
840,longevity,5.0,67.0,4.0,10.213803477106172,1385.9061279296875
841,fast_charge,5.2,58.0,4.55,9.817210070512763,1271.0723876953125
841,ideal_point_compromise,5.2,59.0,4.2,10.031495784798476,1303.936767578125
841,longevity,5.3,54.0,4.0,10.237011024275983,1325.49560546875
842,fast_charge,5.2,58.0,4.55,9.817210070512763,1251.5496826171875
842,ideal_point_compromise,5.2,59.0,4.2,10.031495784798476,1299.2384033203125
842,longevity,5.3,54.0,4.0,10.237011024275983,1324.6773681640625
843,fast_charge,5.2,58.0,4.55,9.817210070512763,1227.763916015625
843,ideal_point_compromise,5.2,59.0,4.2,10.031495784798476,1287.900146484375
843,longevity,5.3,54.0,4.0,10.237011024275983,1323.647705078125
844,fast_charge,5.2,58.0,4.55,9.817210070512763,1429.6500244140625
844,ideal_point_compromise,4.2,29.0,5.55,9.880174133476826,1603.583984375
844,longevity,3.7,31.0,5.9,10.233881351590824,1733.4957275390625
845,fast_charge,5.2,58.0,4.55,9.817210070512763,1298.669677734375
845,ideal_point_compromise,5.1,64.0,4.25,10.012038771223818,1365.2486572265625
845,longevity,5.0,67.0,4.0,10.213803477106172,1413.8505859375
846,fast_charge,5.2,58.0,4.55,9.817210070512763,1317.4183349609375
846,ideal_point_compromise,5.1,64.0,4.25,10.012038771223818,1354.71435546875
846,longevity,5.0,67.0,4.0,10.213803477106172,1380.477783203125
847,fast_charge,5.2,58.0,4.55,9.817210070512763,1398.2684326171875
847,ideal_point_compromise,4.2,29.0,5.55,9.880174133476826,1576.6214599609375
847,longevity,3.7,31.0,5.9,10.233881351590824,1752.111328125
848,fast_charge,5.2,58.0,4.55,9.817210070512763,1442.7813720703125
848,ideal_point_compromise,5.05,67.0,4.4,9.956926789437404,1451.5927734375
848,longevity,5.0,67.0,4.0,10.213803477106172,1456.383056640625
849,fast_charge,5.2,58.0,4.55,9.817210070512763,1315.7235107421875
849,ideal_point_compromise,5.1,64.0,4.25,10.012038771223818,1367.7518310546875
849,longevity,5.0,67.0,4.0,10.213803477106172,1403.8455810546875
850,fast_charge,5.2,58.0,4.55,9.817210070512763,1267.3021240234375
850,ideal_point_compromise,5.05,67.0,4.4,9.956926789437404,1308.9473876953125
850,longevity,5.0,67.0,4.0,10.213803477106172,1351.5357666015625
851,fast_charge,5.2,58.0,4.55,9.817210070512763,1364.468017578125
851,ideal_point_compromise,5.2,59.0,4.2,10.031495784798476,1454.7100830078125
851,longevity,5.3,54.0,4.0,10.237011024275983,1513.0523681640625
852,fast_charge,5.2,58.0,4.55,9.817210070512763,1310.786376953125
852,ideal_point_compromise,5.05,67.0,4.4,9.956926789437404,1335.2139892578125
852,longevity,5.0,67.0,4.0,10.213803477106172,1359.0748291015625
853,fast_charge,5.2,58.0,4.55,9.817210070512763,1419.91943359375
853,ideal_point_compromise,5.05,67.0,4.4,9.956926789437404,1460.7874755859375
853,longevity,5.0,67.0,4.0,10.213803477106172,1502.58984375
854,fast_charge,5.2,58.0,4.55,9.817210070512763,1352.0523681640625
854,ideal_point_compromise,5.05,67.0,4.4,9.956926789437404,1414.4864501953125
854,longevity,5.0,67.0,4.0,10.213803477106172,1468.8531494140625
855,fast_charge,5.2,58.0,4.55,9.817210070512763,1391.186279296875
855,ideal_point_compromise,5.15,23.0,4.9,9.883006964326299,1458.0162353515625
855,longevity,5.6,19.0,4.6,10.216039501950892,1483.5771484375
856,fast_charge,5.2,58.0,4.55,9.817210070512763,1411.2723388671875
856,ideal_point_compromise,5.1,64.0,4.25,10.012038771223818,1444.5059814453125
856,longevity,5.0,67.0,4.0,10.213803477106172,1471.0877685546875
857,fast_charge,5.2,58.0,4.55,9.817210070512763,1333.5965576171875
857,ideal_point_compromise,5.1,64.0,4.25,10.012038771223818,1363.9208984375
857,longevity,5.0,67.0,4.0,10.213803477106172,1380.9581298828125
858,fast_charge,5.2,58.0,4.55,9.817210070512763,1581.8790283203125
858,ideal_point_compromise,4.2,29.0,5.55,9.880174133476826,1725.53955078125
858,longevity,3.7,31.0,5.9,10.233881351590824,1813.51318359375
859,fast_charge,5.2,58.0,4.55,9.817210070512763,1430.3936767578125
859,ideal_point_compromise,4.95,71.0,4.7,9.97880025337954,1497.61962890625
859,longevity,4.8,80.0,4.8,10.22380347710617,1549.0125732421875
860,fast_charge,5.2,58.0,4.55,9.817210070512763,1326.873291015625
860,ideal_point_compromise,5.05,67.0,4.4,9.956926789437404,1351.2034912109375
860,longevity,5.0,67.0,4.0,10.213803477106172,1374.4022216796875
861,fast_charge,5.2,58.0,4.55,9.817210070512763,1216.4287109375
861,ideal_point_compromise,5.2,59.0,4.2,10.031495784798476,1274.154296875
861,longevity,5.3,54.0,4.0,10.237011024275983,1316.1585693359375
862,fast_charge,5.2,58.0,4.55,9.817210070512763,1366.306396484375
862,ideal_point_compromise,4.95,71.0,4.7,9.97880025337954,1398.328857421875
862,longevity,4.8,80.0,4.8,10.22380347710617,1421.771728515625
863,fast_charge,5.2,58.0,4.55,9.817210070512763,1254.8282470703125
863,ideal_point_compromise,5.35,50.0,4.35,9.969211147102948,1305.9908447265625
863,longevity,5.3,54.0,4.0,10.237011024275983,1367.313232421875
864,fast_charge,5.2,58.0,4.55,9.817210070512763,1224.6588134765625
864,ideal_point_compromise,5.2,59.0,4.2,10.031495784798476,1266.7537841796875
864,longevity,5.3,54.0,4.0,10.237011024275983,1290.0697021484375
865,fast_charge,5.2,58.0,4.55,9.817210070512763,1399.71484375
865,ideal_point_compromise,4.05,30.0,5.65,9.97798243482495,1470.13232421875
865,longevity,3.7,31.0,5.9,10.233881351590824,1508.93212890625
866,fast_charge,5.2,58.0,4.55,9.817210070512763,1327.997314453125
866,ideal_point_compromise,5.05,67.0,4.4,9.956926789437404,1358.5283203125
866,longevity,5.0,67.0,4.0,10.213803477106172,1374.0228271484375
867,fast_charge,5.2,58.0,4.55,9.817210070512763,1358.551025390625
867,ideal_point_compromise,5.4,47.0,4.4,9.946025699328391,1363.1298828125
867,longevity,5.6,36.0,4.3,10.220481217969958,1367.2828369140625
868,fast_charge,5.2,58.0,4.55,9.817210070512763,1467.673828125
868,ideal_point_compromise,4.2,29.0,5.55,9.880174133476826,1654.5728759765625
868,longevity,3.7,31.0,5.9,10.233881351590824,1747.7216796875
869,fast_charge,5.2,58.0,4.55,9.817210070512763,1206.0126953125
869,ideal_point_compromise,5.2,59.0,4.2,10.031495784798476,1250.664306640625
869,longevity,5.3,54.0,4.0,10.237011024275983,1280.4818115234375
870,fast_charge,5.2,58.0,4.55,9.817210070512763,1421.214599609375
870,ideal_point_compromise,4.95,72.0,4.6,9.994554465248461,1499.0054931640625
870,longevity,4.8,80.0,4.8,10.22380347710617,1544.390625
871,fast_charge,5.2,58.0,4.55,9.817210070512763,1304.26123046875
871,ideal_point_compromise,5.1,64.0,4.25,10.012038771223818,1352.49462890625
871,longevity,5.3,54.0,4.0,10.237011024275983,1384.0318603515625
872,fast_charge,5.2,58.0,4.55,9.817210070512763,1319.333251953125
872,ideal_point_compromise,5.35,50.0,4.35,9.969211147102948,1357.4180908203125
872,longevity,5.3,54.0,4.0,10.237011024275983,1401.6954345703125
873,fast_charge,5.2,58.0,4.55,9.817210070512763,1543.7025146484375
873,ideal_point_compromise,4.05,30.0,5.65,9.97798243482495,1604.3509521484375
873,longevity,3.7,31.0,5.9,10.233881351590824,1643.8992919921875
874,fast_charge,5.2,58.0,4.55,9.817210070512763,1242.7127685546875
874,ideal_point_compromise,5.05,67.0,4.4,9.956926789437404,1261.303466796875
874,longevity,5.0,67.0,4.0,10.213803477106172,1275.4703369140625
875,fast_charge,5.2,58.0,4.55,9.817210070512763,1417.4229736328125
875,ideal_point_compromise,4.95,71.0,4.7,9.97880025337954,1433.0440673828125
875,longevity,4.8,80.0,4.8,10.22380347710617,1444.456298828125
876,fast_charge,5.2,58.0,4.55,9.817210070512763,1537.8092041015625
876,ideal_point_compromise,4.95,71.0,4.7,9.97880025337954,1558.0037841796875
876,longevity,4.8,80.0,4.8,10.22380347710617,1573.060302734375
877,fast_charge,5.2,58.0,4.55,9.817210070512763,1346.5333251953125
877,ideal_point_compromise,5.1,64.0,4.25,10.012038771223818,1381.9661865234375
877,longevity,5.0,67.0,4.0,10.213803477106172,1411.779296875
878,fast_charge,5.2,58.0,4.55,9.817210070512763,1295.6241455078125
878,ideal_point_compromise,5.2,59.0,4.2,10.031495784798476,1330.943603515625
878,longevity,5.3,54.0,4.0,10.237011024275983,1352.488525390625
879,fast_charge,5.2,58.0,4.55,9.817210070512763,1323.5140380859375
879,ideal_point_compromise,5.4,47.0,4.4,9.946025699328391,1352.840576171875
879,longevity,5.3,54.0,4.0,10.237011024275983,1380.993408203125
880,fast_charge,5.2,58.0,4.55,9.817210070512763,1423.887451171875
880,ideal_point_compromise,5.2,59.0,4.2,10.031495784798476,1476.5650634765625
880,longevity,5.3,54.0,4.0,10.237011024275983,1504.6534423828125
881,fast_charge,5.2,58.0,4.55,9.817210070512763,1213.4415283203125
881,ideal_point_compromise,5.2,59.0,4.2,10.031495784798476,1269.14794921875
881,longevity,5.3,54.0,4.0,10.237011024275983,1300.8031005859375
882,fast_charge,5.2,58.0,4.55,9.817210070512763,1415.049560546875
882,ideal_point_compromise,4.2,29.0,5.55,9.880174133476826,1542.5604248046875
882,longevity,3.7,31.0,5.9,10.233881351590824,1659.5506591796875
883,fast_charge,5.2,58.0,4.55,9.817210070512763,1467.206298828125
883,ideal_point_compromise,4.2,29.0,5.55,9.880174133476826,1632.4752197265625
883,longevity,3.7,31.0,5.9,10.233881351590824,1769.7705078125
884,fast_charge,5.2,58.0,4.55,9.817210070512763,1207.285400390625
884,ideal_point_compromise,5.2,59.0,4.2,10.031495784798476,1259.1158447265625
884,longevity,5.3,54.0,4.0,10.237011024275983,1296.2808837890625
885,fast_charge,5.2,58.0,4.55,9.817210070512763,1449.237548828125
885,ideal_point_compromise,4.2,29.0,5.55,9.880174133476826,1544.513671875
885,longevity,3.7,31.0,5.9,10.233881351590824,1606.7208251953125
886,fast_charge,5.2,58.0,4.55,9.817210070512763,1362.370361328125
886,ideal_point_compromise,4.95,69.0,4.75,9.976913524953058,1362.5753173828125
886,longevity,4.8,80.0,4.8,10.22380347710617,1362.7532958984375
887,fast_charge,5.2,58.0,4.55,9.817210070512763,1485.87158203125
887,ideal_point_compromise,4.2,29.0,5.55,9.880174133476826,1581.87939453125
887,longevity,3.7,31.0,5.9,10.233881351590824,1657.5126953125
888,fast_charge,5.2,58.0,4.55,9.817210070512763,1314.664306640625
888,ideal_point_compromise,5.2,59.0,4.2,10.031495784798476,1351.4312744140625
888,longevity,5.3,54.0,4.0,10.237011024275983,1373.561767578125
889,fast_charge,5.2,58.0,4.55,9.817210070512763,1239.32958984375
889,ideal_point_compromise,5.2,59.0,4.2,10.031495784798476,1286.9263916015625
889,longevity,5.3,54.0,4.0,10.237011024275983,1316.5997314453125
890,fast_charge,5.2,58.0,4.55,9.817210070512763,1439.9066162109375
890,ideal_point_compromise,4.2,29.0,5.55,9.880174133476826,1696.9271240234375
890,longevity,3.7,31.0,5.9,10.233881351590824,1915.3099365234375
891,fast_charge,5.2,58.0,4.55,9.817210070512763,1432.675537109375
891,ideal_point_compromise,5.1,64.0,4.25,10.012038771223818,1468.25927734375
891,longevity,5.0,67.0,4.0,10.213803477106172,1490.3748779296875
892,fast_charge,5.2,58.0,4.55,9.817210070512763,1378.6915283203125
892,ideal_point_compromise,5.05,67.0,4.4,9.956926789437404,1397.226806640625
892,longevity,5.0,67.0,4.0,10.213803477106172,1413.000732421875
893,fast_charge,5.2,58.0,4.55,9.817210070512763,1279.2015380859375
893,ideal_point_compromise,5.1,64.0,4.25,10.012038771223818,1340.47216796875
893,longevity,5.0,67.0,4.0,10.213803477106172,1380.217529296875
894,fast_charge,5.2,58.0,4.55,9.817210070512763,1342.7313232421875
894,ideal_point_compromise,5.1,64.0,4.25,10.012038771223818,1396.1219482421875
894,longevity,5.0,67.0,4.0,10.213803477106172,1441.33349609375
895,fast_charge,5.2,58.0,4.55,9.817210070512763,1520.7781982421875
895,ideal_point_compromise,4.2,29.0,5.55,9.880174133476826,1607.1376953125
895,longevity,3.7,31.0,5.9,10.233881351590824,1652.2557373046875
896,fast_charge,5.2,58.0,4.55,9.817210070512763,1295.0953369140625
896,ideal_point_compromise,5.05,67.0,4.4,9.956926789437404,1342.5999755859375
896,longevity,5.0,67.0,4.0,10.213803477106172,1372.1295166015625
897,fast_charge,5.2,58.0,4.55,9.817210070512763,1307.9171142578125
897,ideal_point_compromise,5.1,64.0,4.25,10.012038771223818,1369.6981201171875
897,longevity,5.0,67.0,4.0,10.213803477106172,1414.0709228515625
898,fast_charge,5.2,58.0,4.55,9.817210070512763,1188.14501953125
898,ideal_point_compromise,5.4,47.0,4.4,9.946025699328391,1240.6834716796875
898,longevity,5.6,36.0,4.3,10.220481217969958,1289.861328125
899,fast_charge,5.2,58.0,4.55,9.817210070512763,1341.1241455078125
899,ideal_point_compromise,4.2,29.0,5.55,9.880174133476826,1400.9700927734375
899,longevity,3.7,31.0,5.9,10.233881351590824,1451.1015625
900,fast_charge,5.2,58.0,4.55,9.817210070512763,1510.709716796875
900,ideal_point_compromise,4.2,29.0,5.55,9.880174133476826,1762.5718994140625
900,longevity,3.7,31.0,5.9,10.233881351590824,1912.4656982421875
901,fast_charge,5.2,58.0,4.55,9.817210070512763,1407.3359375
901,ideal_point_compromise,5.1,64.0,4.25,10.012038771223818,1432.436279296875
901,longevity,5.0,67.0,4.0,10.213803477106172,1452.1832275390625
902,fast_charge,5.2,58.0,4.55,9.817210070512763,1355.811767578125
902,ideal_point_compromise,4.2,29.0,5.55,9.880174133476826,1361.672607421875
902,longevity,3.7,31.0,5.9,10.233881351590824,1363.94384765625
903,fast_charge,5.2,58.0,4.55,9.817210070512763,1344.7125244140625
903,ideal_point_compromise,5.2,59.0,4.2,10.031495784798476,1402.9976806640625
903,longevity,5.3,54.0,4.0,10.237011024275983,1433.07763671875
904,fast_charge,5.2,58.0,4.55,9.817210070512763,1459.1795654296875
904,ideal_point_compromise,5.05,67.0,4.4,9.956926789437404,1506.932373046875
904,longevity,4.8,80.0,4.8,10.22380347710617,1538.5782470703125
905,fast_charge,5.2,58.0,4.55,9.817210070512763,1427.7935791015625
905,ideal_point_compromise,4.95,72.0,4.6,9.994554465248461,1466.7978515625
905,longevity,4.8,80.0,4.8,10.22380347710617,1490.661376953125
906,fast_charge,5.2,58.0,4.55,9.817210070512763,1505.579833984375
906,ideal_point_compromise,4.2,29.0,5.55,9.880174133476826,1616.9622802734375
906,longevity,3.7,31.0,5.9,10.233881351590824,1691.6702880859375
907,fast_charge,5.2,58.0,4.55,9.817210070512763,1367.2327880859375
907,ideal_point_compromise,5.1,64.0,4.25,10.012038771223818,1400.917724609375
907,longevity,5.0,67.0,4.0,10.213803477106172,1423.288818359375
908,fast_charge,5.2,58.0,4.55,9.817210070512763,1242.4539794921875
908,ideal_point_compromise,5.2,59.0,4.2,10.031495784798476,1285.483642578125
908,longevity,5.3,54.0,4.0,10.237011024275983,1307.9100341796875
909,fast_charge,5.2,58.0,4.55,9.817210070512763,1286.188720703125
909,ideal_point_compromise,5.05,67.0,4.4,9.956926789437404,1323.92724609375
909,longevity,5.0,67.0,4.0,10.213803477106172,1358.112548828125
910,fast_charge,5.2,58.0,4.55,9.817210070512763,1374.3428955078125
910,ideal_point_compromise,5.3,53.0,4.3,9.991245337571288,1393.1903076171875
910,longevity,5.3,54.0,4.0,10.237011024275983,1412.0064697265625
911,fast_charge,5.2,58.0,4.55,9.817210070512763,1279.5142822265625
911,ideal_point_compromise,5.05,67.0,4.4,9.956926789437404,1312.635009765625
911,longevity,5.0,67.0,4.0,10.213803477106172,1332.0921630859375
912,fast_charge,5.2,58.0,4.55,9.817210070512763,1417.2745361328125
912,ideal_point_compromise,4.2,29.0,5.55,9.880174133476826,1495.0836181640625
912,longevity,3.7,31.0,5.9,10.233881351590824,1563.114990234375
913,fast_charge,5.2,58.0,4.55,9.817210070512763,1355.3424072265625
913,ideal_point_compromise,5.2,59.0,4.2,10.031495784798476,1432.2261962890625
913,longevity,5.0,67.0,4.0,10.213803477106172,1471.9456787109375
914,fast_charge,5.2,58.0,4.55,9.817210070512763,1246.4876708984375
914,ideal_point_compromise,5.1,64.0,4.25,10.012038771223818,1293.2442626953125
914,longevity,5.0,67.0,4.0,10.213803477106172,1325.5802001953125
915,fast_charge,5.2,58.0,4.55,9.817210070512763,1404.0086669921875
915,ideal_point_compromise,5.05,67.0,4.4,9.956926789437404,1419.7515869140625
915,longevity,5.0,67.0,4.0,10.213803477106172,1432.2408447265625
916,fast_charge,5.2,58.0,4.55,9.817210070512763,1344.6112060546875
916,ideal_point_compromise,5.2,59.0,4.2,10.031495784798476,1421.9541015625
916,longevity,5.3,54.0,4.0,10.237011024275983,1473.129638671875
917,fast_charge,5.2,58.0,4.55,9.817210070512763,1337.3482666015625
917,ideal_point_compromise,5.4,47.0,4.4,9.946025699328391,1346.9267578125
917,longevity,5.3,54.0,4.0,10.237011024275983,1356.98828125
918,fast_charge,5.2,58.0,4.55,9.817210070512763,1471.0574951171875
918,ideal_point_compromise,5.1,64.0,4.25,10.012038771223818,1509.4234619140625
918,longevity,5.0,67.0,4.0,10.213803477106172,1532.4730224609375
919,fast_charge,5.2,58.0,4.55,9.817210070512763,1581.015625
919,ideal_point_compromise,5.1,64.0,4.3,9.985773381346936,1686.944580078125
919,longevity,5.0,67.0,4.0,10.213803477106172,1756.8331298828125
920,fast_charge,5.2,58.0,4.55,9.817210070512763,1378.0576171875
920,ideal_point_compromise,5.2,59.0,4.2,10.031495784798476,1406.8734130859375
920,longevity,5.3,54.0,4.0,10.237011024275983,1421.5030517578125
921,fast_charge,5.2,58.0,4.55,9.817210070512763,1386.020263671875
921,ideal_point_compromise,5.2,59.0,4.2,10.031495784798476,1416.0989990234375
921,longevity,5.3,54.0,4.0,10.237011024275983,1431.81884765625
922,fast_charge,5.2,58.0,4.55,9.817210070512763,1199.2132568359375
922,ideal_point_compromise,5.2,59.0,4.2,10.031495784798476,1248.9825439453125
922,longevity,5.3,54.0,4.0,10.237011024275983,1279.8748779296875
923,fast_charge,5.2,58.0,4.55,9.817210070512763,1310.3592529296875
923,ideal_point_compromise,5.2,59.0,4.2,10.031495784798476,1343.1195068359375
923,longevity,5.3,54.0,4.0,10.237011024275983,1364.0394287109375
924,fast_charge,5.2,58.0,4.55,9.817210070512763,1439.109619140625
924,ideal_point_compromise,5.1,64.0,4.25,10.012038771223818,1488.269775390625
924,longevity,5.0,67.0,4.0,10.213803477106172,1519.2757568359375
925,fast_charge,5.2,58.0,4.55,9.817210070512763,1514.602294921875
925,ideal_point_compromise,4.2,29.0,5.55,9.880174133476826,1753.6019287109375
925,longevity,3.7,31.0,5.9,10.233881351590824,1875.4603271484375
926,fast_charge,5.2,58.0,4.55,9.817210070512763,1500.4752197265625
926,ideal_point_compromise,4.2,29.0,5.55,9.880174133476826,1658.075927734375
926,longevity,3.7,31.0,5.9,10.233881351590824,1753.5177001953125
927,fast_charge,5.2,58.0,4.55,9.817210070512763,1311.685791015625
927,ideal_point_compromise,4.95,71.0,4.7,9.97880025337954,1339.637451171875
927,longevity,4.8,80.0,4.8,10.22380347710617,1360.2357177734375
928,fast_charge,5.2,58.0,4.55,9.817210070512763,1540.860107421875
928,ideal_point_compromise,4.2,29.0,5.55,9.880174133476826,1665.112548828125
928,longevity,3.7,31.0,5.9,10.233881351590824,1718.84033203125
929,fast_charge,5.2,58.0,4.55,9.817210070512763,1261.0040283203125
929,ideal_point_compromise,5.1,64.0,4.25,10.012038771223818,1287.325439453125
929,longevity,5.0,67.0,4.0,10.213803477106172,1305.7740478515625
930,fast_charge,5.2,58.0,4.55,9.817210070512763,1459.346923828125
930,ideal_point_compromise,5.4,47.0,4.4,9.946025699328391,1475.26220703125
930,longevity,5.3,54.0,4.0,10.237011024275983,1491.726318359375
931,fast_charge,5.2,58.0,4.55,9.817210070512763,1338.330322265625
931,ideal_point_compromise,5.2,59.0,4.2,10.031495784798476,1376.0712890625
931,longevity,5.3,54.0,4.0,10.237011024275983,1398.446533203125
932,fast_charge,5.2,58.0,4.55,9.817210070512763,1391.86328125
932,ideal_point_compromise,5.2,59.0,4.2,10.031495784798476,1415.5540771484375
932,longevity,5.3,54.0,4.0,10.237011024275983,1431.244140625
933,fast_charge,5.2,58.0,4.55,9.817210070512763,1385.191162109375
933,ideal_point_compromise,4.95,72.0,4.6,9.994554465248461,1438.28369140625
933,longevity,4.8,80.0,4.8,10.22380347710617,1466.6158447265625
934,fast_charge,5.2,58.0,4.55,9.817210070512763,1304.1795654296875
934,ideal_point_compromise,5.1,64.0,4.25,10.012038771223818,1343.1512451171875
934,longevity,5.0,67.0,4.0,10.213803477106172,1368.7117919921875
935,fast_charge,5.2,58.0,4.55,9.817210070512763,1105.4271240234375
935,ideal_point_compromise,5.2,59.0,4.2,10.031495784798476,1145.7740478515625
935,longevity,5.3,54.0,4.0,10.237011024275983,1168.969482421875
936,fast_charge,5.2,58.0,4.55,9.817210070512763,1171.98828125
936,ideal_point_compromise,5.4,47.0,4.4,9.946025699328391,1207.266357421875
936,longevity,5.3,54.0,4.0,10.237011024275983,1246.194091796875
937,fast_charge,5.2,58.0,4.55,9.817210070512763,1411.0045166015625
937,ideal_point_compromise,5.4,34.0,4.65,9.93706512585169,1451.145263671875
937,longevity,5.6,19.0,4.6,10.216039501950892,1485.607666015625
938,fast_charge,5.2,58.0,4.55,9.817210070512763,1252.645263671875
938,ideal_point_compromise,5.1,64.0,4.25,10.012038771223818,1293.3924560546875
938,longevity,5.0,67.0,4.0,10.213803477106172,1321.7706298828125
939,fast_charge,5.2,58.0,4.55,9.817210070512763,1509.064697265625
939,ideal_point_compromise,4.2,29.0,5.55,9.880174133476826,1626.9114990234375
939,longevity,3.7,31.0,5.9,10.233881351590824,1696.5775146484375
940,fast_charge,5.2,58.0,4.55,9.817210070512763,1395.582763671875
940,ideal_point_compromise,5.05,67.0,4.4,9.956926789437404,1412.9197998046875
940,longevity,5.0,67.0,4.0,10.213803477106172,1424.7764892578125
941,fast_charge,5.2,58.0,4.55,9.817210070512763,1342.8759765625
941,ideal_point_compromise,5.4,47.0,4.4,9.946025699328391,1376.6171875
941,longevity,5.6,36.0,4.3,10.220481217969958,1409.2977294921875
942,fast_charge,5.2,58.0,4.55,9.817210070512763,1193.3463134765625
942,ideal_point_compromise,5.2,59.0,4.2,10.031495784798476,1234.7025146484375
942,longevity,5.3,54.0,4.0,10.237011024275983,1260.0118408203125
943,fast_charge,5.2,58.0,4.55,9.817210070512763,1492.9100341796875
943,ideal_point_compromise,4.2,29.0,5.55,9.880174133476826,1525.591064453125
943,longevity,3.7,31.0,5.9,10.233881351590824,1546.68798828125
944,fast_charge,5.2,58.0,4.55,9.817210070512763,1522.5909423828125
944,ideal_point_compromise,5.4,34.0,4.65,9.93706512585169,1531.5380859375
944,longevity,5.6,19.0,4.6,10.216039501950892,1538.7843017578125
945,fast_charge,5.2,58.0,4.55,9.817210070512763,1493.7843017578125
945,ideal_point_compromise,5.0,24.0,5.0,9.823803477106171,1520.6900634765625
945,longevity,5.6,19.0,4.6,10.216039501950892,1521.4051513671875
946,fast_charge,5.2,58.0,4.55,9.817210070512763,1469.687744140625
946,ideal_point_compromise,4.95,71.0,4.7,9.97880025337954,1501.3377685546875
946,longevity,4.8,80.0,4.8,10.22380347710617,1524.48583984375
947,fast_charge,5.2,58.0,4.55,9.817210070512763,1218.2012939453125
947,ideal_point_compromise,5.1,64.0,4.25,10.012038771223818,1256.20849609375
947,longevity,5.0,67.0,4.0,10.213803477106172,1279.7518310546875
948,fast_charge,5.2,58.0,4.55,9.817210070512763,1348.4945068359375
948,ideal_point_compromise,5.4,47.0,4.4,9.946025699328391,1382.4154052734375
948,longevity,5.3,54.0,4.0,10.237011024275983,1414.525146484375
949,fast_charge,5.2,58.0,4.55,9.817210070512763,1421.5316162109375
949,ideal_point_compromise,5.05,67.0,4.4,9.956926789437404,1464.79248046875
949,longevity,5.0,67.0,4.0,10.213803477106172,1493.776611328125
950,fast_charge,5.2,58.0,4.55,9.817210070512763,1238.7720947265625
950,ideal_point_compromise,5.2,59.0,4.2,10.031495784798476,1287.52001953125
950,longevity,5.3,54.0,4.0,10.237011024275983,1318.519287109375
951,fast_charge,5.2,58.0,4.55,9.817210070512763,1306.518310546875
951,ideal_point_compromise,5.05,67.0,4.4,9.956926789437404,1311.630859375
951,longevity,5.0,67.0,4.0,10.213803477106172,1316.7015380859375
952,fast_charge,5.2,58.0,4.55,9.817210070512763,1304.880615234375
952,ideal_point_compromise,5.2,59.0,4.2,10.031495784798476,1379.1541748046875
952,longevity,5.3,54.0,4.0,10.237011024275983,1428.091796875
953,fast_charge,5.2,58.0,4.55,9.817210070512763,1365.4129638671875
953,ideal_point_compromise,4.05,30.0,5.65,9.97798243482495,1421.314697265625
953,longevity,3.7,31.0,5.9,10.233881351590824,1456.36083984375
954,fast_charge,5.2,58.0,4.55,9.817210070512763,1428.4830322265625
954,ideal_point_compromise,4.2,29.0,5.55,9.880174133476826,1483.4798583984375
954,longevity,3.7,31.0,5.9,10.233881351590824,1534.5494384765625
955,fast_charge,5.2,58.0,4.55,9.817210070512763,1392.337646484375
955,ideal_point_compromise,4.05,30.0,5.65,9.97798243482495,1501.1522216796875
955,longevity,3.7,31.0,5.9,10.233881351590824,1563.499267578125
956,fast_charge,5.2,58.0,4.55,9.817210070512763,1454.177734375
956,ideal_point_compromise,4.05,30.0,5.65,9.97798243482495,1512.505126953125
956,longevity,3.7,31.0,5.9,10.233881351590824,1552.6319580078125
957,fast_charge,5.2,58.0,4.55,9.817210070512763,1284.07373046875
957,ideal_point_compromise,5.1,64.0,4.25,10.012038771223818,1322.06982421875
957,longevity,5.0,67.0,4.0,10.213803477106172,1346.0155029296875
958,fast_charge,5.2,58.0,4.55,9.817210070512763,1321.3709716796875
958,ideal_point_compromise,5.1,64.0,4.25,10.012038771223818,1349.159912109375
958,longevity,5.3,54.0,4.0,10.237011024275983,1367.0914306640625
959,fast_charge,5.2,58.0,4.55,9.817210070512763,1344.8189697265625
959,ideal_point_compromise,5.05,67.0,4.4,9.956926789437404,1359.5650634765625
959,longevity,5.0,67.0,4.0,10.213803477106172,1373.992431640625
960,fast_charge,5.2,58.0,4.55,9.817210070512763,1268.748046875
960,ideal_point_compromise,5.3,53.0,4.3,9.991245337571288,1304.9803466796875
960,longevity,5.3,54.0,4.0,10.237011024275983,1342.7799072265625
961,fast_charge,5.2,58.0,4.55,9.817210070512763,1357.4146728515625
961,ideal_point_compromise,5.2,59.0,4.2,10.031495784798476,1392.9649658203125
961,longevity,5.3,54.0,4.0,10.237011024275983,1416.019775390625
962,fast_charge,5.2,58.0,4.55,9.817210070512763,1375.720703125
962,ideal_point_compromise,5.05,67.0,4.4,9.956926789437404,1408.2435302734375
962,longevity,4.8,80.0,4.8,10.22380347710617,1425.32763671875
963,fast_charge,5.2,58.0,4.55,9.817210070512763,1402.9486083984375
963,ideal_point_compromise,5.2,59.0,4.2,10.031495784798476,1436.623779296875
963,longevity,5.3,54.0,4.0,10.237011024275983,1455.7239990234375
964,fast_charge,5.2,58.0,4.55,9.817210070512763,1436.5965576171875
964,ideal_point_compromise,5.05,67.0,4.4,9.956926789437404,1457.495361328125
964,longevity,5.0,67.0,4.0,10.213803477106172,1470.575927734375
965,fast_charge,5.2,58.0,4.55,9.817210070512763,1463.754638671875
965,ideal_point_compromise,4.2,29.0,5.55,9.880174133476826,1476.2938232421875
965,longevity,3.7,31.0,5.9,10.233881351590824,1486.1661376953125
966,fast_charge,5.2,58.0,4.55,9.817210070512763,1479.299072265625
966,ideal_point_compromise,4.2,29.0,5.55,9.880174133476826,1624.893798828125
966,longevity,3.7,31.0,5.9,10.233881351590824,1708.5919189453125
967,fast_charge,5.2,58.0,4.55,9.817210070512763,1357.8865966796875
967,ideal_point_compromise,5.05,67.0,4.4,9.956926789437404,1395.622802734375
967,longevity,4.8,80.0,4.8,10.22380347710617,1417.80224609375
968,fast_charge,5.2,58.0,4.55,9.817210070512763,1382.4896240234375
968,ideal_point_compromise,4.95,71.0,4.7,9.97880025337954,1444.33251953125
968,longevity,3.7,31.0,5.9,10.233881351590824,1489.250244140625
969,fast_charge,5.2,58.0,4.55,9.817210070512763,1531.7315673828125
969,ideal_point_compromise,4.2,29.0,5.55,9.880174133476826,1793.503173828125
969,longevity,3.7,31.0,5.9,10.233881351590824,1965.85986328125
970,fast_charge,5.2,58.0,4.55,9.817210070512763,1268.159912109375
970,ideal_point_compromise,5.4,47.0,4.4,9.946025699328391,1320.813720703125
970,longevity,5.3,54.0,4.0,10.237011024275983,1392.90234375
971,fast_charge,5.2,58.0,4.55,9.817210070512763,1362.3775634765625
971,ideal_point_compromise,5.05,67.0,4.4,9.956926789437404,1406.54296875
971,longevity,5.0,67.0,4.0,10.213803477106172,1438.0396728515625
972,fast_charge,5.2,58.0,4.55,9.817210070512763,1345.240234375
972,ideal_point_compromise,5.2,59.0,4.2,10.031495784798476,1426.292236328125
972,longevity,5.3,54.0,4.0,10.237011024275983,1473.988037109375
973,fast_charge,5.2,58.0,4.55,9.817210070512763,1411.0079345703125
973,ideal_point_compromise,4.95,72.0,4.6,9.994554465248461,1448.9681396484375
973,longevity,4.8,80.0,4.8,10.22380347710617,1471.564208984375
974,fast_charge,5.2,58.0,4.55,9.817210070512763,1431.0655517578125
974,ideal_point_compromise,4.05,30.0,5.65,9.97798243482495,1550.31884765625
974,longevity,3.7,31.0,5.9,10.233881351590824,1620.2659912109375
975,fast_charge,5.2,58.0,4.55,9.817210070512763,1362.155029296875
975,ideal_point_compromise,5.05,67.0,4.4,9.956926789437404,1387.739013671875
975,longevity,5.0,67.0,4.0,10.213803477106172,1412.02392578125
976,fast_charge,5.2,58.0,4.55,9.817210070512763,1371.566650390625
976,ideal_point_compromise,5.2,59.0,4.2,10.031495784798476,1439.068603515625
976,longevity,5.3,54.0,4.0,10.237011024275983,1484.0234375
977,fast_charge,5.2,58.0,4.55,9.817210070512763,1418.361083984375
977,ideal_point_compromise,5.05,67.0,4.4,9.956926789437404,1447.4803466796875
977,longevity,5.0,67.0,4.0,10.213803477106172,1470.9757080078125
978,fast_charge,5.2,58.0,4.55,9.817210070512763,1398.9434814453125
978,ideal_point_compromise,5.05,67.0,4.4,9.956926789437404,1468.469482421875
978,longevity,5.0,67.0,4.0,10.213803477106172,1515.1260986328125
979,fast_charge,5.2,58.0,4.55,9.817210070512763,1444.5382080078125
979,ideal_point_compromise,5.2,59.0,4.2,10.031495784798476,1490.849609375
979,longevity,5.3,54.0,4.0,10.237011024275983,1514.6954345703125
980,fast_charge,5.2,58.0,4.55,9.817210070512763,1377.3507080078125
980,ideal_point_compromise,5.1,64.0,4.25,10.012038771223818,1402.7413330078125
980,longevity,5.0,67.0,4.0,10.213803477106172,1418.899658203125
981,fast_charge,5.2,58.0,4.55,9.817210070512763,1409.6002197265625
981,ideal_point_compromise,5.2,59.0,4.2,10.031495784798476,1416.6639404296875
981,longevity,5.3,54.0,4.0,10.237011024275983,1421.31298828125
982,fast_charge,5.2,58.0,4.55,9.817210070512763,1353.4691162109375
982,ideal_point_compromise,4.2,29.0,5.55,9.880174133476826,1418.858154296875
982,longevity,3.7,31.0,5.9,10.233881351590824,1464.31103515625
983,fast_charge,5.2,58.0,4.55,9.817210070512763,1290.7520751953125
983,ideal_point_compromise,5.1,64.0,4.25,10.012038771223818,1318.8494873046875
983,longevity,5.0,67.0,4.0,10.213803477106172,1342.5777587890625
984,fast_charge,5.2,58.0,4.55,9.817210070512763,1461.6070556640625
984,ideal_point_compromise,4.2,29.0,5.55,9.880174133476826,1699.6026611328125
984,longevity,3.7,31.0,5.9,10.233881351590824,1892.344970703125
985,fast_charge,5.2,58.0,4.55,9.817210070512763,1283.506103515625
985,ideal_point_compromise,5.1,64.0,4.25,10.012038771223818,1337.1871337890625
985,longevity,5.0,67.0,4.0,10.213803477106172,1369.39697265625
986,fast_charge,5.2,58.0,4.55,9.817210070512763,1450.3458251953125
986,ideal_point_compromise,4.2,29.0,5.55,9.880174133476826,1627.2989501953125
986,longevity,3.7,31.0,5.9,10.233881351590824,1743.7357177734375
987,fast_charge,5.2,58.0,4.55,9.817210070512763,1365.551025390625
987,ideal_point_compromise,5.2,59.0,4.2,10.031495784798476,1403.578369140625
987,longevity,5.3,54.0,4.0,10.237011024275983,1423.042236328125
988,fast_charge,5.2,58.0,4.55,9.817210070512763,1452.4576416015625
988,ideal_point_compromise,4.2,29.0,5.55,9.880174133476826,1583.553955078125
988,longevity,3.7,31.0,5.9,10.233881351590824,1670.7864990234375
989,fast_charge,5.2,58.0,4.55,9.817210070512763,1336.1890869140625
989,ideal_point_compromise,5.05,67.0,4.4,9.956926789437404,1371.6982421875
989,longevity,5.0,67.0,4.0,10.213803477106172,1400.9525146484375
990,fast_charge,5.2,58.0,4.55,9.817210070512763,1514.20458984375
990,ideal_point_compromise,4.2,29.0,5.55,9.880174133476826,1735.1561279296875
990,longevity,3.7,31.0,5.9,10.233881351590824,1848.909912109375
991,fast_charge,5.2,58.0,4.55,9.817210070512763,1317.8375244140625
991,ideal_point_compromise,5.4,47.0,4.4,9.946025699328391,1350.6275634765625
991,longevity,5.6,36.0,4.3,10.220481217969958,1380.388427734375
992,fast_charge,5.2,58.0,4.55,9.817210070512763,1166.551025390625
992,ideal_point_compromise,5.1,64.0,4.25,10.012038771223818,1215.0765380859375
992,longevity,5.0,67.0,4.0,10.213803477106172,1245.8310546875
993,fast_charge,5.2,58.0,4.55,9.817210070512763,1327.16552734375
993,ideal_point_compromise,5.05,67.0,4.4,9.956926789437404,1363.2596435546875
993,longevity,5.0,67.0,4.0,10.213803477106172,1384.2642822265625
994,fast_charge,5.2,58.0,4.55,9.817210070512763,1363.6109619140625
994,ideal_point_compromise,5.15,23.0,4.9,9.883006964326299,1378.0611572265625
994,longevity,5.6,19.0,4.6,10.216039501950892,1385.5283203125
995,fast_charge,5.2,58.0,4.55,9.817210070512763,1356.3154296875
995,ideal_point_compromise,5.1,64.0,4.25,10.012038771223818,1385.98388671875
995,longevity,5.0,67.0,4.0,10.213803477106172,1411.155029296875
996,fast_charge,5.2,58.0,4.55,9.817210070512763,1382.7197265625
996,ideal_point_compromise,5.15,23.0,4.9,9.883006964326299,1431.61767578125
996,longevity,5.6,19.0,4.6,10.216039501950892,1444.767578125
997,fast_charge,5.2,58.0,4.55,9.817210070512763,1350.7930908203125
997,ideal_point_compromise,5.2,59.0,4.2,10.031495784798476,1382.4207763671875
997,longevity,5.3,54.0,4.0,10.237011024275983,1399.877197265625
998,fast_charge,5.2,58.0,4.55,9.817210070512763,1349.6571044921875
998,ideal_point_compromise,5.05,67.0,4.4,9.956926789437404,1384.8763427734375
998,longevity,5.0,67.0,4.0,10.213803477106172,1416.1036376953125
999,fast_charge,5.2,58.0,4.55,9.817210070512763,1286.8145751953125
999,ideal_point_compromise,5.4,47.0,4.4,9.946025699328391,1318.3363037109375
999,longevity,5.6,36.0,4.3,10.220481217969958,1346.203125
