response,predictor,standardized_beta,alpha,iteration
R100,E1,-0.11917269713601694,10.0,0
R100,E2,0.14157570380599926,10.0,0
A,E1,-0.21801704653855805,10.0,0
A,E2,0.2090311293029426,10.0,0
R100,E1,-0.1075061224286063,10.0,1
R100,E2,0.1386865486365663,10.0,1
A,E1,0.12573241823765843,10.0,1
A,E2,-0.15575994929702539,10.0,1
R100,E1,-0.1635801520166814,10.0,2
R100,E2,0.18149894092292768,10.0,2
A,E1,-0.16299144209598285,10.0,2
A,E2,0.1640775828701689,10.0,2
R100,E1,-0.1340393887245883,10.0,3
R100,E2,0.16547526474630525,10.0,3
A,E1,-0.1279114612875859,10.0,3
A,E2,0.10974665765595742,10.0,3
R100,E1,-0.2496523282722018,10.0,4
R100,E2,0.24683373005181913,10.0,4
A,E1,-0.17557402695500135,10.0,4
A,E2,0.17376232488588855,10.0,4
R100,E1,-0.23861751370799172,10.0,5
R100,E2,0.24413190201532736,10.0,5
A,E1,-0.09743386223370676,10.0,5
A,E2,0.09840688493561603,10.0,5
R100,E1,-0.21948118413276385,10.0,6
R100,E2,0.23037885310608955,10.0,6
A,E1,-0.021699869641496054,10.0,6
A,E2,0.03342219334520387,10.0,6
R100,E1,-0.23829885615441573,10.0,8
R100,E2,0.24300194763260752,10.0,8
A,E1,-0.009883280251718092,10.0,8
A,E2,0.02013730775581041,10.0,8
R100,E1,-0.18385130328410354,10.0,9
R100,E2,0.19568118983042426,10.0,9
A,E1,-0.15292902057636323,10.0,9
A,E2,0.143053292748482,10.0,9
R100,E1,-0.15216040487797983,10.0,10
R100,E2,0.18103926129481493,10.0,10
A,E1,0.018368724167394823,10.0,10
A,E2,-0.0509622745755091,10.0,10
R100,E1,-0.25248659384777705,10.0,11
R100,E2,0.258220173239973,10.0,11
A,E1,0.2314118071035424,10.0,11
A,E2,-0.23360995206646723,10.0,11
R100,E1,-0.23087124961518704,10.0,12
R100,E2,0.23701072800769057,10.0,12
A,E1,-0.11260451151016723,10.0,12
A,E2,0.11574233236027831,10.0,12
R100,E1,-0.23211274138013563,10.0,13
R100,E2,0.22861818780319193,10.0,13
A,E1,-0.03542547041228445,10.0,13
A,E2,0.034699436679405636,10.0,13
R100,E1,-0.24941008769935144,10.0,14
R100,E2,0.2439388209858558,10.0,14
A,E1,-0.24733721679464854,10.0,14
A,E2,0.2429306287641184,10.0,14
R100,E1,-0.1572252024884725,10.0,15
R100,E2,0.1763551402831096,10.0,15
A,E1,-0.07070830697286745,10.0,15
A,E2,0.05343819392253456,10.0,15
R100,E1,-0.24707036262644758,10.0,16
R100,E2,0.24199331962060872,10.0,16
A,E1,0.2615983794946116,10.0,16
A,E2,-0.2605021117967899,10.0,16
R100,E1,-0.2232613110912463,10.0,17
R100,E2,0.2196078802288226,10.0,17
A,E1,0.22601209538276454,10.0,17
A,E2,-0.22431086059238012,10.0,17
R100,E1,-0.11254035955493508,10.0,18
R100,E2,0.13936111062740392,10.0,18
A,E1,-0.1458087227240472,10.0,18
A,E2,0.13007248419684517,10.0,18
R100,E1,-0.19379611331477153,10.0,19
R100,E2,0.20471552618273056,10.0,19
A,E1,0.12067650372327594,10.0,19
A,E2,-0.11754382070173057,10.0,19
R100,E1,-0.16395068557603137,10.0,20
R100,E2,0.18846034986266547,10.0,20
A,E1,-0.05303114958395145,10.0,20
A,E2,0.0578363951522585,10.0,20
R100,E1,-0.12000695509216479,10.0,21
R100,E2,0.15259456790764273,10.0,21
A,E1,-0.042877618212006946,10.0,21
A,E2,0.07796527067333563,10.0,21
R100,E1,-0.24245914711263217,10.0,22
R100,E2,0.2437657858328637,10.0,22
A,E1,-0.15851905009202386,10.0,22
A,E2,0.15274403655306013,10.0,22
R100,E1,-0.10600017351671509,10.0,23
R100,E2,0.14945250453156744,10.0,23
A,E1,0.014567470548622806,10.0,23
A,E2,-0.06397533360366958,10.0,23
R100,E1,-0.2491802368827029,10.0,24
R100,E2,0.24786281614389571,10.0,24
A,E1,-0.13465039154250594,10.0,24
A,E2,0.12447002335798013,10.0,24
R100,E1,-0.11865769976407847,10.0,25
R100,E2,0.14361034074582624,10.0,25
A,E1,0.07517512656808649,10.0,25
A,E2,-0.10261215660602774,10.0,25
R100,E1,-0.1576864780733032,10.0,26
R100,E2,0.1759057997784399,10.0,26
A,E1,-0.211486869079613,10.0,26
A,E2,0.22208925441699567,10.0,26
R100,E1,-0.1661676081463636,10.0,27
R100,E2,0.18992793653334933,10.0,27
A,E1,-0.1329180177261026,10.0,27
A,E2,0.10865280342715672,10.0,27
R100,E1,-0.20596414753672698,10.0,28
R100,E2,0.2186082714921544,10.0,28
A,E1,-0.14161595654504452,10.0,28
A,E2,0.15894263008829546,10.0,28
R100,E1,-0.17801794925275335,10.0,29
R100,E2,0.1958989856019794,10.0,29
A,E1,0.07401893665939253,10.0,29
A,E2,-0.09604654461128509,10.0,29
R100,E1,-0.23602272465176397,10.0,30
R100,E2,0.24156907620006718,10.0,30
A,E1,0.20807280652038818,10.0,30
A,E2,-0.20972116287355674,10.0,30
R100,E1,-0.13900324491418092,10.0,31
R100,E2,0.1663590270554509,10.0,31
A,E1,-0.06524140073175781,10.0,31
A,E2,0.032239829297454524,10.0,31
R100,E1,-0.2273776674825373,10.0,32
R100,E2,0.22455130310875443,10.0,32
A,E1,0.08943062228271396,10.0,32
A,E2,-0.08321950207497437,10.0,32
R100,E1,-0.23263357863261916,10.0,33
R100,E2,0.23326860420064244,10.0,33
A,E1,-0.10101861923171027,10.0,33
A,E2,0.10182254160474252,10.0,33
R100,E1,-0.1077070641953904,10.0,34
R100,E2,0.13884201795956658,10.0,34
A,E1,-0.09593461087683151,10.0,34
A,E2,0.06493301017289443,10.0,34
R100,E1,-0.12086921309724939,10.0,35
R100,E2,0.14346843233689469,10.0,35
A,E1,-0.20295646820400653,10.0,35
A,E2,0.18622392725254572,10.0,35
R100,E1,-0.1828824469013399,10.0,36
R100,E2,0.19863970805583492,10.0,36
A,E1,0.06481931458030583,10.0,36
A,E2,-0.08463707831541525,10.0,36
R100,E1,-0.20949492172288234,10.0,37
R100,E2,0.21966337785805443,10.0,37
A,E1,0.05707842116124276,10.0,37
A,E2,-0.06164463046191293,10.0,37
R100,E1,-0.10469332220761951,10.0,38
R100,E2,0.13304975935280763,10.0,38
A,E1,-0.1676016746167517,10.0,38
A,E2,0.1777762158746762,10.0,38
R100,E1,-0.21359134170768126,10.0,39
R100,E2,0.2212820320811384,10.0,39
A,E1,-0.18428574108001855,10.0,39
A,E2,0.19235493496358794,10.0,39
R100,E1,-0.15117602029086252,10.0,41
R100,E2,0.17088895724897352,10.0,41
A,E1,0.04900426047736194,10.0,41
A,E2,-0.05194273880018918,10.0,41
R100,E1,-0.19012416094834453,10.0,42
R100,E2,0.20756282936769124,10.0,42
A,E1,-0.09343930816083575,10.0,42
A,E2,0.08792938584263264,10.0,42
R100,E1,-0.1585855767719459,10.0,43
R100,E2,0.18633403706328133,10.0,43
A,E1,0.07535538509608161,10.0,43
A,E2,-0.0797370029085089,10.0,43
R100,E1,-0.1800741051791365,10.0,44
R100,E2,0.19844332728881184,10.0,44
A,E1,-0.001845600808858986,10.0,44
A,E2,-0.011657135467223682,10.0,44
R100,E1,-0.2675827467444809,10.0,45
R100,E2,0.2663610926553707,10.0,45
A,E1,-0.19449557571148085,10.0,45
A,E2,0.19928199797503762,10.0,45
R100,E1,-0.17905486954765595,10.0,46
R100,E2,0.19758964570819576,10.0,46
A,E1,0.15898864043005914,10.0,46
A,E2,-0.17199817354421804,10.0,46
R100,E1,-0.18069413184383987,10.0,47
R100,E2,0.199505255126198,10.0,47
A,E1,0.06301018923825391,10.0,47
A,E2,-0.08523822202157945,10.0,47
R100,E1,-0.23085799275161323,10.0,48
R100,E2,0.2374926412786139,10.0,48
A,E1,-0.06573936023505005,10.0,48
A,E2,0.0758897967612583,10.0,48
R100,E1,-0.1770523484474569,10.0,49
R100,E2,0.19579726485795193,10.0,49
A,E1,-0.12242501538601834,10.0,49
A,E2,0.14408963266421398,10.0,49
R100,E1,-0.12084282288643744,10.0,50
R100,E2,0.14328516192857535,10.0,50
A,E1,-0.13331532420034645,10.0,50
A,E2,0.11862135238358221,10.0,50
R100,E1,-0.2608834374247342,10.0,51
R100,E2,0.2613818871097558,10.0,51
A,E1,-0.12928104886314626,10.0,51
A,E2,0.12932389246470388,10.0,51
R100,E1,-0.24807876888155797,10.0,52
R100,E2,0.2452324822512547,10.0,52
A,E1,0.04168219871125516,10.0,52
A,E2,-0.04244217920187118,10.0,52
R100,E1,-0.19333610784060054,10.0,53
R100,E2,0.20392663971888272,10.0,53
A,E1,0.15822953943385232,10.0,53
A,E2,-0.1559189549060992,10.0,53
R100,E1,-0.18025871875295446,10.0,54
R100,E2,0.2003134440245402,10.0,54
A,E1,0.1607034452403794,10.0,54
A,E2,-0.18271631096576485,10.0,54
R100,E1,-0.18985746822992425,10.0,55
R100,E2,0.2095970664204847,10.0,55
A,E1,0.04969327111612079,10.0,55
A,E2,-0.03529942865111327,10.0,55
R100,E1,-0.19855384807188245,10.0,56
R100,E2,0.21473089043359755,10.0,56
A,E1,0.07925758470353725,10.0,56
A,E2,-0.09091735142480722,10.0,56
R100,E1,-0.1706107110446957,10.0,57
R100,E2,0.18635788605559267,10.0,57
A,E1,-0.0949364150139867,10.0,57
A,E2,0.08289153842032243,10.0,57
R100,E1,0.11686822217160672,10.0,58
R100,E2,-0.11772952997864441,10.0,58
A,E1,0.13812866114214378,10.0,58
A,E2,-0.1354385535288018,10.0,58
R100,E1,-0.19452932046567709,10.0,59
R100,E2,0.20535200075901716,10.0,59
A,E1,0.06542413926061799,10.0,59
A,E2,-0.05725944061960453,10.0,59
R100,E1,-0.17367316534062713,10.0,60
R100,E2,0.19474520334860662,10.0,60
A,E1,-0.12262654123937453,10.0,60
A,E2,0.13347369436294063,10.0,60
R100,E1,-0.24226320426683706,10.0,61
R100,E2,0.24546665123021955,10.0,61
A,E1,0.238687922655284,10.0,61
A,E2,-0.23490330731643402,10.0,61
R100,E1,-0.22719626631791612,10.0,62
R100,E2,0.2334319539533503,10.0,62
A,E1,-0.1202972554443295,10.0,62
A,E2,0.12870899757308357,10.0,62
R100,E1,-0.14973725154187953,10.0,63
R100,E2,0.1708124949399967,10.0,63
A,E1,-0.11289010372431883,10.0,63
A,E2,0.09303569544161458,10.0,63
R100,E1,-0.2702495866684828,10.0,64
R100,E2,0.2705217601102193,10.0,64
A,E1,-0.047541856349341605,10.0,64
A,E2,0.05511791684065394,10.0,64
R100,E1,-0.14989226338981648,10.0,65
R100,E2,0.17299054628512756,10.0,65
A,E1,-0.129440449734569,10.0,65
A,E2,0.1467018935081305,10.0,65
R100,E1,-0.1958258063937917,10.0,66
R100,E2,0.21327728601433313,10.0,66
A,E1,0.12989730299552724,10.0,66
A,E2,-0.13971504438081148,10.0,66
R100,E1,-0.2454731159625511,10.0,67
R100,E2,0.24150229959917774,10.0,67
A,E1,0.18618629945737544,10.0,67
A,E2,-0.18800376252653045,10.0,67
R100,E1,-0.23331391338933,10.0,68
R100,E2,0.23433656821866133,10.0,68
A,E1,-0.10791173627972538,10.0,68
A,E2,0.0990976899364341,10.0,68
R100,E1,-0.19563280286621662,10.0,69
R100,E2,0.20511520283583695,10.0,69
A,E1,-0.18462884961082066,10.0,69
A,E2,0.17548090196128288,10.0,69
R100,E1,-0.1895589427782677,10.0,70
R100,E2,0.18666328123882275,10.0,70
A,E1,0.21612782662316973,10.0,70
A,E2,-0.21278212898177784,10.0,70
R100,E1,-0.10336466854194637,10.0,71
R100,E2,0.13511626016519074,10.0,71
A,E1,0.0758527124963298,10.0,71
A,E2,-0.09660550248448507,10.0,71
R100,E1,-0.07872903190632047,10.0,72
R100,E2,0.10987277045775953,10.0,72
A,E1,-0.13549423450832493,10.0,72
A,E2,0.1560450458062551,10.0,72
R100,E1,-0.2244702432060291,10.0,73
R100,E2,0.2314339401138809,10.0,73
A,E1,0.05871715091511865,10.0,73
A,E2,-0.06235313639796886,10.0,73
R100,E1,-0.24323780784538535,10.0,74
R100,E2,0.24443333739822448,10.0,74
A,E1,0.015221440857326024,10.0,74
A,E2,-0.015137589134677467,10.0,74
R100,E1,-0.22182864981018127,10.0,75
R100,E2,0.22533976704797992,10.0,75
A,E1,-0.15630887152682002,10.0,75
A,E2,0.160991175466433,10.0,75
R100,E1,-0.20508673355209903,10.0,76
R100,E2,0.21636175275767908,10.0,76
A,E1,-0.1283283162688521,10.0,76
A,E2,0.14235341831530507,10.0,76
R100,E1,-0.16440939558952328,10.0,77
R100,E2,0.18388744329064485,10.0,77
A,E1,0.07417363267694525,10.0,77
A,E2,-0.09459744588658212,10.0,77
R100,E1,-0.10152741292044565,10.0,78
R100,E2,0.09973618045899639,10.0,78
A,E1,0.2466317056250013,10.0,78
A,E2,-0.24628764056456173,10.0,78
R100,E1,-0.22533316731269773,10.0,79
R100,E2,0.2295562915013665,10.0,79
A,E1,-0.07935911122793637,10.0,79
A,E2,0.07970897236218173,10.0,79
R100,E1,-0.17440072575874394,10.0,80
R100,E2,0.20435872765251564,10.0,80
A,E1,0.15914190336681427,10.0,80
A,E2,-0.17564001388582587,10.0,80
R100,E1,-0.26100690421997336,10.0,81
R100,E2,0.2615575885671215,10.0,81
A,E1,0.18329354575008844,10.0,81
A,E2,-0.18432666490418292,10.0,81
R100,E1,-0.26739340923514887,10.0,83
R100,E2,0.2675521782707417,10.0,83
A,E1,-0.11615679105963658,10.0,83
A,E2,0.116341487194502,10.0,83
R100,E1,-0.18504436213748335,10.0,84
R100,E2,0.20530959048861952,10.0,84
A,E1,-0.0015205957307502314,10.0,84
A,E2,0.014187023820276833,10.0,84
R100,E1,-0.07069911557727745,10.0,85
R100,E2,0.06589499760629176,10.0,85
A,E1,0.1139786475509316,10.0,85
A,E2,-0.12362214450765312,10.0,85
R100,E1,-0.18368488095842125,10.0,86
R100,E2,0.20552703846335205,10.0,86
A,E1,-0.0022201849123453343,10.0,86
A,E2,-0.011173533131240398,10.0,86
R100,E1,-0.11701998775959335,10.0,87
R100,E2,0.15026182957620854,10.0,87
A,E1,0.004565856888956677,10.0,87
A,E2,-0.0326733031355065,10.0,87
R100,E1,-0.2098228913059459,10.0,89
R100,E2,0.21662814425608595,10.0,89
A,E1,0.25702099500264286,10.0,89
A,E2,-0.2533809118647955,10.0,89
R100,E1,-0.12262387112912698,10.0,90
R100,E2,0.1467154966134763,10.0,90
A,E1,-0.21791368922526916,10.0,90
A,E2,0.23076302686665287,10.0,90
R100,E1,-0.15745862317798093,10.0,91
R100,E2,0.18014389844075168,10.0,91
A,E1,0.005487120692294573,10.0,91
A,E2,-0.02365346866166574,10.0,91
R100,E1,-0.24139078908655728,10.0,92
R100,E2,0.2472674835459528,10.0,92
A,E1,0.22087734781310273,10.0,92
A,E2,-0.22475305175536192,10.0,92
R100,E1,-0.13658673494883383,10.0,93
R100,E2,0.1578434512057329,10.0,93
A,E1,-0.014243238347332916,10.0,93
A,E2,-0.009549655722678704,10.0,93
R100,E1,-0.20995757104680152,10.0,94
R100,E2,0.21990444708928114,10.0,94
A,E1,-0.03517959439556144,10.0,94
A,E2,0.04359490895895033,10.0,94
R100,E1,-0.1563264313007492,10.0,95
R100,E2,0.17483809362125746,10.0,95
A,E1,-0.0618844042780323,10.0,95
A,E2,0.048213938430741544,10.0,95
R100,E1,-0.11362388852590563,10.0,96
R100,E2,0.16438393256081046,10.0,96
A,E1,0.045033978115284284,10.0,96
A,E2,-0.09281889754927705,10.0,96
R100,E1,-0.21491355287382244,10.0,97
R100,E2,0.21267711712216342,10.0,97
A,E1,-0.07496284886399242,10.0,97
A,E2,0.08344650986125228,10.0,97
R100,E1,-0.1736642357953981,10.0,98
R100,E2,0.1942642135254863,10.0,98
A,E1,-0.02885902150628109,10.0,98
A,E2,0.010303837821273925,10.0,98
R100,E1,-0.1394097248000379,10.0,99
R100,E2,0.16641334293265916,10.0,99
A,E1,0.23799967585775758,10.0,99
A,E2,-0.24646470495607659,10.0,99
R100,E1,-0.14982298051443066,10.0,101
R100,E2,0.17035118471828156,10.0,101
A,E1,-0.197518328888374,10.0,101
A,E2,0.2133426512158878,10.0,101
R100,E1,-0.12991541326943523,10.0,102
R100,E2,0.1535617206166075,10.0,102
A,E1,-0.06472849492759992,10.0,102
A,E2,0.05207425850470393,10.0,102
R100,E1,-0.2488730350503724,10.0,103
R100,E2,0.25078165643096195,10.0,103
A,E1,-0.17496130223538656,10.0,103
A,E2,0.17867120447464743,10.0,103
R100,E1,-0.21350685370285152,10.0,104
R100,E2,0.2103965784364026,10.0,104
A,E1,-0.1183243406534533,10.0,104
A,E2,0.11938228285299293,10.0,104
R100,E1,-0.17029737466371234,10.0,105
R100,E2,0.19635749815796594,10.0,105
A,E1,0.0022425552595110587,10.0,105
A,E2,-0.03297729755156908,10.0,105
R100,E1,-0.15542601120683078,10.0,106
R100,E2,0.17350519609606818,10.0,106
A,E1,-0.05756554899090316,10.0,106
A,E2,0.058487000059667095,10.0,106
R100,E1,-0.12045716413354683,10.0,107
R100,E2,0.1464931092804029,10.0,107
A,E1,-0.21856652266931018,10.0,107
A,E2,0.20022631811038358,10.0,107
R100,E1,-0.16509609493197638,10.0,108
R100,E2,0.18284213606610236,10.0,108
A,E1,-0.11862268945607324,10.0,108
A,E2,0.13777157369181994,10.0,108
R100,E1,-0.15235112618785693,10.0,109
R100,E2,0.20234176905290582,10.0,109
A,E1,-0.04515735711963464,10.0,109
A,E2,0.09551176551046739,10.0,109
R100,E1,-0.25064292630928053,10.0,110
R100,E2,0.25267538011633,10.0,110
A,E1,-0.05042894705496805,10.0,110
A,E2,0.052756214397629196,10.0,110
R100,E1,-0.17201314980606425,10.0,111
R100,E2,0.17320077847863918,10.0,111
A,E1,-0.10587599782603647,10.0,111
A,E2,0.11165668486573171,10.0,111
R100,E1,-0.2390067008513969,10.0,112
R100,E2,0.24059137536806172,10.0,112
A,E1,0.11787881919494822,10.0,112
A,E2,-0.12209873785664424,10.0,112
R100,E1,-0.2525900702265823,10.0,113
R100,E2,0.2530260694204599,10.0,113
A,E1,-0.11463142870185926,10.0,113
A,E2,0.11857345624947897,10.0,113
R100,E1,-0.10384133996567192,10.0,114
R100,E2,0.18165610098963295,10.0,114
A,E1,-0.050925972192058924,10.0,114
A,E2,-0.025287827953610634,10.0,114
R100,E1,-0.0819806561578339,10.0,115
R100,E2,0.11580868259301684,10.0,115
A,E1,-0.1446321651891361,10.0,115
A,E2,0.1574070326820261,10.0,115
R100,E1,-0.19854919616015893,10.0,116
R100,E2,0.1941149785900962,10.0,116
A,E1,-0.15500967839067456,10.0,116
A,E2,0.146512620704125,10.0,116
R100,E1,-0.2486640762705502,10.0,117
R100,E2,0.2549558337264968,10.0,117
A,E1,0.2565882039321621,10.0,117
A,E2,-0.2607878549011209,10.0,117
R100,E1,-0.16138647290286154,10.0,118
R100,E2,0.18066221216129427,10.0,118
A,E1,0.04211729041996021,10.0,118
A,E2,-0.06452297558906465,10.0,118
R100,E1,-0.24654877654867496,10.0,119
R100,E2,0.24776360905596598,10.0,119
A,E1,-0.1655885965825006,10.0,119
A,E2,0.1675283126850846,10.0,119
R100,E1,-0.14980375076181823,10.0,120
R100,E2,0.17158653915859678,10.0,120
A,E1,0.06028815422826223,10.0,120
A,E2,-0.08238735169404089,10.0,120
R100,E1,-0.12104053468149469,10.0,121
R100,E2,0.1459491468927292,10.0,121
A,E1,-0.1722912776919432,10.0,121
A,E2,0.18179819674941758,10.0,121
R100,E1,-0.2296412790163476,10.0,122
R100,E2,0.2272880568163262,10.0,122
A,E1,-0.15098849073338488,10.0,122
A,E2,0.1497533717601538,10.0,122
R100,E1,-0.042528661888029055,10.0,123
R100,E2,0.03999434788129773,10.0,123
A,E1,0.19450092996792895,10.0,123
A,E2,-0.19497224358685497,10.0,123
R100,E1,-0.009454488219239046,10.0,124
R100,E2,0.11131104393180516,10.0,124
A,E1,0.13559581220764239,10.0,124
A,E2,-0.06291805679706279,10.0,124
R100,E1,-0.23509641986912902,10.0,125
R100,E2,0.24035935132669137,10.0,125
A,E1,-0.053088917345199604,10.0,125
A,E2,0.0495527938718143,10.0,125
R100,E1,-0.22453628473677364,10.0,126
R100,E2,0.23139601974938084,10.0,126
A,E1,0.054905195223076325,10.0,126
A,E2,-0.05209936577524793,10.0,126
R100,E1,-0.23960763729734952,10.0,127
R100,E2,0.2515438613644219,10.0,127
A,E1,0.07329793611438457,10.0,127
A,E2,-0.05869136605894627,10.0,127
R100,E1,-0.19491577393404788,10.0,128
R100,E2,0.20577416635211787,10.0,128
A,E1,0.039094232253471854,10.0,128
A,E2,-0.0386769582670051,10.0,128
R100,E1,-0.26562426359962976,10.0,129
R100,E2,0.2647370033736464,10.0,129
A,E1,0.09828226256966362,10.0,129
A,E2,-0.10034323295279514,10.0,129
R100,E1,-0.2187978763553994,10.0,130
R100,E2,0.22584523515911772,10.0,130
A,E1,-0.17270700513506027,10.0,130
A,E2,0.1790917368976229,10.0,130
R100,E1,-0.1529916766860265,10.0,131
R100,E2,0.1738298486399663,10.0,131
A,E1,-0.05902609389564001,10.0,131
A,E2,0.06255946433367023,10.0,131
R100,E1,-0.1709832042750347,10.0,132
R100,E2,0.1886869348873573,10.0,132
A,E1,-0.20257334743375602,10.0,132
A,E2,0.21426883149416817,10.0,132
R100,E1,-0.10377714168704585,10.0,133
R100,E2,0.1302874766327278,10.0,133
A,E1,0.15897530002757643,10.0,133
A,E2,-0.17318508038248334,10.0,133
R100,E1,-0.2221041374842834,10.0,134
R100,E2,0.2289161716581094,10.0,134
A,E1,-0.005934069213165593,10.0,134
A,E2,0.0008588165479599604,10.0,134
R100,E1,-0.2169006793053438,10.0,135
R100,E2,0.2254332405417493,10.0,135
A,E1,0.2177728351940381,10.0,135
A,E2,-0.21350413183398845,10.0,135
R100,E1,-0.1401582844322294,10.0,136
R100,E2,0.16775598772829772,10.0,136
A,E1,-0.2160309425321828,10.0,136
A,E2,0.21970169655302257,10.0,136
R100,E1,-0.253011012040547,10.0,137
R100,E2,0.2538302606310296,10.0,137
A,E1,-0.07659543910580861,10.0,137
A,E2,0.07704352345248337,10.0,137
R100,E1,-0.23961423332273882,10.0,138
R100,E2,0.24146938567015827,10.0,138
A,E1,-0.10140986545564865,10.0,138
A,E2,0.1015186618002587,10.0,138
R100,E1,-0.22761417083359678,10.0,139
R100,E2,0.22416477970482962,10.0,139
A,E1,0.0394755555249304,10.0,139
A,E2,-0.04298700569619393,10.0,139
R100,E1,-0.14343101075689427,10.0,140
R100,E2,0.16484831858232604,10.0,140
A,E1,0.21299360879534995,10.0,140
A,E2,-0.21128319683055016,10.0,140
R100,E1,-0.22136700939882845,10.0,141
R100,E2,0.23454317903716895,10.0,141
A,E1,0.2321671806477492,10.0,141
A,E2,-0.22154445990799532,10.0,141
R100,E1,-0.11279955501097033,10.0,142
R100,E2,0.1125887592840587,10.0,142
A,E1,0.003962281583109875,10.0,142
A,E2,-0.004166715593312091,10.0,142
R100,E1,-0.10970731889401615,10.0,143
R100,E2,0.13816181475556097,10.0,143
A,E1,0.055727036843283805,10.0,143
A,E2,-0.08719660228236656,10.0,143
R100,E1,-0.1987945423377951,10.0,144
R100,E2,0.2148651261152488,10.0,144
A,E1,-0.011634537259403763,10.0,144
A,E2,-0.009080019547850727,10.0,144
R100,E1,-0.1692730559089313,10.0,145
R100,E2,0.18887452642435837,10.0,145
A,E1,-0.07911862529641196,10.0,145
A,E2,0.05547282984857548,10.0,145
R100,E1,-0.24336456117156738,10.0,146
R100,E2,0.24402286932661435,10.0,146
A,E1,-0.07291468267645654,10.0,146
A,E2,0.07458211474694204,10.0,146
R100,E1,-0.15486420440902438,10.0,148
R100,E2,0.17331961389022912,10.0,148
A,E1,-0.10037797733637702,10.0,148
A,E2,0.09741185020482084,10.0,148
R100,E1,-0.1744585286340706,10.0,149
R100,E2,0.1949132718966117,10.0,149
A,E1,0.09403104322609106,10.0,149
A,E2,-0.12082630078798046,10.0,149
R100,E1,-0.1560474502336317,10.0,150
R100,E2,0.17694885124574602,10.0,150
A,E1,-0.09808058980803841,10.0,150
A,E2,0.0847152086732478,10.0,150
R100,E1,-0.13068854703143895,10.0,151
R100,E2,0.12598405713870925,10.0,151
A,E1,0.025938639526699902,10.0,151
A,E2,-0.020625055692544463,10.0,151
R100,E1,-0.13570581972643622,10.0,152
R100,E2,0.12860123439013801,10.0,152
A,E1,0.0861153897284014,10.0,152
A,E2,-0.08895458847954374,10.0,152
R100,E1,-0.2229113080049473,10.0,153
R100,E2,0.22926526698999694,10.0,153
A,E1,-0.12294920333423653,10.0,153
A,E2,0.11476006040929619,10.0,153
R100,E1,-0.16734319832536643,10.0,154
R100,E2,0.1640931463839521,10.0,154
A,E1,-0.15489405794935004,10.0,154
A,E2,0.14772762601651254,10.0,154
R100,E1,-0.1160160506710319,10.0,155
R100,E2,0.1531272934015567,10.0,155
A,E1,0.023952649876484954,10.0,155
A,E2,-0.05720187239514974,10.0,155
R100,E1,-0.2139016204700476,10.0,156
R100,E2,0.22386447657575137,10.0,156
A,E1,0.12233472747037517,10.0,156
A,E2,-0.12954788118436275,10.0,156
R100,E1,-0.21812565014535776,10.0,157
R100,E2,0.226685295431279,10.0,157
A,E1,0.13093967038331233,10.0,157
A,E2,-0.12802783058604045,10.0,157
R100,E1,-0.030660236748244814,10.0,158
R100,E2,0.031233821006927925,10.0,158
A,E1,0.07111916389687767,10.0,158
A,E2,-0.07073132822317142,10.0,158
R100,E1,-0.05882403422966019,10.0,159
R100,E2,0.062256531638234074,10.0,159
A,E1,-0.027664021623323057,10.0,159
A,E2,0.03151134819392047,10.0,159
R100,E1,-0.17510075573550787,10.0,160
R100,E2,0.19451556210522972,10.0,160
A,E1,-0.14441173027571824,10.0,160
A,E2,0.12065119466544515,10.0,160
R100,E1,-0.14183571156296815,10.0,161
R100,E2,0.17109571600764142,10.0,161
A,E1,0.03882395372515905,10.0,161
A,E2,-0.07235062760585384,10.0,161
R100,E1,-0.21905054549088795,10.0,162
R100,E2,0.22607522253809773,10.0,162
A,E1,0.07306884069572937,10.0,162
A,E2,-0.07425045758454767,10.0,162
R100,E1,-0.2539428070440252,10.0,163
R100,E2,0.2555522037313094,10.0,163
A,E1,-0.04275890677990643,10.0,163
A,E2,0.04589468728538812,10.0,163
R100,E1,-0.261854766620265,10.0,164
R100,E2,0.26069383597536516,10.0,164
A,E1,0.06044432634229074,10.0,164
A,E2,-0.06661865758167537,10.0,164
R100,E1,-0.08072059844090503,10.0,165
R100,E2,0.1120819660365812,10.0,165
A,E1,-0.25034700101955987,10.0,165
A,E2,0.2522970039523677,10.0,165
R100,E1,-0.26437776449414185,10.0,166
R100,E2,0.2651861084750273,10.0,166
A,E1,-0.12448725960708863,10.0,166
A,E2,0.12413475243675459,10.0,166
R100,E1,-0.1847648853687389,10.0,167
R100,E2,0.21025458454230192,10.0,167
A,E1,0.1220715942761297,10.0,167
A,E2,-0.14525371010832663,10.0,167
R100,E1,-0.10524006553560024,10.0,168
R100,E2,0.12964379016504637,10.0,168
A,E1,0.008773157994552642,10.0,168
A,E2,-0.03164848087925772,10.0,168
R100,E1,-0.2636804088733449,10.0,169
R100,E2,0.2622642059033567,10.0,169
A,E1,-0.001538693216637165,10.0,169
A,E2,0.002543076655320663,10.0,169
R100,E1,-0.2489307623921034,10.0,170
R100,E2,0.24996825823252683,10.0,170
A,E1,0.15270955791504676,10.0,170
A,E2,-0.1525028098676929,10.0,170
R100,E1,-0.23003549973357212,10.0,171
R100,E2,0.23717908241119195,10.0,171
A,E1,0.199621498464505,10.0,171
A,E2,-0.20338896817219693,10.0,171
R100,E1,-0.09698356934950766,10.0,172
R100,E2,0.1416519927536516,10.0,172
A,E1,-0.15202033731676615,10.0,172
A,E2,0.18282529397343383,10.0,172
R100,E1,-0.1106641220305925,10.0,173
R100,E2,0.10814082955840938,10.0,173
A,E1,0.15032927265382964,10.0,173
A,E2,-0.15442650595109184,10.0,173
R100,E1,-0.14510134905073732,10.0,174
R100,E2,0.1701100019346601,10.0,174
A,E1,-0.01794902110160299,10.0,174
A,E2,0.01631565478885161,10.0,174
R100,E1,-0.1385461332996041,10.0,175
R100,E2,0.1660816060494002,10.0,175
A,E1,0.13902682140490474,10.0,175
A,E2,-0.1578378512090399,10.0,175
R100,E1,-0.12795098474857064,10.0,176
R100,E2,0.16002904445734556,10.0,176
A,E1,-0.11449725576979976,10.0,176
A,E2,0.11064949604116187,10.0,176
R100,E1,-0.15573895345885455,10.0,177
R100,E2,0.17350126471234167,10.0,177
A,E1,-0.19443362731589978,10.0,177
A,E2,0.1792498048776375,10.0,177
R100,E1,-0.2292751743869792,10.0,178
R100,E2,0.2351734604608526,10.0,178
A,E1,0.21298346911433827,10.0,178
A,E2,-0.21643828219856068,10.0,178
R100,E1,-0.17173576370517873,10.0,179
R100,E2,0.22138316165271887,10.0,179
A,E1,0.2059483177556067,10.0,179
A,E2,-0.2119976164679108,10.0,179
R100,E1,-0.15043797522572167,10.0,180
R100,E2,0.16881757646628237,10.0,180
A,E1,-0.0520204999160091,10.0,180
A,E2,0.033613878581154416,10.0,180
R100,E1,-0.2599380518818279,10.0,181
R100,E2,0.2623504147679623,10.0,181
A,E1,-0.14874722181782762,10.0,181
A,E2,0.15746247335623426,10.0,181
R100,E1,-0.2425877533247824,10.0,182
R100,E2,0.24270926392725392,10.0,182
A,E1,0.1359179063707144,10.0,182
A,E2,-0.13080594143553012,10.0,182
R100,E1,-0.2639412198933295,10.0,183
R100,E2,0.26436684818186623,10.0,183
A,E1,-0.1731096467607909,10.0,183
A,E2,0.17191702842423015,10.0,183
R100,E1,-0.22113009830333336,10.0,184
R100,E2,0.23114426147265268,10.0,184
A,E1,0.026742458882278854,10.0,184
A,E2,-0.028481657615268146,10.0,184
R100,E1,-0.2411449352625956,10.0,185
R100,E2,0.24686340927532516,10.0,185
A,E1,-0.05053223618924327,10.0,185
A,E2,0.05348995196679936,10.0,185
R100,E1,-0.14965552736786508,10.0,186
R100,E2,0.16986588936039482,10.0,186
A,E1,0.06809172145920293,10.0,186
A,E2,-0.09525414883790635,10.0,186
R100,E1,-0.19487120104579472,10.0,187
R100,E2,0.20479803985796738,10.0,187
A,E1,-0.10679805723244239,10.0,187
A,E2,0.09834699380043892,10.0,187
R100,E1,-0.1677495694166503,10.0,188
R100,E2,0.18774186130423715,10.0,188
A,E1,0.09337403428349926,10.0,188
A,E2,-0.09680970689251926,10.0,188
R100,E1,-0.22838712413100906,10.0,189
R100,E2,0.23857981796187455,10.0,189
A,E1,0.13345112290147104,10.0,189
A,E2,-0.14677408408442733,10.0,189
R100,E1,-0.2685631705216627,10.0,190
R100,E2,0.2686825865358172,10.0,190
A,E1,0.09616212851677698,10.0,190
A,E2,-0.09637178231620058,10.0,190
R100,E1,-0.23492902228103743,10.0,191
R100,E2,0.24062811501147555,10.0,191
A,E1,0.15478074284253168,10.0,191
A,E2,-0.15888524342339524,10.0,191
R100,E1,-0.2590248419840455,10.0,192
R100,E2,0.25955400530856254,10.0,192
A,E1,-0.10904725049321759,10.0,192
A,E2,0.10929731344690868,10.0,192
R100,E1,-0.15518834644470905,10.0,193
R100,E2,0.18560458513013714,10.0,193
A,E1,0.05922772071914437,10.0,193
A,E2,-0.07393913224528517,10.0,193
R100,E1,-0.2667859680306791,10.0,194
R100,E2,0.2669292880958274,10.0,194
A,E1,-0.27273383400343987,10.0,194
A,E2,0.2726972024044188,10.0,194
R100,E1,-0.23336923195518822,10.0,195
R100,E2,0.23869206257433448,10.0,195
A,E1,0.1262900274532338,10.0,195
A,E2,-0.12691721162377897,10.0,195
R100,E1,-0.25267985390623215,10.0,196
R100,E2,0.2580591359250731,10.0,196
A,E1,-0.03652391911172619,10.0,196
A,E2,0.04122099195734869,10.0,196
R100,E1,-0.18306029574423574,10.0,197
R100,E2,0.19994958073053298,10.0,197
A,E1,0.020292915684916583,10.0,197
A,E2,-0.04221191795962461,10.0,197
R100,E1,-0.2196775453345863,10.0,198
R100,E2,0.22521459085985548,10.0,198
A,E1,-0.1092779491316021,10.0,198
A,E2,0.11825884466692811,10.0,198
R100,E1,-0.22236881325851887,10.0,199
R100,E2,0.2295328564765722,10.0,199
A,E1,0.013300742202085795,10.0,199
A,E2,-0.014953922852879118,10.0,199
R100,E1,-0.1550128045572382,10.0,200
R100,E2,0.17333871651084967,10.0,200
A,E1,-0.16358124618875752,10.0,200
A,E2,0.17827913312169097,10.0,200
R100,E1,-0.12988148169008637,10.0,201
R100,E2,0.12607377808442313,10.0,201
A,E1,0.19954470722798848,10.0,201
A,E2,-0.19824775919804632,10.0,201
R100,E1,-0.11924539802021232,10.0,202
R100,E2,0.12168074213864795,10.0,202
A,E1,0.001350470663723433,10.0,202
A,E2,0.0029255251122017887,10.0,202
R100,E1,-0.22138537288242466,10.0,203
R100,E2,0.22792685492629922,10.0,203
A,E1,-0.23263907085109628,10.0,203
A,E2,0.2368383580208492,10.0,203
R100,E1,-0.1549146961442066,10.0,204
R100,E2,0.17549507334895256,10.0,204
A,E1,0.12072177797395468,10.0,204
A,E2,-0.1392653004475933,10.0,204
R100,E1,-0.25896479573596937,10.0,205
R100,E2,0.26085764898955704,10.0,205
A,E1,-0.17778289063453528,10.0,205
A,E2,0.17530373939745456,10.0,205
R100,E1,-0.2616496173299904,10.0,206
R100,E2,0.26330577671182637,10.0,206
A,E1,-0.016012507460037944,10.0,206
A,E2,0.011259092833842327,10.0,206
R100,E1,-0.15703582651383433,10.0,207
R100,E2,0.181369058195729,10.0,207
A,E1,-0.24274298909014422,10.0,207
A,E2,0.2487089918691012,10.0,207
R100,E1,-0.1347174218975896,10.0,208
R100,E2,0.1574267648505559,10.0,208
A,E1,0.14898931308608573,10.0,208
A,E2,-0.17311796456526815,10.0,208
R100,E1,-0.2390069229480475,10.0,209
R100,E2,0.24503880215098364,10.0,209
A,E1,0.2562298660828009,10.0,209
A,E2,-0.25984725017655697,10.0,209
R100,E1,-0.21618859771511503,10.0,210
R100,E2,0.2273454797047158,10.0,210
A,E1,0.19545284898552734,10.0,210
A,E2,-0.1996898808552351,10.0,210
R100,E1,-0.1526166710625763,10.0,211
R100,E2,0.1457103479119114,10.0,211
A,E1,-0.09034340390228844,10.0,211
A,E2,0.08578652816495222,10.0,211
R100,E1,-0.22025972604371102,10.0,212
R100,E2,0.2268267677419567,10.0,212
A,E1,-0.0916629388782316,10.0,212
A,E2,0.08186156255695559,10.0,212
R100,E1,-0.18494457558201394,10.0,213
R100,E2,0.20135782033152658,10.0,213
A,E1,0.043909058225938186,10.0,213
A,E2,-0.061738781426181485,10.0,213
R100,E1,-0.16089161165212879,10.0,214
R100,E2,0.1837799104435556,10.0,214
A,E1,-0.04074958809317396,10.0,214
A,E2,0.012832264748411717,10.0,214
R100,E1,-0.22566464421946428,10.0,215
R100,E2,0.22374336434892622,10.0,215
A,E1,-0.22130284911653475,10.0,215
A,E2,0.21643233199793876,10.0,215
R100,E1,-0.1982248904466358,10.0,216
R100,E2,0.20567043314253985,10.0,216
A,E1,0.14853743082933643,10.0,216
A,E2,-0.14962506083454996,10.0,216
R100,E1,-0.1350639077778262,10.0,217
R100,E2,0.1631197757919921,10.0,217
A,E1,-0.12834772638666297,10.0,217
A,E2,0.12471970009798865,10.0,217
R100,E1,-0.2475916314846787,10.0,218
R100,E2,0.24576142463667555,10.0,218
A,E1,-0.08605169739980459,10.0,218
A,E2,0.07818382834957553,10.0,218
R100,E1,-0.11062888322486798,10.0,219
R100,E2,0.13576379718509035,10.0,219
A,E1,-0.10044778592873777,10.0,219
A,E2,0.07856172372422976,10.0,219
R100,E1,-0.1722236404818323,10.0,220
R100,E2,0.18935984158130867,10.0,220
A,E1,-0.1774460927903034,10.0,220
A,E2,0.16022636268754722,10.0,220
R100,E1,-0.24549529273321546,10.0,221
R100,E2,0.2477546706936629,10.0,221
A,E1,-0.2010551257343442,10.0,221
A,E2,0.20458525971086333,10.0,221
R100,E1,-0.24828101419838502,10.0,222
R100,E2,0.24902757408595738,10.0,222
A,E1,0.09129781399782036,10.0,222
A,E2,-0.09098898834814646,10.0,222
R100,E1,-0.14286695794419246,10.0,223
R100,E2,0.16266476997066262,10.0,223
A,E1,0.06352174550487875,10.0,223
A,E2,-0.08194470105006377,10.0,223
R100,E1,-0.10409282449988685,10.0,224
R100,E2,0.1320917064045637,10.0,224
A,E1,-0.24076498315951614,10.0,224
A,E2,0.2229746500457491,10.0,224
R100,E1,-0.2659812338904366,10.0,225
R100,E2,0.2662721763967912,10.0,225
A,E1,0.16411633423709848,10.0,225
A,E2,-0.1639639076632202,10.0,225
R100,E1,-0.16722122990623878,10.0,226
R100,E2,0.19345888270396888,10.0,226
A,E1,-0.1134756353740969,10.0,226
A,E2,0.10811684165050887,10.0,226
R100,E1,-0.21284859925039307,10.0,227
R100,E2,0.21836831573233498,10.0,227
A,E1,0.13914904192034738,10.0,227
A,E2,-0.14512117678135633,10.0,227
R100,E1,-0.15611279321092486,10.0,228
R100,E2,0.17774110444501912,10.0,228
A,E1,-0.1396026099768785,10.0,228
A,E2,0.15995815704039548,10.0,228
R100,E1,-0.23291822557328665,10.0,230
R100,E2,0.2380353837067257,10.0,230
A,E1,0.005841593863538849,10.0,230
A,E2,-0.005856522268548111,10.0,230
R100,E1,-0.10426290168680032,10.0,231
R100,E2,0.13320626969273816,10.0,231
A,E1,0.09790092406418939,10.0,231
A,E2,-0.11524844602326267,10.0,231
R100,E1,-0.24015061471115176,10.0,232
R100,E2,0.24513037490997838,10.0,232
A,E1,0.0351303884429034,10.0,232
A,E2,-0.04364617682088844,10.0,232
R100,E1,-0.10473028255101094,10.0,233
R100,E2,0.10415932239961093,10.0,233
A,E1,-0.1275869731205087,10.0,233
A,E2,0.1270681540935508,10.0,233
R100,E1,-0.17554142546453275,10.0,234
R100,E2,0.1930136898731998,10.0,234
A,E1,0.008864524748768535,10.0,234
A,E2,-0.006759894775849451,10.0,234
R100,E1,-0.20506136756848167,10.0,235
R100,E2,0.21421817147649422,10.0,235
A,E1,-0.03713073660720802,10.0,235
A,E2,0.03589332999668358,10.0,235
R100,E1,-0.26574883299573987,10.0,236
R100,E2,0.26403429528786465,10.0,236
A,E1,-0.24317432091046187,10.0,236
A,E2,0.24609305835905335,10.0,236
R100,E1,-0.16216695289824004,10.0,237
R100,E2,0.1832896811361295,10.0,237
A,E1,-0.10066922849528039,10.0,237
A,E2,0.07981839190801504,10.0,237
R100,E1,-0.2591077230249006,10.0,238
R100,E2,0.25948133532851525,10.0,238
A,E1,0.026304114019497823,10.0,238
A,E2,-0.02663291198061689,10.0,238
R100,E1,-0.262530345366701,10.0,239
R100,E2,0.2627144503943029,10.0,239
A,E1,0.05602021850692176,10.0,239
A,E2,-0.05593641242085477,10.0,239
R100,E1,-0.21357824218449495,10.0,240
R100,E2,0.2140176242418173,10.0,240
A,E1,-0.06258417770648739,10.0,240
A,E2,0.06979771736119385,10.0,240
R100,E1,-0.2617290067798103,10.0,241
R100,E2,0.2606735090937986,10.0,241
A,E1,-0.24959358061227976,10.0,241
A,E2,0.24726090327150738,10.0,241
R100,E1,-0.24929739960734382,10.0,242
R100,E2,0.2507003531966509,10.0,242
A,E1,-0.24404958866500445,10.0,242
A,E2,0.23960370450686178,10.0,242
R100,E1,-0.21971774830572957,10.0,243
R100,E2,0.2244709954213177,10.0,243
A,E1,-0.12622056145014274,10.0,243
A,E2,0.12563384945040018,10.0,243
R100,E1,-0.22592536531371415,10.0,244
R100,E2,0.23243773685510982,10.0,244
A,E1,0.056613471201451375,10.0,244
A,E2,-0.06197836208180437,10.0,244
R100,E1,-0.21946688614964616,10.0,245
R100,E2,0.22881260445140206,10.0,245
A,E1,0.10081977165748597,10.0,245
A,E2,-0.10824673649456808,10.0,245
R100,E1,-0.21833599314833932,10.0,246
R100,E2,0.2298160595585156,10.0,246
A,E1,0.14874960428052691,10.0,246
A,E2,-0.1642954456264255,10.0,246
R100,E1,-0.24297562243991752,10.0,247
R100,E2,0.24377389683102127,10.0,247
A,E1,-0.14503699706381593,10.0,247
A,E2,0.1463527386512881,10.0,247
R100,E1,-0.10439968605317608,10.0,248
R100,E2,0.1464877741450299,10.0,248
A,E1,0.19414212465513522,10.0,248
A,E2,-0.21225704531861744,10.0,248
R100,E1,-0.24040749659957747,10.0,249
R100,E2,0.24608015321020113,10.0,249
A,E1,0.20475953003182654,10.0,249
A,E2,-0.20748425403962092,10.0,249
R100,E1,-0.206995412635449,10.0,250
R100,E2,0.21251653877111862,10.0,250
A,E1,-0.15285464666890983,10.0,250
A,E2,0.16155476667590032,10.0,250
R100,E1,-0.17574028229462313,10.0,251
R100,E2,0.17884071976603744,10.0,251
A,E1,-0.023031261378338365,10.0,251
A,E2,0.020211589452751654,10.0,251
R100,E1,-0.15559208330181495,10.0,252
R100,E2,0.1740089431733066,10.0,252
A,E1,0.1270909263083173,10.0,252
A,E2,-0.1429831122198317,10.0,252
R100,E1,-0.22047955468590658,10.0,253
R100,E2,0.22935061075738908,10.0,253
A,E1,0.1942013565582217,10.0,253
A,E2,-0.19006836230729196,10.0,253
R100,E1,-0.1636036388595399,10.0,254
R100,E2,0.20080899109173161,10.0,254
A,E1,-0.0012080792015560205,10.0,254
A,E2,0.007911475962838333,10.0,254
R100,E1,-0.1683037262305696,10.0,255
R100,E2,0.1913042366676739,10.0,255
A,E1,-0.021598065333064756,10.0,255
A,E2,0.009580149052407642,10.0,255
R100,E1,-0.1567137888715917,10.0,256
R100,E2,0.15428657480709937,10.0,256
A,E1,0.06632285518553144,10.0,256
A,E2,-0.06139191346114085,10.0,256
R100,E1,-0.19492397383705623,10.0,257
R100,E2,0.2049023728079779,10.0,257
A,E1,0.11334134882253481,10.0,257
A,E2,-0.1129327333723271,10.0,257
R100,E1,-0.15091454466648327,10.0,258
R100,E2,0.17355338973155776,10.0,258
A,E1,-0.17822865829025436,10.0,258
A,E2,0.18749532912097,10.0,258
R100,E1,-0.10907267769584301,10.0,259
R100,E2,0.1525864698252654,10.0,259
A,E1,0.1553799669880325,10.0,259
A,E2,-0.19064536747132554,10.0,259
R100,E1,-0.14557075308202017,10.0,260
R100,E2,0.16899043237863282,10.0,260
A,E1,0.25462876809590607,10.0,260
A,E2,-0.25966775566315464,10.0,260
R100,E1,-0.246513113198931,10.0,261
R100,E2,0.24403661164604623,10.0,261
A,E1,0.013497242883514443,10.0,261
A,E2,-0.009218363288531818,10.0,261
R100,E1,-0.1760226073267934,10.0,262
R100,E2,0.19268929482049774,10.0,262
A,E1,0.01686490855523207,10.0,262
A,E2,-0.04018207770316874,10.0,262
R100,E1,-0.21531170310985615,10.0,263
R100,E2,0.22271390492265664,10.0,263
A,E1,0.17397648041904468,10.0,263
A,E2,-0.17486965020795778,10.0,263
R100,E1,-0.1781383952278618,10.0,264
R100,E2,0.194066928632904,10.0,264
A,E1,-0.09839005775757785,10.0,264
A,E2,0.08821345816607627,10.0,264
R100,E1,-0.0017950836488969258,10.0,265
R100,E2,0.001917997473183977,10.0,265
A,E1,0.17577765363306927,10.0,265
A,E2,-0.1757330356062273,10.0,265
R100,E1,-0.16746979024791592,10.0,266
R100,E2,0.18507428443125565,10.0,266
A,E1,0.10038862094673162,10.0,266
A,E2,-0.10169781852282932,10.0,266
R100,E1,-0.09076374227356639,10.0,267
R100,E2,0.11923809229395509,10.0,267
A,E1,0.021412686120931758,10.0,267
A,E2,0.002269762501686638,10.0,267
R100,E1,-0.19276501735380486,10.0,268
R100,E2,0.18884226235762952,10.0,268
A,E1,-0.09865311384748546,10.0,268
A,E2,0.0975199123317626,10.0,268
R100,E1,-0.21983148178095951,10.0,269
R100,E2,0.228811193349002,10.0,269
A,E1,0.19546012261240236,10.0,269
A,E2,-0.1914621157205821,10.0,269
R100,E1,-0.17674468529707363,10.0,270
R100,E2,0.20689428372551025,10.0,270
A,E1,0.053450715395417354,10.0,270
A,E2,-0.09182241743560425,10.0,270
R100,E1,-0.2245490190046965,10.0,271
R100,E2,0.2321373979630057,10.0,271
A,E1,0.24264954441754424,10.0,271
A,E2,-0.24657409347940412,10.0,271
R100,E1,-0.11034117948877063,10.0,272
R100,E2,0.13849784802371348,10.0,272
A,E1,-0.172314864350137,10.0,272
A,E2,0.19285876731895765,10.0,272
R100,E1,-0.10401693504200643,10.0,273
R100,E2,0.1821520369010524,10.0,273
A,E1,-0.03878398343852429,10.0,273
A,E2,0.030019960477970335,10.0,273
R100,E1,-0.23537855207339164,10.0,274
R100,E2,0.2409880072161766,10.0,274
A,E1,-0.0747505778048713,10.0,274
A,E2,0.0780777640916768,10.0,274
R100,E1,-0.09805469380879206,10.0,275
R100,E2,0.16098258413360772,10.0,275
A,E1,-0.006830707147024187,10.0,275
A,E2,0.060079612634895856,10.0,275
R100,E1,-0.030524305292058098,10.0,276
R100,E2,0.02684364692600831,10.0,276
A,E1,0.047328505304868713,10.0,276
A,E2,-0.05455819680915868,10.0,276
R100,E1,-0.18681723174412107,10.0,277
R100,E2,0.20819335541256656,10.0,277
A,E1,-0.1575942324900461,10.0,277
A,E2,0.14692273786495166,10.0,277
R100,E1,-0.14088082095660967,10.0,278
R100,E2,0.17887435476252697,10.0,278
A,E1,-0.04316989547766982,10.0,278
A,E2,0.006197570480747236,10.0,278
R100,E1,-0.22820218963250177,10.0,279
R100,E2,0.23066741345607641,10.0,279
A,E1,0.007020160593408605,10.0,279
A,E2,0.003751208670696945,10.0,279
R100,E1,-0.15367392823937218,10.0,280
R100,E2,0.17847454905949423,10.0,280
A,E1,-0.24736142083434962,10.0,280
A,E2,0.2503623145295669,10.0,280
R100,E1,-0.18153820243807905,10.0,281
R100,E2,0.19954043431765559,10.0,281
A,E1,0.036799882491657915,10.0,281
A,E2,-0.06030629792351818,10.0,281
R100,E1,-0.22885641681869076,10.0,282
R100,E2,0.2350405930089506,10.0,282
A,E1,0.1891071386827075,10.0,282
A,E2,-0.195658066173433,10.0,282
R100,E1,-0.16545503204582934,10.0,283
R100,E2,0.18303531180224822,10.0,283
A,E1,0.049842907970338114,10.0,283
A,E2,-0.0689850555314873,10.0,283
R100,E1,-0.20917552167414397,10.0,284
R100,E2,0.20708121534670135,10.0,284
A,E1,0.10447294194383021,10.0,284
A,E2,-0.103602260687274,10.0,284
R100,E1,-0.2587952489808554,10.0,285
R100,E2,0.2617526121312547,10.0,285
A,E1,-0.022560086367405825,10.0,285
A,E2,0.031553683245666216,10.0,285
R100,E1,-0.23235073633634848,10.0,286
R100,E2,0.2279829392715736,10.0,286
A,E1,0.050212825759969985,10.0,286
A,E2,-0.0507641281378969,10.0,286
R100,E1,-0.12306131291256879,10.0,287
R100,E2,0.15167883433195042,10.0,287
A,E1,-0.11412397688754941,10.0,287
A,E2,0.08313305602324723,10.0,287
R100,E1,-0.17214776962113482,10.0,288
R100,E2,0.17231037777074443,10.0,288
A,E1,-0.10053675204599433,10.0,288
A,E2,0.1007284396102784,10.0,288
R100,E1,-0.1700351163365626,10.0,289
R100,E2,0.19605298454544393,10.0,289
A,E1,-0.08162987030594918,10.0,289
A,E2,0.07681452417289902,10.0,289
R100,E1,-0.16193964615889192,10.0,290
R100,E2,0.17850676825477804,10.0,290
A,E1,0.06547829885821665,10.0,290
A,E2,-0.056169656272711435,10.0,290
R100,E1,-0.13549227118320264,10.0,291
R100,E2,0.1583130302615261,10.0,291
A,E1,0.056999360934350374,10.0,291
A,E2,-0.07878747481932931,10.0,291
R100,E1,-0.15813146820997975,10.0,292
R100,E2,0.18919611378223886,10.0,292
A,E1,0.032298425550353116,10.0,292
A,E2,-0.035478703407204895,10.0,292
R100,E1,-0.23117841252561408,10.0,293
R100,E2,0.23472715351708318,10.0,293
A,E1,-0.08474900664500558,10.0,293
A,E2,0.0826341062177897,10.0,293
R100,E1,-0.07562459231609946,10.0,294
R100,E2,0.11348990623886906,10.0,294
A,E1,-0.08644915480704975,10.0,294
A,E2,0.06356474723383834,10.0,294
R100,E1,-0.20132573701386836,10.0,295
R100,E2,0.20670757703626175,10.0,295
A,E1,0.03636133132689629,10.0,295
A,E2,-0.03041162008725238,10.0,295
R100,E1,-0.20442042031387192,10.0,296
R100,E2,0.2116170585814058,10.0,296
A,E1,-0.20078322347639635,10.0,296
A,E2,0.19750532342619834,10.0,296
R100,E1,-0.1414476012424296,10.0,297
R100,E2,0.13794458256116154,10.0,297
A,E1,0.040911030559841945,10.0,297
A,E2,-0.050465469345157846,10.0,297
R100,E1,-0.2585083910063914,10.0,298
R100,E2,0.2589642057270993,10.0,298
A,E1,0.17746457368391153,10.0,298
A,E2,-0.17770979464278575,10.0,298
R100,E1,-0.13154749321749534,10.0,299
R100,E2,0.16989698757766897,10.0,299
A,E1,0.11651679566323901,10.0,299
A,E2,-0.14859548953635082,10.0,299
R100,E1,-0.2256576206176321,10.0,300
R100,E2,0.23166196861519134,10.0,300
A,E1,0.12280770231199817,10.0,300
A,E2,-0.13265933986545278,10.0,300
R100,E1,-0.24585455583857857,10.0,301
R100,E2,0.24225283370122305,10.0,301
A,E1,-0.004257135133397,10.0,301
A,E2,-0.0008723548936629821,10.0,301
R100,E1,-0.0008112103759269634,10.0,302
R100,E2,0.003070533504474173,10.0,302
A,E1,0.1936669889698148,10.0,302
A,E2,-0.19024714919932104,10.0,302
R100,E1,-0.09847058285552483,10.0,303
R100,E2,0.14279974980120277,10.0,303
A,E1,-0.11705551322541267,10.0,303
A,E2,0.14112459304090283,10.0,303
R100,E1,-0.2559578249171704,10.0,304
R100,E2,0.25681678688772086,10.0,304
A,E1,0.20871398236580627,10.0,304
A,E2,-0.21024269769260814,10.0,304
R100,E1,-0.13235893275940544,10.0,305
R100,E2,0.15722491428863275,10.0,305
A,E1,0.05350517065762791,10.0,305
A,E2,-0.07880891339212727,10.0,305
R100,E1,-0.1792054406864885,10.0,306
R100,E2,0.1957548571823087,10.0,306
A,E1,-0.16428818607510146,10.0,306
A,E2,0.15398994248768297,10.0,306
R100,E1,-0.1199677506132704,10.0,307
R100,E2,0.1487485135870579,10.0,307
A,E1,0.003404408890047298,10.0,307
A,E2,-0.019525208375472645,10.0,307
R100,E1,-0.22833570377775889,10.0,308
R100,E2,0.23843583115439707,10.0,308
A,E1,0.19519499134083082,10.0,308
A,E2,-0.19697061828966703,10.0,308
R100,E1,-0.15046522331413165,10.0,309
R100,E2,0.1705403953608201,10.0,309
A,E1,-0.1292000698817882,10.0,309
A,E2,0.14716636009764603,10.0,309
R100,E1,-0.16789008353897064,10.0,310
R100,E2,0.20576160166447868,10.0,310
A,E1,0.07033868240930667,10.0,310
A,E2,-0.10858279234908529,10.0,310
R100,E1,-0.05844099334222816,10.0,311
R100,E2,0.061449142780423946,10.0,311
A,E1,0.07787830808169469,10.0,311
A,E2,-0.07700053275385858,10.0,311
R100,E1,-0.15149330158562288,10.0,312
R100,E2,0.17272097335870656,10.0,312
A,E1,-0.09884554406539359,10.0,312
A,E2,0.08275961853125667,10.0,312
R100,E1,-0.25350691026109073,10.0,313
R100,E2,0.24873893774251452,10.0,313
A,E1,-0.14404325560976178,10.0,313
A,E2,0.13219038030941327,10.0,313
R100,E1,-0.268168775591596,10.0,314
R100,E2,0.26834613987225264,10.0,314
A,E1,-0.06673065917674005,10.0,314
A,E2,0.06669157908635352,10.0,314
R100,E1,-0.24493754226791267,10.0,315
R100,E2,0.2429904046838816,10.0,315
A,E1,-0.09840285745423377,10.0,315
A,E2,0.09717999607045202,10.0,315
R100,E1,-0.13507065142622482,10.0,316
R100,E2,0.15725334674348443,10.0,316
A,E1,-0.10704830701038982,10.0,316
A,E2,0.08914808505123403,10.0,316
R100,E1,-0.17965750716901002,10.0,317
R100,E2,0.20193558905225312,10.0,317
A,E1,0.0003909692989168258,10.0,317
A,E2,-0.008138354716425383,10.0,317
R100,E1,-0.2483945830601268,10.0,318
R100,E2,0.2495007717514609,10.0,318
A,E1,-0.1788792621925513,10.0,318
A,E2,0.17959036705541445,10.0,318
R100,E1,-0.1437669058691213,10.0,319
R100,E2,0.16665678952508994,10.0,319
A,E1,0.19661771650383789,10.0,319
A,E2,-0.21612757764159687,10.0,319
R100,E1,-0.14958342528470772,10.0,320
R100,E2,0.1725369934635166,10.0,320
A,E1,-0.11117037577404737,10.0,320
A,E2,0.13037770926809258,10.0,320
R100,E1,-0.10022880184979942,10.0,321
R100,E2,0.12858613735058175,10.0,321
A,E1,-0.01996915467440753,10.0,321
A,E2,-0.00505491062736865,10.0,321
R100,E1,-0.1951705466187447,10.0,322
R100,E2,0.21199172854596574,10.0,322
A,E1,0.17575454280379219,10.0,322
A,E2,-0.19201447935702048,10.0,322
R100,E1,-0.2481649096791068,10.0,323
R100,E2,0.24829477769479355,10.0,323
A,E1,-0.23038206203200673,10.0,323
A,E2,0.22732004297012315,10.0,323
R100,E1,-0.18790503851867074,10.0,324
R100,E2,0.18447597245677305,10.0,324
A,E1,-0.13406648890588502,10.0,324
A,E2,0.13132447821981558,10.0,324
R100,E1,-0.230805604020694,10.0,325
R100,E2,0.23744777131512274,10.0,325
A,E1,0.013162335629662313,10.0,325
A,E2,-0.012802985287121774,10.0,325
R100,E1,-0.21696807031459475,10.0,326
R100,E2,0.2228459100519543,10.0,326
A,E1,-0.17253726166908392,10.0,326
A,E2,0.162880362384053,10.0,326
R100,E1,-0.10056020363775946,10.0,327
R100,E2,0.12730932269448708,10.0,327
A,E1,-0.0846485430647057,10.0,327
A,E2,0.07482031706540293,10.0,327
R100,E1,-0.1734175236047409,10.0,328
R100,E2,0.1902592937414264,10.0,328
A,E1,-0.010997147851732326,10.0,328
A,E2,-0.003437918924122836,10.0,328
R100,E1,-0.1833870971952277,10.0,329
R100,E2,0.18146941212384582,10.0,329
A,E1,0.1872852655373032,10.0,329
A,E2,-0.187121880939957,10.0,329
R100,E1,-0.23569018248843318,10.0,330
R100,E2,0.24637279832051848,10.0,330
A,E1,0.2332717722702321,10.0,330
A,E2,-0.22484674860605863,10.0,330
R100,E1,-0.18436424244543173,10.0,331
R100,E2,0.2129152056641284,10.0,331
A,E1,-0.09869243285082432,10.0,331
A,E2,0.08266474692670657,10.0,331
R100,E1,-0.21782252300238092,10.0,332
R100,E2,0.227349771156015,10.0,332
A,E1,-0.21207691133072482,10.0,332
A,E2,0.22104583012409132,10.0,332
R100,E1,-0.18737352787931497,10.0,333
R100,E2,0.2051853296718716,10.0,333
A,E1,0.008797806805074766,10.0,333
A,E2,-0.01959829444241888,10.0,333
R100,E1,-0.24963684139496203,10.0,334
R100,E2,0.25537504515374465,10.0,334
A,E1,0.18545667631461682,10.0,334
A,E2,-0.1890006562045067,10.0,334
R100,E1,-0.13709194421166712,10.0,335
R100,E2,0.16537118153928493,10.0,335
A,E1,-0.08354726927517737,10.0,335
A,E2,0.057527359198299044,10.0,335
R100,E1,-0.1788944157098039,10.0,336
R100,E2,0.19493447956045243,10.0,336
A,E1,-0.08056298827358846,10.0,336
A,E2,0.06594641942893195,10.0,336
R100,E1,-0.26931794047105273,10.0,337
R100,E2,0.2694133615124606,10.0,337
A,E1,0.1297941212724413,10.0,337
A,E2,-0.13034407792109157,10.0,337
R100,E1,-0.19954932561169197,10.0,338
R100,E2,0.20914875122383253,10.0,338
A,E1,0.1144060463395379,10.0,338
A,E2,-0.12541016280004974,10.0,338
R100,E1,-0.22702525923942118,10.0,339
R100,E2,0.23072629701976125,10.0,339
A,E1,-0.1327003283297208,10.0,339
A,E2,0.12736606482324897,10.0,339
R100,E1,-0.24620999038099195,10.0,340
R100,E2,0.24735510253890972,10.0,340
A,E1,-0.24401121058864172,10.0,340
A,E2,0.24204124846374872,10.0,340
R100,E1,-0.21897158479555973,10.0,341
R100,E2,0.22598701505021848,10.0,341
A,E1,-0.21472281576936653,10.0,341
A,E2,0.21348933696553032,10.0,341
R100,E1,-0.23572445719438223,10.0,342
R100,E2,0.2409804790440156,10.0,342
A,E1,-0.20366363147161975,10.0,342
A,E2,0.21023953725822225,10.0,342
R100,E1,-0.1839488194991929,10.0,343
R100,E2,0.2028268581635642,10.0,343
A,E1,0.07844841581615876,10.0,343
A,E2,-0.09636585644371636,10.0,343
R100,E1,-0.25290813522380934,10.0,344
R100,E2,0.2536683327988613,10.0,344
A,E1,0.19952753350693306,10.0,344
A,E2,-0.1993630924256121,10.0,344
R100,E1,-0.13638247764042605,10.0,345
R100,E2,0.17496845277996073,10.0,345
A,E1,-0.1903788309868351,10.0,345
A,E2,0.21695988314628273,10.0,345
R100,E1,-0.26013189820905763,10.0,346
R100,E2,0.26071993403442423,10.0,346
A,E1,-0.18384169778309323,10.0,346
A,E2,0.18656496593370384,10.0,346
R100,E1,-0.25569353542475565,10.0,347
R100,E2,0.2595915357289145,10.0,347
A,E1,-0.09472161875069571,10.0,347
A,E2,0.10389567090648545,10.0,347
R100,E1,-0.17784977173889016,10.0,348
R100,E2,0.17346049971873254,10.0,348
A,E1,0.13529182390187197,10.0,348
A,E2,-0.1392055395316436,10.0,348
R100,E1,-0.22458943257006414,10.0,349
R100,E2,0.23517565804815166,10.0,349
A,E1,0.23129485534378225,10.0,349
A,E2,-0.22912974858025262,10.0,349
R100,E1,-0.14000260090111213,10.0,350
R100,E2,0.16655530080844838,10.0,350
A,E1,0.05787898427238131,10.0,350
A,E2,-0.042137445498980526,10.0,350
R100,E1,-0.18691958508561474,10.0,351
R100,E2,0.20617177678163007,10.0,351
A,E1,0.03481205816893762,10.0,351
A,E2,-0.04689531176128992,10.0,351
R100,E1,-0.1063809998419933,10.0,352
R100,E2,0.14751330861429718,10.0,352
A,E1,0.08608316767981797,10.0,352
A,E2,-0.10823381378451434,10.0,352
R100,E1,-0.1362450440708755,10.0,353
R100,E2,0.15758690930844557,10.0,353
A,E1,-0.1753627852199041,10.0,353
A,E2,0.16083030815581265,10.0,353
R100,E1,-0.024635715163737353,10.0,354
R100,E2,0.018281428761797513,10.0,354
A,E1,0.1939569380146541,10.0,354
A,E2,-0.197152033484771,10.0,354
R100,E1,-0.1699370152244523,10.0,355
R100,E2,0.20658146830089086,10.0,355
A,E1,-0.14872603496517425,10.0,355
A,E2,0.1267597841709821,10.0,355
R100,E1,-0.2606470793934445,10.0,356
R100,E2,0.2611242387349972,10.0,356
A,E1,0.17423061831975986,10.0,356
A,E2,-0.17500370633403384,10.0,356
R100,E1,-0.10401693504200639,10.0,357
R100,E2,0.18215203690105247,10.0,357
A,E1,-0.13372301123256045,10.0,357
A,E2,0.1246895717342754,10.0,357
R100,E1,-0.21817205828304398,10.0,358
R100,E2,0.22565015616816972,10.0,358
A,E1,-0.14631343418299206,10.0,358
A,E2,0.15611968381122585,10.0,358
R100,E1,-0.24777219249292073,10.0,359
R100,E2,0.2485673871810673,10.0,359
A,E1,-0.16624557977592153,10.0,359
A,E2,0.16742041196688023,10.0,359
R100,E1,-0.22593815496204117,10.0,360
R100,E2,0.2260123623635799,10.0,360
A,E1,-0.22075183541164278,10.0,360
A,E2,0.21897114313153498,10.0,360
R100,E1,-0.14702826598385496,10.0,361
R100,E2,0.16720031515983969,10.0,361
A,E1,-0.0007426226382723946,10.0,361
A,E2,-0.02213564585385225,10.0,361
R100,E1,-0.10223630281359886,10.0,362
R100,E2,0.13401147639799252,10.0,362
A,E1,0.10583633038694339,10.0,362
A,E2,-0.13719700742296165,10.0,362
R100,E1,-0.1957581899728369,10.0,363
R100,E2,0.1983180055155714,10.0,363
A,E1,-0.14657428336681763,10.0,363
A,E2,0.14837116309622647,10.0,363
R100,E1,-0.2539475556560943,10.0,364
R100,E2,0.2553547205479161,10.0,364
A,E1,-0.044742103333379,10.0,364
A,E2,0.05210718742473312,10.0,364
R100,E1,-0.2500745141277619,10.0,365
R100,E2,0.25268926511032397,10.0,365
A,E1,-0.07531095366908139,10.0,365
A,E2,0.08299139570352318,10.0,365
R100,E1,-0.2530029819101653,10.0,366
R100,E2,0.25306458920718716,10.0,366
A,E1,0.21685846941097667,10.0,366
A,E2,-0.21874478185331192,10.0,366
R100,E1,-0.24603823334460234,10.0,367
R100,E2,0.24905045116159083,10.0,367
A,E1,-0.0014002313584654483,10.0,367
A,E2,0.008489455076521477,10.0,367
R100,E1,-0.25847874562066203,10.0,368
R100,E2,0.2591216704905745,10.0,368
A,E1,0.194844924108179,10.0,368
A,E2,-0.1962185332760034,10.0,368
R100,E1,-0.21808191341481808,10.0,369
R100,E2,0.22514629543917417,10.0,369
A,E1,0.2131910333177115,10.0,369
A,E2,-0.22053359271263043,10.0,369
R100,E1,-0.17106864328763105,10.0,370
R100,E2,0.19294569630864236,10.0,370
A,E1,0.18443606513172178,10.0,370
A,E2,-0.20648672619336864,10.0,370
R100,E1,-0.2537633548877769,10.0,371
R100,E2,0.2543804509393029,10.0,371
A,E1,0.028705488529812542,10.0,371
A,E2,-0.02934284296068217,10.0,371
R100,E1,-0.26647773567551386,10.0,372
R100,E2,0.2672513037633519,10.0,372
A,E1,-0.13033595905242318,10.0,372
A,E2,0.133858463356799,10.0,372
R100,E1,-0.16893931701106568,10.0,373
R100,E2,0.18287870640004575,10.0,373
A,E1,-0.045759093702323055,10.0,373
A,E2,0.044155753385746385,10.0,373
R100,E1,-0.18748174764415051,10.0,374
R100,E2,0.18790015695782783,10.0,374
A,E1,0.1472156557815581,10.0,374
A,E2,-0.14482682381433482,10.0,374
R100,E1,-0.18534948942355614,10.0,375
R100,E2,0.20443081107334965,10.0,375
A,E1,-0.1458617228629289,10.0,375
A,E2,0.14852718364028444,10.0,375
R100,E1,0.034664567093344714,10.0,376
R100,E2,-0.028341882509399206,10.0,376
A,E1,0.059887188420539576,10.0,376
A,E2,-0.05893228684694576,10.0,376
R100,E1,-0.15599997171808405,10.0,377
R100,E2,0.1761904712752523,10.0,377
A,E1,-0.07474976941987423,10.0,377
A,E2,0.052998400894144766,10.0,377
R100,E1,-0.16914718810002058,10.0,378
R100,E2,0.19053739221337956,10.0,378
A,E1,-0.10044672558408402,10.0,378
A,E2,0.07353730304257576,10.0,378
R100,E1,-0.25831912553505765,10.0,379
R100,E2,0.259006051698476,10.0,379
A,E1,0.25345848714855684,10.0,379
A,E2,-0.2540260902024804,10.0,379
R100,E1,-0.2435711958383018,10.0,380
R100,E2,0.2454044939478485,10.0,380
A,E1,-0.19052826419646832,10.0,380
A,E2,0.19351666515029847,10.0,380
R100,E1,-0.25012387197106306,10.0,381
R100,E2,0.2506216353777638,10.0,381
A,E1,-0.21629364231052786,10.0,381
A,E2,0.2175712371429979,10.0,381
R100,E1,-0.21922711866573677,10.0,382
R100,E2,0.22949487700909413,10.0,382
A,E1,-0.040168111735157414,10.0,382
A,E2,0.049401724818580774,10.0,382
R100,E1,-0.1704483083504755,10.0,383
R100,E2,0.1889483641221842,10.0,383
A,E1,-0.07547082850034176,10.0,383
A,E2,0.05109208925510152,10.0,383
R100,E1,-0.16950226042996983,10.0,384
R100,E2,0.1864262874092255,10.0,384
A,E1,-0.04886094152801894,10.0,384
A,E2,0.024302264829132975,10.0,384
R100,E1,-0.1431920094832934,10.0,385
R100,E2,0.1708390466233832,10.0,385
A,E1,0.09369135856325743,10.0,385
A,E2,-0.12287217460742218,10.0,385
R100,E1,-0.17526401320857643,10.0,386
R100,E2,0.1943665121874059,10.0,386
A,E1,-0.2355608311573696,10.0,386
A,E2,0.23495882333803625,10.0,386
R100,E1,-0.1419497567289331,10.0,387
R100,E2,0.1682150400415424,10.0,387
A,E1,-0.08100331997463027,10.0,387
A,E2,0.056778213364154916,10.0,387
R100,E1,-0.17076913661574192,10.0,388
R100,E2,0.17136073631453774,10.0,388
A,E1,0.0769827343103297,10.0,388
A,E2,-0.07187025853559591,10.0,388
R100,E1,-0.171444840496004,10.0,389
R100,E2,0.18516368205964956,10.0,389
A,E1,0.044913897495940144,10.0,389
A,E2,-0.046864519176533545,10.0,389
R100,E1,-0.1589421742609407,10.0,390
R100,E2,0.1770791455646845,10.0,390
A,E1,-0.17167816901205685,10.0,390
A,E2,0.15618396883486216,10.0,390
R100,E1,-0.1888543626646227,10.0,391
R100,E2,0.19901415954184723,10.0,391
A,E1,-0.1298595183581553,10.0,391
A,E2,0.13906922201125052,10.0,391
R100,E1,-0.20564282581059615,10.0,392
R100,E2,0.2174936279912058,10.0,392
A,E1,0.023010970270212358,10.0,392
A,E2,-0.03103851937066832,10.0,392
R100,E1,-0.23254566375631244,10.0,393
R100,E2,0.23711519841126047,10.0,393
A,E1,-0.13237846236221265,10.0,393
A,E2,0.13353561611533138,10.0,393
R100,E1,-0.11081868195094131,10.0,394
R100,E2,0.13575286237791032,10.0,394
A,E1,-0.20425429493775873,10.0,394
A,E2,0.2121222737716849,10.0,394
R100,E1,-0.23884344189038387,10.0,395
R100,E2,0.2486569075437915,10.0,395
A,E1,0.17907130680447939,10.0,395
A,E2,-0.18803918691072963,10.0,395
R100,E1,-0.20359763219082816,10.0,396
R100,E2,0.2134974840306133,10.0,396
A,E1,0.05464464304496694,10.0,396
A,E2,-0.05566981338336237,10.0,396
R100,E1,-0.2525179962782184,10.0,397
R100,E2,0.2520096822283825,10.0,397
A,E1,-0.2271232149843674,10.0,397
A,E2,0.22294524660642645,10.0,397
R100,E1,-0.24407959148992905,10.0,398
R100,E2,0.24978962863883566,10.0,398
A,E1,-0.015306423742478863,10.0,398
A,E2,0.020130215730304237,10.0,398
R100,E1,-0.15917597829066307,10.0,399
R100,E2,0.17880050410312756,10.0,399
A,E1,-0.08658044011182547,10.0,399
A,E2,0.06831486409327694,10.0,399
R100,E1,-0.15210862789464097,10.0,400
R100,E2,0.1718866906827429,10.0,400
A,E1,0.05333454040514423,10.0,400
A,E2,-0.07855363624467478,10.0,400
R100,E1,-0.19781082628500238,10.0,401
R100,E2,0.21401944765819636,10.0,401
A,E1,0.05771478611591033,10.0,401
A,E2,-0.07428152329713913,10.0,401
R100,E1,-0.16688039195335908,10.0,402
R100,E2,0.1896869356030137,10.0,402
A,E1,0.2400578515013103,10.0,402
A,E2,-0.245475031662368,10.0,402
R100,E1,-0.26163648434264447,10.0,403
R100,E2,0.26183002348738954,10.0,403
A,E1,0.10179968681159923,10.0,403
A,E2,-0.10176642846346849,10.0,403
R100,E1,-0.20689220094961208,10.0,404
R100,E2,0.2055479616969621,10.0,404
A,E1,0.2158015258999296,10.0,404
A,E2,-0.21163723473949733,10.0,404
R100,E1,-0.171583711811143,10.0,405
R100,E2,0.19044167924002806,10.0,405
A,E1,-0.2608407113046412,10.0,405
A,E2,0.2670574254339389,10.0,405
R100,E1,-0.26922476631525843,10.0,406
R100,E2,0.2695264356567824,10.0,406
A,E1,-0.061602990624834625,10.0,406
A,E2,0.07424403399888985,10.0,406
R100,E1,-0.10803480042038804,10.0,407
R100,E2,0.13895069460121906,10.0,407
A,E1,0.09624848834928855,10.0,407
A,E2,-0.12898525001630207,10.0,407
R100,E1,-0.2660543292794902,10.0,408
R100,E2,0.2647675455211575,10.0,408
A,E1,0.19495594037948416,10.0,408
A,E2,-0.19218703451513847,10.0,408
R100,E1,-0.10621385405465016,10.0,409
R100,E2,0.13776342471076938,10.0,409
A,E1,0.09207082315431306,10.0,409
A,E2,-0.10805756426713839,10.0,409
R100,E1,-0.22589668405786706,10.0,410
R100,E2,0.22487510096895857,10.0,410
A,E1,-0.1113732271058666,10.0,410
A,E2,0.1015697827328215,10.0,410
R100,E1,-0.17016075241741535,10.0,411
R100,E2,0.19037699182671944,10.0,411
A,E1,0.17434045072559384,10.0,411
A,E2,-0.1773302817072681,10.0,411
R100,E1,-0.19484859174199587,10.0,412
R100,E2,0.21164657910825058,10.0,412
A,E1,0.05759536797414088,10.0,412
A,E2,-0.08224955136869692,10.0,412
R100,E1,-0.11147310762306095,10.0,413
R100,E2,0.13939482107427065,10.0,413
A,E1,0.12876551374084194,10.0,413
A,E2,-0.15551116378054103,10.0,413
R100,E1,-0.13098331432913682,10.0,414
R100,E2,0.16617482785044846,10.0,414
A,E1,-0.2629339333568708,10.0,414
A,E2,0.269200128785638,10.0,414
R100,E1,-0.21146256093314683,10.0,415
R100,E2,0.2217439330420972,10.0,415
A,E1,0.05155242241530016,10.0,415
A,E2,-0.04988692831485518,10.0,415
R100,E1,-0.24091105935905663,10.0,416
R100,E2,0.2422796334052262,10.0,416
A,E1,-0.13625381815349855,10.0,416
A,E2,0.13654118611793345,10.0,416
R100,E1,-0.22001719422045413,10.0,417
R100,E2,0.2233577919547588,10.0,417
A,E1,-0.18057178246769778,10.0,417
A,E2,0.17440245673960222,10.0,417
R100,E1,-0.14470155269452112,10.0,418
R100,E2,0.16781727491415663,10.0,418
A,E1,0.2161967070533626,10.0,418
A,E2,-0.22164441631559845,10.0,418
R100,E1,-0.1239844330607171,10.0,419
R100,E2,0.14592917602270916,10.0,419
A,E1,0.03757012283453437,10.0,419
A,E2,-0.04946102479978598,10.0,419
R100,E1,-0.09716781160415615,10.0,420
R100,E2,0.12541692481003008,10.0,420
A,E1,0.051977428438819605,10.0,420
A,E2,-0.079296349027898,10.0,420
R100,E1,-0.2521672243511347,10.0,421
R100,E2,0.25309928080469096,10.0,421
A,E1,0.20574652571632102,10.0,421
A,E2,-0.20710948723378067,10.0,421
R100,E1,-0.14873533480981643,10.0,422
R100,E2,0.18608550803236254,10.0,422
A,E1,-0.1315135748616736,10.0,422
A,E2,0.09353282715752473,10.0,422
R100,E1,-0.16793012823711123,10.0,423
R100,E2,0.18511438650431042,10.0,423
A,E1,-0.11874169758361042,10.0,423
A,E2,0.13784228429237985,10.0,423
R100,E1,-0.22706308548804807,10.0,424
R100,E2,0.23201428972017704,10.0,424
A,E1,-0.070544565425273,10.0,424
A,E2,0.08036110007279543,10.0,424
R100,E1,-0.23945486012907352,10.0,425
R100,E2,0.24447524428036096,10.0,425
A,E1,0.0894089086534893,10.0,425
A,E2,-0.09703718937140753,10.0,425
R100,E1,-0.20943861586464474,10.0,426
R100,E2,0.21985065577520888,10.0,426
A,E1,-0.024184997585084876,10.0,426
A,E2,0.021490940235539255,10.0,426
R100,E1,-0.265152250604163,10.0,427
R100,E2,0.26661016088721107,10.0,427
A,E1,-0.2419779190375798,10.0,427
A,E2,0.24151814368337887,10.0,427
R100,E1,-0.22428949193647782,10.0,429
R100,E2,0.2211589347037002,10.0,429
A,E1,0.0764084548145832,10.0,429
A,E2,-0.07836713250887656,10.0,429
R100,E1,-0.2632613514393981,10.0,430
R100,E2,0.2635865570977546,10.0,430
A,E1,-0.09219976474265619,10.0,430
A,E2,0.09269448203494843,10.0,430
R100,E1,-0.18807165540540083,10.0,431
R100,E2,0.18845853617473637,10.0,431
A,E1,0.010891670953618423,10.0,431
A,E2,-0.009863182208113446,10.0,431
R100,E1,-0.24625569984777265,10.0,432
R100,E2,0.247606980835098,10.0,432
A,E1,-0.2453674001345755,10.0,432
A,E2,0.24597781177905964,10.0,432
R100,E1,-0.12142308740999566,10.0,433
R100,E2,0.1491295663965263,10.0,433
A,E1,-0.00045617917439368,10.0,433
A,E2,-0.03178465257810585,10.0,433
R100,E1,-0.12222809342245305,10.0,434
R100,E2,0.14483986166474233,10.0,434
A,E1,0.015158801899270857,10.0,434
A,E2,-0.03880549912372968,10.0,434
R100,E1,-0.24071888236715783,10.0,435
R100,E2,0.24167577836935472,10.0,435
A,E1,-0.05478210864577638,10.0,435
A,E2,0.059681602516998576,10.0,435
R100,E1,-0.1836636658914123,10.0,436
R100,E2,0.18353278120041697,10.0,436
A,E1,-0.1790397532513521,10.0,436
A,E2,0.17757720897036286,10.0,436
R100,E1,-0.22447149094775745,10.0,437
R100,E2,0.2216927382369223,10.0,437
A,E1,0.09601372839447934,10.0,437
A,E2,-0.08901352785540442,10.0,437
R100,E1,-0.21163410551999337,10.0,438
R100,E2,0.21583020137203973,10.0,438
A,E1,-0.17066350025342342,10.0,438
A,E2,0.17066208993088922,10.0,438
R100,E1,-0.2463182845564032,10.0,439
R100,E2,0.24612992530375252,10.0,439
A,E1,-0.12797196649719653,10.0,439
A,E2,0.12018836431402624,10.0,439
R100,E1,-0.17292443247363273,10.0,440
R100,E2,0.16510977533384436,10.0,440
A,E1,0.0026181787573235685,10.0,440
A,E2,-0.013873476915378885,10.0,440
R100,E1,-0.11450870715940321,10.0,441
R100,E2,0.1396022323940366,10.0,441
A,E1,0.0922015260384877,10.0,441
A,E2,-0.08985238637873456,10.0,441
R100,E1,-0.08574741423548853,10.0,442
R100,E2,0.1165682878301012,10.0,442
A,E1,-0.15812550285983867,10.0,442
A,E2,0.1415194226546847,10.0,442
R100,E1,-0.19425685387208708,10.0,443
R100,E2,0.20425660571390716,10.0,443
A,E1,-0.10754162549782421,10.0,443
A,E2,0.10430448966599279,10.0,443
R100,E1,-0.25457869454360543,10.0,444
R100,E2,0.25492999062053173,10.0,444
A,E1,-0.09177936646193396,10.0,444
A,E2,0.08141108133769752,10.0,444
R100,E1,-0.17260391184442725,10.0,445
R100,E2,0.2028326912157298,10.0,445
A,E1,-0.12616234543745547,10.0,445
A,E2,0.12039485386297243,10.0,445
R100,E1,-0.16148674022538403,10.0,446
R100,E2,0.1812360619464855,10.0,446
A,E1,0.02161759675818703,10.0,446
A,E2,-0.04620657960518155,10.0,446
R100,E1,-0.2285693418229356,10.0,447
R100,E2,0.22546265087963763,10.0,447
A,E1,-0.1906398368172568,10.0,447
A,E2,0.18640596586187502,10.0,447
R100,E1,-0.2159206967757067,10.0,449
R100,E2,0.2231366031061948,10.0,449
A,E1,0.0704878215113099,10.0,449
A,E2,-0.08165597316170577,10.0,449
R100,E1,-0.1097145944267062,10.0,450
R100,E2,0.14114054212194496,10.0,450
A,E1,0.24963098800944364,10.0,450
A,E2,-0.25572343182855706,10.0,450
R100,E1,-0.16620125200918087,10.0,451
R100,E2,0.18776731645835149,10.0,451
A,E1,0.13967132064162674,10.0,451
A,E2,-0.1542032120543873,10.0,451
R100,E1,-0.2140859165617046,10.0,452
R100,E2,0.22193428935977613,10.0,452
A,E1,0.12258903649728613,10.0,452
A,E2,-0.12022773160726496,10.0,452
R100,E1,-0.2555043692181489,10.0,453
R100,E2,0.25629894664904845,10.0,453
A,E1,0.04081496246121529,10.0,453
A,E2,-0.04177530728472475,10.0,453
R100,E1,-0.18452365833164738,10.0,454
R100,E2,0.18720105050594288,10.0,454
A,E1,-0.11040322942765997,10.0,454
A,E2,0.11720466523568074,10.0,454
R100,E1,-0.2240790609962943,10.0,455
R100,E2,0.22367593033932073,10.0,455
A,E1,-0.12029943251276834,10.0,455
A,E2,0.1196804411972367,10.0,455
R100,E1,-0.18372298503326562,10.0,456
R100,E2,0.20492364663036997,10.0,456
A,E1,-0.140197893572455,10.0,456
A,E2,0.13781199849732068,10.0,456
R100,E1,-0.15688255638064086,10.0,457
R100,E2,0.17457480522859758,10.0,457
A,E1,-0.0432397863717415,10.0,457
A,E2,0.061470074112123595,10.0,457
R100,E1,-0.14359717002137945,10.0,458
R100,E2,0.16640033264134688,10.0,458
A,E1,-0.03923187810904458,10.0,458
A,E2,0.013193066664799946,10.0,458
R100,E1,-0.25294371420097067,10.0,459
R100,E2,0.25394228318726547,10.0,459
A,E1,-0.038040995518170584,10.0,459
A,E2,0.03587571052792752,10.0,459
R100,E1,-0.1903120952623485,10.0,460
R100,E2,0.18807999593827132,10.0,460
A,E1,-0.1673823398728533,10.0,460
A,E2,0.16810673008575866,10.0,460
R100,E1,-0.2041850580203198,10.0,461
R100,E2,0.20656815458866418,10.0,461
A,E1,-0.23977824834146602,10.0,461
A,E2,0.2363435296249806,10.0,461
R100,E1,-0.256745443234742,10.0,462
R100,E2,0.2574727430632697,10.0,462
A,E1,-0.1408282403613178,10.0,462
A,E2,0.1408965278856494,10.0,462
R100,E1,-0.17460055458933982,10.0,463
R100,E2,0.19296146188322433,10.0,463
A,E1,0.03271542846545559,10.0,463
A,E2,-0.05723663151917267,10.0,463
R100,E1,-0.1877850646100047,10.0,464
R100,E2,0.2051327946921126,10.0,464
A,E1,-0.18746172079120035,10.0,464
A,E2,0.19885710544634697,10.0,464
R100,E1,-0.11103773335116728,10.0,465
R100,E2,0.13632710033017234,10.0,465
A,E1,-0.01864778334988842,10.0,465
A,E2,0.010457837371963903,10.0,465
R100,E1,-0.1390437598306622,10.0,466
R100,E2,0.1660502311035794,10.0,466
A,E1,-0.046932723487377634,10.0,466
A,E2,0.07683939397464064,10.0,466
R100,E1,-0.174743010530619,10.0,467
R100,E2,0.19195320308213487,10.0,467
A,E1,0.12932587614603114,10.0,467
A,E2,-0.14509151430267828,10.0,467
R100,E1,-0.1620484722000703,10.0,468
R100,E2,0.18148980435126255,10.0,468
A,E1,-0.10150134837726536,10.0,468
A,E2,0.08392669002836534,10.0,468
R100,E1,-0.2629846244789688,10.0,469
R100,E2,0.26343272553130487,10.0,469
A,E1,-0.09388928999495055,10.0,469
A,E2,0.09233795964866175,10.0,469
R100,E1,-0.11111428078672164,10.0,470
R100,E2,0.13600910134808933,10.0,470
A,E1,-0.1774824630998326,10.0,470
A,E2,0.18810534793736822,10.0,470
R100,E1,-0.16742609040778259,10.0,471
R100,E2,0.1601582767481471,10.0,471
A,E1,-0.07609694192527038,10.0,471
A,E2,0.06943579077181693,10.0,471
R100,E1,-0.15834798979932457,10.0,472
R100,E2,0.17790773446858515,10.0,472
A,E1,-0.02601085449235724,10.0,472
A,E2,0.026276698275339426,10.0,472
R100,E1,-0.20191710985832084,10.0,473
R100,E2,0.21384650475926859,10.0,473
A,E1,-0.008329342051613077,10.0,473
A,E2,-0.0031538395562109058,10.0,473
R100,E1,-0.16110375946288702,10.0,474
R100,E2,0.18446931044927056,10.0,474
A,E1,0.211730176842115,10.0,474
A,E2,-0.2269556206572067,10.0,474
R100,E1,-0.16737539182159133,10.0,475
R100,E2,0.18485393969588462,10.0,475
A,E1,-0.19018843564104754,10.0,475
A,E2,0.17419613488788682,10.0,475
R100,E1,-0.06609659426167584,10.0,477
R100,E2,0.11472898926399959,10.0,477
A,E1,-0.14933385044623432,10.0,477
A,E2,0.16923703935915035,10.0,477
R100,E1,-0.24571730164857286,10.0,478
R100,E2,0.2513160530493046,10.0,478
A,E1,0.0719524309268466,10.0,478
A,E2,-0.0712875204673788,10.0,478
R100,E1,-0.23255686691103494,10.0,479
R100,E2,0.23871124792875595,10.0,479
A,E1,0.07034656673635546,10.0,479
A,E2,-0.07233701242308872,10.0,479
R100,E1,-0.264567706186986,10.0,480
R100,E2,0.26636683124794014,10.0,480
A,E1,-0.23889600062698474,10.0,480
A,E2,0.23663571339156894,10.0,480
R100,E1,-0.2613511549453025,10.0,481
R100,E2,0.26179964120615395,10.0,481
A,E1,-0.14600804685862312,10.0,481
A,E2,0.14596508710274222,10.0,481
R100,E1,-0.11737539324909939,10.0,482
R100,E2,0.1435940389554798,10.0,482
A,E1,-0.16513400930796915,10.0,482
A,E2,0.1423202891352995,10.0,482
R100,E1,-0.2050913319390679,10.0,483
R100,E2,0.20852681865906872,10.0,483
A,E1,-0.03476302605210126,10.0,483
A,E2,0.03729330034333568,10.0,483
R100,E1,-0.25930555284004314,10.0,484
R100,E2,0.2617431498459035,10.0,484
A,E1,-0.23678006088813075,10.0,484
A,E2,0.2342942262632584,10.0,484
R100,E1,-0.1877348009680741,10.0,485
R100,E2,0.2061470371471461,10.0,485
A,E1,-0.01501830830417992,10.0,485
A,E2,0.020803324334272257,10.0,485
R100,E1,-0.11761119215608531,10.0,486
R100,E2,0.14416559460431347,10.0,486
A,E1,0.02997972134911013,10.0,486
A,E2,-0.047173175465768734,10.0,486
R100,E1,-0.23878556832302955,10.0,487
R100,E2,0.24427328208184673,10.0,487
A,E1,0.0400235028841793,10.0,487
A,E2,-0.040333590958191154,10.0,487
R100,E1,-0.13722895484849112,10.0,488
R100,E2,0.17536346197890393,10.0,488
A,E1,0.049916653660823415,10.0,488
A,E2,-0.07859877787447823,10.0,488
R100,E1,-0.24632725346142847,10.0,489
R100,E2,0.24746267231095645,10.0,489
A,E1,-0.0020208925696156644,10.0,489
A,E2,0.0001334914350291149,10.0,489
R100,E1,-0.09259583124387324,10.0,490
R100,E2,0.15100541014890287,10.0,490
A,E1,0.0069639691050870575,10.0,490
A,E2,-0.011430789136887767,10.0,490
R100,E1,-0.16878040488699525,10.0,491
R100,E2,0.193136754124697,10.0,491
A,E1,0.1646236807613166,10.0,491
A,E2,-0.1880534689881707,10.0,491
R100,E1,-0.26904886744279266,10.0,492
R100,E2,0.269168328777867,10.0,492
A,E1,-0.11704019391048605,10.0,492
A,E2,0.11689902467017645,10.0,492
R100,E1,-0.1538365719472815,10.0,493
R100,E2,0.18526387352339793,10.0,493
A,E1,-0.02546308680197223,10.0,493
A,E2,-0.008206563156680918,10.0,493
R100,E1,-0.1711761904065949,10.0,494
R100,E2,0.19401523056105355,10.0,494
A,E1,-0.05458646569589484,10.0,494
A,E2,0.03394961615424777,10.0,494
R100,E1,-0.18194287740204115,10.0,495
R100,E2,0.195592207746549,10.0,495
A,E1,-0.2018080648970091,10.0,495
A,E2,0.21436134849761318,10.0,495
R100,E1,-0.20919477462611807,10.0,496
R100,E2,0.21863410117042484,10.0,496
A,E1,-0.1667376423069351,10.0,496
A,E2,0.15736763413360783,10.0,496
R100,E1,-0.25700199684618513,10.0,497
R100,E2,0.2577644133697456,10.0,497
A,E1,0.0063341399433076385,10.0,497
A,E2,-0.00789446076996347,10.0,497
R100,E1,-0.15343999907935577,10.0,498
R100,E2,0.17608292054347854,10.0,498
A,E1,-0.21280367884635898,10.0,498
A,E2,0.22063234718337352,10.0,498
R100,E1,-0.17732332104388868,10.0,499
R100,E2,0.19331467538868916,10.0,499
A,E1,-0.13021722331352165,10.0,499
A,E2,0.12890204130026423,10.0,499
R100,E1,-0.11603829561846156,10.0,500
R100,E2,0.10793841957484107,10.0,500
A,E1,0.08810287292568122,10.0,500
A,E2,-0.09665662688438206,10.0,500
R100,E1,-0.2023334680111421,10.0,501
R100,E2,0.2116521656290317,10.0,501
A,E1,-0.0029974912222032932,10.0,501
A,E2,0.0016711651171132842,10.0,501
R100,E1,-0.164946491016264,10.0,502
R100,E2,0.17904954336332937,10.0,502
A,E1,0.03183939470985442,10.0,502
A,E2,-0.03384829073865219,10.0,502
R100,E1,-0.1758131002039987,10.0,503
R100,E2,0.1925747697067715,10.0,503
A,E1,-0.07590249490660383,10.0,503
A,E2,0.06513201341438477,10.0,503
R100,E1,-0.17428288968829186,10.0,504
R100,E2,0.19416548937038958,10.0,504
A,E1,0.09808754574048474,10.0,504
A,E2,-0.12221170700193666,10.0,504
R100,E1,-0.11316359794535175,10.0,505
R100,E2,0.13915356731108852,10.0,505
A,E1,-0.09652671713619594,10.0,505
A,E2,0.12036268563724087,10.0,505
R100,E1,-0.1016081021449125,10.0,506
R100,E2,0.09877052126540554,10.0,506
A,E1,0.1277711897686688,10.0,506
A,E2,-0.13067802475860912,10.0,506
R100,E1,-0.1919703587162524,10.0,507
R100,E2,0.20868375160399408,10.0,507
A,E1,0.050303809994483514,10.0,507
A,E2,-0.06702911219943235,10.0,507
R100,E1,-0.15250339828910456,10.0,508
R100,E2,0.17556120474981202,10.0,508
A,E1,0.04233295340053911,10.0,508
A,E2,-0.06735400258297262,10.0,508
R100,E1,-0.18306719085530387,10.0,509
R100,E2,0.17706485360163543,10.0,509
A,E1,-0.20406284852827283,10.0,509
A,E2,0.1980565103677626,10.0,509
R100,E1,-0.1511811786149621,10.0,510
R100,E2,0.17239929405422144,10.0,510
A,E1,-0.04084085068439767,10.0,510
A,E2,0.0404886308695542,10.0,510
R100,E1,-0.0653771227892516,10.0,511
R100,E2,0.12801453585855524,10.0,511
A,E1,-0.00817367510076588,10.0,511
A,E2,0.01526399120144156,10.0,511
R100,E1,-0.13273073763957857,10.0,512
R100,E2,0.13325105501986967,10.0,512
A,E1,0.10157034218744777,10.0,512
A,E2,-0.1097194237262424,10.0,512
R100,E1,-0.2682913126303433,10.0,513
R100,E2,0.26629866478717884,10.0,513
A,E1,-0.17427643332224896,10.0,513
A,E2,0.17406904891689298,10.0,513
R100,E1,-0.12818731163552805,10.0,514
R100,E2,0.1507312802798185,10.0,514
A,E1,-0.027785430965709863,10.0,514
A,E2,0.04596973704503946,10.0,514
R100,E1,-0.18652340874146223,10.0,515
R100,E2,0.2059682418627572,10.0,515
A,E1,-0.020014511550557536,10.0,515
A,E2,0.013184091460070485,10.0,515
R100,E1,-0.17346593028099894,10.0,516
R100,E2,0.1974627653149949,10.0,516
A,E1,0.1507483750993824,10.0,516
A,E2,-0.17707699300277882,10.0,516
R100,E1,-0.167934107784178,10.0,517
R100,E2,0.18934167065349078,10.0,517
A,E1,-0.08358716303916702,10.0,517
A,E2,0.07767848193898068,10.0,517
R100,E1,-0.1938744603299599,10.0,518
R100,E2,0.204831538123997,10.0,518
A,E1,-0.11540912671210005,10.0,518
A,E2,0.1300381130253073,10.0,518
R100,E1,-0.12953251169308647,10.0,520
R100,E2,0.13077655184613735,10.0,520
A,E1,-0.0040065452237178,10.0,520
A,E2,0.007447043212336372,10.0,520
R100,E1,-0.20783578401903027,10.0,521
R100,E2,0.2178045425247818,10.0,521
A,E1,0.21426896173968255,10.0,521
A,E2,-0.2171783178693206,10.0,521
R100,E1,-0.1494406183794926,10.0,522
R100,E2,0.17832675320729433,10.0,522
A,E1,0.05579698082845324,10.0,522
A,E2,-0.07948182477961283,10.0,522
R100,E1,-0.21780447782356738,10.0,523
R100,E2,0.2275431835453878,10.0,523
A,E1,-0.003442688484421033,10.0,523
A,E2,-0.0098297046428863,10.0,523
R100,E1,-0.13011451073700303,10.0,524
R100,E2,0.12866533855673193,10.0,524
A,E1,0.0526196934211804,10.0,524
A,E2,-0.04749167266331259,10.0,524
R100,E1,-0.2662074297909207,10.0,525
R100,E2,0.2665006248015854,10.0,525
A,E1,0.26851679905559084,10.0,525
A,E2,-0.2686462524301059,10.0,525
R100,E1,-0.26144066604219385,10.0,526
R100,E2,0.2600408676401091,10.0,526
A,E1,0.18799993213059596,10.0,526
A,E2,-0.18433365405789964,10.0,526
R100,E1,-0.2107502948202974,10.0,527
R100,E2,0.2178352907763018,10.0,527
A,E1,0.19347632577303625,10.0,527
A,E2,-0.20031787128204032,10.0,527
R100,E1,-0.17238633239389142,10.0,528
R100,E2,0.19649538905464678,10.0,528
A,E1,0.12061053546456031,10.0,528
A,E2,-0.1426821723335667,10.0,528
R100,E1,-0.219538652461055,10.0,529
R100,E2,0.2166949968483889,10.0,529
A,E1,-0.16064134340357178,10.0,529
A,E2,0.16356583690979976,10.0,529
R100,E1,-0.24151587798020052,10.0,530
R100,E2,0.24292863196614217,10.0,530
A,E1,-0.22573820232986438,10.0,530
A,E2,0.22679855752056177,10.0,530
R100,E1,-0.15856324001725122,10.0,531
R100,E2,0.17848283601078416,10.0,531
A,E1,-0.15385351219057308,10.0,531
A,E2,0.13339805740755983,10.0,531
R100,E1,-0.20174129833691484,10.0,532
R100,E2,0.20419382685194465,10.0,532
A,E1,-0.02301513613295647,10.0,532
A,E2,0.028807943984576343,10.0,532
R100,E1,0.07709735644928122,10.0,533
R100,E2,-0.07731028459051867,10.0,533
A,E1,0.07849196922503983,10.0,533
A,E2,-0.07853508690071449,10.0,533
R100,E1,-0.21915631189028378,10.0,534
R100,E2,0.22662249904359436,10.0,534
A,E1,0.16184600526364357,10.0,534
A,E2,-0.1688097012395408,10.0,534
R100,E1,-0.2575742416253797,10.0,535
R100,E2,0.25831289368828875,10.0,535
A,E1,0.008600185148977991,10.0,535
A,E2,-0.01005870206375766,10.0,535
R100,E1,-0.16157966950554337,10.0,536
R100,E2,0.1979577532844766,10.0,536
A,E1,0.0003184421087056111,10.0,536
A,E2,-0.017972241857647613,10.0,536
R100,E1,-0.1799799484762765,10.0,537
R100,E2,0.1790280926354469,10.0,537
A,E1,0.10451683033578255,10.0,537
A,E2,-0.09830340940624765,10.0,537
R100,E1,-0.10578906906922546,10.0,538
R100,E2,0.14714285176958014,10.0,538
A,E1,0.06779865673871213,10.0,538
A,E2,-0.09933209161840637,10.0,538
R100,E1,-0.17727161009075354,10.0,539
R100,E2,0.17868054016238227,10.0,539
A,E1,-0.024304218001471017,10.0,539
A,E2,0.02742415105383635,10.0,539
R100,E1,-0.2586340518073912,10.0,540
R100,E2,0.2593512856309287,10.0,540
A,E1,-0.02948691620682898,10.0,540
A,E2,0.027241840180152906,10.0,540
R100,E1,-0.13908835027916766,10.0,541
R100,E2,0.1599254591413404,10.0,541
A,E1,0.08320560104150833,10.0,541
A,E2,-0.08083174929357305,10.0,541
R100,E1,-0.1489494119357809,10.0,542
R100,E2,0.16912262417857676,10.0,542
A,E1,-0.03508170235360348,10.0,542
A,E2,0.05874519713227286,10.0,542
R100,E1,-0.2541062897175639,10.0,543
R100,E2,0.25713484285659527,10.0,543
A,E1,-0.21793502489838684,10.0,543
A,E2,0.21265073683884916,10.0,543
R100,E1,-0.1377336676020992,10.0,544
R100,E2,0.16162052554892292,10.0,544
A,E1,-0.17607040542291724,10.0,544
A,E2,0.15183158179831452,10.0,544
R100,E1,-0.08775360602088925,10.0,545
R100,E2,0.12113693309490765,10.0,545
A,E1,-0.04653149102971097,10.0,545
A,E2,0.015021535110474884,10.0,545
R100,E1,-0.23671231797912798,10.0,546
R100,E2,0.24241299718638581,10.0,546
A,E1,-0.17396720562334805,10.0,546
A,E2,0.1702238005043403,10.0,546
R100,E1,-0.22688637644294438,10.0,547
R100,E2,0.2334475603970674,10.0,547
A,E1,-0.03549461830022812,10.0,547
A,E2,0.03323775692968549,10.0,547
R100,E1,-0.18418756979347767,10.0,548
R100,E2,0.20516677339971903,10.0,548
A,E1,0.08332322315366884,10.0,548
A,E2,-0.1047701330771477,10.0,548
R100,E1,-0.24283913004852467,10.0,549
R100,E2,0.24854293462590332,10.0,549
A,E1,0.2081096675916856,10.0,549
A,E2,-0.21056302819408526,10.0,549
R100,E1,-0.16986767870308764,10.0,550
R100,E2,0.20724843667839138,10.0,550
A,E1,0.09980501885526191,10.0,550
A,E2,-0.13959208436975512,10.0,550
R100,E1,-0.17926942064734094,10.0,551
R100,E2,0.19625000078238172,10.0,551
A,E1,-0.05001737280042555,10.0,551
A,E2,0.034309501080658535,10.0,551
R100,E1,-0.12363687316061121,10.0,552
R100,E2,0.14724126507337465,10.0,552
A,E1,-0.0384514217049355,10.0,552
A,E2,0.010208593478114843,10.0,552
R100,E1,-0.19868137113421427,10.0,553
R100,E2,0.19867958411496822,10.0,553
A,E1,0.039324902664741965,10.0,553
A,E2,-0.03095803963027651,10.0,553
R100,E1,-0.22568252728931873,10.0,554
R100,E2,0.22941533790528523,10.0,554
A,E1,-0.07699864002829766,10.0,554
A,E2,0.06966143396820507,10.0,554
R100,E1,-0.1311271956390093,10.0,555
R100,E2,0.15909262342202896,10.0,555
A,E1,-0.0073250732293518575,10.0,555
A,E2,-0.026210034808163186,10.0,555
R100,E1,-0.2273193628851634,10.0,556
R100,E2,0.23466700607716237,10.0,556
A,E1,0.15544637681163825,10.0,556
A,E2,-0.15308884627845407,10.0,556
R100,E1,-0.10360256361497554,10.0,557
R100,E2,0.14564781222468706,10.0,557
A,E1,-0.015727156759741453,10.0,557
A,E2,0.06033022543896669,10.0,557
R100,E1,-0.12644362480404217,10.0,558
R100,E2,0.15221265611733723,10.0,558
A,E1,0.022520195464437467,10.0,558
A,E2,-0.04716389537148569,10.0,558
R100,E1,-0.16559198461533933,10.0,559
R100,E2,0.18589125777709042,10.0,559
A,E1,-0.1739786681371671,10.0,559
A,E2,0.1921752094844751,10.0,559
R100,E1,-0.1681795366156395,10.0,560
R100,E2,0.19510500781067514,10.0,560
A,E1,0.16195855976200033,10.0,560
A,E2,-0.18369203420904492,10.0,560
R100,E1,-0.2497669639722231,10.0,561
R100,E2,0.25092178782557506,10.0,561
A,E1,-0.012507164154913136,10.0,561
A,E2,0.005596329718197724,10.0,561
R100,E1,-0.2001573559470346,10.0,562
R100,E2,0.20972846047635435,10.0,562
A,E1,-0.08419994425100873,10.0,562
A,E2,0.08084980391742684,10.0,562
R100,E1,-0.2564034978248874,10.0,563
R100,E2,0.25708543561455954,10.0,563
A,E1,0.20726148158585192,10.0,563
A,E2,-0.20770489823414023,10.0,563
R100,E1,-0.15447172726819336,10.0,564
R100,E2,0.17595837947198548,10.0,564
A,E1,0.10480541509156788,10.0,564
A,E2,-0.12508914819087816,10.0,564
R100,E1,-0.1626279529388681,10.0,565
R100,E2,0.157754732258379,10.0,565
A,E1,0.19237513689413344,10.0,565
A,E2,-0.19015448843406466,10.0,565
R100,E1,-0.16970284973691546,10.0,566
R100,E2,0.19210366507942966,10.0,566
A,E1,0.05535115204247062,10.0,566
A,E2,-0.07601881763928513,10.0,566
R100,E1,-0.19268102236300588,10.0,567
R100,E2,0.19392215310382294,10.0,567
A,E1,-0.15576410202925217,10.0,567
A,E2,0.15925592117098292,10.0,567
R100,E1,-0.186260276906084,10.0,568
R100,E2,0.18864357060756326,10.0,568
A,E1,-0.08464347419012952,10.0,568
A,E2,0.08390618332950654,10.0,568
R100,E1,-0.1906108398439184,10.0,569
R100,E2,0.2087270332139094,10.0,569
A,E1,-0.045427980222729446,10.0,569
A,E2,0.043431435535051736,10.0,569
R100,E1,-0.2671132200311623,10.0,570
R100,E2,0.26941665327047787,10.0,570
A,E1,-0.11048252167272407,10.0,570
A,E2,0.12329004973424927,10.0,570
R100,E1,-0.2576582759909352,10.0,571
R100,E2,0.25832280579148403,10.0,571
A,E1,0.22821296849761794,10.0,571
A,E2,-0.2290734231586396,10.0,571
R100,E1,-0.21382096760882147,10.0,572
R100,E2,0.22384796645858782,10.0,572
A,E1,-0.02418499758508488,10.0,572
A,E2,0.021490940235539265,10.0,572
R100,E1,-0.11710275807825733,10.0,573
R100,E2,0.1410349802965222,10.0,573
A,E1,-0.023864613707809276,10.0,573
A,E2,0.040127433065566875,10.0,573
R100,E1,-0.22215688069711764,10.0,574
R100,E2,0.22896559209656936,10.0,574
A,E1,0.1906137043473379,10.0,574
A,E2,-0.19653220803911145,10.0,574
R100,E1,-0.126849404454198,10.0,575
R100,E2,0.1501747157329197,10.0,575
A,E1,-0.04654100084829253,10.0,575
A,E2,0.033977258882544076,10.0,575
R100,E1,-0.11365394748196976,10.0,576
R100,E2,0.15493691655796177,10.0,576
A,E1,-0.0382240468945905,10.0,576
A,E2,0.01254661209805642,10.0,576
R100,E1,-0.22599784784039992,10.0,577
R100,E2,0.23299196721988755,10.0,577
A,E1,-0.22800846367394867,10.0,577
A,E2,0.23301941189235906,10.0,577
R100,E1,-0.16969633737760023,10.0,578
R100,E2,0.18994827766458777,10.0,578
A,E1,0.04249008835448741,10.0,578
A,E2,-0.05728245005553516,10.0,578
R100,E1,-0.1371799976141229,10.0,579
R100,E2,0.2146973667470706,10.0,579
A,E1,0.008484839948101057,10.0,579
A,E2,-0.08963220142691945,10.0,579
R100,E1,-0.23342781876902802,10.0,580
R100,E2,0.23330809986259415,10.0,580
A,E1,-0.02905512871941902,10.0,580
A,E2,0.02485053953995569,10.0,580
R100,E1,-0.23357734976798475,10.0,581
R100,E2,0.23154515590433514,10.0,581
A,E1,-0.031431341940700214,10.0,581
A,E2,0.036292503385990375,10.0,581
R100,E1,-0.22203779451511538,10.0,582
R100,E2,0.22226245001479236,10.0,582
A,E1,-0.20637002147804626,10.0,582
A,E2,0.20402958360907636,10.0,582
R100,E1,-0.1489613816765438,10.0,583
R100,E2,0.17081827655418438,10.0,583
A,E1,0.07585149910408574,10.0,583
A,E2,-0.09708798997062808,10.0,583
R100,E1,-0.21187045876822116,10.0,584
R100,E2,0.21562702856263985,10.0,584
A,E1,-0.024332796807087727,10.0,584
A,E2,0.028847920753564755,10.0,584
R100,E1,-0.12614055309076694,10.0,585
R100,E2,0.12003224371874921,10.0,585
A,E1,-0.11176963374588861,10.0,585
A,E2,0.10293891962413858,10.0,585
R100,E1,-0.045771708412363596,10.0,586
R100,E2,0.0363248535652996,10.0,586
A,E1,0.2269375533382796,10.0,586
A,E2,-0.23258191958146462,10.0,586
R100,E1,-0.23732761189308457,10.0,587
R100,E2,0.24270949394019775,10.0,587
A,E1,0.12391245012889897,10.0,587
A,E2,-0.12531797186571475,10.0,587
R100,E1,-0.2637575740167917,10.0,588
R100,E2,0.2640722316527542,10.0,588
A,E1,-0.05236437684105549,10.0,588
A,E2,0.05277743713672662,10.0,588
R100,E1,-0.18879686100794382,10.0,589
R100,E2,0.1926302633296417,10.0,589
A,E1,-0.0946637894913009,10.0,589
A,E2,0.0909749203066338,10.0,589
R100,E1,-0.14869103562534708,10.0,590
R100,E2,0.16883735270719624,10.0,590
A,E1,-0.14610438844904278,10.0,590
A,E2,0.16471191428118975,10.0,590
R100,E1,-0.1297815425307952,10.0,591
R100,E2,0.15836572677091626,10.0,591
A,E1,-0.018533804409528162,10.0,591
A,E2,0.022678772819359757,10.0,591
R100,E1,-0.2285628248390074,10.0,592
R100,E2,0.2271615239831622,10.0,592
A,E1,-0.08712359919367357,10.0,592
A,E2,0.08757922572949278,10.0,592
R100,E1,-0.15650127033063677,10.0,593
R100,E2,0.18458680630378901,10.0,593
A,E1,0.05376795592046484,10.0,593
A,E2,-0.08796355930703144,10.0,593
R100,E1,-0.2170673883725901,10.0,594
R100,E2,0.22664632454268852,10.0,594
A,E1,0.18548079441480583,10.0,594
A,E2,-0.1963674527524524,10.0,594
R100,E1,-0.22811071627626006,10.0,595
R100,E2,0.22364242663803197,10.0,595
A,E1,-0.05462068143329354,10.0,595
A,E2,0.05450820830532243,10.0,595
R100,E1,-0.1404176989615944,10.0,596
R100,E2,0.16068792646903687,10.0,596
A,E1,0.1817982465293493,10.0,596
A,E2,-0.1988823493938621,10.0,596
R100,E1,-0.2545552444846989,10.0,597
R100,E2,0.259938460650215,10.0,597
A,E1,-0.25854501341238684,10.0,597
A,E2,0.2620449735301709,10.0,597
R100,E1,-0.20115803183661696,10.0,598
R100,E2,0.19910826239347373,10.0,598
A,E1,0.03972591489000725,10.0,598
A,E2,-0.04125769441538636,10.0,598
R100,E1,-0.18265918160147196,10.0,599
R100,E2,0.19843087262499814,10.0,599
A,E1,-0.2392364674770131,10.0,599
A,E2,0.23902450637196423,10.0,599
R100,E1,-0.20501364153282386,10.0,600
R100,E2,0.21630512050413087,10.0,600
A,E1,0.043943735617061684,10.0,600
A,E2,-0.05333434870633144,10.0,600
R100,E1,-0.16264205677266916,10.0,601
R100,E2,0.20032767887827974,10.0,601
A,E1,-0.028329582339770665,10.0,601
A,E2,0.006851654184542529,10.0,601
R100,E1,-0.121069488686692,10.0,602
R100,E2,0.14346111643053466,10.0,602
A,E1,-0.1438307498716904,10.0,602
A,E2,0.12397816672693396,10.0,602
R100,E1,-0.17821717348433574,10.0,603
R100,E2,0.20673676692365578,10.0,603
A,E1,0.05627935658786592,10.0,603
A,E2,-0.0665141286615783,10.0,603
R100,E1,-0.16034615022260096,10.0,604
R100,E2,0.1796456736314008,10.0,604
A,E1,-0.1410409222180337,10.0,604
A,E2,0.12312671395731059,10.0,604
R100,E1,-0.1801154360531802,10.0,605
R100,E2,0.1744216689088455,10.0,605
A,E1,-0.08300360236327547,10.0,605
A,E2,0.07867364769385293,10.0,605
R100,E1,-0.25059684138786803,10.0,606
R100,E2,0.2531475340877373,10.0,606
A,E1,-0.1697883744528809,10.0,606
A,E2,0.1695905865368647,10.0,606
R100,E1,-0.2602295911214387,10.0,607
R100,E2,0.2576767656637429,10.0,607
A,E1,-0.21259352717547603,10.0,607
A,E2,0.20921232789442273,10.0,607
R100,E1,-0.18818769466060634,10.0,608
R100,E2,0.2059760057894931,10.0,608
A,E1,0.16681613142386148,10.0,608
A,E2,-0.18613519934783934,10.0,608
R100,E1,-0.25697764540895185,10.0,609
R100,E2,0.25764522324697753,10.0,609
A,E1,-0.05779519997032591,10.0,609
A,E2,0.058557703005854174,10.0,609
R100,E1,-0.15380467452702162,10.0,610
R100,E2,0.17240452753091023,10.0,610
A,E1,-0.20753440069431908,10.0,610
A,E2,0.20406201685589004,10.0,610
R100,E1,-0.2111735905112406,10.0,611
R100,E2,0.20913034119154159,10.0,611
A,E1,0.1100422524981176,10.0,611
A,E2,-0.11352923963608343,10.0,611
R100,E1,-0.15207470094760392,10.0,612
R100,E2,0.1717470433760132,10.0,612
A,E1,-0.19803968898716556,10.0,612
A,E2,0.21132190669952458,10.0,612
R100,E1,-0.1843993174689655,10.0,613
R100,E2,0.18191515881866516,10.0,613
A,E1,0.00717884820614951,10.0,613
A,E2,-0.007948612360381968,10.0,613
R100,E1,-0.016658740757571597,10.0,614
R100,E2,0.11782711929280318,10.0,614
A,E1,-0.12065208014232362,10.0,614
A,E2,0.1676449347396146,10.0,614
R100,E1,-0.26165755946649794,10.0,615
R100,E2,0.26262213091701253,10.0,615
A,E1,-0.25266279506912587,10.0,615
A,E2,0.25087922402552154,10.0,615
R100,E1,-0.10476371962723792,10.0,616
R100,E2,0.13681403165356237,10.0,616
A,E1,0.04963309343020309,10.0,616
A,E2,-0.08253167692364954,10.0,616
R100,E1,-0.2402669806247179,10.0,617
R100,E2,0.2409500829293787,10.0,617
A,E1,-0.11510645224301277,10.0,617
A,E2,0.11513203111378337,10.0,617
R100,E1,-0.2246213111336767,10.0,618
R100,E2,0.23138634281496312,10.0,618
A,E1,0.02458911022923294,10.0,618
A,E2,-0.02916808152404113,10.0,618
R100,E1,-0.20076096839507476,10.0,619
R100,E2,0.21115384407595994,10.0,619
A,E1,0.13811989303904562,10.0,619
A,E2,-0.15060179704117996,10.0,619
R100,E1,-0.08892760986752726,10.0,620
R100,E2,0.08708447691309601,10.0,620
A,E1,-0.05237994009150843,10.0,620
A,E2,0.047667470117454355,10.0,620
R100,E1,-0.2211895632059718,10.0,621
R100,E2,0.22789375322230448,10.0,621
A,E1,-0.07122230569659461,10.0,621
A,E2,0.05983992293946999,10.0,621
R100,E1,-0.12772329282337958,10.0,622
R100,E2,0.16274414047830763,10.0,622
A,E1,0.1154517807284956,10.0,622
A,E2,-0.141496348234686,10.0,622
R100,E1,-0.22196264844395555,10.0,623
R100,E2,0.22857628960211346,10.0,623
A,E1,0.15729875026804951,10.0,623
A,E2,-0.16346444965185286,10.0,623
R100,E1,-0.2512464844698822,10.0,624
R100,E2,0.25191627863653643,10.0,624
A,E1,-0.05526157400500945,10.0,624
A,E2,0.06234685663469056,10.0,624
R100,E1,-0.1689707999497331,10.0,625
R100,E2,0.1935205546759974,10.0,625
A,E1,0.26386695720141595,10.0,625
A,E2,-0.269788720060479,10.0,625
R100,E1,-0.22167395014699762,10.0,626
R100,E2,0.22847332139037174,10.0,626
A,E1,0.027144404954335854,10.0,626
A,E2,-0.01995933711305091,10.0,626
R100,E1,-0.08413473630792519,10.0,627
R100,E2,0.11791219779557878,10.0,627
A,E1,-0.04596304845059334,10.0,627
A,E2,0.023500234153757977,10.0,627
R100,E1,-0.12601768708332386,10.0,628
R100,E2,0.1612871376072973,10.0,628
A,E1,0.08725434251199886,10.0,628
A,E2,-0.11402607705685269,10.0,628
R100,E1,-0.11569153119968074,10.0,629
R100,E2,0.143819785757874,10.0,629
A,E1,0.013005361256395804,10.0,629
A,E2,-0.04380052138018758,10.0,629
R100,E1,-0.25884541812385703,10.0,630
R100,E2,0.2591994417260938,10.0,630
A,E1,-0.04259127765233465,10.0,630
A,E2,0.04223111060311869,10.0,630
R100,E1,-0.10339783361286199,10.0,631
R100,E2,0.14416405859724765,10.0,631
A,E1,0.010513268804691783,10.0,631
A,E2,-0.03255509510458986,10.0,631
R100,E1,-0.18324258356267473,10.0,632
R100,E2,0.2021867823873113,10.0,632
A,E1,-0.0668850211485802,10.0,632
A,E2,0.06876749348755168,10.0,632
R100,E1,-0.26337169570195323,10.0,633
R100,E2,0.2636780953944862,10.0,633
A,E1,0.21854021373468518,10.0,633
A,E2,-0.21859687754097218,10.0,633
R100,E1,-0.2180713630964854,10.0,634
R100,E2,0.2245565591577045,10.0,634
A,E1,0.1558685483409385,10.0,634
A,E2,-0.16575284237993002,10.0,634
R100,E1,-0.21428281857529455,10.0,635
R100,E2,0.2213263513877086,10.0,635
A,E1,0.00824153162276699,10.0,635
A,E2,-0.02028480566758809,10.0,635
R100,E1,-0.2683841079318912,10.0,636
R100,E2,0.26854887450691856,10.0,636
A,E1,-0.08933537762425597,10.0,636
A,E2,0.09533464613085517,10.0,636
R100,E1,-0.1619480083079334,10.0,637
R100,E2,0.17881198797546188,10.0,637
A,E1,-0.15413991524899073,10.0,637
A,E2,0.138196019437239,10.0,637
R100,E1,-0.15811615609207247,10.0,638
R100,E2,0.17617998185873712,10.0,638
A,E1,0.1257880006735873,10.0,638
A,E2,-0.14591929343392568,10.0,638
R100,E1,-0.2304751864153853,10.0,639
R100,E2,0.22910763603936019,10.0,639
A,E1,-0.1703578811512425,10.0,639
A,E2,0.17117647204482478,10.0,639
R100,E1,-0.25073717765340775,10.0,640
R100,E2,0.25140177594793855,10.0,640
A,E1,-0.13128815332336918,10.0,640
A,E2,0.13395521318466147,10.0,640
R100,E1,-0.1900206064278756,10.0,641
R100,E2,0.2001586417315612,10.0,641
A,E1,-0.20958364569604404,10.0,641
A,E2,0.21856138214347276,10.0,641
R100,E1,-0.19058533732416444,10.0,642
R100,E2,0.21044399159121668,10.0,642
A,E1,0.14278001267153184,10.0,642
A,E2,-0.16681298783862475,10.0,642
R100,E1,-0.0033995418671628743,10.0,643
R100,E2,-0.0015868537842155931,10.0,643
A,E1,0.15918887487984762,10.0,643
A,E2,-0.1646142895263929,10.0,643
R100,E1,-0.14678066790835098,10.0,644
R100,E2,0.1728845373133801,10.0,644
A,E1,-0.08892858511274038,10.0,644
A,E2,0.09852875278459465,10.0,644
R100,E1,-0.15746222944264482,10.0,645
R100,E2,0.1745644637299616,10.0,645
A,E1,-0.036924806272921835,10.0,645
A,E2,0.021236902791739096,10.0,645
R100,E1,-0.23464459794108306,10.0,646
R100,E2,0.2402735654000242,10.0,646
A,E1,0.2692400310074825,10.0,646
A,E2,-0.26959719780765384,10.0,646
R100,E1,-0.16233339239873676,10.0,647
R100,E2,0.1842728576644557,10.0,647
A,E1,0.05024429315711117,10.0,647
A,E2,-0.05169547067612332,10.0,647
R100,E1,-0.2138112711610102,10.0,648
R100,E2,0.22085205374187897,10.0,648
A,E1,0.19092086267425668,10.0,648
A,E2,-0.19688729700184493,10.0,648
R100,E1,-0.19475434946554912,10.0,649
R100,E2,0.21382221557794562,10.0,649
A,E1,0.08163083321379656,10.0,649
A,E2,-0.10420363646313027,10.0,649
R100,E1,-0.19385479855037674,10.0,650
R100,E2,0.20489729996101927,10.0,650
A,E1,-0.04200403576644825,10.0,650
A,E2,0.04120764887331523,10.0,650
R100,E1,-0.24744588542295293,10.0,651
R100,E2,0.2474726060481441,10.0,651
A,E1,-0.21578869725394847,10.0,651
A,E2,0.218079759384346,10.0,651
R100,E1,-0.1494484085376873,10.0,652
R100,E2,0.17521468212292826,10.0,652
A,E1,0.21126596229951636,10.0,652
A,E2,-0.2283382959465223,10.0,652
R100,E1,-0.17778852943646054,10.0,653
R100,E2,0.17778852943646045,10.0,653
A,E1,-0.1594885036388182,10.0,653
A,E2,0.15948850363881822,10.0,653
R100,E1,-0.14650281494473866,10.0,654
R100,E2,0.17311394165456792,10.0,654
A,E1,-0.028484020754789608,10.0,654
A,E2,0.002182071868497702,10.0,654
R100,E1,-0.1430532600253093,10.0,655
R100,E2,0.17015500439271314,10.0,655
A,E1,0.08801614569657967,10.0,655
A,E2,-0.11380414837883696,10.0,655
R100,E1,-0.06942235975942262,10.0,656
R100,E2,0.1029326060039374,10.0,656
A,E1,-0.15612624347984067,10.0,656
A,E2,0.13607431099772221,10.0,656
R100,E1,-0.19617601941653215,10.0,657
R100,E2,0.19298952480597356,10.0,657
A,E1,-0.17645192742153518,10.0,657
A,E2,0.17456127855596998,10.0,657
R100,E1,-0.18299980240414118,10.0,658
R100,E2,0.2041255244221266,10.0,658
A,E1,0.028647556235563445,10.0,658
A,E2,-0.020516268910402653,10.0,658
R100,E1,-0.18570255132904454,10.0,659
R100,E2,0.20797308170562712,10.0,659
A,E1,0.09455314220782507,10.0,659
A,E2,-0.11973576474263806,10.0,659
R100,E1,-0.17267329253027885,10.0,660
R100,E2,0.19391054030777904,10.0,660
A,E1,-0.043104165473146376,10.0,660
A,E2,0.01914900830522263,10.0,660
R100,E1,-0.2345289069846012,10.0,661
R100,E2,0.2316241729804044,10.0,661
A,E1,-0.11030442375205896,10.0,661
A,E2,0.10987010188564325,10.0,661
R100,E1,-0.11081655011812895,10.0,662
R100,E2,0.1414940141544239,10.0,662
A,E1,0.141926701172968,10.0,662
A,E2,-0.16737274113436632,10.0,662
R100,E1,-0.20962259656820903,10.0,663
R100,E2,0.22052390451159742,10.0,663
A,E1,-0.02871965531962117,10.0,663
A,E2,0.03899460602484605,10.0,663
R100,E1,-0.19934153502354396,10.0,664
R100,E2,0.20994369628925047,10.0,664
A,E1,0.1696429492577464,10.0,664
A,E2,-0.18008924157582573,10.0,664
R100,E1,-0.25726698627833794,10.0,665
R100,E2,0.2579177217096228,10.0,665
A,E1,0.16654184578185371,10.0,665
A,E2,-0.167507122136383,10.0,665
R100,E1,-0.15152490850892508,10.0,666
R100,E2,0.17137858846718212,10.0,666
A,E1,-0.19630004412214497,10.0,666
A,E2,0.20191463199532853,10.0,666
R100,E1,-0.10575943849151982,10.0,667
R100,E2,0.14632332146332186,10.0,667
A,E1,0.02502438407276829,10.0,667
A,E2,-0.026475328963581856,10.0,667
R100,E1,-0.12083710673160622,10.0,668
R100,E2,0.14302133213485024,10.0,668
A,E1,-0.07249564439659305,10.0,668
A,E2,0.09612176296831572,10.0,668
R100,E1,-0.21523394393772205,10.0,670
R100,E2,0.22680766889706205,10.0,670
A,E1,0.19530122629370292,10.0,670
A,E2,-0.19386270643761117,10.0,670
R100,E1,-0.17014957638099965,10.0,671
R100,E2,0.21958527459705052,10.0,671
A,E1,-0.08975828980952857,10.0,671
A,E2,0.07464270920224741,10.0,671
R100,E1,-0.04244181145749811,10.0,673
R100,E2,0.042274861027328844,10.0,673
A,E1,0.07693512164739748,10.0,673
A,E2,-0.07570696139761861,10.0,673
R100,E1,-0.12738141195672875,10.0,674
R100,E2,0.15813987734977042,10.0,674
A,E1,-0.12555188522682678,10.0,674
A,E2,0.13487332450128814,10.0,674
R100,E1,-0.13783745566536604,10.0,675
R100,E2,0.16760078391108166,10.0,675
A,E1,0.03572566404763805,10.0,675
A,E2,-0.06923956918018906,10.0,675
R100,E1,-0.1608485009640597,10.0,676
R100,E2,0.18281148279125134,10.0,676
A,E1,0.11093980777080882,10.0,676
A,E2,-0.11277565131433369,10.0,676
R100,E1,-0.20240153311166498,10.0,677
R100,E2,0.20224007471995498,10.0,677
A,E1,0.20715555683089454,10.0,677
A,E2,-0.20618104089553457,10.0,677
R100,E1,-0.16721751854616546,10.0,678
R100,E2,0.1931233480453923,10.0,678
A,E1,0.10877942517865732,10.0,678
A,E2,-0.1384651768277339,10.0,678
R100,E1,-0.1470592877218197,10.0,679
R100,E2,0.1722872094168261,10.0,679
A,E1,0.14121845615672882,10.0,679
A,E2,-0.16786870996747277,10.0,679
R100,E1,-0.23745850665983934,10.0,680
R100,E2,0.23674998816885867,10.0,680
A,E1,0.01185041574118558,10.0,680
A,E2,-0.006610568584358475,10.0,680
R100,E1,-0.10516914926711166,10.0,681
R100,E2,0.1338528196967733,10.0,681
A,E1,-0.14958353976922548,10.0,681
A,E2,0.1668070549374982,10.0,681
R100,E1,-0.2617475260486319,10.0,682
R100,E2,0.2637390994572592,10.0,682
A,E1,-0.1855145415988738,10.0,682
A,E2,0.19043400508389818,10.0,682
R100,E1,-0.13195581911056092,10.0,683
R100,E2,0.16357231149834164,10.0,683
A,E1,0.15402005593865994,10.0,683
A,E2,-0.16758922844587168,10.0,683
R100,E1,-0.12531925027131838,10.0,684
R100,E2,0.16084642652471964,10.0,684
A,E1,0.005525952994948947,10.0,684
A,E2,-0.02959707710318801,10.0,684
R100,E1,-0.2497673314724394,10.0,685
R100,E2,0.2529429944912494,10.0,685
A,E1,0.021748736261747798,10.0,685
A,E2,-0.009912754263442685,10.0,685
R100,E1,-0.2158919505675157,10.0,686
R100,E2,0.22319075086852372,10.0,686
A,E1,0.017056346646733073,10.0,686
A,E2,-0.018616419190129182,10.0,686
R100,E1,-0.23423341566017897,10.0,687
R100,E2,0.23824961963683972,10.0,687
A,E1,-0.1549649108824327,10.0,687
A,E2,0.15771857976102122,10.0,687
R100,E1,-0.2658723195053105,10.0,688
R100,E2,0.2661763637824806,10.0,688
A,E1,0.2689988211619527,10.0,688
A,E2,-0.2691029996445582,10.0,688
R100,E1,-0.19273218349935942,10.0,689
R100,E2,0.2035819352657023,10.0,689
A,E1,-0.2237684324748599,10.0,689
A,E2,0.23154438859142804,10.0,689
R100,E1,-0.17084235358853844,10.0,690
R100,E2,0.19707002862680423,10.0,690
A,E1,0.09283350385416765,10.0,690
A,E2,-0.11754496610566435,10.0,690
R100,E1,-0.17762355025034074,10.0,691
R100,E2,0.19410939750740439,10.0,691
A,E1,-0.10744891740881082,10.0,691
A,E2,0.09014609273734034,10.0,691
R100,E1,-0.22202822560218655,10.0,692
R100,E2,0.2292584872310196,10.0,692
A,E1,-0.2580872789033065,10.0,692
A,E2,0.25805168301945575,10.0,692
R100,E1,-0.2574480814361837,10.0,693
R100,E2,0.25812121375535857,10.0,693
A,E1,-0.04799944509625995,10.0,693
A,E2,0.04836215269564721,10.0,693
R100,E1,-0.15768070794129666,10.0,694
R100,E2,0.18824867755022529,10.0,694
A,E1,0.035514737987750476,10.0,694
A,E2,-0.06994851930122874,10.0,694
R100,E1,-0.229997809965435,10.0,695
R100,E2,0.2269847592678872,10.0,695
A,E1,0.22141240196062997,10.0,695
A,E2,-0.22364886717754745,10.0,695
R100,E1,-0.160394234576454,10.0,696
R100,E2,0.1796217633964372,10.0,696
A,E1,-0.1047563361722235,10.0,696
A,E2,0.08704031394285018,10.0,696
R100,E1,-0.2594483136561773,10.0,698
R100,E2,0.2598130570141868,10.0,698
A,E1,0.017392372641928378,10.0,698
A,E2,-0.017675512733743532,10.0,698
R100,E1,0.07489908957250933,10.0,699
R100,E2,-0.06348878265098676,10.0,699
A,E1,-0.037490965763100945,10.0,699
A,E2,0.03566278485191165,10.0,699
R100,E1,-0.2011932787238253,10.0,700
R100,E2,0.21424048347839184,10.0,700
A,E1,-0.13614009164390622,10.0,700
A,E2,0.15271830206138984,10.0,700
R100,E1,-0.22232934533790638,10.0,701
R100,E2,0.22918241715450255,10.0,701
A,E1,-0.08646112465292127,10.0,701
A,E2,0.08288566438031944,10.0,701
R100,E1,-0.25911749791241323,10.0,702
R100,E2,0.259404660652975,10.0,702
A,E1,0.07522974088500291,10.0,702
A,E2,-0.07514082276985025,10.0,702
R100,E1,-0.1746785434115413,10.0,703
R100,E2,0.18825223728903104,10.0,703
A,E1,-0.17619206993286857,10.0,703
A,E2,0.18871362754471113,10.0,703
R100,E1,-0.1887541672621018,10.0,704
R100,E2,0.18352043537763812,10.0,704
A,E1,-0.1412395166484129,10.0,704
A,E2,0.1361451378103262,10.0,704
R100,E1,-0.150698012805416,10.0,705
R100,E2,0.17257785377787124,10.0,705
A,E1,-0.12900408884050618,10.0,705
A,E2,0.15024462894458204,10.0,705
R100,E1,-0.15276293739152705,10.0,706
R100,E2,0.17274699272652574,10.0,706
A,E1,-0.18461131436221742,10.0,706
A,E2,0.19953559141671962,10.0,706
R100,E1,-0.22537468381175474,10.0,707
R100,E2,0.23160936685637545,10.0,707
A,E1,-0.24094219324826777,10.0,707
A,E2,0.2460842970392315,10.0,707
R100,E1,-0.272115868783832,10.0,708
R100,E2,0.27197599670492867,10.0,708
A,E1,-0.1734358180662195,10.0,708
A,E2,0.17325983261364014,10.0,708
R100,E1,-0.16355893112678208,10.0,709
R100,E2,0.18253336868300246,10.0,709
A,E1,0.0083590496201583,10.0,709
A,E2,-0.033185303112312096,10.0,709
R100,E1,-0.11392961947106844,10.0,710
R100,E2,0.13883596726526612,10.0,710
A,E1,0.1081896077336738,10.0,710
A,E2,-0.12513263265761496,10.0,710
R100,E1,-0.15668965768100468,10.0,711
R100,E2,0.1762260542833343,10.0,711
A,E1,-0.25481108594052704,10.0,711
A,E2,0.2591363908358093,10.0,711
R100,E1,-0.1908006061933996,10.0,712
R100,E2,0.21043135259584844,10.0,712
A,E1,-0.13579355327340814,10.0,712
A,E2,0.14199390609219995,10.0,712
R100,E1,-0.15446474906772184,10.0,713
R100,E2,0.153659849592786,10.0,713
A,E1,0.04696358915101708,10.0,713
A,E2,-0.04648864989067354,10.0,713
R100,E1,-0.1397490079136223,10.0,714
R100,E2,0.16088210306996722,10.0,714
A,E1,0.035926863351839124,10.0,714
A,E2,-0.05774639958453883,10.0,714
R100,E1,-0.17639634650915823,10.0,715
R100,E2,0.19045097015470372,10.0,715
A,E1,-0.20041316270885576,10.0,715
A,E2,0.20736779130361488,10.0,715
R100,E1,-0.17134665702026658,10.0,716
R100,E2,0.19519248828464728,10.0,716
A,E1,0.10556341966325707,10.0,716
A,E2,-0.12771203028173903,10.0,716
R100,E1,-0.06353042060852837,10.0,717
R100,E2,0.10230942552019164,10.0,717
A,E1,-0.004077015238723739,10.0,717
A,E2,0.03876136226597706,10.0,717
R100,E1,-0.15749593359947056,10.0,718
R100,E2,0.20608509452308152,10.0,718
A,E1,0.0793304697011807,10.0,718
A,E2,-0.13834876961419612,10.0,718
R100,E1,-0.11108906404733845,10.0,719
R100,E2,0.16202960771902117,10.0,719
A,E1,0.10075407242759342,10.0,719
A,E2,-0.13710576931240803,10.0,719
R100,E1,-0.26258586187023586,10.0,720
R100,E2,0.26320982587294506,10.0,720
A,E1,0.002615825441986958,10.0,720
A,E2,-0.004245332888118417,10.0,720
R100,E1,-0.16699193892340125,10.0,721
R100,E2,0.18537457589564502,10.0,721
A,E1,0.1957950294390011,10.0,721
A,E2,-0.21204596975445492,10.0,721
R100,E1,-0.26070122841162235,10.0,722
R100,E2,0.2624255518900369,10.0,722
A,E1,-0.2177575583671995,10.0,722
A,E2,0.2170481425770681,10.0,722
R100,E1,-0.23411116302051824,10.0,723
R100,E2,0.23945652141668594,10.0,723
A,E1,-0.14384426057984911,10.0,723
A,E2,0.1473959562769161,10.0,723
R100,E1,-0.24599011155362654,10.0,724
R100,E2,0.24837088656636447,10.0,724
A,E1,-0.10814801834262627,10.0,724
A,E2,0.11257500970422049,10.0,724
R100,E1,-0.21950705757570557,10.0,725
R100,E2,0.22301305841176589,10.0,725
A,E1,0.2505966070888537,10.0,725
A,E2,-0.2503769679213163,10.0,725
R100,E1,-0.17824705059959522,10.0,726
R100,E2,0.1999554750819368,10.0,726
A,E1,0.027045285215350337,10.0,726
A,E2,-0.01891159308296778,10.0,726
R100,E1,-0.21803649259385977,10.0,728
R100,E2,0.22372766374571806,10.0,728
A,E1,-0.06939787726368371,10.0,728
A,E2,0.07649314082844565,10.0,728
R100,E1,-0.2009767563202584,10.0,729
R100,E2,0.21139616045311502,10.0,729
A,E1,0.027924930148923954,10.0,729
A,E2,-0.033265880194768414,10.0,729
R100,E1,-0.16434721674230202,10.0,730
R100,E2,0.18169911707860062,10.0,730
A,E1,-0.16714033130300607,10.0,730
A,E2,0.15103295589145274,10.0,730
R100,E1,-0.26316385307604284,10.0,731
R100,E2,0.2635846842740834,10.0,731
A,E1,-0.07401964906018467,10.0,731
A,E2,0.07397513678499744,10.0,731
R100,E1,-0.2560268690263567,10.0,732
R100,E2,0.257356643933221,10.0,732
A,E1,-0.08366023901818227,10.0,732
A,E2,0.08946187193917397,10.0,732
R100,E1,-0.17701092927403198,10.0,733
R100,E2,0.1938182799476617,10.0,733
A,E1,-0.06402376726994358,10.0,733
A,E2,0.06886692710259962,10.0,733
R100,E1,-0.19146936787153476,10.0,734
R100,E2,0.20165975343330736,10.0,734
A,E1,-0.20809300102625536,10.0,734
A,E2,0.2133727124237418,10.0,734
R100,E1,-0.21208830489526334,10.0,735
R100,E2,0.21222388254605506,10.0,735
A,E1,-0.04075095662801262,10.0,735
A,E2,0.04345642257502664,10.0,735
R100,E1,-0.2082729048312635,10.0,736
R100,E2,0.2173273018098945,10.0,736
A,E1,0.05467362272100661,10.0,736
A,E2,-0.06632526568598078,10.0,736
R100,E1,-0.25081909385763096,10.0,737
R100,E2,0.2518833443427503,10.0,737
A,E1,-0.0529927755438855,10.0,737
A,E2,0.05047241887519934,10.0,737
R100,E1,-0.25690302522082414,10.0,738
R100,E2,0.2592997238720057,10.0,738
A,E1,-0.1856033288992401,10.0,738
A,E2,0.18257798662745076,10.0,738
R100,E1,-0.26862153885328466,10.0,739
R100,E2,0.268732446593901,10.0,739
A,E1,0.18180684235544486,10.0,739
A,E2,-0.1821011378678162,10.0,739
R100,E1,-0.18900771916459272,10.0,740
R100,E2,0.2071931103556019,10.0,740
A,E1,0.07970673483505038,10.0,740
A,E2,-0.10644541145141707,10.0,740
R100,E1,-0.23440141473481968,10.0,741
R100,E2,0.22887195496929216,10.0,741
A,E1,-0.052609760629111844,10.0,741
A,E2,0.03917310044622622,10.0,741
R100,E1,-0.08390574526269358,10.0,742
R100,E2,0.1175622979366812,10.0,742
A,E1,-0.10927835783193664,10.0,742
A,E2,0.07805050329176062,10.0,742
R100,E1,-0.21699718834031329,10.0,743
R100,E2,0.22406227078694624,10.0,743
A,E1,-0.23046848499203318,10.0,743
A,E2,0.22938022130693292,10.0,743
R100,E1,-0.2381962432028183,10.0,744
R100,E2,0.24365190017123012,10.0,744
A,E1,0.15611668057593783,10.0,744
A,E2,-0.15877026203421227,10.0,744
R100,E1,-0.09610199573350278,10.0,745
R100,E2,0.12305476443718812,10.0,745
A,E1,-0.07119271411371052,10.0,745
A,E2,0.06147039920531844,10.0,745
R100,E1,-0.23843637540812215,10.0,746
R100,E2,0.24394799009233525,10.0,746
A,E1,-0.14392702904842666,10.0,746
A,E2,0.14635638683648636,10.0,746
R100,E1,-0.2616914742376993,10.0,747
R100,E2,0.2621309494493017,10.0,747
A,E1,-0.14987317853827023,10.0,747
A,E2,0.14950456301231266,10.0,747
R100,E1,-0.1578396945110101,10.0,748
R100,E2,0.18857148156168685,10.0,748
A,E1,-0.22716117248832216,10.0,748
A,E2,0.23910095982851393,10.0,748
R100,E1,-0.23604454712033643,10.0,749
R100,E2,0.24165671403677144,10.0,749
A,E1,0.09666460642118435,10.0,749
A,E2,-0.10217387246643175,10.0,749
R100,E1,-0.2386525923937909,10.0,750
R100,E2,0.23845237092233276,10.0,750
A,E1,0.033909373389800476,10.0,750
A,E2,-0.03358318203225418,10.0,750
R100,E1,-0.2502431398636749,10.0,751
R100,E2,0.25105494095356057,10.0,751
A,E1,-0.16170401971772008,10.0,751
A,E2,0.16697345497157312,10.0,751
R100,E1,-0.14649434004019365,10.0,752
R100,E2,0.16794013202977368,10.0,752
A,E1,0.032381658730702825,10.0,752
A,E2,-0.04914778210408969,10.0,752
R100,E1,-0.16098188218214426,10.0,753
R100,E2,0.18724996842423822,10.0,753
A,E1,-0.09116253305054285,10.0,753
A,E2,0.09969909744606133,10.0,753
R100,E1,-0.23243050789237757,10.0,754
R100,E2,0.23425021342037883,10.0,754
A,E1,-0.11433595666200796,10.0,754
A,E2,0.11634914346284547,10.0,754
R100,E1,-0.1484566558079062,10.0,755
R100,E2,0.18031689814013593,10.0,755
A,E1,0.03462450305692699,10.0,755
A,E2,-0.03928733135820492,10.0,755
R100,E1,-0.2407286686035609,10.0,756
R100,E2,0.2431684441669159,10.0,756
A,E1,-0.20249202284908507,10.0,756
A,E2,0.2041786282782047,10.0,756
R100,E1,-0.23914445952274876,10.0,757
R100,E2,0.24465504347475964,10.0,757
A,E1,0.20174620951921798,10.0,757
A,E2,-0.2066848979228037,10.0,757
R100,E1,-0.11354902414632455,10.0,758
R100,E2,0.1394378540441234,10.0,758
A,E1,-0.17930302385711427,10.0,758
A,E2,0.1893882300817489,10.0,758
R100,E1,-0.142173289507719,10.0,759
R100,E2,0.1636038071219082,10.0,759
A,E1,-0.1291103579433566,10.0,759
A,E2,0.10780091334792434,10.0,759
R100,E1,-0.20939028539087579,10.0,760
R100,E2,0.20948725716851907,10.0,760
A,E1,-0.17977816623552817,10.0,760
A,E2,0.1790935155418295,10.0,760
R100,E1,-0.1836005373600944,10.0,761
R100,E2,0.2006470409360065,10.0,761
A,E1,-0.003250027192359401,10.0,761
A,E2,-0.02247927529909912,10.0,761
R100,E1,-0.2126757208817513,10.0,762
R100,E2,0.21241282187055566,10.0,762
A,E1,-0.037669672313768394,10.0,762
A,E2,0.03227100468424987,10.0,762
R100,E1,-0.15844870168281375,10.0,763
R100,E2,0.15141114544448897,10.0,763
A,E1,0.16619331766597167,10.0,763
A,E2,-0.17314169167275462,10.0,763
R100,E1,-0.12302127277118176,10.0,764
R100,E2,0.117333186299334,10.0,764
A,E1,0.13111540978418015,10.0,764
A,E2,-0.1383975158967726,10.0,764
R100,E1,-0.2268874775957949,10.0,765
R100,E2,0.23444345831729121,10.0,765
A,E1,-0.22670330288775592,10.0,765
A,E2,0.22471449259838933,10.0,765
R100,E1,-0.17163837113399857,10.0,766
R100,E2,0.17593562478971247,10.0,766
A,E1,-0.006995180854142908,10.0,766
A,E2,0.006701184124366992,10.0,766
R100,E1,-0.15133442632592822,10.0,767
R100,E2,0.1727010443547137,10.0,767
A,E1,-0.028447189247149753,10.0,767
A,E2,0.02497551579720319,10.0,767
R100,E1,-0.24785840627863714,10.0,768
R100,E2,0.2532187824997407,10.0,768
A,E1,0.24106731954846608,10.0,768
A,E2,-0.24757623619881408,10.0,768
R100,E1,-0.2211307241813339,10.0,769
R100,E2,0.2232383571196198,10.0,769
A,E1,-0.19638032116822887,10.0,769
A,E2,0.1896368417287331,10.0,769
R100,E1,-0.07783205677838459,10.0,770
R100,E2,0.11732584298505236,10.0,770
A,E1,0.007195669510568258,10.0,770
A,E2,-0.031100474899318276,10.0,770
R100,E1,-0.2363170887060828,10.0,771
R100,E2,0.23408145444652262,10.0,771
A,E1,0.04296823122503293,10.0,771
A,E2,-0.05013744097009239,10.0,771
R100,E1,-0.18354068570903748,10.0,772
R100,E2,0.20658017525783257,10.0,772
A,E1,0.2115394172829746,10.0,772
A,E2,-0.23063064070874162,10.0,772
R100,E1,-0.2447311006212357,10.0,773
R100,E2,0.24381561465031715,10.0,773
A,E1,-0.05815117397017148,10.0,773
A,E2,0.05698628052734987,10.0,773
R100,E1,-0.12448227372133584,10.0,774
R100,E2,0.16582585250723805,10.0,774
A,E1,-0.0013258873182522472,10.0,774
A,E2,-0.04733735057124731,10.0,774
R100,E1,-0.20953566683790545,10.0,775
R100,E2,0.22177476168234567,10.0,775
A,E1,-0.06797748812876504,10.0,775
A,E2,0.08769685381923822,10.0,775
R100,E1,-0.22584310365039792,10.0,776
R100,E2,0.2334963024572451,10.0,776
A,E1,0.2703354313504855,10.0,776
A,E2,-0.27196914399168576,10.0,776
R100,E1,-0.20685983893318977,10.0,777
R100,E2,0.2047320476031093,10.0,777
A,E1,0.23994458595084156,10.0,777
A,E2,-0.2406464588215131,10.0,777
R100,E1,-0.21894319769262474,10.0,778
R100,E2,0.22942390144647148,10.0,778
A,E1,-0.147359797997216,10.0,778
A,E2,0.1620247317650308,10.0,778
R100,E1,-0.19673480125637088,10.0,779
R100,E2,0.21015013796336235,10.0,779
A,E1,0.08674221225655858,10.0,779
A,E2,-0.09961982700984577,10.0,779
R100,E1,-0.17072640173301556,10.0,780
R100,E2,0.19110893520911182,10.0,780
A,E1,-0.03761568006159843,10.0,780
A,E2,0.02550561141992126,10.0,780
R100,E1,-0.1110720164210623,10.0,781
R100,E2,0.16273566703058998,10.0,781
A,E1,-0.2087039038789268,10.0,781
A,E2,0.23317637711665382,10.0,781
R100,E1,-0.22638990388048577,10.0,782
R100,E2,0.23268699957898242,10.0,782
A,E1,-0.014215094319811829,10.0,782
A,E2,0.012477305419815498,10.0,782
R100,E1,-0.2579572512000441,10.0,783
R100,E2,0.25717904173738815,10.0,783
A,E1,0.15561184128378275,10.0,783
A,E2,-0.15657175696675762,10.0,783
R100,E1,-0.14585899829666907,10.0,784
R100,E2,0.17279354966271554,10.0,784
A,E1,-0.17501707610359074,10.0,784
A,E2,0.1477983212536745,10.0,784
R100,E1,-0.08058089804949185,10.0,785
R100,E2,0.12814575098807868,10.0,785
A,E1,-0.019939609381757175,10.0,785
A,E2,-0.009034851958455594,10.0,785
R100,E1,-0.22280752435897594,10.0,786
R100,E2,0.22908086609182296,10.0,786
A,E1,0.09722188946224544,10.0,786
A,E2,-0.09521083707953676,10.0,786
R100,E1,-0.2017148497291936,10.0,787
R100,E2,0.1998125493223176,10.0,787
A,E1,0.014208937128862507,10.0,787
A,E2,-0.01489847432943734,10.0,787
R100,E1,-0.15146636330728877,10.0,788
R100,E2,0.177228805290008,10.0,788
A,E1,-0.21938154839018306,10.0,788
A,E2,0.22948714176901833,10.0,788
R100,E1,-0.23670011569820273,10.0,789
R100,E2,0.23997071523842278,10.0,789
A,E1,-0.014552671155068886,10.0,789
A,E2,0.011046700453559693,10.0,789
R100,E1,-0.21619013200920953,10.0,790
R100,E2,0.22336687303126132,10.0,790
A,E1,0.1310867877514329,10.0,790
A,E2,-0.13130597331626717,10.0,790
R100,E1,-0.26521686372371633,10.0,791
R100,E2,0.265981302237687,10.0,791
A,E1,-0.13162356839101944,10.0,791
A,E2,0.134959501888071,10.0,791
R100,E1,-0.1562332349138651,10.0,792
R100,E2,0.17447819947610863,10.0,792
A,E1,0.0140250173301451,10.0,792
A,E2,-0.020931541338312435,10.0,792
R100,E1,-0.15778775051898106,10.0,793
R100,E2,0.18584637056264738,10.0,793
A,E1,-0.2099827385380079,10.0,793
A,E2,0.22114130925492234,10.0,793
R100,E1,-0.15311927970785874,10.0,794
R100,E2,0.17136025008393793,10.0,794
A,E1,0.24002727554761627,10.0,794
A,E2,-0.24304711749559466,10.0,794
R100,E1,-0.24863740959404101,10.0,795
R100,E2,0.24809884990981582,10.0,795
A,E1,-0.16635957938265614,10.0,795
A,E2,0.16767589696788743,10.0,795
R100,E1,-0.1524128888226665,10.0,796
R100,E2,0.17202110574969257,10.0,796
A,E1,-0.11739457680902353,10.0,796
A,E2,0.13665835927511077,10.0,796
R100,E1,-0.25810721669775955,10.0,797
R100,E2,0.2589191979398266,10.0,797
A,E1,-0.2664597445656777,10.0,797
A,E2,0.2664840418385539,10.0,797
R100,E1,-0.19430701207363818,10.0,798
R100,E2,0.21205856734085904,10.0,798
A,E1,-0.11590641126384299,10.0,798
A,E2,0.10654415015257561,10.0,798
R100,E1,-0.17365278187795222,10.0,799
R100,E2,0.19937218579931992,10.0,799
A,E1,0.05229830021000217,10.0,799
A,E2,-0.08182625544175008,10.0,799
R100,E1,-0.16889384077746175,10.0,800
R100,E2,0.18798856360657232,10.0,800
A,E1,0.07776398021375758,10.0,800
A,E2,-0.07440262995125958,10.0,800
R100,E1,-0.12356231522111606,10.0,801
R100,E2,0.16000367377194924,10.0,801
A,E1,-0.01793269293924346,10.0,801
A,E2,-0.00893982632700731,10.0,801
R100,E1,-0.21227129863582953,10.0,802
R100,E2,0.2098644904245078,10.0,802
A,E1,0.13990918376218853,10.0,802
A,E2,-0.14603394309487797,10.0,802
R100,E1,-0.1696708433286036,10.0,803
R100,E2,0.19366790430847625,10.0,803
A,E1,0.10467590361697122,10.0,803
A,E2,-0.12578592617567658,10.0,803
R100,E1,-0.08467377784105302,10.0,804
R100,E2,0.08918609986230788,10.0,804
A,E1,0.029150758567598915,10.0,804
A,E2,-0.025853300428379557,10.0,804
R100,E1,-0.24409422640727985,10.0,805
R100,E2,0.2498232528297391,10.0,805
A,E1,-0.026669120778090114,10.0,805
A,E2,0.033753905867281005,10.0,805
R100,E1,-0.23541491584125723,10.0,806
R100,E2,0.23403710712826353,10.0,806
A,E1,-0.09707857597677995,10.0,806
A,E2,0.08737844598142873,10.0,806
R100,E1,-0.19035428670113427,10.0,807
R100,E2,0.2074268563816782,10.0,807
A,E1,0.014907587344725191,10.0,807
A,E2,-0.0281480407392157,10.0,807
R100,E1,-0.2551548389286975,10.0,808
R100,E2,0.25604663047962356,10.0,808
A,E1,-0.2409217406993135,10.0,808
A,E2,0.24110571525914035,10.0,808
R100,E1,-0.08553657951128847,10.0,809
R100,E2,0.1218990491547602,10.0,809
A,E1,-0.0850285107395425,10.0,809
A,E2,0.11070034782594075,10.0,809
R100,E1,-0.24474978461684244,10.0,810
R100,E2,0.24591214334660788,10.0,810
A,E1,-0.01861457702326035,10.0,810
A,E2,0.01769043625772285,10.0,810
R100,E1,-0.1491746915995123,10.0,811
R100,E2,0.17053406176159497,10.0,811
A,E1,0.03181641302435706,10.0,811
A,E2,-0.03158986641872279,10.0,811
R100,E1,-0.27077457126611854,10.0,812
R100,E2,0.2706572268837243,10.0,812
A,E1,-0.2679466761689738,10.0,812
A,E2,0.26823966223138174,10.0,812
R100,E1,-0.21917830663590368,10.0,813
R100,E2,0.22619220664716813,10.0,813
A,E1,-0.23359578049526464,10.0,813
A,E2,0.23250557937304947,10.0,813
R100,E1,-0.22746488600503093,10.0,814
R100,E2,0.22787994516503476,10.0,814
A,E1,-0.0009855030867023848,10.0,814
A,E2,0.006308879744920577,10.0,814
R100,E1,-0.2549333861837016,10.0,815
R100,E2,0.25487599988420845,10.0,815
A,E1,-0.034066123541606964,10.0,815
A,E2,0.03421952918490813,10.0,815
R100,E1,-0.24881861991893112,10.0,816
R100,E2,0.2516167468600218,10.0,816
A,E1,-0.18548634436954695,10.0,816
A,E2,0.1863749845793688,10.0,816
R100,E1,-0.22541794224698464,10.0,817
R100,E2,0.2321120176629564,10.0,817
A,E1,0.01683500587797085,10.0,817
A,E2,-0.018964590306706896,10.0,817
R100,E1,-0.11764765075482078,10.0,818
R100,E2,0.14282593853881348,10.0,818
A,E1,-0.09263195745120117,10.0,818
A,E2,0.06642163800588188,10.0,818
R100,E1,-0.2539397540701018,10.0,819
R100,E2,0.251892481591701,10.0,819
A,E1,-0.23307923081789644,10.0,819
A,E2,0.22878609888974297,10.0,819
R100,E1,-0.18809543078306087,10.0,820
R100,E2,0.21216735005068238,10.0,820
A,E1,0.11705932752469903,10.0,820
A,E2,-0.12677071095968892,10.0,820
R100,E1,-0.11038831574615621,10.0,821
R100,E2,0.16218442177546366,10.0,821
A,E1,-0.13725223768145553,10.0,821
A,E2,0.18216984167204633,10.0,821
R100,E1,-0.22533539296297797,10.0,822
R100,E2,0.22003940154177795,10.0,822
A,E1,-0.11312170225539421,10.0,822
A,E2,0.11066689427499526,10.0,822
R100,E1,-0.24304783081950693,10.0,823
R100,E2,0.24681180279993173,10.0,823
A,E1,-0.12319479200754709,10.0,823
A,E2,0.13038540061563378,10.0,823
R100,E1,-0.16482990562249125,10.0,824
R100,E2,0.1843843596285948,10.0,824
A,E1,0.05100926490154092,10.0,824
A,E2,-0.05342100699748147,10.0,824
R100,E1,-0.24458227588825152,10.0,825
R100,E2,0.2467093344070717,10.0,825
A,E1,-0.14006748778718267,10.0,825
A,E2,0.13758704145843773,10.0,825
R100,E1,-0.23408848659020445,10.0,826
R100,E2,0.23161546447486334,10.0,826
A,E1,-0.18022194266339822,10.0,826
A,E2,0.17938821934553717,10.0,826
R100,E1,-0.22482620830778258,10.0,827
R100,E2,0.22458413761044252,10.0,827
A,E1,0.0813709746517252,10.0,827
A,E2,-0.07728699746985336,10.0,827
R100,E1,-0.1514307456669435,10.0,828
R100,E2,0.17714954315194947,10.0,828
A,E1,-0.10187275320222376,10.0,828
A,E2,0.1181019061027191,10.0,828
R100,E1,-0.22886856234680583,10.0,829
R100,E2,0.23500776402502957,10.0,829
A,E1,0.1527240753543602,10.0,829
A,E2,-0.16173895449619563,10.0,829
R100,E1,-0.24229956249234263,10.0,830
R100,E2,0.2475839958211325,10.0,830
A,E1,0.19593747686673935,10.0,830
A,E2,-0.20316262352486733,10.0,830
R100,E1,-0.16698544766148557,10.0,831
R100,E2,0.18389998407152375,10.0,831
A,E1,0.1237798790211922,10.0,831
A,E2,-0.12700087201289623,10.0,831
R100,E1,-0.11652406116203887,10.0,832
R100,E2,0.14564380053887485,10.0,832
A,E1,-0.01577704447081599,10.0,832
A,E2,0.046175102750872374,10.0,832
R100,E1,-0.13309848425398138,10.0,833
R100,E2,0.15594523524315543,10.0,833
A,E1,-0.11613766534971638,10.0,833
A,E2,0.13602427260039435,10.0,833
R100,E1,-0.24594926170281944,10.0,835
R100,E2,0.24774332949657746,10.0,835
A,E1,-0.03904106118691668,10.0,835
A,E2,0.046319114705341675,10.0,835
R100,E1,-0.18167159168607122,10.0,836
R100,E2,0.1823443906259028,10.0,836
A,E1,-0.06746489749302288,10.0,836
A,E2,0.07324527001350367,10.0,836
R100,E1,-0.25180619844905067,10.0,837
R100,E2,0.2500224027122812,10.0,837
A,E1,-0.022957101414088354,10.0,837
A,E2,0.021769364992189337,10.0,837
R100,E1,-0.1551079059117966,10.0,838
R100,E2,0.17327739288046334,10.0,838
A,E1,-0.12561069129481606,10.0,838
A,E2,0.10810645035183682,10.0,838
R100,E1,-0.12753745947968465,10.0,839
R100,E2,0.1513961579729064,10.0,839
A,E1,0.08640649529827803,10.0,839
A,E2,-0.10745278418907223,10.0,839
R100,E1,-0.1726453833254138,10.0,840
R100,E2,0.19173213430715133,10.0,840
A,E1,-0.011014451527834925,10.0,840
A,E2,-0.011515018797478292,10.0,840
R100,E1,-0.14011121813718053,10.0,841
R100,E2,0.16092332419946254,10.0,841
A,E1,-0.10091980005546854,10.0,841
A,E2,0.0839049531674165,10.0,841
R100,E1,-0.17058595775685045,10.0,842
R100,E2,0.18778105636648856,10.0,842
A,E1,-0.0773673265813626,10.0,842
A,E2,0.059528548095131244,10.0,842
R100,E1,-0.1793501150991773,10.0,843
R100,E2,0.1790996703228037,10.0,843
A,E1,-0.16377225611839352,10.0,843
A,E2,0.16354667239376255,10.0,843
R100,E1,-0.2434436312945974,10.0,844
R100,E2,0.2529095248982911,10.0,844
A,E1,0.22275005976251383,10.0,844
A,E2,-0.23515795663722064,10.0,844
R100,E1,-0.14399027721552968,10.0,845
R100,E2,0.16529290376011363,10.0,845
A,E1,0.03499800486047165,10.0,845
A,E2,-0.05602252866688408,10.0,845
R100,E1,-0.14589169905072033,10.0,846
R100,E2,0.18290033903040806,10.0,846
A,E1,-0.049204813785349924,10.0,846
A,E2,0.01682740648213167,10.0,846
R100,E1,-0.1933675282354376,10.0,847
R100,E2,0.21113929471901394,10.0,847
A,E1,0.052226215874629243,10.0,847
A,E2,-0.06790334572056192,10.0,847
R100,E1,-0.16535397073386637,10.0,848
R100,E2,0.19544359636338435,10.0,848
A,E1,-0.004510565910706239,10.0,848
A,E2,0.002566295919781643,10.0,848
R100,E1,-0.2505576779094392,10.0,849
R100,E2,0.25301515794510915,10.0,849
A,E1,-0.16183430756521625,10.0,849
A,E2,0.16636043344139345,10.0,849
R100,E1,-0.2208767903926249,10.0,850
R100,E2,0.22264283713687633,10.0,850
A,E1,-0.1657949276487749,10.0,850
A,E2,0.16080594768807946,10.0,850
R100,E1,-0.14341749373412963,10.0,851
R100,E2,0.17008248661600175,10.0,851
A,E1,0.0922363166266372,10.0,851
A,E2,-0.12394863225572904,10.0,851
R100,E1,-0.021846189607881362,10.0,852
R100,E2,0.010585828637327922,10.0,852
A,E1,0.043405103122350436,10.0,852
A,E2,-0.05497443735340249,10.0,852
R100,E1,-0.18937847997008797,10.0,853
R100,E2,0.2074412760586832,10.0,853
A,E1,-0.15030857350232313,10.0,853
A,E2,0.1401831865175457,10.0,853
R100,E1,-0.252799528883075,10.0,854
R100,E2,0.25022218825640125,10.0,854
A,E1,-0.2401080988033971,10.0,854
A,E2,0.2378541235200253,10.0,854
R100,E1,-0.0668376458166941,10.0,855
R100,E2,0.12936258211510096,10.0,855
A,E1,0.02676841290401453,10.0,855
A,E2,0.013047234545559314,10.0,855
R100,E1,-0.19164692641770342,10.0,856
R100,E2,0.21114073626214727,10.0,856
A,E1,-0.04628768983794555,10.0,856
A,E2,0.055724645527111434,10.0,856
R100,E1,-0.21022500522019613,10.0,857
R100,E2,0.2204411080274416,10.0,857
A,E1,0.18233883244817395,10.0,857
A,E2,-0.1914682289394349,10.0,857
R100,E1,-0.17216093353447165,10.0,858
R100,E2,0.1891986184255444,10.0,858
A,E1,-0.18698031098491827,10.0,858
A,E2,0.16967387344450724,10.0,858
R100,E1,-0.2374628695216033,10.0,859
R100,E2,0.23600884165848587,10.0,859
A,E1,-0.1823649308009901,10.0,859
A,E2,0.1856884166878909,10.0,859
R100,E1,-0.1731892367379153,10.0,860
R100,E2,0.19174546511066923,10.0,860
A,E1,-0.20572191944631643,10.0,860
A,E2,0.21821678041645257,10.0,860
R100,E1,-0.15520565966774164,10.0,861
R100,E2,0.18376008218394638,10.0,861
A,E1,0.24037180371543374,10.0,861
A,E2,-0.24148265551810047,10.0,861
R100,E1,-0.16187717170569238,10.0,862
R100,E2,0.17988506982298416,10.0,862
A,E1,0.06444560973518453,10.0,862
A,E2,-0.0837943673216456,10.0,862
R100,E1,-0.23275447882212214,10.0,863
R100,E2,0.22895353615642897,10.0,863
A,E1,-0.23187171627862493,10.0,863
A,E2,0.22553111770009318,10.0,863
R100,E1,-0.15301156100360305,10.0,864
R100,E2,0.17287723034402405,10.0,864
A,E1,-0.18914119161635368,10.0,864
A,E2,0.20309791930698234,10.0,864
R100,E1,-0.1000259495512369,10.0,865
R100,E2,0.1289081500934966,10.0,865
A,E1,-0.1633889570558033,10.0,865
A,E2,0.18027449427008801,10.0,865
R100,E1,-0.12747293211850416,10.0,867
R100,E2,0.14923029855933787,10.0,867
A,E1,-0.14815285003984205,10.0,867
A,E2,0.15925383345751284,10.0,867
R100,E1,-0.1856580995631477,10.0,868
R100,E2,0.2100688796168712,10.0,868
A,E1,0.09699705010992568,10.0,868
A,E2,-0.11732531121833215,10.0,868
R100,E1,-0.26252123239480984,10.0,869
R100,E2,0.2629163451265962,10.0,869
A,E1,-0.10124216285768517,10.0,869
A,E2,0.10130387893834851,10.0,869
R100,E1,-0.2680201320940765,10.0,870
R100,E2,0.2682081674600051,10.0,870
A,E1,-0.12572337738665706,10.0,870
A,E2,0.1255592534764912,10.0,870
R100,E1,-0.24781760964561167,10.0,871
R100,E2,0.24609994709669222,10.0,871
A,E1,-0.04809974839342832,10.0,871
A,E2,0.04993836982959183,10.0,871
R100,E1,-0.07104966291822196,10.0,872
R100,E2,0.0682403626221313,10.0,872
A,E1,0.023153581815781244,10.0,872
A,E2,-0.025041715820667446,10.0,872
R100,E1,-0.23725296354039382,10.0,873
R100,E2,0.24367355757263628,10.0,873
A,E1,0.033957937543829,10.0,873
A,E2,-0.028659215987894154,10.0,873
R100,E1,-0.23864885127604824,10.0,874
R100,E2,0.2442579339212593,10.0,874
A,E1,0.06355269408564224,10.0,874
A,E2,-0.06457713050909651,10.0,874
R100,E1,-0.16172110112427504,10.0,875
R100,E2,0.18142974482436788,10.0,875
A,E1,0.10063398726035158,10.0,875
A,E2,-0.11790587877020228,10.0,875
R100,E1,-0.24089859127762506,10.0,876
R100,E2,0.24616886153731676,10.0,876
A,E1,-0.14027764359786202,10.0,876
A,E2,0.1389045318392198,10.0,876
R100,E1,-0.11237163620998339,10.0,877
R100,E2,0.1375311443456967,10.0,877
A,E1,-0.0050027268837618925,10.0,877
A,E2,0.0014607888217915213,10.0,877
R100,E1,-0.1460088027638445,10.0,878
R100,E2,0.17168851046482256,10.0,878
A,E1,0.1346623552432623,10.0,878
A,E2,-0.15542939226338776,10.0,878
R100,E1,-0.17273747107853316,10.0,879
R100,E2,0.18944984015310676,10.0,879
A,E1,0.05581484378930337,10.0,879
A,E2,-0.07822870501398346,10.0,879
R100,E1,-0.15346794160872443,10.0,880
R100,E2,0.17385142703108222,10.0,880
A,E1,-0.06775603810785165,10.0,880
A,E2,0.054793462314411435,10.0,880
R100,E1,-0.16183838923107502,10.0,881
R100,E2,0.18087600898060058,10.0,881
A,E1,-0.039422768303677365,10.0,881
A,E2,0.017739352367312843,10.0,881
R100,E1,-0.2625008885882335,10.0,883
R100,E2,0.2640774960319472,10.0,883
A,E1,-0.192679281960454,10.0,883
A,E2,0.19191320944714405,10.0,883
R100,E1,-0.2351074010738476,10.0,884
R100,E2,0.23368935689927045,10.0,884
A,E1,-0.18658664011900863,10.0,884
A,E2,0.1856666954106188,10.0,884
R100,E1,-0.173589645114266,10.0,885
R100,E2,0.19087805680692668,10.0,885
A,E1,0.08214278067341417,10.0,885
A,E2,-0.10409810505618108,10.0,885
R100,E1,-0.2676338949377795,10.0,886
R100,E2,0.2678921659227306,10.0,886
A,E1,-0.2533189400328239,10.0,886
A,E2,0.2536912559297821,10.0,886
R100,E1,-0.1873599102416947,10.0,887
R100,E2,0.18503483554660513,10.0,887
A,E1,0.04872947603092176,10.0,887
A,E2,-0.04695138534606858,10.0,887
R100,E1,-0.1485209724794649,10.0,888
R100,E2,0.17356859982587644,10.0,888
A,E1,0.10109138010761383,10.0,888
A,E2,-0.1254986843642277,10.0,888
R100,E1,-0.24882185268929102,10.0,889
R100,E2,0.25017255811824746,10.0,889
A,E1,-0.10241048104689489,10.0,889
A,E2,0.10493918914146291,10.0,889
R100,E1,-0.11923384849611038,10.0,890
R100,E2,0.146055830601397,10.0,890
A,E1,-0.14021585887924337,10.0,890
A,E2,0.15808277651511496,10.0,890
R100,E1,-0.1650587558914824,10.0,891
R100,E2,0.19213771303920987,10.0,891
A,E1,-0.09587107467500423,10.0,891
A,E2,0.1283040660552768,10.0,891
R100,E1,-0.16982666595434961,10.0,892
R100,E2,0.19212493888206017,10.0,892
A,E1,-0.17179685205573839,10.0,892
A,E2,0.16582414269414908,10.0,892
R100,E1,-0.23127983936833119,10.0,893
R100,E2,0.23336937479288153,10.0,893
A,E1,-0.16650440093405278,10.0,893
A,E2,0.17027513122787194,10.0,893
R100,E1,-0.2073425162740081,10.0,894
R100,E2,0.21496002869112346,10.0,894
A,E1,0.25714097571522393,10.0,894
A,E2,-0.2560301036788279,10.0,894
R100,E1,-0.26507254485565324,10.0,895
R100,E2,0.266503073577869,10.0,895
A,E1,-0.09935106060700384,10.0,895
A,E2,0.10836254455354748,10.0,895
R100,E1,-0.18703204939528767,10.0,896
R100,E2,0.20276003756038616,10.0,896
A,E1,0.1641485745554638,10.0,896
A,E2,-0.18030561885598737,10.0,896
R100,E1,-0.12863896648088768,10.0,897
R100,E2,0.16093203548299811,10.0,897
A,E1,0.26905068151151207,10.0,897
A,E2,-0.27174159704462264,10.0,897
R100,E1,-0.0969372913118816,10.0,898
R100,E2,0.13230891110720777,10.0,898
A,E1,-0.184126227136469,10.0,898
A,E2,0.1887355934344714,10.0,898
R100,E1,-0.17709775778062137,10.0,899
R100,E2,0.19374280634587376,10.0,899
A,E1,-0.017520389121353497,10.0,899
A,E2,0.005826114947606737,10.0,899
R100,E1,-0.26568517322116236,10.0,900
R100,E2,0.26607075245216677,10.0,900
A,E1,0.05214203264654621,10.0,900
A,E2,-0.053473291150967134,10.0,900
R100,E1,-0.21277961987743685,10.0,901
R100,E2,0.22013027414236894,10.0,901
A,E1,0.17511314773205292,10.0,901
A,E2,-0.17561238213764432,10.0,901
R100,E1,-0.20096219429903164,10.0,902
R100,E2,0.2125515327534538,10.0,902
A,E1,-0.156502816187903,10.0,902
A,E2,0.17032833002649114,10.0,902
R100,E1,-0.19503198364915292,10.0,903
R100,E2,0.2050078582433944,10.0,903
A,E1,0.19003470470960057,10.0,903
A,E2,-0.19878007610697077,10.0,903
R100,E1,-0.18849561740039794,10.0,904
R100,E2,0.2106675464772875,10.0,904
A,E1,0.1343409523385047,10.0,904
A,E2,-0.15052257316865061,10.0,904
R100,E1,-0.259458483352748,10.0,905
R100,E2,0.2610873842921214,10.0,905
A,E1,-0.2425809945043242,10.0,905
A,E2,0.2444870319504593,10.0,905
R100,E1,-0.1352356248606215,10.0,906
R100,E2,0.13413469771478342,10.0,906
A,E1,0.02234746207996854,10.0,906
A,E2,-0.018537052140994374,10.0,906
R100,E1,-0.14606633722342938,10.0,907
R100,E2,0.17137188321250701,10.0,907
A,E1,-0.1426162722103675,10.0,907
A,E2,0.1608263883774431,10.0,907
R100,E1,-0.1966073506093099,10.0,908
R100,E2,0.21187356238567667,10.0,908
A,E1,0.10687676777843136,10.0,908
A,E2,-0.127054041943646,10.0,908
R100,E1,-0.22523657596020702,10.0,909
R100,E2,0.2289494341689701,10.0,909
A,E1,-0.10338806451886082,10.0,909
A,E2,0.1017855112260012,10.0,909
R100,E1,-0.12086952846462401,10.0,910
R100,E2,0.14355676527897407,10.0,910
A,E1,-0.055237221913634706,10.0,910
A,E2,0.055885097111368076,10.0,910
R100,E1,-0.22971299463968733,10.0,911
R100,E2,0.23008350744525105,10.0,911
A,E1,-0.0011488517402888975,10.0,911
A,E2,0.001229420032776655,10.0,911
R100,E1,-0.17166201087640406,10.0,912
R100,E2,0.19286094616277974,10.0,912
A,E1,-0.08341313726944966,10.0,912
A,E2,0.09451577831620378,10.0,912
R100,E1,-0.09630368971766759,10.0,913
R100,E2,0.17555729436380446,10.0,913
A,E1,0.006009285870884619,10.0,913
A,E2,-0.07848406308058989,10.0,913
R100,E1,-0.2444228805506181,10.0,914
R100,E2,0.2534180392394901,10.0,914
A,E1,0.09833883755439798,10.0,914
A,E2,-0.10673330055434894,10.0,914
R100,E1,-0.02651889251424782,10.0,915
R100,E2,0.14614512065748264,10.0,915
A,E1,0.07777867550982387,10.0,915
A,E2,-0.08285874147111541,10.0,915
R100,E1,-0.12394686526899806,10.0,916
R100,E2,0.14656783424446604,10.0,916
A,E1,-0.20295646820400656,10.0,916
A,E2,0.18622392725254577,10.0,916
R100,E1,-0.22844857079570205,10.0,917
R100,E2,0.2283236410953468,10.0,917
A,E1,-0.23378372660765523,10.0,917
A,E2,0.23355698230164948,10.0,917
R100,E1,-0.04525005734596496,10.0,918
R100,E2,0.08699986753364149,10.0,918
A,E1,0.04813176706251476,10.0,918
A,E2,-0.08606369832173977,10.0,918
R100,E1,-0.16346705968365288,10.0,919
R100,E2,0.20016639025482436,10.0,919
A,E1,0.018779140061097783,10.0,919
A,E2,-0.04746471352864352,10.0,919
R100,E1,-0.1484432641245097,10.0,920
R100,E2,0.17338689330312038,10.0,920
A,E1,0.09633458169201256,10.0,920
A,E2,-0.1261246189138287,10.0,920
R100,E1,-0.10990142766232007,10.0,921
R100,E2,0.13824687399457178,10.0,921
A,E1,-0.20441017966721065,10.0,921
A,E2,0.21242437620998347,10.0,921
R100,E1,-0.22133478138918358,10.0,922
R100,E2,0.22757122319374173,10.0,922
A,E1,-0.12847024236167273,10.0,922
A,E2,0.12341870618091991,10.0,922
R100,E1,-0.12747894711904054,10.0,923
R100,E2,0.1492496711261195,10.0,923
A,E1,-0.12655360601312435,10.0,923
A,E2,0.13823116960451243,10.0,923
R100,E1,-0.23769976885841765,10.0,924
R100,E2,0.23951537577167617,10.0,924
A,E1,-0.19824631958737457,10.0,924
A,E2,0.1968706299576836,10.0,924
R100,E1,-0.1927152621791043,10.0,925
R100,E2,0.20104953340972978,10.0,925
A,E1,-0.02308312614200535,10.0,925
A,E2,0.03591975713108132,10.0,925
R100,E1,-0.13099468895990776,10.0,926
R100,E2,0.12534988100127215,10.0,926
A,E1,0.06638742869852318,10.0,926
A,E2,-0.06633433196354789,10.0,926
R100,E1,-0.26750820618860266,10.0,927
R100,E2,0.2694036093875594,10.0,927
A,E1,-0.26282526364493025,10.0,927
A,E2,0.2631395095155501,10.0,927
R100,E1,-0.18517647773583698,10.0,928
R100,E2,0.20385901562595973,10.0,928
A,E1,-0.1596061607727846,10.0,928
A,E2,0.16132849800299626,10.0,928
R100,E1,-0.16181123685281018,10.0,929
R100,E2,0.17841472179274842,10.0,929
A,E1,0.1219739444116869,10.0,929
A,E2,-0.13943288097790071,10.0,929
R100,E1,-0.2653217611901637,10.0,930
R100,E2,0.26572885671575075,10.0,930
A,E1,0.2511884122882857,10.0,930
A,E2,-0.25175893300212754,10.0,930
R100,E1,-0.2672242287077225,10.0,931
R100,E2,0.26715720595217846,10.0,931
A,E1,-0.15236237237421854,10.0,931
A,E2,0.156832527706031,10.0,931
R100,E1,-0.19891262398550658,10.0,932
R100,E2,0.21204019074604133,10.0,932
A,E1,-0.1090477113217752,10.0,932
A,E2,0.12237661919893905,10.0,932
R100,E1,-0.19446037965906973,10.0,933
R100,E2,0.1966188949882565,10.0,933
A,E1,-0.01735408519788189,10.0,933
A,E2,0.017080262483162974,10.0,933
R100,E1,-0.18508613171322397,10.0,934
R100,E2,0.20359078941241546,10.0,934
A,E1,0.09116354135263952,10.0,934
A,E2,-0.10553265976118649,10.0,934
R100,E1,-0.22574740410814362,10.0,935
R100,E2,0.23276780943778913,10.0,935
A,E1,-0.2094934055770417,10.0,935
A,E2,0.21484313173473596,10.0,935
R100,E1,-0.21947684214190433,10.0,936
R100,E2,0.22646356299554202,10.0,936
A,E1,-0.21636688596040188,10.0,936
A,E2,0.22256321879999977,10.0,936
R100,E1,-0.2568104243628164,10.0,937
R100,E2,0.2570521506381061,10.0,937
A,E1,-0.18554639043168386,10.0,937
A,E2,0.18796460559042993,10.0,937
R100,E1,-0.15925111638217437,10.0,938
R100,E2,0.18032861931041375,10.0,938
A,E1,0.07504719640549914,10.0,938
A,E2,-0.09300041208621969,10.0,938
R100,E1,-0.2250520096128934,10.0,939
R100,E2,0.2225673879189087,10.0,939
A,E1,0.10215966357186303,10.0,939
A,E2,-0.1012826231635655,10.0,939
R100,E1,-0.19535044946924326,10.0,940
R100,E2,0.21213083378006523,10.0,940
A,E1,-0.004087683114368186,10.0,940
A,E2,-0.0004919070891538942,10.0,940
R100,E1,-0.17636139734554568,10.0,941
R100,E2,0.18372806245445944,10.0,941
A,E1,-0.010232988144247626,10.0,941
A,E2,0.019661261756295265,10.0,941
R100,E1,-0.157159984389613,10.0,942
R100,E2,0.17640018586701686,10.0,942
A,E1,0.10253875983542524,10.0,942
A,E2,-0.1232440130950707,10.0,942
R100,E1,-0.11632515656538576,10.0,943
R100,E2,0.14040730713721847,10.0,943
A,E1,-0.016441474532839766,10.0,943
A,E2,-0.007454911550505324,10.0,943
R100,E1,-0.247863893558297,10.0,944
R100,E2,0.24942329470671698,10.0,944
A,E1,-0.18491597843866048,10.0,944
A,E2,0.180737608810696,10.0,944
R100,E1,-0.11103952711500573,10.0,945
R100,E2,0.14224535319362414,10.0,945
A,E1,-0.03338737351699403,10.0,945
A,E2,0.002006373727016063,10.0,945
R100,E1,-0.07842400268319467,10.0,946
R100,E2,0.10966364876441288,10.0,946
A,E1,0.011242685560377575,10.0,946
A,E2,-0.02597426035518097,10.0,946
R100,E1,-0.12444064943891579,10.0,947
R100,E2,0.11974111619050473,10.0,947
A,E1,0.23460695106398113,10.0,947
A,E2,-0.23593187681424146,10.0,947
R100,E1,-0.21626213043701678,10.0,948
R100,E2,0.22294813140743136,10.0,948
A,E1,-0.22570776625286007,10.0,948
A,E2,0.23260449499580846,10.0,948
R100,E1,-0.1307001866853641,10.0,949
R100,E2,0.15225281012017455,10.0,949
A,E1,-0.07710117830668888,10.0,949
A,E2,0.06175691379683707,10.0,949
R100,E1,-0.15612551130915367,10.0,950
R100,E2,0.1757919144383466,10.0,950
A,E1,-0.23096096421102139,10.0,950
A,E2,0.2370482177114844,10.0,950
R100,E1,-0.11867162875992249,10.0,951
R100,E2,0.14114709542658607,10.0,951
A,E1,-0.1998018508285497,10.0,951
A,E2,0.21539431861686822,10.0,951
R100,E1,-0.23993622260482003,10.0,952
R100,E2,0.24135824155060806,10.0,952
A,E1,0.2501981197852848,10.0,952
A,E2,-0.2511867727373752,10.0,952
R100,E1,-0.20037365054270137,10.0,953
R100,E2,0.21345973312023195,10.0,953
A,E1,-0.14333781179051072,10.0,953
A,E2,0.1520327215861125,10.0,953
R100,E1,-0.26977616624578177,10.0,954
R100,E2,0.2692248035365509,10.0,954
A,E1,-0.19351155557186883,10.0,954
A,E2,0.1914736670160573,10.0,954
R100,E1,-0.11483681572114325,10.0,955
R100,E2,0.14114860106089985,10.0,955
A,E1,-0.18814272368459567,10.0,955
A,E2,0.2005102330186007,10.0,955
R100,E1,-0.18046016850606625,10.0,956
R100,E2,0.19889361409000325,10.0,956
A,E1,0.22149155503233017,10.0,956
A,E2,-0.21596488748974976,10.0,956
R100,E1,-0.21653925046821973,10.0,957
R100,E2,0.21630594335348385,10.0,957
A,E1,-0.25352382155511244,10.0,957
A,E2,0.25344322257636037,10.0,957
R100,E1,-0.17868136322224676,10.0,958
R100,E2,0.1964731639556042,10.0,958
A,E1,0.02855915718730781,10.0,958
A,E2,-0.052932382106138334,10.0,958
R100,E1,-0.1886318426084886,10.0,959
R100,E2,0.20924495370825338,10.0,959
A,E1,-0.07637524430335543,10.0,959
A,E2,0.07892681976209162,10.0,959
R100,E1,-0.25350575391852,10.0,960
R100,E2,0.25498993442390555,10.0,960
A,E1,-0.17642786266969904,10.0,960
A,E2,0.17793750463111785,10.0,960
R100,E1,-0.13750592035918266,10.0,961
R100,E2,0.15888203092033085,10.0,961
A,E1,-0.05774646032003541,10.0,961
A,E2,0.055132017110397065,10.0,961
R100,E1,-0.1665907149547262,10.0,962
R100,E2,0.1851398221601348,10.0,962
A,E1,-0.00468937258652089,10.0,962
A,E2,-0.015995243833098572,10.0,962
R100,E1,-0.15451704344607306,10.0,963
R100,E2,0.17465349621795637,10.0,963
A,E1,0.11010035735967523,10.0,963
A,E2,-0.12760988728814632,10.0,963
R100,E1,0.03709307760924275,10.0,964
R100,E2,-0.043176083378748106,10.0,964
A,E1,0.18907450465354106,10.0,964
A,E2,-0.1912184606663603,10.0,964
R100,E1,-0.13634251216324894,10.0,965
R100,E2,0.1568769209131011,10.0,965
A,E1,-0.07394514018472266,10.0,965
A,E2,0.05213336280540528,10.0,965
R100,E1,-0.2644994622846295,10.0,966
R100,E2,0.2648831031486878,10.0,966
A,E1,-0.11833412029817578,10.0,966
A,E2,0.1177591098198464,10.0,966
R100,E1,-0.2103158687256287,10.0,967
R100,E2,0.2101524333133975,10.0,967
A,E1,-0.0007303086673792433,10.0,967
A,E2,0.006238060369142465,10.0,967
R100,E1,-0.25299810056092237,10.0,968
R100,E2,0.2548333276851414,10.0,968
A,E1,-0.08175949257506396,10.0,968
A,E2,0.09030391243871828,10.0,968
R100,E1,-0.12321432690441636,10.0,969
R100,E2,0.11674026941685686,10.0,969
A,E1,-0.04974394854406031,10.0,969
A,E2,0.04571718019667739,10.0,969
R100,E1,-0.2258305462666997,10.0,970
R100,E2,0.23226853516021512,10.0,970
A,E1,-0.04746625145934272,10.0,970
A,E2,0.04692871577984612,10.0,970
R100,E1,-0.26542300881476605,10.0,971
R100,E2,0.2634266957360149,10.0,971
A,E1,-0.23944467610664114,10.0,971
A,E2,0.23784693380486732,10.0,971
R100,E1,-0.21485612756069966,10.0,972
R100,E2,0.2117611604856987,10.0,972
A,E1,-0.1509368842822169,10.0,972
A,E2,0.14075324181591503,10.0,972
R100,E1,-0.17177279142607568,10.0,973
R100,E2,0.19781823778519517,10.0,973
A,E1,0.06099319941397392,10.0,973
A,E2,-0.09042676845396742,10.0,973
R100,E1,-0.0734886827499044,10.0,974
R100,E2,0.07241120899693632,10.0,974
A,E1,0.019108252710998905,10.0,974
A,E2,-0.02070378123282414,10.0,974
R100,E1,-0.09125490893399227,10.0,975
R100,E2,0.12039047604008263,10.0,975
A,E1,-0.043854901845755426,10.0,975
A,E2,0.06906516713490318,10.0,975
R100,E1,-0.16918912525148597,10.0,976
R100,E2,0.19528716570079407,10.0,976
A,E1,-0.13694854697481468,10.0,976
A,E2,0.13238344713863034,10.0,976
R100,E1,-0.19287653236053934,10.0,977
R100,E2,0.18823927953244793,10.0,977
A,E1,0.0020888877947361144,10.0,977
A,E2,-0.0006824436592095066,10.0,977
R100,E1,-0.2132031098124931,10.0,978
R100,E2,0.22214073878059554,10.0,978
A,E1,0.21819295277489337,10.0,978
A,E2,-0.21334331186622763,10.0,978
R100,E1,-0.2714360627154114,10.0,979
R100,E2,0.2714213004599971,10.0,979
A,E1,-0.2169941032719011,10.0,979
A,E2,0.2146714510291453,10.0,979
R100,E1,-0.1135718076834477,10.0,981
R100,E2,0.11267763203171806,10.0,981
A,E1,-0.08214283953996791,10.0,981
A,E2,0.08118861992906275,10.0,981
R100,E1,-0.09168318554054342,10.0,982
R100,E2,0.13607586428187188,10.0,982
A,E1,0.013455047430388915,10.0,982
A,E2,-0.062013882549425324,10.0,982
R100,E1,-0.22901700522007898,10.0,983
R100,E2,0.2349782148340593,10.0,983
A,E1,0.15856079160179082,10.0,983
A,E2,-0.1655103393486207,10.0,983
R100,E1,-0.16854480771481778,10.0,984
R100,E2,0.19026858957490742,10.0,984
A,E1,0.02077170338877851,10.0,984
A,E2,-0.028061843573910734,10.0,984
R100,E1,-0.12860204311052156,10.0,985
R100,E2,0.15238303623089344,10.0,985
A,E1,-0.08252590886189787,10.0,985
A,E2,0.07187288556891465,10.0,985
R100,E1,-0.2419985479289589,10.0,986
R100,E2,0.24755484941359046,10.0,986
A,E1,0.19790432829348775,10.0,986
A,E2,-0.20096798581557726,10.0,986
R100,E1,-0.15175355235131155,10.0,987
R100,E2,0.14846246675688662,10.0,987
A,E1,-0.15174355337128725,10.0,987
A,E2,0.14845168323430324,10.0,987
R100,E1,-0.17652120102352037,10.0,988
R100,E2,0.19877880356496694,10.0,988
A,E1,-0.10148608949187395,10.0,988
A,E2,0.0773229700285696,10.0,988
R100,E1,-0.2513811603971032,10.0,989
R100,E2,0.25234540310374975,10.0,989
A,E1,0.07101306017307484,10.0,989
A,E2,-0.07141781237420396,10.0,989
R100,E1,-0.24826018256896124,10.0,990
R100,E2,0.24936872409496996,10.0,990
A,E1,-0.25202535029719353,10.0,990
A,E2,0.2526518655274369,10.0,990
R100,E1,-0.10056745095611352,10.0,991
R100,E2,0.13405757123284287,10.0,991
A,E1,0.03945002942397413,10.0,991
A,E2,-0.051490222991706705,10.0,991
R100,E1,-0.1858032238583713,10.0,992
R100,E2,0.2045921531373467,10.0,992
A,E1,0.12909168021271766,10.0,992
A,E2,-0.13994994444046238,10.0,992
R100,E1,-0.1834772241301436,10.0,993
R100,E2,0.2061352526323449,10.0,993
A,E1,0.17973776890273913,10.0,993
A,E2,-0.1875860730633447,10.0,993
R100,E1,-0.24299496431674,10.0,994
R100,E2,0.2449541170117846,10.0,994
A,E1,-0.06618776436556749,10.0,994
A,E2,0.07303340800793987,10.0,994
R100,E1,-0.14469789182471018,10.0,995
R100,E2,0.13784095833526966,10.0,995
A,E1,0.04308926075035256,10.0,995
A,E2,-0.04666769660570831,10.0,995
R100,E1,-0.2634007327215872,10.0,996
R100,E2,0.26376556259510725,10.0,996
A,E1,0.05970818630349915,10.0,996
A,E2,-0.060482196258581436,10.0,996
R100,E1,-0.1662915569794741,10.0,997
R100,E2,0.1927439958106316,10.0,997
A,E1,-0.031640646358197154,10.0,997
A,E2,0.0503146802514116,10.0,997
R100,E1,-0.1620373749962205,10.0,999
R100,E2,0.1898144469085075,10.0,999
A,E1,0.019487155687928904,10.0,999
A,E2,-0.04568065293868181,10.0,999
