response,predictor,standardized_beta,alpha,iteration
R100,C1,-0.2227153006670095,10.0,0
R100,Q1,-0.14502173661987874,10.0,0
R100,C2,0.2664150629580378,10.0,0
A,C1,0.1657542935748079,10.0,0
A,Q1,-0.30803838437250686,10.0,0
A,C2,-0.09834308464017312,10.0,0
R100,C1,-0.27508459175685596,10.0,1
R100,Q1,-0.044190305053943044,10.0,1
R100,C2,0.26564537143657435,10.0,1
A,C1,0.2456256736225308,10.0,1
A,Q1,0.07553141131153565,10.0,1
A,C2,-0.2658429811914101,10.0,1
R100,C1,-0.22938310799873982,10.0,2
R100,Q1,-0.1755136640913352,10.0,2
R100,C2,0.23318453798024055,10.0,2
A,C1,-0.003468323366506765,10.0,2
A,Q1,-0.23523655817902447,10.0,2
A,C2,-0.042433158376358054,10.0,2
R100,C1,0.18083989412507456,10.0,4
R100,Q1,-0.2716765229145999,10.0,4
R100,C2,0.025121737299820944,10.0,4
A,C1,0.09748109807593655,10.0,4
A,Q1,-0.19949859346857676,10.0,4
A,C2,-0.06709495695485838,10.0,4
R100,C1,-0.23158001660400154,10.0,5
R100,Q1,-0.19213765270959543,10.0,5
R100,C2,0.22808081293141996,10.0,5
A,C1,-0.04453794479211882,10.0,5
A,Q1,-0.1301520222423928,10.0,5
A,C2,0.013056678482858384,10.0,5
R100,C1,-0.2573854771463056,10.0,6
R100,Q1,-0.1229705801296304,10.0,6
R100,C2,0.24717314277156788,10.0,6
A,C1,-0.17418862975739702,10.0,6
A,Q1,0.08835263480014549,10.0,6
A,C2,0.09717690847577647,10.0,6
R100,C1,0.2591542053990996,10.0,8
R100,Q1,-0.2517506025696377,10.0,8
R100,C2,-0.10527862662364927,10.0,8
A,C1,0.09072844148999509,10.0,8
A,Q1,-0.026891917218194852,10.0,8
A,C2,-0.3337603421204193,10.0,8
R100,C1,-0.27713576719941824,10.0,10
R100,Q1,-0.06323326323389619,10.0,10
R100,C2,0.25339642880910207,10.0,10
A,C1,0.22767511537947183,10.0,10
A,Q1,-0.0812217819533438,10.0,10
A,C2,-0.16057381028065484,10.0,10
R100,C1,-0.23996617401459058,10.0,12
R100,Q1,-0.1813811798545341,10.0,12
R100,C2,0.22833401260393185,10.0,12
A,C1,-0.07922941990585691,10.0,12
A,Q1,-0.13650013720695206,10.0,12
A,C2,0.02730211301395283,10.0,12
R100,C1,0.17807957775369762,10.0,13
R100,Q1,-0.2310770772923818,10.0,13
R100,C2,0.13952040367281382,10.0,13
A,C1,0.018980190620736425,10.0,13
A,Q1,-0.04061548066172426,10.0,13
A,C2,-0.01123439100920578,10.0,13
R100,C1,0.18456917123947508,10.0,14
R100,Q1,-0.257473125603182,10.0,14
R100,C2,0.1650386236530272,10.0,14
A,C1,0.2025169801806749,10.0,14
A,Q1,-0.2509316093924103,10.0,14
A,C2,0.187165262990454,10.0,14
R100,C1,-0.2527267853184806,10.0,15
R100,Q1,-0.14303881893977952,10.0,15
R100,C2,0.2358055027079618,10.0,15
A,C1,0.13584658911469547,10.0,15
A,Q1,-0.13462536060773853,10.0,15
A,C2,-0.13572158907421816,10.0,15
R100,C1,0.17738361695760493,10.0,16
R100,Q1,-0.2423348081492884,10.0,16
R100,C2,0.1946924441576796,10.0,16
A,C1,-0.2386736698283799,10.0,16
A,Q1,0.25672513474702036,10.0,16
A,C2,-0.13595020970284713,10.0,16
R100,C1,0.165596521132423,10.0,17
R100,Q1,-0.23637225676906531,10.0,17
R100,C2,0.06850456764558718,10.0,17
A,C1,-0.22134513261168712,10.0,17
A,Q1,0.22393105407421807,10.0,17
A,C2,-0.18541062610375292,10.0,17
R100,C1,-0.25415943114847983,10.0,18
R100,Q1,-0.10887863616470485,10.0,18
R100,C2,0.2427103054816102,10.0,18
A,C1,0.19468390496990515,10.0,18
A,Q1,-0.2425752378600981,10.0,18
A,C2,-0.1724008625615125,10.0,18
R100,C1,-0.2453352621905943,10.0,19
R100,Q1,-0.16834767452020988,10.0,19
R100,C2,0.23247955006814075,10.0,19
A,C1,-0.04224904624072167,10.0,19
A,Q1,0.12421503999670254,10.0,19
A,C2,-0.21424873912025907,10.0,19
R100,C1,-0.26638534546524567,10.0,20
R100,Q1,-0.08820899962048692,10.0,20
R100,C2,0.2571709527753695,10.0,20
A,C1,-0.08685589732441,10.0,20
A,Q1,-0.026221928025326125,10.0,20
A,C2,0.07682558616054683,10.0,20
R100,C1,0.22499986723398344,10.0,22
R100,Q1,-0.24805380377596511,10.0,22
R100,C2,-0.07578596112395991,10.0,22
A,C1,0.07523699703346501,10.0,22
A,Q1,-0.17676510274883983,10.0,22
A,C2,0.02311710090656702,10.0,22
R100,C1,-0.27838156574717166,10.0,23
R100,Q1,-0.0157109222971614,10.0,23
R100,C2,0.2660024749240577,10.0,23
A,C1,0.28483671902004937,10.0,23
A,Q1,-0.10264940318437162,10.0,23
A,C2,-0.22483686862076047,10.0,23
R100,C1,0.23326258025377744,10.0,24
R100,Q1,-0.2530474795182982,10.0,24
R100,C2,0.12007817359141923,10.0,24
A,C1,0.02063943726177874,10.0,24
A,Q1,-0.14900317088932263,10.0,24
A,C2,0.1876196518670505,10.0,24
R100,C1,-0.24909712242265888,10.0,25
R100,Q1,-0.10865732207858354,10.0,25
R100,C2,0.25943305241894565,10.0,25
A,C1,0.22236682732732155,10.0,25
A,Q1,0.06538095273979953,10.0,25
A,C2,-0.2007026372913188,10.0,25
R100,C1,-0.2368181171052363,10.0,26
R100,Q1,-0.16686358963559417,10.0,26
R100,C2,0.23193990735025108,10.0,26
A,C1,-0.16887828962999574,10.0,26
A,Q1,-0.2521582035699891,10.0,26
A,C2,0.17282056725711184,10.0,26
R100,C1,-0.25823499433497205,10.0,27
R100,Q1,-0.10080038654778506,10.0,27
R100,C2,0.2632916850173722,10.0,27
A,C1,0.19387113083809776,10.0,27
A,Q1,-0.23415570099789826,10.0,27
A,C2,-0.02561080873377577,10.0,27
R100,C1,-0.25922930522902465,10.0,28
R100,Q1,-0.11871096975641707,10.0,28
R100,C2,0.25399425723924357,10.0,28
A,C1,-0.2843377647442529,10.0,28
A,Q1,-0.027866255937164797,10.0,28
A,C2,0.2208800114495509,10.0,28
R100,C1,-0.25015824880053483,10.0,29
R100,Q1,-0.16087522712666083,10.0,29
R100,C2,0.22755889609556043,10.0,29
A,C1,0.2726815696510211,10.0,29
A,Q1,0.011957281502223102,10.0,29
A,C2,-0.22789595088108017,10.0,29
R100,C1,-0.23357346891590475,10.0,30
R100,Q1,-0.19088005022998752,10.0,30
R100,C2,0.2243868153783782,10.0,30
A,C1,0.13394997264978084,10.0,30
A,Q1,0.2031682638972357,10.0,30
A,C2,-0.1727380620046963,10.0,30
R100,C1,-0.2638505944131227,10.0,31
R100,Q1,-0.08400418713882671,10.0,31
R100,C2,0.26756083202384195,10.0,31
A,C1,0.30218529844515596,10.0,31
A,Q1,-0.1651301651784442,10.0,31
A,C2,-0.13449074093138216,10.0,31
R100,C1,0.2016834138289843,10.0,32
R100,Q1,-0.22530866047157158,10.0,32
R100,C2,-0.034856903037517345,10.0,32
A,C1,-0.09173345815063978,10.0,32
A,Q1,0.09466169624577316,10.0,32
A,C2,-0.236607595317723,10.0,32
R100,C1,0.21102971040742596,10.0,33
R100,Q1,-0.25128062518169686,10.0,33
R100,C2,-0.0933182602606652,10.0,33
A,C1,0.0908043907367307,10.0,33
A,Q1,-0.11610994291118507,10.0,33
A,C2,-0.11408232930795001,10.0,33
R100,C1,-0.2752091976604688,10.0,34
R100,Q1,-0.04431865824116456,10.0,34
R100,C2,0.26582299466471565,10.0,34
A,C1,0.20767364218607431,10.0,34
A,Q1,-0.1729685021372457,10.0,34
A,C2,-0.08757707766020557,10.0,34
R100,C1,-0.2207163407479686,10.0,35
R100,Q1,-0.1481274274687377,10.0,35
R100,C2,0.26257511410108164,10.0,35
A,C1,0.17521873310435504,10.0,35
A,Q1,-0.2752326024232034,10.0,35
A,C2,-0.0660290111265825,10.0,35
R100,C1,-0.24696297386146243,10.0,37
R100,Q1,-0.16191926208088978,10.0,37
R100,C2,0.23953641164043316,10.0,37
A,C1,0.09130060614958807,10.0,37
A,Q1,-0.005623785817805501,10.0,37
A,C2,-0.20213095791304292,10.0,37
R100,C1,-0.271533591934408,10.0,38
R100,Q1,-0.05111043037894828,10.0,38
R100,C2,0.26917138758920384,10.0,38
A,C1,-0.14288941709604455,10.0,38
A,Q1,-0.15387675336352438,10.0,38
A,C2,0.21949921861017788,10.0,38
R100,C1,-0.2479661418211562,10.0,39
R100,Q1,-0.1781692051190492,10.0,39
R100,C2,0.22221944291244425,10.0,39
A,C1,-0.21208855882851843,10.0,39
A,Q1,-0.18078790958381605,10.0,39
A,C2,0.11346653276086038,10.0,39
R100,C1,-0.2579151936020437,10.0,41
R100,Q1,-0.13334408273732007,10.0,41
R100,C2,0.23537108277071317,10.0,41
A,C1,0.0010395881079068984,10.0,41
A,Q1,0.029533351849556064,10.0,41
A,C2,-0.18561913004690844,10.0,41
R100,C1,-0.27651615117691913,10.0,43
R100,Q1,-0.07157894185227785,10.0,43
R100,C2,0.25412120344757977,10.0,43
A,C1,0.030624315458927687,10.0,43
A,Q1,0.07963498262785212,10.0,43
A,C2,-0.07494747207278879,10.0,43
R100,C1,-0.2517201226413939,10.0,44
R100,Q1,-0.13862876165426405,10.0,44
R100,C2,0.23046327974589034,10.0,44
A,C1,0.13250265395651556,10.0,44
A,Q1,-0.04811774620515948,10.0,44
A,C2,-0.06776874303377557,10.0,44
R100,C1,0.24243605271621854,10.0,45
R100,Q1,-0.24903787969610533,10.0,45
R100,C2,-0.09654688130529962,10.0,45
A,C1,0.14671900097977297,10.0,45
A,Q1,-0.1513073977560708,10.0,45
A,C2,-0.29833008376190107,10.0,45
R100,C1,-0.22778728637607037,10.0,47
R100,Q1,-0.17429974140291907,10.0,47
R100,C2,0.251903169411342,10.0,47
A,C1,0.27259380352310836,10.0,47
A,Q1,-0.004460657842521671,10.0,47
A,C2,-0.26904959634612535,10.0,47
R100,C1,0.2744459985970746,10.0,48
R100,Q1,-0.23557259641019798,10.0,48
R100,C2,-0.07987143568480282,10.0,48
A,C1,0.1490549026161542,10.0,48
A,Q1,-0.05979418278191289,10.0,48
A,C2,-0.2040824252166744,10.0,48
R100,C1,-0.2210479341862088,10.0,50
R100,Q1,-0.14769672778348933,10.0,50
R100,C2,0.26423192029477877,10.0,50
A,C1,0.20259313850901553,10.0,50
A,Q1,-0.19516288522075537,10.0,50
A,C2,-0.16090897190751274,10.0,50
R100,C1,-0.22000896050916435,10.0,51
R100,Q1,-0.2281973290590888,10.0,51
R100,C2,0.19943682126017678,10.0,51
A,C1,-0.08964295372673883,10.0,51
A,Q1,-0.1302352964286768,10.0,51
A,C2,0.07669920030536988,10.0,51
R100,C1,-0.24205070012371585,10.0,53
R100,Q1,-0.16383183108598073,10.0,53
R100,C2,0.24692289669981143,10.0,53
A,C1,-0.04392274344526307,10.0,53
A,Q1,0.26907886986549606,10.0,53
A,C2,0.10897251196182238,10.0,53
R100,C1,-0.2608713003323011,10.0,54
R100,Q1,-0.13436359178426846,10.0,54
R100,C2,0.238268719793892,10.0,54
A,C1,0.2716547243746173,10.0,54
A,Q1,0.10547251159819215,10.0,54
A,C2,-0.2335790967279701,10.0,54
R100,C1,-0.23988547186612558,10.0,56
R100,Q1,-0.18101876437885092,10.0,56
R100,C2,0.22333777761417378,10.0,56
A,C1,0.16046143379835057,10.0,56
A,Q1,0.029098439311634923,10.0,56
A,C2,-0.2034453487485941,10.0,56
R100,C1,-0.2433370884303161,10.0,59
R100,Q1,-0.16868240081990485,10.0,59
R100,C2,0.23492656308409957,10.0,59
A,C1,-0.09935453949504734,10.0,59
A,Q1,0.08500557192895226,10.0,59
A,C2,-0.1041051932591565,10.0,59
R100,C1,-0.24857548558009965,10.0,60
R100,Q1,-0.1422599966614386,10.0,60
R100,C2,0.24362722941848927,10.0,60
A,C1,-0.11499849589166967,10.0,60
A,Q1,-0.13427788065164878,10.0,60
A,C2,0.09404374059542958,10.0,60
R100,C1,0.22790013880849455,10.0,61
R100,Q1,-0.19929091671922539,10.0,61
R100,C2,0.1673145325038574,10.0,61
A,C1,-0.11686744748897387,10.0,61
A,Q1,0.18809246366909066,10.0,61
A,C2,-0.24091790231695567,10.0,61
R100,C1,0.27828824249218365,10.0,62
R100,Q1,-0.23176048901235366,10.0,62
R100,C2,-0.08617146526470185,10.0,62
A,C1,0.1831225835260514,10.0,62
A,Q1,-0.131520921298516,10.0,62
A,C2,-0.2785700591565394,10.0,62
R100,C1,-0.23856528124190488,10.0,63
R100,Q1,-0.14437641460623574,10.0,63
R100,C2,0.2457777480633957,10.0,63
A,C1,0.1389489694437881,10.0,63
A,Q1,-0.17639760869521187,10.0,63
A,C2,-0.10078662146991697,10.0,63
R100,C1,0.2590832221485852,10.0,64
R100,Q1,-0.2646798663221077,10.0,64
R100,C2,-0.07363136356975575,10.0,64
A,C1,0.055023696637852317,10.0,64
A,Q1,-0.037060804292268705,10.0,64
A,C2,-0.21177660275166713,10.0,64
R100,C1,-0.26539269121399395,10.0,65
R100,Q1,-0.08670123389415671,10.0,65
R100,C2,0.2621802006912869,10.0,65
A,C1,-0.2546347614287514,10.0,65
A,Q1,-0.058886987015631755,10.0,65
A,C2,0.23903348058363327,10.0,65
R100,C1,-0.24900721340124263,10.0,66
R100,Q1,-0.16139641419805947,10.0,66
R100,C2,0.2287971632319931,10.0,66
A,C1,0.15090205848198038,10.0,66
A,Q1,0.0895063033918606,10.0,66
A,C2,-0.21196986735396553,10.0,66
R100,C1,0.23741709885931406,10.0,68
R100,Q1,-0.23150371360609145,10.0,68
R100,C2,0.0792682913656089,10.0,68
A,C1,-0.0074593862657383785,10.0,68
A,Q1,-0.11221470364738893,10.0,68
A,C2,0.20745092224068645,10.0,68
R100,C1,0.07301318985026851,10.0,70
R100,Q1,-0.16195759561804435,10.0,70
R100,C2,0.17947535236040765,10.0,70
A,C1,-0.08659454637981089,10.0,70
A,Q1,0.17787503994596351,10.0,70
A,C2,-0.2184922522268913,10.0,70
R100,C1,-0.27517942032566733,10.0,71
R100,Q1,-0.039354309911949194,10.0,71
R100,C2,0.26448476405615284,10.0,71
A,C1,0.13851571762146658,10.0,71
A,Q1,0.05746853827520236,10.0,71
A,C2,-0.14702837124731744,10.0,71
R100,C1,-0.24415533002932804,10.0,72
R100,Q1,-0.0908291076240612,10.0,72
R100,C2,0.27081877620137434,10.0,72
A,C1,-0.15734905011861802,10.0,72
A,Q1,-0.17017447786132106,10.0,72
A,C2,0.21016322587259645,10.0,72
R100,C1,-0.23624145812747518,10.0,73
R100,Q1,-0.19855959495095846,10.0,73
R100,C2,0.2181730661222204,10.0,73
A,C1,0.13616498401350102,10.0,73
A,Q1,-0.032446506205826994,10.0,73
A,C2,-0.2593941040636087,10.0,73
R100,C1,0.22328921047194766,10.0,75
R100,Q1,-0.23522756558049404,10.0,75
R100,C2,-0.09065803303834984,10.0,75
A,C1,0.1814382702312625,10.0,75
A,Q1,-0.16361744942308257,10.0,75
A,C2,-0.1101301819996165,10.0,75
R100,C1,-0.2448131106598054,10.0,77
R100,Q1,-0.15503934716888046,10.0,77
R100,C2,0.23234640145167834,10.0,77
A,C1,0.262787740519654,10.0,77
A,Q1,0.015319136303430595,10.0,77
A,C2,-0.2726870762545715,10.0,77
R100,C1,0.2516957636076608,10.0,79
R100,Q1,-0.23865853369155768,10.0,79
R100,C2,-0.11010227678247725,10.0,79
A,C1,0.050052955050727606,10.0,79
A,Q1,-0.10993171661555626,10.0,79
A,C2,-0.204735217896642,10.0,79
R100,C1,-0.2701629179519235,10.0,80
R100,Q1,-0.07319284604814373,10.0,80
R100,C2,0.2548111657144559,10.0,80
A,C1,0.16607970273856715,10.0,80
A,Q1,0.11394169575555198,10.0,80
A,C2,-0.1867885328847611,10.0,80
R100,C1,0.031864818678142816,10.0,85
R100,Q1,-0.07144320275349045,10.0,85
R100,C2,0.1587179896731625,10.0,85
A,C1,-0.20263391492335434,10.0,85
A,Q1,0.10991465894297339,10.0,85
A,C2,0.1525476406400213,10.0,85
R100,C1,-0.2573948970823043,10.0,86
R100,Q1,-0.10502844538818058,10.0,86
R100,C2,0.24392128160421,10.0,86
A,C1,0.10846053927306805,10.0,86
A,Q1,-0.05443025591415991,10.0,86
A,C2,-0.05594178217103115,10.0,86
R100,C1,-0.24979174791070877,10.0,87
R100,Q1,-0.10025429526295254,10.0,87
R100,C2,0.26558720694653465,10.0,87
A,C1,0.1991305392644102,10.0,87
A,Q1,-0.03860390091701767,10.0,87
A,C2,-0.18467620843309487,10.0,87
R100,C1,-0.23563717012802488,10.0,89
R100,Q1,-0.20003951003014475,10.0,89
R100,C2,0.22444674538976594,10.0,89
A,C1,0.03171432018908853,10.0,89
A,Q1,0.33675429905050835,10.0,89
A,C2,-0.11264878413802794,10.0,89
R100,C1,-0.2618298560676513,10.0,90
R100,Q1,-0.11305190227428889,10.0,90
R100,C2,0.23888566212954526,10.0,90
A,C1,-0.11114247287072981,10.0,90
A,Q1,-0.2739881759085859,10.0,90
A,C2,0.13790424342559138,10.0,90
R100,C1,-0.258353263974455,10.0,91
R100,Q1,-0.09838224910717999,10.0,91
R100,C2,0.26402886590246955,10.0,91
A,C1,0.1825534535361304,10.0,91
A,Q1,-0.0603190873916356,10.0,91
A,C2,-0.12376781807335294,10.0,91
R100,C1,-0.24207964257152015,10.0,92
R100,Q1,-0.1645431148590065,10.0,92
R100,C2,0.23868760107912157,10.0,92
A,C1,0.14528365202948249,10.0,92
A,Q1,0.20720546413236415,10.0,92
A,C2,-0.1805923714260207,10.0,92
R100,C1,-0.23467982145517996,10.0,93
R100,Q1,-0.1563091381339476,10.0,93
R100,C2,0.24150419744307436,10.0,93
A,C1,0.27904386318516483,10.0,93
A,Q1,-0.04677464305067405,10.0,93
A,C2,-0.20712974817853924,10.0,93
R100,C1,-0.24315677200376448,10.0,94
R100,Q1,-0.16329528536012988,10.0,94
R100,C2,0.2410395578160274,10.0,94
A,C1,-0.15583932825094854,10.0,94
A,Q1,0.028466773637995213,10.0,94
A,C2,0.107766300563204,10.0,94
R100,C1,-0.23644380412423496,10.0,95
R100,Q1,-0.16619605468258852,10.0,95
R100,C2,0.22763980575180018,10.0,95
A,C1,0.16937016020824314,10.0,95
A,Q1,-0.12229604244728227,10.0,95
A,C2,-0.16404696308541528,10.0,95
R100,C1,-0.27374870058087913,10.0,96
R100,Q1,-0.011170741435906979,10.0,96
R100,C2,0.26612024808220464,10.0,96
A,C1,0.23203220321627366,10.0,96
A,Q1,-0.057297911483295445,10.0,96
A,C2,-0.20500395653433373,10.0,96
R100,C1,-0.26167106731048223,10.0,98
R100,Q1,-0.11047979836319816,10.0,98
R100,C2,0.25665712955410397,10.0,98
A,C1,0.14590897360815144,10.0,98
A,Q1,-0.0786851843856401,10.0,98
A,C2,-0.05212717986638139,10.0,98
R100,C1,-0.26972576201636944,10.0,99
R100,Q1,-0.0651943496970145,10.0,99
R100,C2,0.2650811559636702,10.0,99
A,C1,0.10603407166214442,10.0,99
A,Q1,0.24915093195700289,10.0,99
A,C2,-0.22767532006933788,10.0,99
R100,C1,-0.25539050353276843,10.0,101
R100,Q1,-0.13307360324950812,10.0,101
R100,C2,0.2350758946823744,10.0,101
A,C1,-0.1895591389695978,10.0,101
A,Q1,-0.22804248603939692,10.0,101
A,C2,0.14960431278645586,10.0,101
R100,C1,-0.25685487439267685,10.0,102
R100,Q1,-0.1232116144582016,10.0,102
R100,C2,0.23909455199700308,10.0,102
A,C1,0.15035339796215538,10.0,102
A,Q1,-0.1254679570779498,10.0,102
A,C2,-0.14279686057785745,10.0,102
R100,C1,0.21632766783955465,10.0,103
R100,Q1,-0.22354902297028384,10.0,103
R100,C2,-0.2151322044877265,10.0,103
A,C1,0.12455720341042718,10.0,103
A,Q1,-0.14188647307405222,10.0,103
A,C2,-0.31419576654842624,10.0,103
R100,C1,0.13903091063342377,10.0,104
R100,Q1,-0.2341778000725016,10.0,104
R100,C2,0.010468208001392114,10.0,104
A,C1,0.09477821564613018,10.0,104
A,Q1,-0.14027618680913248,10.0,104
A,C2,-0.11834028664419108,10.0,104
R100,C1,-0.2695241799389132,10.0,105
R100,Q1,-0.08453646646432897,10.0,105
R100,C2,0.25822964277463245,10.0,105
A,C1,0.1876972878278198,10.0,105
A,Q1,-0.08427054071747585,10.0,105
A,C2,-0.13096555509040406,10.0,105
R100,C1,-0.24042943764318364,10.0,106
R100,Q1,-0.16250730376296313,10.0,106
R100,C2,0.2347069952344585,10.0,106
A,C1,0.05359746729922164,10.0,106
A,Q1,-0.12541136288267335,10.0,106
A,C2,-0.20031094585520406,10.0,106
R100,C1,-0.24848845413542855,10.0,107
R100,Q1,-0.11858431232176828,10.0,107
R100,C2,0.24868374568872725,10.0,107
A,C1,0.16320389901519197,10.0,107
A,Q1,-0.3046871274172391,10.0,107
A,C2,-0.00458901502763115,10.0,107
R100,C1,-0.2548089447910235,10.0,108
R100,Q1,-0.16270898429541286,10.0,108
R100,C2,0.21714706492868463,10.0,108
A,C1,-0.2570831591344423,10.0,108
A,Q1,-0.11689247997309246,10.0,108
A,C2,0.13052521443154502,10.0,108
R100,C1,0.25258225830017855,10.0,110
R100,Q1,-0.26450501817462146,10.0,110
R100,C2,-0.06076740270841463,10.0,110
A,C1,0.053672104177167335,10.0,110
A,Q1,-0.08575818853441224,10.0,110
A,C2,-0.26805344810202497,10.0,110
R100,C1,0.14922871698249704,10.0,111
R100,Q1,-0.15421342821633366,10.0,111
R100,C2,-0.14342711188928664,10.0,111
A,C1,0.07005924690047872,10.0,111
A,Q1,-0.07027431976903559,10.0,111
A,C2,-0.31785696166229804,10.0,111
R100,C1,0.2019783017694836,10.0,112
R100,Q1,-0.19083059442401484,10.0,112
R100,C2,0.19086487712913813,10.0,112
A,C1,-0.15192657471280982,10.0,112
A,Q1,0.10074128462832128,10.0,112
A,C2,-0.050921175373453434,10.0,112
R100,C1,-0.2776560649963852,10.0,115
R100,Q1,-0.02782429994887361,10.0,115
R100,C2,0.2663915619571587,10.0,115
A,C1,-0.11302774410447262,10.0,115
A,Q1,-0.1369281394145271,10.0,115
A,C2,0.20036680758343484,10.0,115
R100,C1,0.046140873340413224,10.0,116
R100,Q1,-0.17901462653415584,10.0,116
R100,C2,0.18164509054752073,10.0,116
A,C1,-0.05285547084408097,10.0,116
A,Q1,-0.14034608950713756,10.0,116
A,C2,0.1847838595907196,10.0,116
R100,C1,-0.24733194316416096,10.0,118
R100,Q1,-0.15087437596815625,10.0,118
R100,C2,0.23256428505418347,10.0,118
A,C1,0.2670185888964992,10.0,118
A,Q1,-0.02062373371868703,10.0,118
A,C2,-0.24919229516974598,10.0,118
R100,C1,-0.23256107471739862,10.0,119
R100,Q1,-0.2071150527004924,10.0,119
R100,C2,0.21745990290800585,10.0,119
A,C1,-0.2611751710424317,10.0,119
A,Q1,-0.07034632173551478,10.0,119
A,C2,0.20685130564557427,10.0,119
R100,C1,-0.2559218851053087,10.0,120
R100,Q1,-0.13291862406476349,10.0,120
R100,C2,0.2297336238591817,10.0,120
A,C1,0.2726557800411406,10.0,120
A,Q1,-0.004526576661363464,10.0,120
A,C2,-0.25493404602656855,10.0,120
R100,C1,-0.24778900655451352,10.0,121
R100,Q1,-0.11234677624303546,10.0,121
R100,C2,0.2583955979687197,10.0,121
A,C1,-0.18141020738724314,10.0,121
A,Q1,-0.17879621446811106,10.0,121
A,C2,0.24901342679470934,10.0,121
R100,C1,0.20998227631358377,10.0,122
R100,Q1,-0.2275860852544943,10.0,122
R100,C2,-0.020906063252932445,10.0,122
A,C1,0.12858924039702924,10.0,122
A,Q1,-0.14673095269848815,10.0,122
A,C2,-0.07617333613214382,10.0,122
R100,C1,-0.22650332667616105,10.0,125
R100,Q1,-0.1904951840698265,10.0,125
R100,C2,0.21862067251238101,10.0,125
A,C1,0.04752732058693066,10.0,125
A,Q1,-0.11028811258029238,10.0,125
A,C2,-0.030868127957301605,10.0,125
R100,C1,-0.2361724868532986,10.0,126
R100,Q1,-0.19694228350572165,10.0,126
R100,C2,0.22514113963387059,10.0,126
A,C1,0.08066352246168355,10.0,126
A,Q1,-0.015867263924301607,10.0,126
A,C2,-0.21989052473568915,10.0,126
R100,C1,-0.24474007920250868,10.0,128
R100,Q1,-0.16908798963619176,10.0,128
R100,C2,0.23406418985070912,10.0,128
A,C1,0.01859016178439062,10.0,128
A,Q1,-0.003434661548505792,10.0,128
A,C2,-0.21195400105167664,10.0,128
R100,C1,-0.23995908882410505,10.0,130
R100,Q1,-0.20480688875484077,10.0,130
R100,C2,0.20826429962988494,10.0,130
A,C1,-0.20649544592685784,10.0,130
A,Q1,-0.18087612386185728,10.0,130
A,C2,0.0741441517442557,10.0,130
R100,C1,-0.25577098816676164,10.0,131
R100,Q1,-0.13429127791222237,10.0,131
R100,C2,0.23808891396991227,10.0,131
A,C1,0.024822276550334765,10.0,131
A,Q1,-0.11949238285735038,10.0,131
A,C2,-0.10436420796458593,10.0,131
R100,C1,-0.25688987891988946,10.0,132
R100,Q1,-0.1664325200096822,10.0,132
R100,C2,0.21509907098755648,10.0,132
A,C1,-0.17381332220835688,10.0,132
A,Q1,-0.23380358373684748,10.0,132
A,C2,0.15217445429370086,10.0,132
R100,C1,-0.25858860836980396,10.0,133
R100,Q1,-0.09365468910233739,10.0,133
R100,C2,0.253592905730801,10.0,133
A,C1,0.0533857234552311,10.0,133
A,Q1,0.2225436665688945,10.0,133
A,C2,-0.046524345358760696,10.0,133
R100,C1,-0.23683413472632814,10.0,134
R100,Q1,-0.1942161225384235,10.0,134
R100,C2,0.2232014610002316,10.0,134
A,C1,0.0594230149326679,10.0,134
A,Q1,-0.05946300323054777,10.0,134
A,C2,-0.13339289805407126,10.0,134
R100,C1,-0.25718464285956927,10.0,135
R100,Q1,-0.1327512046067471,10.0,135
R100,C2,0.2447610918163148,10.0,135
A,C1,0.016358140160424712,10.0,135
A,Q1,0.26565995934371245,10.0,135
A,C2,-0.1466011390827059,10.0,135
R100,C1,-0.26669371596995095,10.0,136
R100,Q1,-0.06845819088329283,10.0,136
R100,C2,0.26443709796369425,10.0,136
A,C1,-0.1376877614808538,10.0,136
A,Q1,-0.20331225048515808,10.0,136
A,C2,0.21748451168650884,10.0,136
R100,C1,0.23859825489108635,10.0,138
R100,Q1,-0.25314377685043804,10.0,138
R100,C2,-0.08043001489281655,10.0,138
A,C1,0.08236430404698489,10.0,138
A,Q1,-0.11654410804189315,10.0,138
A,C2,-0.09553331703990633,10.0,138
R100,C1,0.22385753434381556,10.0,139
R100,Q1,-0.2286449799265988,10.0,139
R100,C2,0.09562077607599064,10.0,139
A,C1,-0.051905221247534675,10.0,139
A,Q1,0.037453549762415196,10.0,139
A,C2,0.07222493837879668,10.0,139
R100,C1,-0.2626483674536842,10.0,140
R100,Q1,-0.11987394838204793,10.0,140
R100,C2,0.238107596443104,10.0,140
A,C1,-0.0055860785131649545,10.0,140
A,Q1,0.2768400610736527,10.0,140
A,C2,-0.1132781497470107,10.0,140
R100,C1,0.060343920404900955,10.0,142
R100,Q1,-0.07871285471138506,10.0,142
R100,C2,-0.15401547895245174,10.0,142
A,C1,-0.03495348861097845,10.0,142
A,Q1,0.016353552084623295,10.0,142
A,C2,-0.06825018001207078,10.0,142
R100,C1,-0.2661905225971874,10.0,143
R100,Q1,-0.05858770300464377,10.0,143
R100,C2,0.2712555588576208,10.0,143
A,C1,0.2809309224207818,10.0,143
A,Q1,-0.006520548092358406,10.0,143
A,C2,-0.24186904872061527,10.0,143
R100,C1,-0.238820834315874,10.0,144
R100,Q1,-0.18018676766660882,10.0,144
R100,C2,0.22809883155366356,10.0,144
A,C1,0.2460351909863468,10.0,144
A,Q1,-0.09815651616810446,10.0,144
A,C2,-0.14379360763083432,10.0,144
R100,C1,-0.2366433678328533,10.0,145
R100,Q1,-0.15566624363539472,10.0,145
R100,C2,0.2572718991692691,10.0,145
A,C1,0.18750311581013865,10.0,145
A,Q1,-0.15144562064250078,10.0,145
A,C2,-0.11085937032563974,10.0,145
R100,C1,0.23007576749887496,10.0,146
R100,Q1,-0.25484671963590094,10.0,146
R100,C2,-0.029718563613279868,10.0,146
A,C1,0.07274758049504348,10.0,146
A,Q1,-0.0994584346953041,10.0,146
A,C2,-0.178616159252314,10.0,146
R100,C1,-0.23658689451375603,10.0,148
R100,Q1,-0.1667581699464126,10.0,148
R100,C2,0.2311788437890623,10.0,148
A,C1,0.14979734675024836,10.0,148
A,Q1,-0.19105193042681656,10.0,148
A,C2,-0.1983692384253001,10.0,148
R100,C1,-0.26139717149413727,10.0,149
R100,Q1,-0.11132612151521942,10.0,149
R100,C2,0.2571225265056288,10.0,149
A,C1,0.2969221184385278,10.0,149
A,Q1,0.005974349954074557,10.0,149
A,C2,-0.2176033948993506,10.0,149
R100,C1,-0.2526337032628488,10.0,150
R100,Q1,-0.1399767677157607,10.0,150
R100,C2,0.2357634262655546,10.0,150
A,C1,0.2218684519091158,10.0,150
A,Q1,-0.20165296290094986,10.0,150
A,C2,-0.12953651870082275,10.0,150
R100,C1,0.020560829062406128,10.0,151
R100,Q1,-0.1081794492345764,10.0,151
R100,C2,0.14204447235418718,10.0,151
A,C1,0.06111720441823131,10.0,151
A,Q1,0.016659824544832582,10.0,151
A,C2,-0.07178180386577324,10.0,151
R100,C1,-0.22727280792842733,10.0,153
R100,Q1,-0.21890356892362794,10.0,153
R100,C2,0.21186954732900096,10.0,153
A,C1,0.15753971108374523,10.0,153
A,Q1,-0.25172157180051447,10.0,153
A,C2,-0.16349076992606099,10.0,153
R100,C1,0.06035669061582007,10.0,154
R100,Q1,-0.13951192325211997,10.0,154
R100,C2,0.16751857602348003,10.0,154
A,C1,-0.015797649846291825,10.0,154
A,Q1,-0.12907180806108806,10.0,154
A,C2,0.19211751644644964,10.0,154
R100,C1,-0.24079718350431015,10.0,156
R100,Q1,-0.1700309133909365,10.0,156
R100,C2,0.23564759912155292,10.0,156
A,C1,0.17911831987611654,10.0,156
A,Q1,0.05926151854762324,10.0,156
A,C2,-0.20618056938504015,10.0,156
R100,C1,-0.2547783774692762,10.0,157
R100,Q1,-0.13627053143848625,10.0,157
R100,C2,0.24395416112973228,10.0,157
A,C1,0.042804174959898536,10.0,157
A,Q1,0.13418801732831429,10.0,157
A,C2,-0.1085890634383896,10.0,157
R100,C1,0.03124420641799187,10.0,158
R100,Q1,-0.027950792243854314,10.0,158
R100,C2,0.012278724261896063,10.0,158
A,C1,-0.053436273914922984,10.0,158
A,Q1,0.056124512790266215,10.0,158
A,C2,-0.059908543124856536,10.0,158
R100,C1,-0.23164690207702957,10.0,160
R100,Q1,-0.1659867293744974,10.0,160
R100,C2,0.25264714303396296,10.0,160
A,C1,0.19994851438334554,10.0,160
A,Q1,-0.24840634030470712,10.0,160
A,C2,-0.11308353146162177,10.0,160
R100,C1,-0.2610779576293061,10.0,161
R100,Q1,-0.07059037483527218,10.0,161
R100,C2,0.27367685757986515,10.0,161
A,C1,0.2604825495598343,10.0,161
A,Q1,-0.053921214744984854,10.0,161
A,C2,-0.2118373588887357,10.0,161
R100,C1,-0.23951338419900514,10.0,162
R100,Q1,-0.20509096002182145,10.0,162
R100,C2,0.2089984731090099,10.0,162
A,C1,0.05578022132671282,10.0,162
A,Q1,0.04096895731432264,10.0,162
A,C2,-0.19835389018840924,10.0,162
R100,C1,-0.2428147830300671,10.0,165
R100,Q1,-0.09421782301206949,10.0,165
R100,C2,0.26812562508917526,10.0,165
A,C1,-0.022215914457046137,10.0,165
A,Q1,-0.32438911174097373,10.0,165
A,C2,0.14029036952711382,10.0,165
R100,C1,0.23923060027779658,10.0,169
R100,Q1,-0.2528387481483338,10.0,169
R100,C2,0.1547818995493078,10.0,169
A,C1,0.01707934934538634,10.0,169
A,Q1,0.0020557458528731917,10.0,169
A,C2,0.006923130482767892,10.0,169
R100,C1,-0.23338849415601048,10.0,170
R100,Q1,-0.20629015331386352,10.0,170
R100,C2,0.2161499312550275,10.0,170
A,C1,0.06857726399923966,10.0,170
A,Q1,0.18229642904363566,10.0,170
A,C2,-0.07077124075913072,10.0,170
R100,C1,-0.24278039115585068,10.0,171
R100,Q1,-0.15607122966620596,10.0,171
R100,C2,0.24833499896032868,10.0,171
A,C1,0.11908800416403532,10.0,171
A,Q1,0.19426465593309006,10.0,171
A,C2,-0.16992144931408532,10.0,171
R100,C1,-0.2784277403615619,10.0,172
R100,Q1,-0.004397300074718335,10.0,172
R100,C2,0.2638481394527339,10.0,172
A,C1,-0.24429393258405105,10.0,172
A,Q1,-0.0877736912520423,10.0,172
A,C2,0.24961511016871918,10.0,172
R100,C1,0.0618790805439013,10.0,173
R100,Q1,-0.07760070567055634,10.0,173
R100,C2,0.12833203659516046,10.0,173
A,C1,-0.16742821174381037,10.0,173
A,Q1,0.14355766851645305,10.0,173
A,C2,-0.036703224857515676,10.0,173
R100,C1,-0.2468901832445465,10.0,174
R100,Q1,-0.11131769924728048,10.0,174
R100,C2,0.2575229671733709,10.0,174
A,C1,0.0063654704911319925,10.0,174
A,Q1,-0.02590378026630571,10.0,174
A,C2,0.0002377912526689339,10.0,174
R100,C1,-0.2673301635815802,10.0,175
R100,Q1,-0.06550694580325106,10.0,175
R100,C2,0.2648032601420311,10.0,175
A,C1,0.18575045003002125,10.0,175
A,Q1,0.09955381030875993,10.0,175
A,C2,-0.20946306606453005,10.0,175
R100,C1,-0.23813865362648085,10.0,177
R100,Q1,-0.16632576316650155,10.0,177
R100,C2,0.23453325451318158,10.0,177
A,C1,0.1443855384506241,10.0,177
A,Q1,-0.28007136257543636,10.0,177
A,C2,-0.04279334385366988,10.0,177
R100,C1,-0.23929016878239756,10.0,178
R100,Q1,-0.17833732626620546,10.0,178
R100,C2,0.23012510722808288,10.0,178
A,C1,0.16667034914483275,10.0,178
A,Q1,0.20546366043544373,10.0,178
A,C2,-0.16256714527067825,10.0,178
R100,C1,-0.23970208628706768,10.0,180
R100,Q1,-0.15914622504828416,10.0,180
R100,C2,0.2365057187498385,10.0,180
A,C1,0.17617666393493422,10.0,180
A,Q1,-0.08652410260106083,10.0,180
A,C2,-0.07100436558054006,10.0,180
R100,C1,0.2638708446838694,10.0,181
R100,Q1,-0.26181424307061024,10.0,181
R100,C2,-0.05086176278636876,10.0,181
A,C1,0.2048286665226745,10.0,181
A,Q1,-0.13068232256958484,10.0,181
A,C2,-0.21068513004354586,10.0,181
R100,C1,-0.24512087846991717,10.0,184
R100,Q1,-0.13367503520147947,10.0,184
R100,C2,0.24193433882333207,10.0,184
A,C1,0.04875304625196452,10.0,184
A,Q1,0.00017218457770971744,10.0,184
A,C2,-0.04112385118096708,10.0,184
R100,C1,-0.23909687889199455,10.0,185
R100,Q1,-0.16604707039050437,10.0,185
R100,C2,0.23740090119547344,10.0,185
A,C1,-0.07567545904674697,10.0,185
A,Q1,-0.020412015271011212,10.0,185
A,C2,0.058427111601054245,10.0,185
R100,C1,-0.25957078334027067,10.0,186
R100,Q1,-0.1270030946555529,10.0,186
R100,C2,0.24180080960941513,10.0,186
A,C1,0.259632890822241,10.0,186
A,Q1,0.036331486548041914,10.0,186
A,C2,-0.17017817558117745,10.0,186
R100,C1,-0.22702895945743887,10.0,187
R100,Q1,-0.19975288010173325,10.0,187
R100,C2,0.22935868545348229,10.0,187
A,C1,0.161910485781081,10.0,187
A,Q1,-0.20408724395337646,10.0,187
A,C2,-0.15320746986347958,10.0,187
R100,C1,-0.23648366408894614,10.0,188
R100,Q1,-0.15463895314540468,10.0,188
R100,C2,0.2545113529316725,10.0,188
A,C1,0.04943791973161521,10.0,188
A,Q1,0.1112231205100752,10.0,188
A,C2,-0.0703301413658214,10.0,188
R100,C1,-0.23630303489090657,10.0,191
R100,Q1,-0.18969466507291283,10.0,191
R100,C2,0.22044697052466228,10.0,191
A,C1,0.16512817192975032,10.0,191
A,Q1,0.10309405986014517,10.0,191
A,C2,-0.1958210057333345,10.0,191
R100,C1,-0.22364094085516853,10.0,192
R100,Q1,-0.22349164750666003,10.0,192
R100,C2,0.19949002224831136,10.0,192
A,C1,-0.11821778190958593,10.0,192
A,Q1,-0.08957373859597452,10.0,192
A,C2,0.06222219421862562,10.0,192
R100,C1,-0.2608236515748309,10.0,193
R100,Q1,-0.06604458414769467,10.0,193
R100,C2,0.2532123845673875,10.0,193
A,C1,0.10363400519280437,10.0,193
A,Q1,0.025038556123027047,10.0,193
A,C2,-0.10384842436202961,10.0,193
R100,C1,-0.2265780030993563,10.0,195
R100,Q1,-0.20707828661733874,10.0,195
R100,C2,0.22691054579245937,10.0,195
A,C1,0.05705556532136498,10.0,195
A,Q1,0.1566563192445145,10.0,195
A,C2,-0.046083224513555565,10.0,195
R100,C1,-0.24607195934246162,10.0,197
R100,Q1,-0.1861223266677011,10.0,197
R100,C2,0.20828478142864343,10.0,197
A,C1,0.30652894359258304,10.0,197
A,Q1,-0.05158371022930288,10.0,197
A,C2,-0.21800432399994232,10.0,197
R100,C1,0.2347086558740211,10.0,198
R100,Q1,-0.2171827918681274,10.0,198
R100,C2,-0.169154184271605,10.0,198
A,C1,0.16262015542178002,10.0,198
A,Q1,-0.0962176952983962,10.0,198
A,C2,-0.22979060221541403,10.0,198
R100,C1,-0.23650024201058592,10.0,199
R100,Q1,-0.1966496591116909,10.0,199
R100,C2,0.2190558571784793,10.0,199
A,C1,0.08506885068583958,10.0,199
A,Q1,-0.06930519425547417,10.0,199
A,C2,-0.2103696783031263,10.0,199
R100,C1,-0.24022233873058,10.0,200
R100,Q1,-0.16296226140849981,10.0,200
R100,C2,0.23100702065953585,10.0,200
A,C1,-0.12026584705884885,10.0,200
A,Q1,-0.2182225935796907,10.0,200
A,C2,0.0617935010056731,10.0,200
R100,C1,-0.23002891744257742,10.0,203
R100,Q1,-0.21680092141344393,10.0,203
R100,C2,0.20904699745222635,10.0,203
A,C1,-0.1520771625671259,10.0,203
A,Q1,-0.28761373347927804,10.0,203
A,C2,0.059656987974086285,10.0,203
R100,C1,-0.25398900593055723,10.0,204
R100,Q1,-0.13691507681251525,10.0,204
R100,C2,0.23882914147966205,10.0,204
A,C1,0.2406771698523517,10.0,204
A,Q1,0.08782886083562429,10.0,204
A,C2,-0.24013872910737669,10.0,204
R100,C1,0.2535583779988972,10.0,205
R100,Q1,-0.2701418637809062,10.0,205
R100,C2,-0.02659971659654168,10.0,205
A,C1,0.11018163063889592,10.0,205
A,Q1,-0.20071484930741695,10.0,205
A,C2,-0.04727464117533182,10.0,205
R100,C1,0.270880747113639,10.0,206
R100,Q1,-0.2570585331009079,10.0,206
R100,C2,0.07296215926096213,10.0,206
A,C1,-0.05610783840648966,10.0,206
A,Q1,-0.025914659905746384,10.0,206
A,C2,0.03599629010974685,10.0,206
R100,C1,-0.26734452464362457,10.0,207
R100,Q1,-0.08602232091314793,10.0,207
R100,C2,0.26098371126764924,10.0,207
A,C1,-0.0912936699406264,10.0,207
A,Q1,-0.2530418864510029,10.0,207
A,C2,0.23139066227029031,10.0,207
R100,C1,-0.25213599100378103,10.0,208
R100,Q1,-0.11880793804006773,10.0,208
R100,C2,0.25061822472762335,10.0,208
A,C1,0.22365292665329378,10.0,208
A,Q1,0.15720626204160193,10.0,208
A,C2,-0.19767468293119556,10.0,208
R100,C1,-0.2589775559229157,10.0,210
R100,Q1,-0.11755979853936839,10.0,210
R100,C2,0.2460346146468251,10.0,210
A,C1,0.15341898545319943,10.0,210
A,Q1,0.16056116278963253,10.0,210
A,C2,-0.18318129905162622,10.0,210
R100,C1,0.08143270844729614,10.0,211
R100,Q1,-0.1736685298808648,10.0,211
R100,C2,0.09726253880868208,10.0,211
A,C1,0.03795053057096697,10.0,211
A,Q1,-0.10441190329457299,10.0,211
A,C2,0.049622191425191566,10.0,211
R100,C1,-0.2315110468084993,10.0,212
R100,Q1,-0.21475729887533712,10.0,212
R100,C2,0.2089090586906377,10.0,212
A,C1,0.19429587171587925,10.0,212
A,Q1,-0.21690992700144535,10.0,212
A,C2,-0.17479976696043578,10.0,212
R100,C1,-0.23750931557855703,10.0,213
R100,Q1,-0.19414128562408128,10.0,213
R100,C2,0.20841525943274714,10.0,213
A,C1,0.2756945170838428,10.0,213
A,Q1,-0.023227868204215782,10.0,213
A,C2,-0.265598976776903,10.0,213
R100,C1,-0.26113479786763105,10.0,214
R100,Q1,-0.11793348243362287,10.0,214
R100,C2,0.2496774730127286,10.0,214
A,C1,0.17004516674694564,10.0,214
A,Q1,-0.09083741236365142,10.0,214
A,C2,-0.05410156169718278,10.0,214
R100,C1,0.18055415847620843,10.0,215
R100,Q1,-0.23483080332608142,10.0,215
R100,C2,-0.03737475478938132,10.0,215
A,C1,0.14064906200582195,10.0,215
A,Q1,-0.23707737726745068,10.0,215
A,C2,-0.02525857071720853,10.0,215
R100,C1,0.2515444433716325,10.0,216
R100,Q1,-0.1974354605114111,10.0,216
R100,C2,-0.12343650595572,10.0,216
A,C1,-0.16641153474715745,10.0,216
A,Q1,0.14931474111329313,10.0,216
A,C2,-0.09011125039618109,10.0,216
R100,C1,-0.2577411030261487,10.0,217
R100,Q1,-0.1091251310101378,10.0,217
R100,C2,0.25667025281941386,10.0,217
A,C1,0.02694429160379189,10.0,217
A,Q1,-0.15989999118770643,10.0,217
A,C2,0.09602945231393013,10.0,217
R100,C1,0.15496073261076235,10.0,218
R100,Q1,-0.19458000359742325,10.0,218
R100,C2,0.2335339843021255,10.0,218
A,C1,-0.06466082831186426,10.0,218
A,Q1,-0.07463929303728331,10.0,218
A,C2,0.1263366101379145,10.0,218
R100,C1,-0.25147233096098554,10.0,219
R100,Q1,-0.10473689537221371,10.0,219
R100,C2,0.25614832902947715,10.0,219
A,C1,0.17627084236101573,10.0,219
A,Q1,-0.12939306802627445,10.0,219
A,C2,0.009525387040133159,10.0,219
R100,C1,-0.24426703321502616,10.0,220
R100,Q1,-0.17748317759758125,10.0,220
R100,C2,0.21672149575370483,10.0,220
A,C1,0.20610308612709094,10.0,220
A,Q1,-0.2812726295750009,10.0,220
A,C2,-0.06870081766387727,10.0,220
R100,C1,-0.22445895461171836,10.0,222
R100,Q1,-0.1962610899835696,10.0,222
R100,C2,0.21436002864804124,10.0,222
A,C1,0.029538872618176545,10.0,222
A,Q1,0.11729996567121231,10.0,222
A,C2,-0.03371352521454297,10.0,222
R100,C1,-0.26305534509863676,10.0,223
R100,Q1,-0.12023208557052259,10.0,223
R100,C2,0.24231546272198973,10.0,223
A,C1,0.12967469667522732,10.0,223
A,Q1,0.06830509465508021,10.0,223
A,C2,-0.09104398559453467,10.0,223
R100,C1,-0.2447613970918476,10.0,224
R100,Q1,-0.10731219868790573,10.0,224
R100,C2,0.2640698501647417,10.0,224
A,C1,0.12812901130045867,10.0,224
A,Q1,-0.32952380413823185,10.0,224
A,C2,-0.017057880315224754,10.0,224
R100,C1,-0.2690975689242055,10.0,226
R100,Q1,-0.08092335643650964,10.0,226
R100,C2,0.2564145198125556,10.0,226
A,C1,-0.04869729391835915,10.0,226
A,Q1,-0.11323126959027012,10.0,226
A,C2,0.08486920413302419,10.0,226
R100,C1,0.2604106223488677,10.0,227
R100,Q1,-0.21546336956529344,10.0,227
R100,C2,-0.054415407765349186,10.0,227
A,C1,-0.20688080474937423,10.0,227
A,Q1,0.13354871438315807,10.0,227
A,C2,0.023641877829037917,10.0,227
R100,C1,-0.2566309413055023,10.0,228
R100,Q1,-0.1022666495878714,10.0,228
R100,C2,0.26594209319864637,10.0,228
A,C1,-0.27060750405027595,10.0,228
A,Q1,-0.07763647752743272,10.0,228
A,C2,0.25445533116495817,10.0,228
R100,C1,-0.22105337676568498,10.0,230
R100,Q1,-0.20725003024615476,10.0,230
R100,C2,0.21143448492303157,10.0,230
A,C1,0.0024091224198532248,10.0,230
A,Q1,-0.006414980458807252,10.0,230
A,C2,-0.045593615235262036,10.0,230
R100,C1,-0.26812028453568443,10.0,231
R100,Q1,-0.05198015489684142,10.0,231
R100,C2,0.2689545551808902,10.0,231
A,C1,0.12704913520949568,10.0,231
A,Q1,0.08233328474862948,10.0,231
A,C2,-0.17579076396331053,10.0,231
R100,C1,-0.2535468378398786,10.0,234
R100,Q1,-0.17438313410628903,10.0,234
R100,C2,0.21017781205758845,10.0,234
A,C1,-0.0036373128515994895,10.0,234
A,Q1,-0.04321940172481831,10.0,234
A,C2,-0.2261342187207098,10.0,234
R100,C1,-0.2516208317708918,10.0,237
R100,Q1,-0.11077987625181383,10.0,237
R100,C2,0.2677597653105346,10.0,237
A,C1,0.27894095331122054,10.0,237
A,Q1,-0.20353971154096914,10.0,237
A,C2,-0.06800700129927355,10.0,237
R100,C1,-0.21564392542453503,10.0,238
R100,Q1,-0.21520873984324201,10.0,238
R100,C2,0.20327445703178718,10.0,238
A,C1,0.04108534823736366,10.0,238
A,Q1,-0.003488642963588998,10.0,238
A,C2,-0.058623304859493144,10.0,238
R100,C1,0.2287601572165202,10.0,242
R100,Q1,-0.24994690153441873,10.0,242
R100,C2,-0.07423468782349997,10.0,242
A,C1,0.1784613098088675,10.0,242
A,Q1,-0.2619749203578582,10.0,242
A,C2,0.021287145372233165,10.0,242
R100,C1,0.2597098481283039,10.0,243
R100,Q1,-0.22986547237004748,10.0,243
R100,C2,-0.13704240559323616,10.0,243
A,C1,0.09359443491790624,10.0,243
A,Q1,-0.14488132728301642,10.0,243
A,C2,-0.09790824953702908,10.0,243
R100,C1,-0.22940014674421735,10.0,244
R100,Q1,-0.21681594137395477,10.0,244
R100,C2,0.2116479754899794,10.0,244
A,C1,0.15052012022592434,10.0,244
A,Q1,-0.0027148011057075948,10.0,244
A,C2,-0.18625778652572691,10.0,244
R100,C1,-0.23556506597315452,10.0,245
R100,Q1,-0.17948110828189529,10.0,245
R100,C2,0.2368525578398729,10.0,245
A,C1,0.16540527180892217,10.0,245
A,Q1,0.042595476533299835,10.0,245
A,C2,-0.17340315903671913,10.0,245
R100,C1,-0.2460979560519919,10.0,246
R100,Q1,-0.14184660253633224,10.0,246
R100,C2,0.25541242082586835,10.0,246
A,C1,0.2801944582560459,10.0,246
A,Q1,0.03454015610631109,10.0,246
A,C2,-0.22767390737993407,10.0,246
R100,C1,-0.27403636051258184,10.0,248
R100,Q1,-0.025845968936764673,10.0,248
R100,C2,0.26893484257878986,10.0,248
A,C1,0.12511465548434866,10.0,248
A,Q1,0.1962907854541358,10.0,248
A,C2,-0.21560645184735402,10.0,248
R100,C1,-0.23838659278503255,10.0,249
R100,Q1,-0.16541799833604356,10.0,249
R100,C2,0.23677697022293875,10.0,249
A,C1,0.16948995610932496,10.0,249
A,Q1,0.16050007926889645,10.0,249
A,C2,-0.18963836840284679,10.0,249
R100,C1,0.21009849291033633,10.0,250
R100,Q1,-0.2262402587856893,10.0,250
R100,C2,-0.1578269973789063,10.0,250
A,C1,0.18529001514354745,10.0,250
A,Q1,-0.1711821272736691,10.0,250
A,C2,-0.2364629430550034,10.0,250
R100,C1,-0.23483384892954168,10.0,252
R100,Q1,-0.16790739548516995,10.0,252
R100,C2,0.23157963124123915,10.0,252
A,C1,0.23709044800973597,10.0,252
A,Q1,0.11913177877500564,10.0,252
A,C2,-0.26432738608970074,10.0,252
R100,C1,-0.2601791637596457,10.0,253
R100,Q1,-0.12764420384073275,10.0,253
R100,C2,0.2418847103742116,10.0,253
A,C1,-0.002007703672233958,10.0,253
A,Q1,0.2605778471129516,10.0,253
A,C2,-0.11082854871460081,10.0,253
R100,C1,-0.26604013448922353,10.0,254
R100,Q1,-0.04699595842175328,10.0,254
R100,C2,0.25547267136412577,10.0,254
A,C1,-0.03200952177193738,10.0,254
A,Q1,0.019946435814115447,10.0,254
A,C2,0.024182893785162765,10.0,254
R100,C1,-0.2554269470141923,10.0,255
R100,Q1,-0.09808506088159369,10.0,255
R100,C2,0.253249026614348,10.0,255
A,C1,0.07761081811473025,10.0,255
A,Q1,-0.05761033405048701,10.0,255
A,C2,-0.03700287886307021,10.0,255
R100,C1,0.07566532195672407,10.0,256
R100,Q1,-0.11437182703442854,10.0,256
R100,C2,0.18508626771336903,10.0,256
A,C1,0.03721110979494375,10.0,256
A,Q1,0.06691421113573835,10.0,256
A,C2,-0.06705516987797148,10.0,256
R100,C1,-0.22876965334427665,10.0,257
R100,Q1,-0.19523940799869782,10.0,257
R100,C2,0.2306856293079933,10.0,257
A,C1,0.001455314176793646,10.0,257
A,Q1,0.13051167786854034,10.0,257
A,C2,-0.15343944816423727,10.0,257
R100,C1,-0.2669343001612207,10.0,258
R100,Q1,-0.08714620948879957,10.0,258
R100,C2,0.26222275908765175,10.0,258
A,C1,-0.1885120228649035,10.0,258
A,Q1,-0.14344754717987568,10.0,258
A,C2,0.22212121664599602,10.0,258
R100,C1,-0.27501879301145976,10.0,259
R100,Q1,-0.021145108652271163,10.0,259
R100,C2,0.2676064515700645,10.0,259
A,C1,0.23636165981348073,10.0,259
A,Q1,0.09627878399023321,10.0,259
A,C2,-0.26465455421923345,10.0,259
R100,C1,-0.2689764514849707,10.0,260
R100,Q1,-0.08098650368592734,10.0,260
R100,C2,0.25955954834641287,10.0,260
A,C1,0.03800781723587212,10.0,260
A,Q1,0.29104283086188937,10.0,260
A,C2,-0.21545062811925106,10.0,260
R100,C1,0.17267706307688152,10.0,261
R100,Q1,-0.1887998206206308,10.0,261
R100,C2,0.22836187444425612,10.0,261
A,C1,0.03644950475606755,10.0,261
A,Q1,-0.01066432170454163,10.0,261
A,C2,-0.08828155507708203,10.0,261
R100,C1,-0.24380543430044918,10.0,262
R100,Q1,-0.17728021874670585,10.0,262
R100,C2,0.2242052236857475,10.0,262
A,C1,0.30665193182080325,10.0,262
A,Q1,-0.035531339382833586,10.0,262
A,C2,-0.15274504326410548,10.0,262
R100,C1,-0.2443726414948404,10.0,263
R100,Q1,-0.1792563949888828,10.0,263
R100,C2,0.2296749847458072,10.0,263
A,C1,0.09786592955428099,10.0,263
A,Q1,0.20168800686589677,10.0,263
A,C2,-0.08395805932479167,10.0,263
R100,C1,-0.2296807956763851,10.0,264
R100,Q1,-0.19426095363960752,10.0,264
R100,C2,0.2223289317714647,10.0,264
A,C1,0.17302910600826416,10.0,264
A,Q1,-0.18059684130385759,10.0,264
A,C2,-0.15487484874097115,10.0,264
R100,C1,-0.25322310837817197,10.0,266
R100,Q1,-0.16665882403933838,10.0,266
R100,C2,0.214840436429028,10.0,266
A,C1,0.04518692312056046,10.0,266
A,Q1,0.08862338991130224,10.0,266
A,C2,-0.2192332226093874,10.0,266
R100,C1,-0.25112265076689755,10.0,267
R100,Q1,-0.08833627554202592,10.0,267
R100,C2,0.2665459422121636,10.0,267
A,C1,-0.25349918179083086,10.0,267
A,Q1,0.07062557294111049,10.0,267
A,C2,0.25519651693068873,10.0,267
R100,C1,0.13657580649667606,10.0,268
R100,Q1,-0.20808171962199057,10.0,268
R100,C2,0.020449396257404454,10.0,268
A,C1,0.04679494245862705,10.0,268
A,Q1,-0.10227511999193395,10.0,268
A,C2,-0.08045825830434677,10.0,268
R100,C1,-0.26021067567881956,10.0,269
R100,Q1,-0.12709954325298933,10.0,269
R100,C2,0.24123428703256805,10.0,269
A,C1,-0.016150710646762278,10.0,269
A,Q1,0.27457047280898206,10.0,269
A,C2,-0.10251967464635485,10.0,269
R100,C1,-0.2717190688489693,10.0,270
R100,Q1,-0.07539847079001903,10.0,270
R100,C2,0.257257342642077,10.0,270
A,C1,0.2912876121914518,10.0,270
A,Q1,-0.09967873552395487,10.0,270
A,C2,-0.19983254881807522,10.0,270
R100,C1,-0.2458449941328818,10.0,271
R100,Q1,-0.15240195376931698,10.0,271
R100,C2,0.24758945553035194,10.0,271
A,C1,0.1939645763435225,10.0,271
A,Q1,0.19841350317866693,10.0,271
A,C2,-0.2418984577506444,10.0,271
R100,C1,-0.2674993813943486,10.0,272
R100,Q1,-0.058755621763621944,10.0,272
R100,C2,0.2715251413565118,10.0,272
A,C1,-0.21546838800866414,10.0,272
A,Q1,-0.14221937423489908,10.0,272
A,C2,0.2800522374821169,10.0,272
R100,C1,-0.23490198873027063,10.0,274
R100,Q1,-0.19142149935360095,10.0,274
R100,C2,0.2241937443449198,10.0,274
A,C1,-0.09084538986751708,10.0,274
A,Q1,-0.08293449432689368,10.0,274
A,C2,-0.004537980080283068,10.0,274
R100,C1,-0.015999488731921092,10.0,276
R100,Q1,-0.00627572583661512,10.0,276
R100,C2,0.08998527205704608,10.0,276
A,C1,-0.11851912639334661,10.0,276
A,Q1,0.07530417642701087,10.0,276
A,C2,0.09707903877669595,10.0,276
R100,C1,-0.2546715940026082,10.0,277
R100,Q1,-0.14529868471409285,10.0,277
R100,C2,0.23712107551142078,10.0,277
A,C1,0.09430493129431462,10.0,277
A,Q1,-0.2888192166093212,10.0,277
A,C2,-0.09937852264729473,10.0,277
R100,C1,-0.27659666677317457,10.0,278
R100,Q1,-0.03459483927108447,10.0,278
R100,C2,0.2632050778736918,10.0,278
A,C1,0.1752837877193314,10.0,278
A,Q1,-0.15104679095182982,10.0,278
A,C2,-0.11541736585613747,10.0,278
R100,C1,0.23397108504199604,10.0,279
R100,Q1,-0.23550568913450934,10.0,279
R100,C2,-0.017151169164855373,10.0,279
A,C1,0.057441134394243476,10.0,279
A,Q1,-0.006600941579435703,10.0,279
A,C2,-0.3466679051130912,10.0,279
R100,C1,-0.2694189319437177,10.0,280
R100,Q1,-0.08185416714042296,10.0,280
R100,C2,0.2591256250682669,10.0,280
A,C1,-0.10606246767173202,10.0,280
A,Q1,-0.2567597316586681,10.0,280
A,C2,0.2198258546029781,10.0,280
R100,C1,-0.2471550716164582,10.0,281
R100,Q1,-0.16837734219253767,10.0,281
R100,C2,0.2220901395057552,10.0,281
A,C1,0.2950935502517705,10.0,281
A,Q1,-0.039234455928529796,10.0,281
A,C2,-0.21146391075147958,10.0,281
R100,C1,-0.21902351248664068,10.0,282
R100,Q1,-0.23481581397423948,10.0,282
R100,C2,0.20016120573649165,10.0,282
A,C1,0.21511906535144465,10.0,282
A,Q1,0.16313834768768906,10.0,282
A,C2,-0.2694269837145508,10.0,282
R100,C1,-0.253589061371872,10.0,283
R100,Q1,-0.1620696556960908,10.0,283
R100,C2,0.22257651066507375,10.0,283
A,C1,0.2888233501254843,10.0,283
A,Q1,0.009918907771445386,10.0,283
A,C2,-0.1443350213785754,10.0,283
R100,C1,0.08853413538501655,10.0,286
R100,Q1,-0.19031468842889235,10.0,286
R100,C2,0.2379378084661186,10.0,286
A,C1,-0.043538904757931686,10.0,286
A,Q1,0.04322173694024549,10.0,286
A,C2,-0.03404677080967048,10.0,286
R100,C1,-0.2747717651420261,10.0,287
R100,Q1,-0.062160771997045665,10.0,287
R100,C2,0.262027874036219,10.0,287
A,C1,0.2562112250300199,10.0,287
A,Q1,-0.20382514529273058,10.0,287
A,C2,-0.0679175067816244,10.0,287
R100,C1,-0.2669527349240396,10.0,289
R100,Q1,-0.0853620583746249,10.0,289
R100,C2,0.25757920731861256,10.0,289
A,C1,-0.04664918606458053,10.0,289
A,Q1,-0.07466951877157547,10.0,289
A,C2,0.062313315432360815,10.0,289
R100,C1,-0.2099100588217969,10.0,290
R100,Q1,-0.18492421683259386,10.0,290
R100,C2,0.25669006784598164,10.0,290
A,C1,-0.06152220593113565,10.0,290
A,Q1,0.08486700100091218,10.0,290
A,C2,-0.004075101410448668,10.0,290
R100,C1,-0.25336942932690576,10.0,291
R100,Q1,-0.13188099526380467,10.0,291
R100,C2,0.23747485205512295,10.0,291
A,C1,0.2544419752520926,10.0,291
A,Q1,0.01664026903712922,10.0,291
A,C2,-0.2589048989717078,10.0,291
R100,C1,-0.26179024303538173,10.0,292
R100,Q1,-0.06986028374993769,10.0,292
R100,C2,0.2565854174315355,10.0,292
A,C1,0.03955566904800879,10.0,292
A,Q1,0.020578661512425264,10.0,292
A,C2,-0.04123938275558891,10.0,292
R100,C1,-0.270592673459441,10.0,294
R100,Q1,-0.02132827707316795,10.0,294
R100,C2,0.27502291272346424,10.0,294
A,C1,0.1432581589405818,10.0,294
A,Q1,-0.13668201293523952,10.0,294
A,C2,-0.05910146558780046,10.0,294
R100,C1,0.2362442399238358,10.0,295
R100,Q1,-0.19923050182624732,10.0,295
R100,C2,-0.14187136198285988,10.0,295
A,C1,-0.012789694796043066,10.0,295
A,Q1,0.039139888618911226,10.0,295
A,C2,-0.2862706272235776,10.0,295
R100,C1,0.2684613459503196,10.0,296
R100,Q1,-0.20731298364240777,10.0,296
R100,C2,-0.10833082212473225,10.0,296
A,C1,0.12533551750192845,10.0,296
A,Q1,-0.2231402181379791,10.0,296
A,C2,-0.027410464801806568,10.0,296
R100,C1,0.03691991736803661,10.0,297
R100,Q1,-0.12347149392684348,10.0,297
R100,C2,0.1349091124389784,10.0,297
A,C1,-0.19062316146518887,10.0,297
A,Q1,0.020862867371503162,10.0,297
A,C2,0.014522327979992773,10.0,297
R100,C1,-0.28214227843361495,10.0,299
R100,Q1,-0.019180300106836152,10.0,299
R100,C2,0.2590591330192556,10.0,299
A,C1,0.25103675720138535,10.0,299
A,Q1,0.016072484860670373,10.0,299
A,C2,-0.22409228144582907,10.0,299
R100,C1,-0.2235551694882143,10.0,300
R100,Q1,-0.2241011941743878,10.0,300
R100,C2,0.20889799114169524,10.0,300
A,C1,0.26644582041101045,10.0,300
A,Q1,0.05806851107166693,10.0,300
A,C2,-0.2486357467512912,10.0,300
R100,C1,0.000552063885460563,10.0,302
R100,Q1,0.003797128673026339,10.0,302
R100,C2,-0.09459043149065134,10.0,302
A,C1,-0.19534786032812285,10.0,302
A,Q1,0.19921027684900328,10.0,302
A,C2,-0.13708073573580393,10.0,302
R100,C1,-0.2795444572971345,10.0,303
R100,Q1,-0.005735840952296846,10.0,303
R100,C2,0.26397922823708003,10.0,303
A,C1,-0.15091336620640816,10.0,303
A,Q1,-0.08440672789299071,10.0,303
A,C2,0.18599160762775682,10.0,303
R100,C1,-0.22395366229275557,10.0,304
R100,Q1,-0.2255968821000947,10.0,304
R100,C2,0.20432961475476052,10.0,304
A,C1,0.23494922978180025,10.0,304
A,Q1,0.13146586874171234,10.0,304
A,C2,-0.25114239921953774,10.0,304
R100,C1,-0.2409996103087126,10.0,306
R100,Q1,-0.1884600132023514,10.0,306
R100,C2,0.21440237143265617,10.0,306
A,C1,0.13865918402867125,10.0,306
A,Q1,-0.2731848230515316,10.0,306
A,C2,-0.15389643137300338,10.0,306
R100,C1,-0.27672359282596937,10.0,307
R100,Q1,-0.05785625644523465,10.0,307
R100,C2,0.2608781489699572,10.0,307
A,C1,0.14050474824668138,10.0,307
A,Q1,-0.03563207844508654,10.0,307
A,C2,-0.08795771752013304,10.0,307
R100,C1,-0.2514330543001697,10.0,308
R100,Q1,-0.13872074473652862,10.0,308
R100,C2,0.2493603292903637,10.0,308
A,C1,0.09077634562001909,10.0,308
A,Q1,0.20993021121291566,10.0,308
A,C2,-0.1463610406589004,10.0,308
R100,C1,-0.25535564121732157,10.0,309
R100,Q1,-0.1317511992858262,10.0,309
R100,C2,0.24191132514797223,10.0,309
A,C1,-0.2612020057010836,10.0,309
A,Q1,-0.10414852712255147,10.0,309
A,C2,0.2158018352721395,10.0,309
R100,C1,-0.27078687840404436,10.0,310
R100,Q1,-0.049771969063970474,10.0,310
R100,C2,0.2609419532326268,10.0,310
A,C1,0.2366287366658917,10.0,310
A,Q1,-0.06336814814846359,10.0,310
A,C2,-0.19059566301913142,10.0,310
R100,C1,-0.2558312326205291,10.0,312
R100,Q1,-0.13315958474863387,10.0,312
R100,C2,0.23590178627888891,10.0,312
A,C1,0.15281951469701446,10.0,312
A,Q1,-0.1857708473636952,10.0,312
A,C2,-0.13455598812465747,10.0,312
R100,C1,0.19740666001493193,10.0,313
R100,Q1,-0.2546438511684932,10.0,313
R100,C2,0.18060849449256763,10.0,313
A,C1,0.03601936343235791,10.0,313
A,Q1,-0.1366128403673936,10.0,313
A,C2,0.32186737810387583,10.0,313
R100,C1,0.20436233155224157,10.0,315
R100,Q1,-0.2573183459880422,10.0,315
R100,C2,0.009888966273619083,10.0,315
A,C1,0.05577250824313971,10.0,315
A,Q1,-0.10827197757678175,10.0,315
A,C2,-0.04865952634461803,10.0,315
R100,C1,-0.2567819251349469,10.0,316
R100,Q1,-0.11857550849455682,10.0,316
R100,C2,0.24650826287712627,10.0,316
A,C1,0.10300812302060133,10.0,316
A,Q1,-0.1633635989323316,10.0,316
A,C2,-0.071289778986692,10.0,316
R100,C1,-0.2608157648319572,10.0,317
R100,Q1,-0.0980273015688056,10.0,317
R100,C2,0.24342805359762298,10.0,317
A,C1,0.0652172214287416,10.0,317
A,Q1,-0.031009265937362345,10.0,317
A,C2,-0.034731084539757325,10.0,317
R100,C1,-0.2275960770966048,10.0,318
R100,Q1,-0.23129170408084426,10.0,318
R100,C2,0.19813710635266335,10.0,318
A,C1,-0.17507124965105145,10.0,318
A,Q1,-0.16901756699887602,10.0,318
A,C2,0.11435100947526868,10.0,318
R100,C1,-0.27236400799633415,10.0,319
R100,Q1,-0.07731358697701443,10.0,319
R100,C2,0.25796657631354963,10.0,319
A,C1,0.19299523300361474,10.0,319
A,Q1,0.17076759573306835,10.0,319
A,C2,-0.25827308279627376,10.0,319
R100,C1,-0.26702473481245037,10.0,320
R100,Q1,-0.0858533898893594,10.0,320
R100,C2,0.2616690789949099,10.0,320
A,C1,-0.2674339943657101,10.0,320
A,Q1,-0.04033426055118388,10.0,320
A,C2,0.21898699995197568,10.0,320
R100,C1,-0.2518431161897269,10.0,321
R100,Q1,-0.10600686305994866,10.0,321
R100,C2,0.2512115065076441,10.0,321
A,C1,0.24565709675335004,10.0,321
A,Q1,-0.055340697852143794,10.0,321
A,C2,-0.20966299005388633,10.0,321
R100,C1,-0.24682855463038814,10.0,322
R100,Q1,-0.1743438131621264,10.0,322
R100,C2,0.22575398517116854,10.0,322
A,C1,0.23731557085424573,10.0,322
A,Q1,0.135843306451125,10.0,322
A,C2,-0.26902482318141047,10.0,322
R100,C1,0.2413826283529992,10.0,323
R100,Q1,-0.2521854062382072,10.0,323
R100,C2,0.0032161279879440344,10.0,323
A,C1,0.20569561195851543,10.0,323
A,Q1,-0.24021830716175915,10.0,323
A,C2,0.08340272591531188,10.0,323
R100,C1,0.07476980182086665,10.0,324
R100,Q1,-0.1496111735316876,10.0,324
R100,C2,0.20152575348299234,10.0,324
A,C1,0.0481183568786345,10.0,324
A,Q1,-0.10628757742981898,10.0,324
A,C2,0.14774618418110583,10.0,324
R100,C1,-0.23109419170029316,10.0,325
R100,Q1,-0.20643138563267815,10.0,325
R100,C2,0.21703995930032716,10.0,325
A,C1,0.004648479094609533,10.0,325
A,Q1,-0.03595467793560206,10.0,325
A,C2,-0.16807439389549308,10.0,325
R100,C1,-0.24956054461750807,10.0,327
R100,Q1,-0.10534102539725265,10.0,327
R100,C2,0.2582899998197927,10.0,327
A,C1,0.11518151884033878,10.0,327
A,Q1,-0.1258304304054116,10.0,327
A,C2,-0.08182043897798585,10.0,327
R100,C1,-0.24504223262833444,10.0,328
R100,Q1,-0.17830495365864588,10.0,328
R100,C2,0.22259716702181495,10.0,328
A,C1,0.20255646249186782,10.0,328
A,Q1,-0.0682675687101001,10.0,328
A,C2,-0.17994686851699745,10.0,328
R100,C1,0.13734405775478042,10.0,329
R100,Q1,-0.19778317834348697,10.0,329
R100,C2,-0.010447051006359778,10.0,329
A,C1,-0.18522536584028454,10.0,329
A,Q1,0.17765887556930948,10.0,329
A,C2,-0.1311118812265591,10.0,329
R100,C1,-0.23894438349481456,10.0,332
R100,Q1,-0.17697070115038865,10.0,332
R100,C2,0.2387336120083565,10.0,332
A,C1,-0.2296509785335568,10.0,332
A,Q1,-0.18668975140904706,10.0,332
A,C2,0.18897810342028956,10.0,332
R100,C1,-0.26003176838302466,10.0,335
R100,Q1,-0.11296402509495157,10.0,335
R100,C2,0.2519266870599126,10.0,335
A,C1,0.2266985722645587,10.0,335
A,Q1,-0.17772494171391567,10.0,335
A,C2,-0.1768070270161986,10.0,335
R100,C1,-0.22195574004152963,10.0,338
R100,Q1,-0.20752075318565763,10.0,338
R100,C2,0.22699554340642947,10.0,338
A,C1,0.2528068600923746,10.0,338
A,Q1,0.07208565977664486,10.0,338
A,C2,-0.27793212834049663,10.0,338
R100,C1,0.2587635777356605,10.0,339
R100,Q1,-0.22411055644074693,10.0,339
R100,C2,-0.024736292357743286,10.0,339
A,C1,0.0886682667595651,10.0,339
A,Q1,-0.1503097277264254,10.0,339
A,C2,0.13180235389817943,10.0,339
R100,C1,0.20617452557753807,10.0,340
R100,Q1,-0.21916855658167755,10.0,340
R100,C2,-0.1904680358379717,10.0,340
A,C1,0.20916897887716657,10.0,340
A,Q1,-0.22748772853506677,10.0,340
A,C2,-0.10012305874546856,10.0,340
R100,C1,-0.24217062180353438,10.0,341
R100,Q1,-0.18641916350505014,10.0,341
R100,C2,0.22418186927799405,10.0,341
A,C1,-0.09785083780846211,10.0,341
A,Q1,-0.25224171184806266,10.0,341
A,C2,0.10489630926589524,10.0,341
R100,C1,0.24409032033412778,10.0,342
R100,Q1,-0.22969560849478884,10.0,342
R100,C2,-0.17970592937655272,10.0,342
A,C1,0.2148448741766387,10.0,342
A,Q1,-0.1945502749546451,10.0,342
A,C2,-0.23456784465646266,10.0,342
R100,C1,-0.25683557577296534,10.0,343
R100,Q1,-0.14359290512521386,10.0,343
R100,C2,0.22997416208276927,10.0,343
A,C1,0.22116949901370525,10.0,343
A,Q1,0.006895626950027719,10.0,343
A,C2,-0.19911845155357333,10.0,343
R100,C1,-0.22940990144186246,10.0,344
R100,Q1,-0.19985556040737615,10.0,344
R100,C2,0.21742168902983283,10.0,344
A,C1,0.1034093325839144,10.0,344
A,Q1,0.217662619094826,10.0,344
A,C2,-0.12181207408261434,10.0,344
R100,C1,-0.27795958394110426,10.0,345
R100,Q1,-0.02796960193500937,10.0,345
R100,C2,0.2621906499051287,10.0,345
A,C1,-0.24637667922019874,10.0,345
A,Q1,-0.11542111177165996,10.0,345
A,C2,0.25682619633526155,10.0,345
R100,C1,0.2522855222090089,10.0,346
R100,Q1,-0.26274589500744633,10.0,346
R100,C2,0.05862276929525653,10.0,346
A,C1,0.19977018112889453,10.0,346
A,Q1,-0.18956628465423409,10.0,346
A,C2,-0.03045845295784068,10.0,346
R100,C1,0.2750819399744824,10.0,347
R100,Q1,-0.2610766263849723,10.0,347
R100,C2,-0.03537460484567421,10.0,347
A,C1,0.18346460448594495,10.0,347
A,Q1,-0.08484221084368075,10.0,347
A,C2,-0.10662356862851446,10.0,347
R100,C1,-0.25495553744527283,10.0,349
R100,Q1,-0.13166039709691588,10.0,349
R100,C2,0.2486953584425596,10.0,349
A,C1,0.06087050328421954,10.0,349
A,Q1,0.27690482420380746,10.0,349
A,C2,-0.15337885406851967,10.0,349
R100,C1,-0.2551649884961708,10.0,350
R100,Q1,-0.10240577805558408,10.0,350
R100,C2,0.2619597157845919,10.0,350
A,C1,-0.1346530896485607,10.0,350
A,Q1,0.13047305889807512,10.0,350
A,C2,0.11404785411511359,10.0,350
R100,C1,-0.24749411066393626,10.0,351
R100,Q1,-0.14588024596153804,10.0,351
R100,C2,0.23351584659198704,10.0,351
A,C1,0.13210063003511163,10.0,351
A,Q1,-0.010706274599323454,10.0,351
A,C2,-0.10681490974271259,10.0,351
R100,C1,-0.275577228535543,10.0,352
R100,Q1,-0.026853332478721428,10.0,352
R100,C2,0.2689977896094487,10.0,352
A,C1,0.10192014477462918,10.0,352
A,Q1,0.07431416684493912,10.0,352
A,C2,-0.1434916885739385,10.0,352
R100,C1,-0.24022625098267203,10.0,353
R100,Q1,-0.15266062259425328,10.0,353
R100,C2,0.2381124896039808,10.0,353
A,C1,0.19972780311570065,10.0,353
A,Q1,-0.26112514220670435,10.0,353
A,C2,-0.1296577399892342,10.0,353
R100,C1,-0.0893348763596451,10.0,354
R100,Q1,-0.03648676631642991,10.0,354
R100,C2,0.032671448114875934,10.0,354
A,C1,-0.1870193834800659,10.0,354
A,Q1,0.14677465313976454,10.0,354
A,C2,-0.17351763479953608,10.0,354
R100,C1,-0.2689586959835284,10.0,355
R100,Q1,-0.05704932972174742,10.0,355
R100,C2,0.26335834857129203,10.0,355
A,C1,0.05843327620825146,10.0,355
A,Q1,-0.24403759425022883,10.0,355
A,C2,0.028937305717986157,10.0,355
R100,C1,-0.21948212844682713,10.0,356
R100,Q1,-0.22957047383172802,10.0,356
R100,C2,0.1950969496194673,10.0,356
A,C1,0.18362886350394206,10.0,356
A,Q1,0.11594700402046566,10.0,356
A,C2,-0.18677697867679138,10.0,356
R100,C1,-0.2463530066872075,10.0,358
R100,Q1,-0.18137649818593543,10.0,358
R100,C2,0.22401470334208326,10.0,358
A,C1,-0.2739636424746162,10.0,358
A,Q1,-0.08439490514779939,10.0,358
A,C2,0.17284059700769325,10.0,358
R100,C1,0.19652486540964606,10.0,360
R100,Q1,-0.229676959914517,10.0,360
R100,C2,-0.07809538879318674,10.0,360
A,C1,0.18618739794251354,10.0,360
A,Q1,-0.22796033114473735,10.0,360
A,C2,-0.012029486265270778,10.0,360
R100,C1,-0.25912042591010104,10.0,361
R100,Q1,-0.1266343523689654,10.0,361
R100,C2,0.2403950489823841,10.0,361
A,C1,0.1674932449117681,10.0,361
A,Q1,-0.030646628053312957,10.0,361
A,C2,-0.11668140083558103,10.0,361
R100,C1,-0.276223316231661,10.0,362
R100,Q1,-0.037659492826212955,10.0,362
R100,C2,0.2640793478332879,10.0,362
A,C1,0.24001159090277574,10.0,362
A,Q1,0.05694874535621334,10.0,362
A,C2,-0.24688120931610238,10.0,362
R100,C1,0.17290101637784078,10.0,363
R100,Q1,-0.2047095118442371,10.0,363
R100,C2,-0.22496525958895028,10.0,363
A,C1,0.10887448166426976,10.0,363
A,Q1,-0.1576619525597272,10.0,363
A,C2,-0.25501672476906295,10.0,363
R100,C1,0.2469218759326955,10.0,364
R100,Q1,-0.2621154167045871,10.0,364
R100,C2,0.006007017134342142,10.0,364
A,C1,0.10763192724036522,10.0,364
A,Q1,-0.06495643397074599,10.0,364
A,C2,-0.23926150063288648,10.0,364
R100,C1,0.26600923097558016,10.0,365
R100,Q1,-0.25632516771766223,10.0,365
R100,C2,-0.03555391721949748,10.0,365
A,C1,0.1654657345663934,10.0,365
A,Q1,-0.07868664439926949,10.0,365
A,C2,-0.20954432739781817,10.0,365
R100,C1,0.25797168844817736,10.0,367
R100,Q1,-0.25391216336435574,10.0,367
R100,C2,-0.023032199022552637,10.0,367
A,C1,0.03064462628451034,10.0,367
A,Q1,-0.014657716781247056,10.0,367
A,C2,-0.3024779627390287,10.0,367
R100,C1,-0.24053028494420456,10.0,369
R100,Q1,-0.18502001457814687,10.0,369
R100,C2,0.23099055725310458,10.0,369
A,C1,0.2366140076776207,10.0,369
A,Q1,0.18182627127469128,10.0,369
A,C2,-0.22360766276571378,10.0,369
R100,C1,-0.25246686122366135,10.0,370
R100,Q1,-0.1332262949198079,10.0,370
R100,C2,0.2535786976944945,10.0,370
A,C1,0.2397974421756805,10.0,370
A,Q1,0.16771345244398247,10.0,370
A,C2,-0.21623417024752464,10.0,370
R100,C1,-0.21839473678602797,10.0,371
R100,Q1,-0.21164742127124422,10.0,371
R100,C2,0.2052312071894371,10.0,371
A,C1,0.05838574123764584,10.0,371
A,Q1,-0.018061117439051814,10.0,371
A,C2,-0.08767401019310259,10.0,371
R100,C1,0.2591820838317243,10.0,372
R100,Q1,-0.2690650090493384,10.0,372
R100,C2,0.029896836931738897,10.0,372
A,C1,0.16341101562867444,10.0,372
A,Q1,-0.1377350061537976,10.0,372
A,C2,-0.07409946939712576,10.0,372
R100,C1,-0.25013063147132086,10.0,373
R100,Q1,-0.14493725099376484,10.0,373
R100,C2,0.241310474806319,10.0,373
A,C1,0.006429192842999031,10.0,373
A,Q1,-0.10116471890694685,10.0,373
A,C2,-0.1646543469483746,10.0,373
R100,C1,-0.2555939960630957,10.0,375
R100,Q1,-0.14658343509073968,10.0,375
R100,C2,0.2296078756867632,10.0,375
A,C1,-0.04162088812407247,10.0,375
A,Q1,-0.19510365708249935,10.0,375
A,C2,0.039118985624416985,10.0,375
R100,C1,-0.25198299793118695,10.0,377
R100,Q1,-0.13698450990570796,10.0,377
R100,C2,0.24468933819486602,10.0,377
A,C1,0.22423264818290875,10.0,377
A,Q1,-0.1374366324329634,10.0,377
A,C2,-0.044315297617063494,10.0,377
R100,C1,-0.26441532030873927,10.0,378
R100,Q1,-0.10496760241781564,10.0,378
R100,C2,0.2546736425554161,10.0,378
A,C1,0.21351361444159042,10.0,378
A,Q1,-0.18663429435994958,10.0,378
A,C2,-0.035545062161163904,10.0,378
R100,C1,-0.22627794047258865,10.0,379
R100,Q1,-0.21967065788836893,10.0,379
R100,C2,0.2077189698989826,10.0,379
A,C1,0.22141067786768098,10.0,379
A,Q1,0.2224729104767874,10.0,379
A,C2,-0.1846557194386055,10.0,379
R100,C1,0.21212204012047958,10.0,380
R100,Q1,-0.21901020969300175,10.0,380
R100,C2,-0.20816391633406123,10.0,380
A,C1,0.1478619430568311,10.0,380
A,Q1,-0.16129219152098806,10.0,380
A,C2,-0.26978922455047977,10.0,380
R100,C1,0.242253543485122,10.0,381
R100,Q1,-0.2551488169968457,10.0,381
R100,C2,-0.014021333019042966,10.0,381
A,C1,0.2231712390180793,10.0,381
A,Q1,-0.21811295361934657,10.0,381
A,C2,-0.002349619078786228,10.0,381
R100,C1,-0.255885090549086,10.0,383
R100,Q1,-0.14809709737800897,10.0,383
R100,C2,0.23293499581903065,10.0,383
A,C1,0.24742311137513426,10.0,383
A,Q1,-0.1421746912887507,10.0,383
A,C2,-0.03220084628834252,10.0,383
R100,C1,-0.2462905199651948,10.0,384
R100,Q1,-0.1714904029210532,10.0,384
R100,C2,0.2240505437211475,10.0,384
A,C1,0.2764875146037108,10.0,384
A,Q1,-0.10949654428008299,10.0,384
A,C2,-0.10379197845730889,10.0,384
R100,C1,-0.25453369736336595,10.0,385
R100,Q1,-0.12057303768403221,10.0,385
R100,C2,0.2577586394598265,10.0,385
A,C1,0.26603565974151006,10.0,385
A,Q1,0.05774720663813545,10.0,385
A,C2,-0.22515337819213924,10.0,385
R100,C1,-0.2324206653241889,10.0,386
R100,Q1,-0.16499499185996305,10.0,386
R100,C2,0.255520372312089,10.0,386
A,C1,-0.005878785998018145,10.0,386
A,Q1,-0.3216739056643887,10.0,386
A,C2,0.06385423148691066,10.0,386
R100,C1,-0.27075042007964667,10.0,387
R100,Q1,-0.06794700099098129,10.0,387
R100,C2,0.26443139284860373,10.0,387
A,C1,0.11172559093269649,10.0,387
A,Q1,-0.13786563727449663,10.0,387
A,C2,-0.04731905492757495,10.0,387
R100,C1,0.16710551234461699,10.0,388
R100,Q1,-0.16717271863778121,10.0,388
R100,C2,-0.05481162637644576,10.0,388
A,C1,-0.07626788988492841,10.0,388
A,Q1,0.08639301157494403,10.0,388
A,C2,-0.20204425014435545,10.0,388
R100,C1,-0.24642966329665675,10.0,389
R100,Q1,-0.14820439918939043,10.0,389
R100,C2,0.24553747402623105,10.0,389
A,C1,0.024691379097508265,10.0,389
A,Q1,0.014676421589825246,10.0,389
A,C2,-0.20845194582916976,10.0,389
R100,C1,-0.23375175982078014,10.0,390
R100,Q1,-0.1725081023521654,10.0,390
R100,C2,0.23085622013691728,10.0,390
A,C1,0.1902132804025324,10.0,390
A,Q1,-0.26834691428634655,10.0,390
A,C2,-0.12547512324287438,10.0,390
R100,C1,-0.23150625097831187,10.0,391
R100,Q1,-0.18962649542881088,10.0,391
R100,C2,0.2342357312416583,10.0,391
A,C1,-0.19539510607726554,10.0,391
A,Q1,-0.12269816693070805,10.0,391
A,C2,0.17617798516933464,10.0,391
R100,C1,-0.24867959656766764,10.0,392
R100,Q1,-0.13393831339547504,10.0,392
R100,C2,0.2581130383923979,10.0,392
A,C1,0.15430567457917949,10.0,392
A,Q1,-0.049148863420228936,10.0,392
A,C2,-0.09263960717652672,10.0,392
R100,C1,0.2500517607185363,10.0,393
R100,Q1,-0.24290939770654676,10.0,393
R100,C2,-0.06557785647186318,10.0,393
A,C1,0.08268966298201401,10.0,393
A,Q1,-0.1595016405180908,10.0,393
A,C2,-0.1821306736694864,10.0,393
R100,C1,-0.2549961229422069,10.0,394
R100,Q1,-0.10515440777067926,10.0,394
R100,C2,0.25162353514010233,10.0,394
A,C1,-0.102979057188589,10.0,394
A,Q1,-0.2485073052532146,10.0,394
A,C2,0.15477253027930263,10.0,394
R100,C1,-0.24023699436650392,10.0,396
R100,Q1,-0.15682080942107635,10.0,396
R100,C2,0.23431462481996929,10.0,396
A,C1,0.03662627937006253,10.0,396
A,Q1,0.05548207424170862,10.0,396
A,C2,-0.04696319373884011,10.0,396
R100,C1,0.21147932702634498,10.0,397
R100,Q1,-0.2699038740950219,10.0,397
R100,C2,-0.008650925890069036,10.0,397
A,C1,0.14593627964952635,10.0,397
A,Q1,-0.24385347116814604,10.0,397
A,C2,0.056368024962386805,10.0,397
R100,C1,-0.2415080144139239,10.0,398
R100,Q1,-0.16133031848284202,10.0,398
R100,C2,0.23476391384844214,10.0,398
A,C1,-0.08832134090748482,10.0,398
A,Q1,0.042163660388328285,10.0,398
A,C2,0.04562515485259494,10.0,398
R100,C1,-0.24977594678786308,10.0,399
R100,Q1,-0.1458683050740851,10.0,399
R100,C2,0.2365003291009105,10.0,399
A,C1,0.1702515726030727,10.0,399
A,Q1,-0.16814641564529573,10.0,399
A,C2,-0.15180047941293648,10.0,399
R100,C1,-0.2544131043745693,10.0,400
R100,Q1,-0.1334290061473822,10.0,400
R100,C2,0.243893399549401,10.0,400
A,C1,0.26139301878618115,10.0,400
A,Q1,0.014837747162368806,10.0,400
A,C2,-0.1786563659433796,10.0,400
R100,C1,-0.24018219721272235,10.0,401
R100,Q1,-0.17909675190617555,10.0,401
R100,C2,0.2261887090181729,10.0,401
A,C1,0.21372321580787032,10.0,401
A,Q1,-0.010555960751485282,10.0,401
A,C2,-0.20353771247905622,10.0,401
R100,C1,-0.27123267038615867,10.0,402
R100,Q1,-0.09210104932739939,10.0,402
R100,C2,0.25270286232326783,10.0,402
A,C1,0.12012267654875279,10.0,402
A,Q1,0.24079595315009786,10.0,402
A,C2,-0.22299452868725667,10.0,402
R100,C1,0.2038681368364474,10.0,404
R100,Q1,-0.2070156418403171,10.0,404
R100,C2,0.025994445778446982,10.0,404
A,C1,-0.21198769604553686,10.0,404
A,Q1,0.22132049843582782,10.0,404
A,C2,-0.1375840339370539,10.0,404
R100,C1,-0.254649649278362,10.0,405
R100,Q1,-0.1523622646290778,10.0,405
R100,C2,0.22629873273940543,10.0,405
A,C1,-0.08434008162291279,10.0,405
A,Q1,-0.326550283162541,10.0,405
A,C2,0.14298959991401525,10.0,405
R100,C1,0.24947126090465205,10.0,406
R100,Q1,-0.2816077516745549,10.0,406
R100,C2,0.04980994515525822,10.0,406
A,C1,0.12938174990775714,10.0,406
A,Q1,-0.06895291016158848,10.0,406
A,C2,-0.2948712684670518,10.0,406
R100,C1,-0.2753906015755348,10.0,407
R100,Q1,-0.044381646317017596,10.0,407
R100,C2,0.2659167999233468,10.0,407
A,C1,0.25112853710541877,10.0,407
A,Q1,0.040239109107077176,10.0,407
A,C2,-0.2522336115998124,10.0,407
R100,C1,0.24746015791409537,10.0,408
R100,Q1,-0.2751566559947172,10.0,408
R100,C2,0.05027239790697245,10.0,408
A,C1,-0.12055546117985448,10.0,408
A,Q1,0.20928220076695303,10.0,408
A,C2,0.08904787567338351,10.0,408
R100,C1,-0.2737012737717264,10.0,409
R100,Q1,-0.04317376903276182,10.0,409
R100,C2,0.2655086097944333,10.0,409
A,C1,0.10701273820550407,10.0,409
A,Q1,0.08489337849076382,10.0,409
A,C2,-0.13659231061854116,10.0,409
R100,C1,0.20588412377285728,10.0,410
R100,Q1,-0.22756316487417377,10.0,410
R100,C2,0.10600290400895307,10.0,410
A,C1,-0.005522754740496759,10.0,410
A,Q1,-0.12010634367091104,10.0,410
A,C2,0.1820227172294085,10.0,410
R100,C1,-0.2400801009487904,10.0,412
R100,Q1,-0.17957285894241776,10.0,412
R100,C2,0.2296979535336486,10.0,412
A,C1,0.2938084586414966,10.0,412
A,Q1,-0.02131171557960193,10.0,412
A,C2,-0.2150335071163541,10.0,412
R100,C1,-0.26740309077009344,10.0,413
R100,Q1,-0.059965153193065286,10.0,413
R100,C2,0.2717814463238247,10.0,413
A,C1,0.22159824661659241,10.0,413
A,Q1,0.09344907945117713,10.0,413
A,C2,-0.2637961810703157,10.0,413
R100,C1,-0.2729859188091814,10.0,414
R100,Q1,-0.05859836240395981,10.0,414
R100,C2,0.2642465705955978,10.0,414
A,C1,-0.08751039790429993,10.0,414
A,Q1,-0.2892512354596827,10.0,414
A,C2,0.22767660519903382,10.0,414
R100,C1,0.23907720871792057,10.0,416
R100,Q1,-0.2491703367290935,10.0,416
R100,C2,-0.021097800547336704,10.0,416
A,C1,0.12444397934594176,10.0,416
A,Q1,-0.14772475126431883,10.0,416
A,C2,-0.04730285190927546,10.0,416
R100,C1,0.22330993839308952,10.0,417
R100,Q1,-0.22756454347330937,10.0,417
R100,C2,-0.09740974259861314,10.0,417
A,C1,0.07930694883926351,10.0,417
A,Q1,-0.2026267824231944,10.0,417
A,C2,-0.022542284520940127,10.0,417
R100,C1,-0.2713255151736754,10.0,418
R100,Q1,-0.07866381552286017,10.0,418
R100,C2,0.2594675926830492,10.0,418
A,C1,-0.012698894812303985,10.0,418
A,Q1,0.2687406813134637,10.0,418
A,C2,-0.16231366531396857,10.0,418
R100,C1,-0.24918402501267797,10.0,419
R100,Q1,-0.13512044442078602,10.0,419
R100,C2,0.24241564796131712,10.0,419
A,C1,0.13901639395900695,10.0,419
A,Q1,0.0291730320031782,10.0,419
A,C2,-0.14952574291818094,10.0,419
R100,C1,-0.2531350345400637,10.0,420
R100,Q1,-0.10080307831656406,10.0,420
R100,C2,0.25569218196091065,10.0,420
A,C1,0.2513154843264665,10.0,420
A,Q1,0.04152792906470566,10.0,420
A,C2,-0.23386854592589257,10.0,420
R100,C1,-0.23094828952898985,10.0,421
R100,Q1,-0.21628815029851442,10.0,421
R100,C2,0.20450716231424815,10.0,421
A,C1,0.20959353952572263,10.0,421
A,Q1,0.14012213359274492,10.0,421
A,C2,-0.24754586401179446,10.0,421
R100,C1,-0.27161492951593547,10.0,422
R100,Q1,-0.047695710006204005,10.0,422
R100,C2,0.2656129872456629,10.0,422
A,C1,0.14749658270425614,10.0,422
A,Q1,-0.2517589114335359,10.0,422
A,C2,-0.05309450954169671,10.0,422
R100,C1,-0.2475828987970767,10.0,423
R100,Q1,-0.16984540913991666,10.0,423
R100,C2,0.2216535961184532,10.0,423
A,C1,-0.26306635729106165,10.0,423
A,Q1,-0.1023892224782919,10.0,423
A,C2,0.20845410781969403,10.0,423
R100,C1,0.23204631214401147,10.0,424
R100,Q1,-0.22640291189575948,10.0,424
R100,C2,-0.1739089186551611,10.0,424
A,C1,0.09870986199789024,10.0,424
A,Q1,-0.059658043963607583,10.0,424
A,C2,-0.35102290828633415,10.0,424
R100,C1,0.2628513135145172,10.0,427
R100,Q1,-0.2727317907398971,10.0,427
R100,C2,0.029527905809638908,10.0,427
A,C1,0.22651325525732846,10.0,427
A,Q1,-0.24852757759499455,10.0,427
A,C2,0.07780648626987514,10.0,427
R100,C1,-0.2585752472780797,10.0,433
R100,Q1,-0.0740387928160303,10.0,433
R100,C2,0.2755782996676156,10.0,433
A,C1,0.2669314234694007,10.0,433
A,Q1,-0.06642656770610719,10.0,433
A,C2,-0.19308425769799004,10.0,433
R100,C1,-0.21901618551561694,10.0,434
R100,Q1,-0.1503505008909076,10.0,434
R100,C2,0.2603725921849337,10.0,434
A,C1,0.23496620742228683,10.0,434
A,Q1,0.008606046553907655,10.0,434
A,C2,-0.22510365313509148,10.0,434
R100,C1,0.13157622793325965,10.0,436
R100,Q1,-0.2071290421186789,10.0,436
R100,C2,-0.04777541776619952,10.0,436
A,C1,0.12987318677851603,10.0,436
A,Q1,-0.19513971126664564,10.0,436
A,C2,0.02284095829569326,10.0,436
R100,C1,0.10712019128035105,10.0,437
R100,Q1,-0.1816388819128542,10.0,437
R100,C2,0.22238714018116615,10.0,437
A,C1,0.07392049738038052,10.0,437
A,Q1,0.09273116749449103,10.0,437
A,C2,-0.12595845567540764,10.0,437
R100,C1,0.22734988121256822,10.0,438
R100,Q1,-0.17589282842877207,10.0,438
R100,C2,0.12843494929029864,10.0,438
A,C1,0.11286556872838759,10.0,438
A,Q1,-0.15034267632835532,10.0,438
A,C2,0.12304666193803554,10.0,438
R100,C1,0.17726977816625597,10.0,439
R100,Q1,-0.19726557608521067,10.0,439
R100,C2,0.21688118841350904,10.0,439
A,C1,-0.03224775140115598,10.0,439
A,Q1,-0.103397047987631,10.0,439
A,C2,0.17442738331965,10.0,439
R100,C1,-0.2517351266100573,10.0,441
R100,Q1,-0.11192118621296021,10.0,441
R100,C2,0.24595720876026558,10.0,441
A,C1,-0.05134670284818212,10.0,441
A,Q1,0.09228289977733982,10.0,441
A,C2,-0.1977195170112223,10.0,441
R100,C1,-0.24090009990063255,10.0,442
R100,Q1,-0.10033163705965997,10.0,442
R100,C2,0.27032266398336974,10.0,442
A,C1,0.13572421473258806,10.0,442
A,Q1,-0.2146239478614467,10.0,442
A,C2,-0.06308335859072071,10.0,442
R100,C1,-0.22790525926994704,10.0,443
R100,Q1,-0.19884377372570824,10.0,443
R100,C2,0.22902245293034235,10.0,443
A,C1,0.09815390114516724,10.0,443
A,Q1,-0.20350395130059268,10.0,443
A,C2,-0.1827713793750269,10.0,443
R100,C1,0.17242697536069912,10.0,444
R100,Q1,-0.2211045699832549,10.0,444
R100,C2,0.194934326053951,10.0,444
A,C1,-0.10279191860322623,10.0,444
A,Q1,-0.08523979006026214,10.0,444
A,C2,0.1338362641012401,10.0,444
R100,C1,-0.27224595637547283,10.0,445
R100,Q1,-0.06957992015732357,10.0,445
R100,C2,0.25472857112672603,10.0,445
A,C1,-0.04191597585304562,10.0,445
A,Q1,-0.14236690432165727,10.0,445
A,C2,0.07725502175482574,10.0,445
R100,C1,-0.24589462932514541,10.0,446
R100,Q1,-0.15025215433242603,10.0,446
R100,C2,0.23582654901861322,10.0,446
A,C1,0.2687552709198087,10.0,446
A,Q1,-0.04100304828958914,10.0,446
A,C2,-0.21530382405308007,10.0,446
R100,C1,0.23041891101029774,10.0,447
R100,Q1,-0.22993217881596612,10.0,447
R100,C2,0.11024629995128359,10.0,447
A,C1,0.19008880688464916,10.0,447
A,Q1,-0.19301897858588965,10.0,447
A,C2,0.1427881917339012,10.0,447
R100,C1,-0.2431657231093291,10.0,449
R100,Q1,-0.17931386421767273,10.0,449
R100,C2,0.2327519666985278,10.0,449
A,C1,0.2604435226664524,10.0,449
A,Q1,0.01584162287613412,10.0,449
A,C2,-0.05530066806582686,10.0,449
R100,C1,-0.2714598621563924,10.0,450
R100,Q1,-0.04820321698212186,10.0,450
R100,C2,0.26664838361083776,10.0,450
A,C1,0.04481302139722513,10.0,450
A,Q1,0.279255017553498,10.0,450
A,C2,-0.2283639423137466,10.0,450
R100,C1,-0.2519648461817684,10.0,451
R100,Q1,-0.13009104584809464,10.0,451
R100,C2,0.24702956031799536,10.0,451
A,C1,0.1874295791341441,10.0,451
A,Q1,0.11985720318140412,10.0,451
A,C2,-0.17742035803240913,10.0,451
R100,C1,-0.2529440536889536,10.0,452
R100,Q1,-0.1764739758245406,10.0,452
R100,C2,0.21489922644115053,10.0,452
A,C1,-0.00334501019144516,10.0,452
A,Q1,0.10610015017866664,10.0,452
A,C2,-0.2343277716460412,10.0,452
R100,C1,-0.22836603299534516,10.0,453
R100,Q1,-0.23340712926002158,10.0,453
R100,C2,0.19136668383326344,10.0,453
A,C1,0.10608347608102356,10.0,453
A,Q1,-0.01847217131717762,10.0,453
A,C2,-0.11530720253878962,10.0,453
R100,C1,0.1312747435354515,10.0,454
R100,Q1,-0.15075877684109676,10.0,454
R100,C2,-0.2593462675332069,10.0,454
A,C1,0.06378992032493008,10.0,454
A,Q1,-0.07055355021329549,10.0,454
A,C2,-0.32470266220753097,10.0,454
R100,C1,-0.2541675666863032,10.0,456
R100,Q1,-0.13975238714064428,10.0,456
R100,C2,0.2396311813758506,10.0,456
A,C1,-0.020099344093098857,10.0,456
A,Q1,-0.1835025358430052,10.0,456
A,C2,0.055846028700473255,10.0,456
R100,C1,-0.2558025969281399,10.0,457
R100,Q1,-0.1522749146309843,10.0,457
R100,C2,0.22681145587553592,10.0,457
A,C1,-0.27791652133008216,10.0,457
A,Q1,0.01470177197295146,10.0,457
A,C2,0.2387940239131925,10.0,457
R100,C1,-0.24580180653269595,10.0,458
R100,Q1,-0.1422938493385168,10.0,458
R100,C2,0.2406273081824554,10.0,458
A,C1,0.3071584849201097,10.0,458
A,Q1,-0.1073796352950056,10.0,458
A,C2,-0.2018067222786211,10.0,458
R100,C1,-0.22268937025546692,10.0,459
R100,Q1,-0.24257594535157775,10.0,459
R100,C2,0.18904126191955553,10.0,459
A,C1,0.12360508847797451,10.0,459
A,Q1,-0.1631580497069564,10.0,459
A,C2,-0.21027555640020584,10.0,459
R100,C1,0.11810250322045063,10.0,460
R100,Q1,-0.20429670680819692,10.0,460
R100,C2,-0.10283457577852056,10.0,460
A,C1,0.11214330505862465,10.0,460
A,Q1,-0.1764277704678859,10.0,460
A,C2,-0.18645455292282348,10.0,460
R100,C1,-0.25281041590409564,10.0,463
R100,Q1,-0.15565395042413283,10.0,463
R100,C2,0.22907811404838335,10.0,463
A,C1,0.306842323353503,10.0,463
A,Q1,-0.04543564692863409,10.0,463
A,C2,-0.20081632763759877,10.0,463
R100,C1,-0.2517148997151028,10.0,464
R100,Q1,-0.16046069326923884,10.0,464
R100,C2,0.23458282621555468,10.0,464
A,C1,-0.18137449308311462,10.0,464
A,Q1,-0.17226634391234885,10.0,464
A,C2,0.2323211451814799,10.0,464
R100,C1,-0.25428441605050617,10.0,465
R100,Q1,-0.10725493996506424,10.0,465
R100,C2,0.2451052152785179,10.0,465
A,C1,0.04677653819119361,10.0,465
A,Q1,-0.05507075034539911,10.0,465
A,C2,-0.18039284501226605,10.0,465
R100,C1,-0.270839639354731,10.0,466
R100,Q1,-0.06453924510385828,10.0,466
R100,C2,0.2646355534957138,10.0,466
A,C1,-0.2989143901280771,10.0,466
A,Q1,0.06110714329221525,10.0,466
A,C2,0.22125167548192465,10.0,466
R100,C1,-0.2468329390196781,10.0,467
R100,Q1,-0.17820887139393937,10.0,467
R100,C2,0.21226675133271622,10.0,467
A,C1,0.24674025893968818,10.0,467
A,Q1,0.09793908547218738,10.0,467
A,C2,-0.2775587721021253,10.0,467
R100,C1,-0.24348818278325163,10.0,468
R100,Q1,-0.15191485300342553,10.0,468
R100,C2,0.2357806827144412,10.0,468
A,C1,0.18456941794287596,10.0,468
A,Q1,-0.1935180441102789,10.0,468
A,C2,-0.1644910564019366,10.0,468
R100,C1,-0.2550457633192951,10.0,470
R100,Q1,-0.10565643495050024,10.0,470
R100,C2,0.25081523278330425,10.0,470
A,C1,-0.14624865678074905,10.0,470
A,Q1,-0.2105991542536636,10.0,470
A,C2,0.15134815165832458,10.0,470
R100,C1,0.002483345618730769,10.0,471
R100,Q1,-0.13484605310456815,10.0,471
R100,C2,0.20441742387089182,10.0,471
A,C1,-0.05264456911006423,10.0,471
A,Q1,-0.06513874045515404,10.0,471
A,C2,0.10882988294450135,10.0,471
R100,C1,-0.2474280468642792,10.0,472
R100,Q1,-0.1455458471600234,10.0,472
R100,C2,0.2382179635868842,10.0,472
A,C1,0.08086629750043299,10.0,472
A,Q1,-0.09186209013934532,10.0,472
A,C2,-0.1615228443973951,10.0,472
R100,C1,-0.2529460372558854,10.0,473
R100,Q1,-0.12646504142493808,10.0,473
R100,C2,0.25845495668542473,10.0,473
A,C1,0.1845312530599178,10.0,473
A,Q1,-0.09834008673877345,10.0,473
A,C2,-0.08189785135176224,10.0,473
R100,C1,-0.2655016447030404,10.0,474
R100,Q1,-0.09069766910346082,10.0,474
R100,C2,0.2622139868094693,10.0,474
A,C1,0.17867133212825057,10.0,474
A,Q1,0.19068681895049225,10.0,474
A,C2,-0.2414032448375122,10.0,474
R100,C1,-0.22843295202362218,10.0,475
R100,Q1,-0.18039207372850538,10.0,475
R100,C2,0.23291707848477108,10.0,475
A,C1,0.14729692223594246,10.0,475
A,Q1,-0.26782780928189287,10.0,475
A,C2,-0.017806501135095243,10.0,475
R100,C1,-0.2802755655338437,10.0,477
R100,Q1,0.0158180407754858,10.0,477
R100,C2,0.2642232993709972,10.0,477
A,C1,-0.1285567623716264,10.0,477
A,Q1,-0.14058173847959518,10.0,477
A,C2,0.19294386254556703,10.0,477
R100,C1,-0.24095939198512323,10.0,479
R100,Q1,-0.18329562082771997,10.0,479
R100,C2,0.2292032546149248,10.0,479
A,C1,0.1542911120319914,10.0,479
A,Q1,-0.04298043543925915,10.0,479
A,C2,-0.23845511825696958,10.0,479
R100,C1,0.2625168381908824,10.0,480
R100,Q1,-0.2680514128903791,10.0,480
R100,C2,-0.08300728968860424,10.0,480
A,C1,0.1849247930865496,10.0,480
A,Q1,-0.25244572891484857,10.0,480
A,C2,-0.042484796545626854,10.0,480
R100,C1,-0.2524258204775103,10.0,482
R100,Q1,-0.11440551624514135,10.0,482
R100,C2,0.24637499363702037,10.0,482
A,C1,0.2155289303548583,10.0,482
A,Q1,-0.253273295553394,10.0,482
A,C2,-0.11753174927587177,10.0,482
R100,C1,0.20602705326069448,10.0,483
R100,Q1,-0.2015318843840915,10.0,483
R100,C2,-0.15927550888134986,10.0,483
A,C1,0.004764451453575042,10.0,483
A,Q1,-0.02970409647738949,10.0,483
A,C2,-0.2923141704349695,10.0,483
R100,C1,0.2549991198113325,10.0,484
R100,Q1,-0.25856353983332536,10.0,484
R100,C2,-0.097853922552224,10.0,484
A,C1,0.17011901115935824,10.0,484
A,Q1,-0.2463916683627899,10.0,484
A,C2,-0.09289862537748848,10.0,484
R100,C1,-0.2745754012820506,10.0,486
R100,Q1,-0.06291468562605712,10.0,486
R100,C2,0.26356767667243747,10.0,486
A,C1,0.10774612172986038,10.0,486
A,Q1,0.01828397835736761,10.0,486
A,C2,-0.08726619400017725,10.0,486
R100,C1,-0.2776059680056645,10.0,488
R100,Q1,-0.029222087945272368,10.0,488
R100,C2,0.26135532251133026,10.0,488
A,C1,0.11916478973665971,10.0,488
A,Q1,0.002462595269396261,10.0,488
A,C2,-0.14256910802573006,10.0,488
R100,C1,-0.26473464325391133,10.0,491
R100,Q1,-0.09494152060469736,10.0,491
R100,C2,0.25963843544148946,10.0,491
A,C1,0.2252102395451438,10.0,491
A,Q1,0.10868045461854742,10.0,491
A,C2,-0.24122771732184914,10.0,491
R100,C1,-0.26893102531359897,10.0,493
R100,Q1,-0.06352380636629085,10.0,493
R100,C2,0.26623429028516776,10.0,493
A,C1,0.2260406366013997,10.0,493
A,Q1,-0.14452944951776917,10.0,493
A,C2,-0.14017184714847142,10.0,493
R100,C1,-0.26665438301859484,10.0,494
R100,Q1,-0.10027437536682492,10.0,494
R100,C2,0.2529532079176574,10.0,494
A,C1,0.23518106992022184,10.0,494
A,Q1,-0.16900727501135415,10.0,494
A,C2,-0.08772494947349975,10.0,494
R100,C1,-0.24286606362790844,10.0,495
R100,Q1,-0.16061972903016644,10.0,495
R100,C2,0.24613324924342875,10.0,495
A,C1,-0.22732117839161148,10.0,495
A,Q1,-0.19612623724456718,10.0,495
A,C2,0.2289328654595336,10.0,495
R100,C1,-0.22709965198009835,10.0,497
R100,Q1,-0.2371726679428429,10.0,497
R100,C2,0.18822553088931443,10.0,497
A,C1,0.07696300938268912,10.0,497
A,Q1,-0.08925486228030935,10.0,497
A,C2,-0.22477668036893333,10.0,497
R100,C1,-0.26385986517811344,10.0,498
R100,Q1,-0.09126160949982731,10.0,498
R100,C2,0.2632338797310507,10.0,498
A,C1,-0.1647749528260279,10.0,498
A,Q1,-0.19183677765563206,10.0,498
A,C2,0.23885257919865407,10.0,498
R100,C1,-0.2306918603414101,10.0,499
R100,Q1,-0.1928983826933747,10.0,499
R100,C2,0.22309371151841323,10.0,499
A,C1,0.0930613850886856,10.0,499
A,Q1,-0.22632506266909247,10.0,499
A,C2,-0.1653508975350415,10.0,499
R100,C1,0.0018999723888250047,10.0,500
R100,Q1,-0.13539790589644174,10.0,500
R100,C2,0.04263840618721091,10.0,500
A,C1,-0.19826295255650916,10.0,500
A,Q1,0.07033698600838059,10.0,500
A,C2,-0.021670822598064608,10.0,500
R100,C1,-0.2520475641111154,10.0,502
R100,Q1,-0.13841029462411514,10.0,502
R100,C2,0.24387891225235225,10.0,502
A,C1,0.02619860056151013,10.0,502
A,Q1,0.0033497378119100867,10.0,502
A,C2,-0.17379047480785265,10.0,502
R100,C1,-0.24380101030505372,10.0,503
R100,Q1,-0.18311882278939748,10.0,503
R100,C2,0.21619442755355925,10.0,503
A,C1,0.1498489128564343,10.0,503
A,Q1,-0.15468564864290626,10.0,503
A,C2,-0.17590311774703543,10.0,503
R100,C1,-0.25659933979511423,10.0,505
R100,Q1,-0.10742858900677162,10.0,505
R100,C2,0.24770557404749563,10.0,505
A,C1,-0.21542600628752603,10.0,505
A,Q1,-0.10261531432140045,10.0,505
A,C2,0.16623856157477657,10.0,505
R100,C1,-0.24499095940248264,10.0,507
R100,Q1,-0.16890972226260637,10.0,507
R100,C2,0.22983338920981763,10.0,507
A,C1,0.21211427145536413,10.0,507
A,Q1,-0.0025493427908651754,10.0,507
A,C2,-0.13895383031758576,10.0,507
R100,C1,-0.2620282731315658,10.0,508
R100,Q1,-0.09105952830989994,10.0,508
R100,C2,0.26293356892488373,10.0,508
A,C1,0.19634834529326436,10.0,508
A,Q1,-0.012132249335609573,10.0,508
A,C2,-0.1593994102724161,10.0,508
R100,C1,0.08537866917887978,10.0,509
R100,Q1,-0.2029598408489416,10.0,509
R100,C2,0.022781174427507798,10.0,509
A,C1,0.11020098752978638,10.0,509
A,Q1,-0.22069446384551997,10.0,509
A,C2,0.06129162680051406,10.0,509
R100,C1,-0.2575766612758071,10.0,510
R100,Q1,-0.13288355580294844,10.0,510
R100,C2,0.2335970023149418,10.0,510
A,C1,0.1077657001007026,10.0,510
A,Q1,-0.13374788265233664,10.0,510
A,C2,-0.21934345474905692,10.0,510
R100,C1,0.14547121166828916,10.0,512
R100,Q1,-0.12436692751596178,10.0,512
R100,C2,0.12840056408495618,10.0,512
A,C1,-0.17865284685113053,10.0,512
A,Q1,0.10439025412745313,10.0,512
A,C2,0.1639888596329758,10.0,512
R100,C1,-0.2593397427017579,10.0,514
R100,Q1,-0.10768179982195566,10.0,514
R100,C2,0.2519648589990178,10.0,514
A,C1,-0.26895667386620037,10.0,514
A,Q1,0.038789902034364034,10.0,514
A,C2,0.23765424043274894,10.0,514
R100,C1,-0.24922160179029396,10.0,515
R100,Q1,-0.14601300984820562,10.0,515
R100,C2,0.23027045348181432,10.0,515
A,C1,0.06437757274137805,10.0,515
A,Q1,-0.06705943475939838,10.0,515
A,C2,-0.0770205066377222,10.0,515
R100,C1,-0.26037585851811135,10.0,516
R100,Q1,-0.10270051826644719,10.0,516
R100,C2,0.2606407872511133,10.0,516
A,C1,0.2641083426227944,10.0,516
A,Q1,0.07403747544929833,10.0,516
A,C2,-0.2510528890978555,10.0,516
R100,C1,-0.25296354702162394,10.0,517
R100,Q1,-0.13211048370750333,10.0,517
R100,C2,0.2470203828877506,10.0,517
A,C1,0.006198649950872012,10.0,517
A,Q1,-0.1088203179632008,10.0,517
A,C2,0.02484547609472491,10.0,517
R100,C1,-0.2436377306356708,10.0,518
R100,Q1,-0.16653351382751622,10.0,518
R100,C2,0.24028230721674823,10.0,518
A,C1,-0.26718114370776863,10.0,518
A,Q1,-0.05887239928196747,10.0,518
A,C2,0.2106563234116951,10.0,518
R100,C1,0.11470774646403947,10.0,520
R100,Q1,-0.11374815282133145,10.0,520
R100,C2,-0.09882886956615321,10.0,520
A,C1,-0.001142237060936476,10.0,520
A,Q1,0.009007450534299502,10.0,520
A,C2,-0.09890339764421399,10.0,520
R100,C1,-0.24258399694776592,10.0,521
R100,Q1,-0.15956122822784222,10.0,521
R100,C2,0.24347816247357726,10.0,521
A,C1,0.12593846124899757,10.0,521
A,Q1,0.23339082713124826,10.0,521
A,C2,-0.15038258409786923,10.0,521
R100,C1,-0.2809162103130996,10.0,522
R100,Q1,-0.05816686671093913,10.0,522
R100,C2,0.2520140852729181,10.0,522
A,C1,0.1710542905781983,10.0,522
A,Q1,-0.008780669977592045,10.0,522
A,C2,-0.1486267884107527,10.0,522
R100,C1,-0.2408874718576987,10.0,523
R100,Q1,-0.17407027781346496,10.0,523
R100,C2,0.24065256409367095,10.0,523
A,C1,0.21563778592612545,10.0,523
A,Q1,-0.138689323160729,10.0,523
A,C2,-0.19819418812483547,10.0,523
R100,C1,0.06519938046049811,10.0,524
R100,Q1,-0.16000799529081783,10.0,524
R100,C2,-0.15218949403835216,10.0,524
A,C1,-0.03943704553506543,10.0,524
A,Q1,0.025173721952922397,10.0,524
A,C2,-0.33352681267436485,10.0,524
R100,C1,0.1603289173844873,10.0,526
R100,Q1,-0.21099758013635952,10.0,526
R100,C2,0.2442335381186577,10.0,526
A,C1,-0.07525242210698264,10.0,526
A,Q1,0.1461304011226355,10.0,526
A,C2,-0.2081556873793649,10.0,526
R100,C1,-0.23568969782499372,10.0,527
R100,Q1,-0.20381996714424966,10.0,527
R100,C2,0.215090709442513,10.0,527
A,C1,0.23373594364057376,10.0,527
A,Q1,0.17685547354596515,10.0,527
A,C2,-0.2239507754693655,10.0,527
R100,C1,-0.26126505965505725,10.0,528
R100,Q1,-0.10098807746840113,10.0,528
R100,C2,0.26043240005835333,10.0,528
A,C1,0.15477040376763984,10.0,528
A,Q1,0.08776368356616515,10.0,528
A,C2,-0.18358641205620704,10.0,528
R100,C1,0.1995993796006696,10.0,529
R100,Q1,-0.21620175683194667,10.0,529
R100,C2,-0.012521632641478262,10.0,529
A,C1,0.13985561756364717,10.0,529
A,Q1,-0.14667929660646264,10.0,529
A,C2,-0.16689591439039222,10.0,529
R100,C1,-0.24801022995247812,10.0,531
R100,Q1,-0.14598431512135415,10.0,531
R100,C2,0.23536051037062172,10.0,531
A,C1,0.18280926272374562,10.0,531
A,Q1,-0.2433623532546702,10.0,531
A,C2,-0.07271717773757089,10.0,531
R100,C1,0.20933141531185034,10.0,532
R100,Q1,-0.20223448373587558,10.0,532
R100,C2,-0.09891072431168367,10.0,532
A,C1,0.0776333426166996,10.0,532
A,Q1,-0.011070859827813117,10.0,532
A,C2,-0.1578979769927066,10.0,532
R100,C1,-0.09532332868066866,10.0,533
R100,Q1,0.07652115507686498,10.0,533
R100,C2,-0.017889171339985233,10.0,533
A,C1,-0.0729376750018382,10.0,533
A,Q1,0.06848319978910888,10.0,533
A,C2,0.03792118998905505,10.0,533
R100,C1,-0.24245883532155954,10.0,534
R100,Q1,-0.18785110935292723,10.0,534
R100,C2,0.22339549467525616,10.0,534
A,C1,0.2515997513323149,10.0,534
A,Q1,0.08201676799380837,10.0,534
A,C2,-0.27268645937199526,10.0,534
R100,C1,-0.22684703191531413,10.0,535
R100,Q1,-0.23921271199768268,10.0,535
R100,C2,0.18454388055401053,10.0,535
A,C1,0.06412419154372673,10.0,535
A,Q1,-0.07909433215611078,10.0,535
A,C2,-0.22178616077614316,10.0,535
R100,C1,-0.2656303738731627,10.0,536
R100,Q1,-0.04763800060332051,10.0,536
R100,C2,0.2564484088409698,10.0,536
A,C1,0.07367775302679153,10.0,536
A,Q1,-0.047274868349208445,10.0,536
A,C2,-0.06153742139098956,10.0,536
R100,C1,0.14152266901644142,10.0,537
R100,Q1,-0.18521686153409364,10.0,537
R100,C2,-0.07101272860154646,10.0,537
A,C1,-0.07747588112129561,10.0,537
A,Q1,0.12549860537590343,10.0,537
A,C2,-0.24274258688217604,10.0,537
R100,C1,-0.27126802423285856,10.0,538
R100,Q1,-0.028443230732199707,10.0,538
R100,C2,0.267192940669121,10.0,538
A,C1,0.22746016925633217,10.0,538
A,Q1,-0.004977548711194643,10.0,538
A,C2,-0.204283754490958,10.0,538
R100,C1,0.1590085098692241,10.0,539
R100,Q1,-0.17638774684895922,10.0,539
R100,C2,-0.11559949675272807,10.0,539
A,C1,-0.014737337263446077,10.0,539
A,Q1,-0.011829740597361091,10.0,539
A,C2,-0.3216655610899581,10.0,539
R100,C1,-0.22471496332206445,10.0,540
R100,Q1,-0.2419763992351387,10.0,540
R100,C2,0.1839467620437507,10.0,540
A,C1,0.15263270832970985,10.0,540
A,Q1,-0.18100828522946388,10.0,540
A,C2,-0.23337573845163276,10.0,540
R100,C1,-0.25102285272764674,10.0,541
R100,Q1,-0.12683442078895804,10.0,541
R100,C2,0.24650233066148408,10.0,541
A,C1,-0.05808387650080068,10.0,541
A,Q1,0.08712715767371673,10.0,541
A,C2,-0.1766702855263527,10.0,541
R100,C1,-0.2571391922625318,10.0,542
R100,Q1,-0.12983047408864384,10.0,542
R100,C2,0.2399480341345465,10.0,542
A,C1,-0.30223237568390265,10.0,542
A,Q1,0.01880022677652149,10.0,542
A,C2,0.17058978687903995,10.0,542
R100,C1,0.2617190186508969,10.0,543
R100,Q1,-0.26283358312065747,10.0,543
R100,C2,-0.015238132524088545,10.0,543
A,C1,0.12631558207619176,10.0,543
A,Q1,-0.23848153741438352,10.0,543
A,C2,0.03792937340429841,10.0,543
R100,C1,-0.23905659126887094,10.0,544
R100,Q1,-0.13660684400716883,10.0,544
R100,C2,0.25497395428249686,10.0,544
A,C1,0.1501878115591663,10.0,544
A,Q1,-0.2530669609779091,10.0,544
A,C2,-0.055127626443046654,10.0,544
R100,C1,-0.27489852567784373,10.0,545
R100,Q1,-0.03489667835753132,10.0,545
R100,C2,0.26920922970565936,10.0,545
A,C1,0.24904731571472685,10.0,545
A,Q1,-0.11042138950967101,10.0,545
A,C2,-0.13970457257460986,10.0,545
R100,C1,-0.23409854118140644,10.0,546
R100,Q1,-0.18762813880895032,10.0,546
R100,C2,0.2296462806121711,10.0,546
A,C1,-0.03274007660866621,10.0,546
A,Q1,-0.2251917426915451,10.0,546
A,C2,0.07858115800433665,10.0,546
R100,C1,-0.23060845462169977,10.0,547
R100,Q1,-0.22015967528036537,10.0,547
R100,C2,0.20297408278519768,10.0,547
A,C1,0.04951746072993871,10.0,547
A,Q1,-0.11980849935531955,10.0,547
A,C2,-0.21786993071765445,10.0,547
R100,C1,-0.25252075586374184,10.0,548
R100,Q1,-0.14090774139828677,10.0,548
R100,C2,0.2390871096532902,10.0,548
A,C1,0.23047156571953084,10.0,548
A,Q1,0.00923048149290996,10.0,548
A,C2,-0.20085539713027564,10.0,548
R100,C1,-0.24091190096607984,10.0,549
R100,Q1,-0.1611964119883535,10.0,549
R100,C2,0.235736172471995,10.0,549
A,C1,0.17338318790863094,10.0,549
A,Q1,0.15935330210378493,10.0,549
A,C2,-0.18968668522384205,10.0,549
R100,C1,-0.2694028393525987,10.0,550
R100,Q1,-0.0534581566311302,10.0,550
R100,C2,0.26072792540963685,10.0,550
A,C1,0.2409694031345981,10.0,550
A,Q1,-0.02440381710181055,10.0,550
A,C2,-0.21488675609964758,10.0,550
R100,C1,-0.24801857750517192,10.0,551
R100,Q1,-0.17843739704479547,10.0,551
R100,C2,0.21699224975490752,10.0,551
A,C1,0.2128629786972109,10.0,551
A,Q1,-0.11659118734305404,10.0,551
A,C2,-0.11158093613600549,10.0,551
R100,C1,-0.2601781612744027,10.0,552
R100,Q1,-0.11193842785674378,10.0,552
R100,C2,0.24801447306458907,10.0,552
A,C1,0.2949689837916065,10.0,552
A,Q1,-0.07974376298944205,10.0,552
A,C2,-0.10619107596620302,10.0,552
R100,C1,0.160953756975979,10.0,553
R100,Q1,-0.20815980962918498,10.0,553
R100,C2,-0.0739204460038487,10.0,553
A,C1,-0.008390126246492359,10.0,553
A,Q1,0.04702200657468139,10.0,553
A,C2,-0.26527801248262506,10.0,553
R100,C1,-0.26969931748865206,10.0,555
R100,Q1,-0.0729656697163109,10.0,555
R100,C2,0.2651296508330994,10.0,555
A,C1,0.30468459192349767,10.0,555
A,Q1,-0.09716918755313148,10.0,555
A,C2,-0.1800997157235394,10.0,555
R100,C1,-0.24594187611083626,10.0,556
R100,Q1,-0.1508163294721111,10.0,556
R100,C2,0.24797803827481962,10.0,556
A,C1,-0.04729645534865412,10.0,556
A,Q1,0.2355791632252964,10.0,556
A,C2,-0.06783899156746469,10.0,556
R100,C1,-0.2749045616985377,10.0,557
R100,Q1,-0.024367581625644192,10.0,557
R100,C2,0.2687076989532976,10.0,557
A,C1,-0.22970656882760782,10.0,557
A,Q1,0.0621038488058551,10.0,557
A,C2,0.1972778731545289,10.0,557
R100,C1,-0.24610546095575372,10.0,558
R100,Q1,-0.12745953828698264,10.0,558
R100,C2,0.24572119567506803,10.0,558
A,C1,0.2548066451567403,10.0,558
A,Q1,-0.01834943857021939,10.0,558
A,C2,-0.23891424725598512,10.0,558
R100,C1,-0.23782852310113417,10.0,559
R100,Q1,-0.15169973172541473,10.0,559
R100,C2,0.2541803988326417,10.0,559
A,C1,-0.2329160242596833,10.0,559
A,Q1,-0.1606334865796024,10.0,559
A,C2,0.2610253153423629,10.0,559
R100,C1,-0.2680431690504907,10.0,560
R100,Q1,-0.08296412639544949,10.0,560
R100,C2,0.2585441459856562,10.0,560
A,C1,0.2637838519982541,10.0,560
A,Q1,0.07349849703311792,10.0,560
A,C2,-0.24322141335364786,10.0,560
R100,C1,0.19805045932406914,10.0,561
R100,Q1,-0.19849875668450556,10.0,561
R100,C2,0.21306067050836877,10.0,561
A,C1,-0.10282772430129043,10.0,561
A,Q1,-0.024906729450678244,10.0,561
A,C2,0.03037611049134717,10.0,561
R100,C1,-0.2219842302118421,10.0,562
R100,Q1,-0.20812802411713285,10.0,562
R100,C2,0.22818431601414219,10.0,562
A,C1,0.10012716607606255,10.0,562
A,Q1,-0.1698945572945664,10.0,562
A,C2,-0.17931142408226486,10.0,562
R100,C1,-0.22467780369553692,10.0,563
R100,Q1,-0.2094678358725479,10.0,563
R100,C2,0.21337593895496731,10.0,563
A,C1,0.1699087371934348,10.0,563
A,Q1,0.17786682888554492,10.0,563
A,C2,-0.16634151489652396,10.0,563
R100,C1,-0.25322983412506717,10.0,564
R100,Q1,-0.14023584857245974,10.0,564
R100,C2,0.22790919564657153,10.0,564
A,C1,0.2759972109400156,10.0,564
A,Q1,0.05571717628392461,10.0,564
A,C2,-0.2569274005487087,10.0,564
R100,C1,0.09709597858413314,10.0,565
R100,Q1,-0.17465814686676862,10.0,565
R100,C2,0.08868756335034031,10.0,565
A,C1,-0.17533855471096838,10.0,565
A,Q1,0.19331449501621067,10.0,565
A,C2,-0.13911028267093362,10.0,565
R100,C1,-0.251063692688158,10.0,566
R100,Q1,-0.1353543499318802,10.0,566
R100,C2,0.24288197330386713,10.0,566
A,C1,0.21980902083025025,10.0,566
A,Q1,-0.017523142371913963,10.0,566
A,C2,-0.210224794826668,10.0,566
R100,C1,0.1798495494402784,10.0,567
R100,Q1,-0.1932136187680654,10.0,567
R100,C2,-0.08146590209803639,10.0,567
A,C1,0.12889329125470506,10.0,567
A,Q1,-0.146841622380327,10.0,567
A,C2,-0.26644564945039306,10.0,567
R100,C1,0.19853639168724443,10.0,568
R100,Q1,-0.1858947892107384,10.0,568
R100,C2,-0.07404664150772167,10.0,568
A,C1,0.06482658505448173,10.0,568
A,Q1,-0.08948564202159102,10.0,568
A,C2,-0.023279199280936747,10.0,568
R100,C1,-0.2296832568421238,10.0,571
R100,Q1,-0.2199639572435404,10.0,571
R100,C2,0.1989809440530701,10.0,571
A,C1,0.19418151570439374,10.0,571
A,Q1,0.1783958788101186,10.0,571
A,C2,-0.23702037361945838,10.0,571
R100,C1,-0.26473222413263564,10.0,573
R100,Q1,-0.10295854374205018,10.0,573
R100,C2,0.24667093587307126,10.0,573
A,C1,-0.20977126623051523,10.0,573
A,Q1,0.01585182083644384,10.0,573
A,C2,0.18455278443061415,10.0,573
R100,C1,-0.2379692590294604,10.0,574
R100,Q1,-0.1941432897849279,10.0,574
R100,C2,0.222178058005213,10.0,574
A,C1,0.2211376712295908,10.0,574
A,Q1,0.1369107645413705,10.0,574
A,C2,-0.27230332383681494,10.0,574
R100,C1,-0.26032279272220915,10.0,575
R100,Q1,-0.1199671974690467,10.0,575
R100,C2,0.2366532465453368,10.0,575
A,C1,0.16357434551903907,10.0,575
A,Q1,-0.12310297481034589,10.0,575
A,C2,-0.236969572825364,10.0,575
R100,C1,-0.2699588065006038,10.0,576
R100,Q1,-0.03900000183672246,10.0,576
R100,C2,0.2715892106293654,10.0,576
A,C1,0.11738009693548233,10.0,576
A,Q1,-0.08808157107017182,10.0,576
A,C2,-0.07650248464967777,10.0,576
R100,C1,-0.23763593965777569,10.0,577
R100,Q1,-0.19684850185244515,10.0,577
R100,C2,0.2192141518471391,10.0,577
A,C1,-0.18889403000786817,10.0,577
A,Q1,-0.24329410785689964,10.0,577
A,C2,0.12578009810358837,10.0,577
R100,C1,0.20395914289016032,10.0,581
R100,Q1,-0.24568755311356982,10.0,581
R100,C2,0.039875942317472685,10.0,581
A,C1,0.04342320539965337,10.0,581
A,Q1,-0.023671485783684977,10.0,581
A,C2,-0.13510806124006586,10.0,581
R100,C1,0.19040843329670573,10.0,582
R100,Q1,-0.2165632117654141,10.0,582
R100,C2,-0.17700254997224565,10.0,582
A,C1,0.17129083690642694,10.0,582
A,Q1,-0.20292836632482658,10.0,582
A,C2,-0.09752351882682657,10.0,582
R100,C1,-0.26430173191198275,10.0,583
R100,Q1,-0.09141895885115438,10.0,583
R100,C2,0.2634732024836977,10.0,583
A,C1,0.17407940257115326,10.0,583
A,Q1,0.0377745030749106,10.0,583
A,C2,-0.17300410105039715,10.0,583
R100,C1,0.2246046853096746,10.0,584
R100,Q1,-0.2258771867692286,10.0,584
R100,C2,-0.12670224426243124,10.0,584
A,C1,0.03985004030193128,10.0,584
A,Q1,-0.04628792808393298,10.0,584
A,C2,-0.30364572718889093,10.0,584
R100,C1,-0.002860085801721872,10.0,585
R100,Q1,-0.09103784561109378,10.0,585
R100,C2,0.1809502304919109,10.0,585
A,C1,-0.05561877274841337,10.0,585
A,Q1,-0.08112376513547404,10.0,585
A,C2,0.18388681594832912,10.0,585
R100,C1,-0.22918047795528404,10.0,587
R100,Q1,-0.20915937460242953,10.0,587
R100,C2,0.21779878911979844,10.0,587
A,C1,0.08551674456732726,10.0,587
A,Q1,0.09424078044169663,10.0,587
A,C2,-0.19667993711183782,10.0,587
R100,C1,0.22104876211632468,10.0,589
R100,Q1,-0.18452182065897293,10.0,589
R100,C2,-0.08297710941243752,10.0,589
A,C1,0.0354048167941334,10.0,589
A,Q1,-0.10756801002738774,10.0,589
A,C2,0.004527417704443032,10.0,589
R100,C1,-0.2579805244776842,10.0,590
R100,Q1,-0.12982761165148016,10.0,590
R100,C2,0.23737335707437215,10.0,590
A,C1,-0.24135494499639593,10.0,590
A,Q1,-0.14098991855769832,10.0,590
A,C2,0.17825359281040923,10.0,590
R100,C1,-0.2623227853245919,10.0,591
R100,Q1,-0.10250089401468021,10.0,591
R100,C2,0.25182097809292037,10.0,591
A,C1,-0.039050743224133724,10.0,591
A,Q1,-0.02405569294645449,10.0,591
A,C2,-0.0034232825234521294,10.0,591
R100,C1,0.1922017961686072,10.0,592
R100,Q1,-0.2378161217301491,10.0,592
R100,C2,0.04544728453754835,10.0,592
A,C1,0.05975218066794522,10.0,592
A,Q1,-0.10396790236403548,10.0,592
A,C2,-0.11157713991687745,10.0,592
R100,C1,-0.2770710950303763,10.0,593
R100,Q1,-0.06871598427244505,10.0,593
R100,C2,0.25383898309528885,10.0,593
A,C1,0.2665855825536321,10.0,593
A,Q1,-0.05471792111512549,10.0,593
A,C2,-0.19800088578469208,10.0,593
R100,C1,-0.23954175174845824,10.0,594
R100,Q1,-0.17555562784469939,10.0,594
R100,C2,0.23909529886209716,10.0,594
A,C1,0.248834399353101,10.0,594
A,Q1,0.11750127362978943,10.0,594
A,C2,-0.26591484825477496,10.0,594
R100,C1,0.1943372088579839,10.0,595
R100,Q1,-0.24741567078460214,10.0,595
R100,C2,0.10185524777935112,10.0,595
A,C1,0.0768779502755303,10.0,595
A,Q1,-0.05763488359655964,10.0,595
A,C2,0.06758382756988382,10.0,595
R100,C1,-0.2652984690728605,10.0,596
R100,Q1,-0.11684235682859695,10.0,596
R100,C2,0.2376318734083946,10.0,596
A,C1,0.2147017816162913,10.0,596
A,Q1,0.1783481736228716,10.0,596
A,C2,-0.24841863874727757,10.0,596
R100,C1,-0.2677650873528159,10.0,601
R100,Q1,-0.044497292292941595,10.0,601
R100,C2,0.25639960023841224,10.0,601
A,C1,0.08756007285533798,10.0,601
A,Q1,-0.09856664439610958,10.0,601
A,C2,-0.0532160584709577,10.0,601
R100,C1,-0.22104173400454472,10.0,602
R100,Q1,-0.1478929168699236,10.0,602
R100,C2,0.26469965567185294,10.0,602
A,C1,0.17052952120392376,10.0,602
A,Q1,-0.19060185917921427,10.0,602
A,C2,-0.06583439432876703,10.0,602
R100,C1,-0.249247296120643,10.0,604
R100,Q1,-0.14650629269277932,10.0,604
R100,C2,0.2394352327648664,10.0,604
A,C1,0.1468316631535218,10.0,604
A,Q1,-0.22222300240822146,10.0,604
A,C2,-0.07262648825743008,10.0,604
R100,C1,0.23551677843128221,10.0,606
R100,Q1,-0.2427256537778365,10.0,606
R100,C2,-0.1726189458959856,10.0,606
A,C1,0.10748152762265992,10.0,606
A,Q1,-0.16643845582818462,10.0,606
A,C2,-0.21520841986625813,10.0,606
R100,C1,0.20483774708891445,10.0,607
R100,Q1,-0.2752810605269968,10.0,607
R100,C2,0.06464660014130888,10.0,607
A,C1,0.14349159934090097,10.0,607
A,Q1,-0.2305306859033137,10.0,607
A,C2,0.04886393093400866,10.0,607
R100,C1,-0.2387393188604535,10.0,610
R100,Q1,-0.16604839091578547,10.0,610
R100,C2,0.22586764015380323,10.0,610
A,C1,0.08180781625941688,10.0,610
A,Q1,-0.3114092844636108,10.0,610
A,C2,-0.0859865141917824,10.0,610
R100,C1,0.11200317452591992,10.0,611
R100,Q1,-0.17279262336383328,10.0,611
R100,C2,0.20097065856756605,10.0,611
A,C1,-0.1323485284573793,10.0,611
A,Q1,0.08254279802816145,10.0,611
A,C2,-0.0879848406718189,10.0,611
R100,C1,-0.254994423381146,10.0,612
R100,Q1,-0.13529915645169147,10.0,612
R100,C2,0.23903641550073987,10.0,612
A,C1,-0.19344664193111497,10.0,612
A,Q1,-0.22088878449466112,10.0,612
A,C2,0.16538205830974706,10.0,612
R100,C1,-0.27221222571147596,10.0,616
R100,Q1,-0.04270074048178897,10.0,616
R100,C2,0.2640935394427543,10.0,616
A,C1,0.25910294288653524,10.0,616
A,Q1,-0.01596534008419334,10.0,616
A,C2,-0.21641731683992557,10.0,616
R100,C1,0.22144976244548104,10.0,617
R100,Q1,-0.2480981227737266,10.0,617
R100,C2,-0.05543897043280034,10.0,617
A,C1,0.0815248751126122,10.0,617
A,Q1,-0.12402615016457962,10.0,617
A,C2,-0.11002934311560865,10.0,617
R100,C1,-0.23462025184788224,10.0,618
R100,Q1,-0.19893637319432947,10.0,618
R100,C2,0.2226209709495264,10.0,618
A,C1,0.1808552522273208,10.0,618
A,Q1,-0.09706513764431302,10.0,618
A,C2,-0.25908937373995683,10.0,618
R100,C1,-0.23626658837520803,10.0,619
R100,Q1,-0.17830356930574806,10.0,619
R100,C2,0.23924457164521323,10.0,619
A,C1,0.26521831608745,10.0,619
A,Q1,0.0853177328760794,10.0,619
A,C2,-0.22960390165840236,10.0,619
R100,C1,0.01997904314093001,10.0,620
R100,Q1,-0.08410680532061766,10.0,620
R100,C2,0.07276725639709306,10.0,620
A,C1,-0.055834989291235336,10.0,620
A,Q1,-0.04875885544498021,10.0,620
A,C2,0.08126366292906707,10.0,620
R100,C1,-0.23804063416346724,10.0,621
R100,Q1,-0.19135831713281276,10.0,621
R100,C2,0.2259762462077144,10.0,621
A,C1,0.15717401391903657,10.0,621
A,Q1,-0.1695318408099022,10.0,621
A,C2,-0.08726706061100427,10.0,621
R100,C1,-0.2717827279626731,10.0,622
R100,Q1,-0.054914838832312324,10.0,622
R100,C2,0.2613738114618168,10.0,622
A,C1,0.20818391704022116,10.0,622
A,Q1,0.06292490038622396,10.0,622
A,C2,-0.2117487275656336,10.0,622
R100,C1,-0.2277850596328338,10.0,623
R100,Q1,-0.22282413554787533,10.0,623
R100,C2,0.20093547139596898,10.0,623
A,C1,0.19619273962187453,10.0,623
A,Q1,0.12332259568305093,10.0,623
A,C2,-0.26225931863393787,10.0,623
R100,C1,0.21707961506513349,10.0,624
R100,Q1,-0.2316086186618216,10.0,624
R100,C2,-0.17629227586992696,10.0,624
A,C1,0.014453602397556274,10.0,624
A,Q1,-0.02438608976111644,10.0,624
A,C2,-0.34312694994709414,10.0,624
R100,C1,-0.26295086695346487,10.0,625
R100,Q1,-0.09618062406763386,10.0,625
R100,C2,0.259567180879984,10.0,625
A,C1,0.12087661497584243,10.0,625
A,Q1,0.2727103462294219,10.0,625
A,C2,-0.23743964881981613,10.0,625
R100,C1,-0.24807907384254194,10.0,626
R100,Q1,-0.16277636752491847,10.0,626
R100,C2,0.23219229529378316,10.0,626
A,C1,-0.11819677048301358,10.0,626
A,Q1,0.11088280076539983,10.0,626
A,C2,0.06926288363052892,10.0,626
R100,C1,-0.2764470842199611,10.0,627
R100,Q1,-0.03074748621391927,10.0,627
R100,C2,0.2672561869228123,10.0,627
A,C1,0.16783744254619729,10.0,627
A,Q1,-0.08897324410324929,10.0,627
A,C2,-0.08162167301792161,10.0,627
R100,C1,-0.2723273234017712,10.0,628
R100,Q1,-0.052871091470978085,10.0,628
R100,C2,0.26057955442106406,10.0,628
A,C1,0.19721180975553504,10.0,628
A,Q1,0.03549185453800477,10.0,628
A,C2,-0.1856986317155977,10.0,628
R100,C1,-0.26155472650781386,10.0,629
R100,Q1,-0.06674032864216364,10.0,629
R100,C2,0.2733029122072516,10.0,629
A,C1,0.25641429136216,10.0,629
A,Q1,-0.04843167997715586,10.0,629
A,C2,-0.1957997988336456,10.0,629
R100,C1,-0.21331302769992858,10.0,630
R100,Q1,-0.2167439493706427,10.0,630
R100,C2,0.20152624717828463,10.0,630
A,C1,-0.0031174816605869537,10.0,630
A,Q1,-0.07252277651824449,10.0,630
A,C2,-0.016485254684795676,10.0,630
R100,C1,-0.26472221042376226,10.0,631
R100,Q1,-0.02827160734900354,10.0,631
R100,C2,0.2616600436616212,10.0,631
A,C1,0.11780824822209036,10.0,631
A,Q1,-0.02938490221082618,10.0,631
A,C2,-0.10111889418922106,10.0,631
R100,C1,-0.25772394681393707,10.0,632
R100,Q1,-0.14090755123965462,10.0,632
R100,C2,0.23459835897521308,10.0,632
A,C1,-0.06774952576069923,10.0,632
A,Q1,-0.054586842264018484,10.0,632
A,C2,0.0782313052074755,10.0,632
R100,C1,-0.2319124442388112,10.0,634
R100,Q1,-0.20920704942028584,10.0,634
R100,C2,0.21788658789172505,10.0,634
A,C1,0.26006124815503207,10.0,634
A,Q1,0.11858946361809072,10.0,634
A,C2,-0.2052469672454525,10.0,634
R100,C1,-0.2440787312089695,10.0,635
R100,Q1,-0.1772187068644351,10.0,635
R100,C2,0.23330008235370328,10.0,635
A,C1,0.16674837246447302,10.0,635
A,Q1,-0.03348636736646557,10.0,635
A,C2,-0.022483483799262984,10.0,635
R100,C1,-0.20910372412856004,10.0,637
R100,Q1,-0.18587575442898108,10.0,637
R100,C2,0.25335571959472014,10.0,637
A,C1,0.16076954732192145,10.0,637
A,Q1,-0.21860648471904248,10.0,637
A,C2,-0.05712454891474868,10.0,637
R100,C1,-0.2362050226022827,10.0,638
R100,Q1,-0.16663415145929408,10.0,638
R100,C2,0.2358483301400443,10.0,638
A,C1,0.25639418907642053,10.0,638
A,Q1,0.12143060671099985,10.0,638
A,C2,-0.23622625387471913,10.0,638
R100,C1,0.1881438886555095,10.0,639
R100,Q1,-0.2370560153277142,10.0,639
R100,C2,-0.05744637987046881,10.0,639
A,C1,0.1307995551931951,10.0,639
A,Q1,-0.1717085640762271,10.0,639
A,C2,-0.15601419780661563,10.0,639
R100,C1,-0.23113375418615814,10.0,641
R100,Q1,-0.19141977620785364,10.0,641
R100,C2,0.2338004592466882,10.0,641
A,C1,-0.1974210739120946,10.0,641
A,Q1,-0.2354892769999202,10.0,641
A,C2,0.1765663788079216,10.0,641
R100,C1,-0.25467510964318757,10.0,642
R100,Q1,-0.14757969757126557,10.0,642
R100,C2,0.24022893972152065,10.0,642
A,C1,0.2832675059782545,10.0,642
A,Q1,0.07232077588408882,10.0,642
A,C2,-0.24042531622317448,10.0,642
R100,C1,-0.02833002214249512,10.0,643
R100,Q1,-0.004472025500953455,10.0,643
R100,C2,0.023507256669459683,10.0,643
A,C1,-0.189661380218911,10.0,643
A,Q1,0.15545926210151403,10.0,643
A,C2,0.053394193299957225,10.0,643
R100,C1,-0.2517353863624097,10.0,644
R100,Q1,-0.11320577046232709,10.0,644
R100,C2,0.25993937150260366,10.0,644
A,C1,-0.06182888302260039,10.0,644
A,Q1,-0.11068240485831576,10.0,644
A,C2,0.05758174300034356,10.0,644
R100,C1,-0.21304450806401565,10.0,645
R100,Q1,-0.17923137769450223,10.0,645
R100,C2,0.2555661456189029,10.0,645
A,C1,0.18764089649682367,10.0,645
A,Q1,-0.07285001643133503,10.0,645
A,C2,-0.1473986216927252,10.0,645
R100,C1,-0.23727261477686531,10.0,646
R100,Q1,-0.18550237645796955,10.0,646
R100,C2,0.2345977187182429,10.0,646
A,C1,0.15481903675349748,10.0,646
A,Q1,0.2874267566497068,10.0,646
A,C2,-0.18557846703102818,10.0,646
R100,C1,-0.24913491858136402,10.0,647
R100,Q1,-0.12425894513199011,10.0,647
R100,C2,0.24343941133665978,10.0,647
A,C1,0.024325410720474495,10.0,647
A,Q1,0.05871287317410859,10.0,647
A,C2,-0.035991839342419556,10.0,647
R100,C1,-0.23856544556766218,10.0,648
R100,Q1,-0.20353703923418082,10.0,648
R100,C2,0.2108715587015104,10.0,648
A,C1,0.2256705034830312,10.0,648
A,Q1,0.16325113300896027,10.0,648
A,C2,-0.2488836024505111,10.0,648
R100,C1,-0.24508894896331931,10.0,650
R100,Q1,-0.1673168940797858,10.0,650
R100,C2,0.2359251243812453,10.0,650
A,C1,0.07714528555669065,10.0,650
A,Q1,-0.12335373567898358,10.0,650
A,C2,-0.15166019876863623,10.0,650
R100,C1,0.21788711346868622,10.0,651
R100,Q1,-0.25715220088139384,10.0,651
R100,C2,-0.0622117165172137,10.0,651
A,C1,0.19515239544518742,10.0,651
A,Q1,-0.22517022934500233,10.0,651
A,C2,-0.154529860807251,10.0,651
R100,C1,-0.2640438232459749,10.0,652
R100,Q1,-0.07876191184829778,10.0,652
R100,C2,0.2683168591405657,10.0,652
A,C1,0.18122921170735962,10.0,652
A,Q1,0.19061620927536246,10.0,652
A,C2,-0.25133532171012773,10.0,652
R100,C1,-0.26360933444062795,10.0,654
R100,Q1,-0.07602084789697156,10.0,654
R100,C2,0.26763125273858,10.0,654
A,C1,0.1679323104155126,10.0,654
A,Q1,-0.08408211091263512,10.0,654
A,C2,-0.0820039030906114,10.0,654
R100,C1,-0.2651309383105685,10.0,655
R100,Q1,-0.07163435203530664,10.0,655
R100,C2,0.2664092152504598,10.0,655
A,C1,0.18469084281122586,10.0,655
A,Q1,0.036243526944893446,10.0,655
A,C2,-0.20061857776952235,10.0,655
R100,C1,0.12424936915226127,10.0,657
R100,Q1,-0.2129905353817687,10.0,657
R100,C2,-0.07714174156394525,10.0,657
A,C1,0.10960800842242142,10.0,657
A,Q1,-0.1925033607812914,10.0,657
A,C2,-0.1424860364448185,10.0,657
R100,C1,-0.2543767980874271,10.0,658
R100,Q1,-0.13783848793981468,10.0,658
R100,C2,0.2416329591022248,10.0,658
A,C1,-0.05330184630265986,10.0,658
A,Q1,0.05247574029176289,10.0,658
A,C2,0.004671695994421164,10.0,658
R100,C1,-0.26389528168794046,10.0,659
R100,Q1,-0.10392320470285855,10.0,659
R100,C2,0.24863384410356532,10.0,659
A,C1,0.25489605165610185,10.0,659
A,Q1,-0.0062900477403327595,10.0,659
A,C2,-0.19054363445880212,10.0,659
R100,C1,-0.25286501365492525,10.0,660
R100,Q1,-0.13945895265672983,10.0,660
R100,C2,0.24473583623111733,10.0,660
A,C1,0.20367922510773373,10.0,660
A,Q1,-0.14368840829081198,10.0,660
A,C2,-0.19499722177327927,10.0,660
R100,C1,0.15409183973951293,10.0,661
R100,Q1,-0.17070771075970276,10.0,661
R100,C2,0.24141191166074144,10.0,661
A,C1,0.08373851225626296,10.0,661
A,Q1,-0.0862036534994224,10.0,661
A,C2,0.09257495717511839,10.0,661
R100,C1,-0.273801952462443,10.0,662
R100,Q1,-0.047946631639851654,10.0,662
R100,C2,0.26721117905123615,10.0,662
A,C1,0.2019369129549666,10.0,662
A,Q1,0.11079840865778935,10.0,662
A,C2,-0.24334326573428247,10.0,662
R100,C1,-0.23970575653439868,10.0,664
R100,Q1,-0.17659620912590396,10.0,664
R100,C2,0.2343937390634261,10.0,664
A,C1,0.2432456616747537,10.0,664
A,Q1,0.12230599345004,10.0,664
A,C2,-0.27104082971644344,10.0,664
R100,C1,-0.2241626387286297,10.0,665
R100,Q1,-0.21257607515991495,10.0,665
R100,C2,0.2094661461360683,10.0,665
A,C1,0.17917858642318785,10.0,665
A,Q1,0.09715988356438765,10.0,665
A,C2,-0.19533475826391167,10.0,665
R100,C1,-0.2549992763629123,10.0,666
R100,Q1,-0.13284112867410733,10.0,666
R100,C2,0.2424999388623851,10.0,666
A,C1,-0.16013972525314454,10.0,666
A,Q1,-0.19815051385837026,10.0,666
A,C2,0.22990176731453818,10.0,666
R100,C1,-0.26455186040917,10.0,667
R100,Q1,-0.031192287349299647,10.0,667
R100,C2,0.2627187902498849,10.0,667
A,C1,0.013914998946621734,10.0,667
A,Q1,0.025747146802999728,10.0,667
A,C2,-0.02509255955628402,10.0,667
R100,C1,-0.24680041326090435,10.0,668
R100,Q1,-0.13446390524618826,10.0,668
R100,C2,0.24308841747756316,10.0,668
A,C1,-0.2539013494371059,10.0,668
A,Q1,-0.07673288293170849,10.0,668
A,C2,0.19370199922235645,10.0,668
R100,C1,-0.2501467031591912,10.0,670
R100,Q1,-0.1347404788453095,10.0,670
R100,C2,0.25622484211045127,10.0,670
A,C1,0.03500881262816694,10.0,670
A,Q1,0.23259088770209513,10.0,670
A,C2,-0.13695299280611187,10.0,670
R100,C1,-0.26749512790084606,10.0,674
R100,Q1,-0.05061554399895256,10.0,674
R100,C2,0.2697557689841764,10.0,674
A,C1,-0.194021441283638,10.0,674
A,Q1,-0.06890251809242656,10.0,674
A,C2,0.1909073022878363,10.0,674
R100,C1,-0.2586012353034644,10.0,675
R100,Q1,-0.11438725076567628,10.0,675
R100,C2,0.25081202640618455,10.0,675
A,C1,0.28543979061699243,10.0,675
A,Q1,-0.03330395112119409,10.0,675
A,C2,-0.24840534658509328,10.0,675
R100,C1,-0.25754404426701644,10.0,676
R100,Q1,-0.1017129134670869,10.0,676
R100,C2,0.2659255830378133,10.0,676
A,C1,-0.004545476815041328,10.0,676
A,Q1,0.14105893786769486,10.0,676
A,C2,-0.07200592949683747,10.0,676
R100,C1,-0.27424355511728565,10.0,679
R100,Q1,-0.07228601300966783,10.0,679
R100,C2,0.25616807366452576,10.0,679
A,C1,0.2582954001643993,10.0,679
A,Q1,0.0728138124160388,10.0,679
A,C2,-0.25028382548956735,10.0,679
R100,C1,0.2175454040292226,10.0,680
R100,Q1,-0.23516763548487146,10.0,680
R100,C2,-0.0938106587599315,10.0,680
A,C1,-0.032693527139909286,10.0,680
A,Q1,0.018059440590538264,10.0,680
A,C2,-0.36030791457745764,10.0,680
R100,C1,-0.26941433718176205,10.0,681
R100,Q1,-0.05248602757268267,10.0,681
R100,C2,0.26953577153408564,10.0,681
A,C1,-0.19923738695496332,10.0,681
A,Q1,-0.11935904548038109,10.0,681
A,C2,0.24652070556403818,10.0,681
R100,C1,0.2645088900640958,10.0,682
R100,Q1,-0.26656290381085673,10.0,682
R100,C2,-0.06350941858948925,10.0,682
A,C1,0.20765467425304732,10.0,682
A,Q1,-0.1897396495659801,10.0,682
A,C2,-0.19270036985807748,10.0,682
R100,C1,-0.27649417961738737,10.0,684
R100,Q1,-0.049833686747913636,10.0,684
R100,C2,0.2629913490424708,10.0,684
A,C1,0.1549294210598307,10.0,684
A,Q1,-0.04629142860791103,10.0,684
A,C2,-0.10451989472077718,10.0,684
R100,C1,0.25899702046227724,10.0,685
R100,Q1,-0.26253051237214525,10.0,685
R100,C2,-0.054611680283976435,10.0,685
A,C1,0.09906080396258603,10.0,685
A,Q1,0.0022130225214183445,10.0,685
A,C2,-0.3288804123171298,10.0,685
R100,C1,-0.24435191267315678,10.0,686
R100,Q1,-0.1824438966329651,10.0,686
R100,C2,0.22496134897526687,10.0,686
A,C1,0.05089879072682735,10.0,686
A,Q1,-0.03840191145686035,10.0,686
A,C2,-0.16737645887973288,10.0,686
R100,C1,0.24716115761147595,10.0,687
R100,Q1,-0.23910727542668098,10.0,687
R100,C2,-0.04696827455759254,10.0,687
A,C1,0.14854282230378016,10.0,687
A,Q1,-0.15994113408589383,10.0,687
A,C2,-0.07488563383000907,10.0,687
R100,C1,-0.24482124173966596,10.0,689
R100,Q1,-0.16444963852026265,10.0,689
R100,C2,0.23955047478088712,10.0,689
A,C1,-0.20060098064582915,10.0,689
A,Q1,-0.223831285398121,10.0,689
A,C2,0.21661828635002886,10.0,689
R100,C1,-0.263275646844514,10.0,690
R100,Q1,-0.08875066429184249,10.0,690
R100,C2,0.25702863763140016,10.0,690
A,C1,0.21679549480720756,10.0,690
A,Q1,0.012931791496689273,10.0,690
A,C2,-0.1872324429219519,10.0,690
R100,C1,-0.24045308683547414,10.0,691
R100,Q1,-0.18426455006880163,10.0,691
R100,C2,0.22385965852212508,10.0,691
A,C1,0.23296604504389148,10.0,691
A,Q1,-0.18362502608306577,10.0,691
A,C2,-0.07613657592901565,10.0,691
R100,C1,-0.241926872597339,10.0,692
R100,Q1,-0.18854285529632137,10.0,692
R100,C2,0.223183676337571,10.0,692
A,C1,-0.08609024212193485,10.0,692
A,Q1,-0.3078642436698281,10.0,692
A,C2,0.15084158870640954,10.0,692
R100,C1,-0.22446746708287788,10.0,693
R100,Q1,-0.2112251833767661,10.0,693
R100,C2,0.21343372359521884,10.0,693
A,C1,-0.07899653675755264,10.0,693
A,Q1,-0.0193678412328541,10.0,693
A,C2,0.04019801640892848,10.0,693
R100,C1,-0.2637722051488309,10.0,694
R100,Q1,-0.07104289866404806,10.0,694
R100,C2,0.2649128524494977,10.0,694
A,C1,0.20614424455889707,10.0,694
A,Q1,-0.05171461612690074,10.0,694
A,C2,-0.17157533655598756,10.0,694
R100,C1,0.17123095249398892,10.0,695
R100,Q1,-0.24157470999656963,10.0,695
R100,C2,0.04594397538356694,10.0,695
A,C1,-0.2514571156077611,10.0,695
A,Q1,0.20650044208191526,10.0,695
A,C2,-0.13305321601058334,10.0,695
R100,C1,-0.2483537251026589,10.0,696
R100,Q1,-0.1484453529327498,10.0,696
R100,C2,0.23569771180193008,10.0,696
A,C1,0.18638291190113374,10.0,696
A,Q1,-0.1975158560836787,10.0,696
A,C2,-0.16160022764786355,10.0,696
R100,C1,-0.21523176650717196,10.0,698
R100,Q1,-0.21631429336878308,10.0,698
R100,C2,0.20240843113888266,10.0,698
A,C1,0.024830189076725444,10.0,698
A,Q1,-0.007402980495161068,10.0,698
A,C2,-0.05498016426419683,10.0,698
R100,C1,0.1301902403619461,10.0,699
R100,Q1,0.055752295073357695,10.0,699
R100,C2,-0.16691468180430313,10.0,699
A,C1,0.00020123990897399593,10.0,699
A,Q1,-0.02379429853558295,10.0,699
A,C2,0.06113114174351931,10.0,699
R100,C1,-0.26297808653969057,10.0,700
R100,Q1,-0.11067279772275308,10.0,700
R100,C2,0.25267678482641803,10.0,700
A,C1,-0.27940924558135805,10.0,700
A,Q1,-0.021684605738089925,10.0,700
A,C2,0.21682942474287728,10.0,700
R100,C1,-0.23629810640353852,10.0,701
R100,Q1,-0.21148324870062,10.0,701
R100,C2,0.20566275341652585,10.0,701
A,C1,0.06497393174079044,10.0,701
A,Q1,-0.19010068035630334,10.0,701
A,C2,-0.18974903452169745,10.0,701
R100,C1,-0.24447030787379412,10.0,703
R100,Q1,-0.15305198368746475,10.0,703
R100,C2,0.24582355551973778,10.0,703
A,C1,-0.2325664919833169,10.0,703
A,Q1,-0.17312122930580393,10.0,703
A,C2,0.17164233697857506,10.0,703
R100,C1,0.11927174045170666,10.0,704
R100,Q1,-0.17464752617403043,10.0,704
R100,C2,0.21385678228654417,10.0,704
A,C1,0.0828955053347062,10.0,704
A,Q1,-0.11717684526841528,10.0,704
A,C2,0.264294011075133,10.0,704
R100,C1,-0.2621722321282405,10.0,705
R100,Q1,-0.09418465059071722,10.0,705
R100,C2,0.2641776655958946,10.0,705
A,C1,-0.18173073782656723,10.0,705
A,Q1,-0.09672642291571279,10.0,705
A,C2,0.2177900855850591,10.0,705
R100,C1,-0.2555947210638195,10.0,706
R100,Q1,-0.13641393560707993,10.0,706
R100,C2,0.2353295867187643,10.0,706
A,C1,-0.1901841961040172,10.0,706
A,Q1,-0.21346890653762202,10.0,706
A,C2,0.12870073044954097,10.0,706
R100,C1,-0.24763427376432617,10.0,709
R100,Q1,-0.1516569680197094,10.0,709
R100,C2,0.2362562347321877,10.0,709
A,C1,0.25681239553099544,10.0,709
A,Q1,-0.05365847143423384,10.0,709
A,C2,-0.20151120542928141,10.0,709
R100,C1,-0.25171657943182196,10.0,710
R100,Q1,-0.109549399674797,10.0,710
R100,C2,0.25294517944595524,10.0,710
A,C1,0.1654615780728704,10.0,710
A,Q1,0.11368053665747714,10.0,710
A,C2,-0.19155334724080278,10.0,710
R100,C1,-0.2494696489751342,10.0,711
R100,Q1,-0.14234565434841903,10.0,711
R100,C2,0.2400850290514465,10.0,711
A,C1,-0.025314564587572377,10.0,711
A,Q1,-0.3230505560812264,10.0,711
A,C2,0.1489228744363646,10.0,711
R100,C1,-0.2523583787577096,10.0,712
R100,Q1,-0.14980838665151255,10.0,712
R100,C2,0.2357688491331611,10.0,712
A,C1,-0.1000321479792798,10.0,712
A,Q1,-0.15358946014930325,10.0,712
A,C2,0.0725299444760993,10.0,712
R100,C1,-0.23722440731225086,10.0,714
R100,Q1,-0.15750384060055145,10.0,714
R100,C2,0.23782221330590772,10.0,714
A,C1,0.25954308359696165,10.0,714
A,Q1,0.007854269395766856,10.0,714
A,C2,-0.27463273180708275,10.0,714
R100,C1,-0.24695290470615117,10.0,715
R100,Q1,-0.15194875784408432,10.0,715
R100,C2,0.2463173864895786,10.0,715
A,C1,-0.14226477904965726,10.0,715
A,Q1,-0.22669796034237202,10.0,715
A,C2,0.15421628686536415,10.0,715
R100,C1,-0.2586279834311394,10.0,716
R100,Q1,-0.10082835934320593,10.0,716
R100,C2,0.25824861213674927,10.0,716
A,C1,0.2231446040767785,10.0,716
A,Q1,0.0353397832538179,10.0,716
A,C2,-0.19675184777596108,10.0,716
R100,C1,-0.27457228717058024,10.0,717
R100,Q1,-0.006231659819762772,10.0,717
R100,C2,0.27018258286731445,10.0,717
A,C1,-0.2616426981449153,10.0,717
A,Q1,0.06242473473279401,10.0,717
A,C2,0.21028819651655162,10.0,717
R100,C1,-0.27507690144061214,10.0,719
R100,Q1,-0.007104743138104527,10.0,719
R100,C2,0.2652093610541882,10.0,719
A,C1,0.19409959930751292,10.0,719
A,Q1,0.034855385200294194,10.0,719
A,C2,-0.20290614400776485,10.0,719
R100,C1,-0.2153361990380341,10.0,720
R100,Q1,-0.25322174844760487,10.0,720
R100,C2,0.18069880920249648,10.0,720
A,C1,0.08048597408598236,10.0,720
A,Q1,-0.09806827106039905,10.0,720
A,C2,-0.2300888376599336,10.0,720
R100,C1,-0.2589102630800472,10.0,721
R100,Q1,-0.14188350630064947,10.0,721
R100,C2,0.2338784483664958,10.0,721
A,C1,0.20514836480470483,10.0,721
A,Q1,0.19874055482700925,10.0,721
A,C2,-0.21571993958251848,10.0,721
R100,C1,0.2742198611288205,10.0,723
R100,Q1,-0.239772557756002,10.0,723
R100,C2,-0.06920259592380915,10.0,723
A,C1,0.1534760892322181,10.0,723
A,Q1,-0.15734945552273988,10.0,723
A,C2,-0.1552792585913008,10.0,723
R100,C1,0.2550353185879624,10.0,724
R100,Q1,-0.25716627168942713,10.0,724
R100,C2,-0.05451513361777763,10.0,724
A,C1,0.1439102090658017,10.0,724
A,Q1,-0.13121696462343765,10.0,724
A,C2,-0.1926123652092651,10.0,724
R100,C1,0.2240178464338068,10.0,725
R100,Q1,-0.17209808679393226,10.0,725
R100,C2,0.16108638988779242,10.0,725
A,C1,-0.18094824807555854,10.0,725
A,Q1,0.1968322760054903,10.0,725
A,C2,-0.22383111265412775,10.0,725
R100,C1,-0.25766048543906606,10.0,726
R100,Q1,-0.1304037009358342,10.0,726
R100,C2,0.24129665122233993,10.0,726
A,C1,-0.0547609911575204,10.0,726
A,Q1,0.05162016834476006,10.0,726
A,C2,0.007943896114076645,10.0,726
R100,C1,0.26071097154042666,10.0,728
R100,Q1,-0.22453800038900773,10.0,728
R100,C2,-0.08196806665404263,10.0,728
A,C1,0.11419297711508986,10.0,728
A,Q1,-0.08803384758030477,10.0,728
A,C2,-0.2755754638525929,10.0,728
R100,C1,-0.23690497321860965,10.0,729
R100,Q1,-0.17957151019824844,10.0,729
R100,C2,0.235193939598676,10.0,729
A,C1,0.10502640127047674,10.0,729
A,Q1,-0.04049469082013346,10.0,729
A,C2,-0.22507960193448528,10.0,729
R100,C1,-0.23390087928508657,10.0,730
R100,Q1,-0.1752688401264537,10.0,730
R100,C2,0.23264052607124316,10.0,730
A,C1,0.145898846307516,10.0,730
A,Q1,-0.24447952077664478,10.0,730
A,C2,-0.06766214569818992,10.0,730
R100,C1,-0.21933409062970247,10.0,731
R100,Q1,-0.2203752204387257,10.0,731
R100,C2,0.20678344552864442,10.0,731
A,C1,-0.04389323675122251,10.0,731
A,Q1,-0.07634231329111742,10.0,731
A,C2,0.04562543254118066,10.0,731
R100,C1,0.2502370390715148,10.0,732
R100,Q1,-0.2533376808282653,10.0,732
R100,C2,-0.10474382933208773,10.0,732
A,C1,0.0682917356012584,10.0,732
A,Q1,-0.0771197854932231,10.0,732
A,C2,-0.35767998104414767,10.0,732
R100,C1,-0.24013641816374043,10.0,733
R100,Q1,-0.18489648262448752,10.0,733
R100,C2,0.21529866768844858,10.0,733
A,C1,0.06245452898533828,10.0,733
A,Q1,-0.14903178434792586,10.0,733
A,C2,-0.19955670317745422,10.0,733
R100,C1,-0.2324252214192385,10.0,734
R100,Q1,-0.18918895112543038,10.0,734
R100,C2,0.23387519056360523,10.0,734
A,C1,-0.1362175273596866,10.0,734
A,Q1,-0.2399567807752162,10.0,734
A,C2,0.16941081235509783,10.0,734
R100,C1,0.16009154166494596,10.0,735
R100,Q1,-0.1616275548625153,10.0,735
R100,C2,0.20083327528453396,10.0,735
A,C1,0.08764828895448425,10.0,735
A,Q1,-0.021719445774462946,10.0,735
A,C2,0.028899233484314328,10.0,735
R100,C1,-0.21358705039592688,10.0,736
R100,Q1,-0.22176010875991664,10.0,736
R100,C2,0.2231102977903861,10.0,736
A,C1,0.24899908119499914,10.0,736
A,Q1,-0.0063161651033701105,10.0,736
A,C2,-0.2501736095823837,10.0,736
R100,C1,-0.22462526384068252,10.0,737
R100,Q1,-0.23664585730833582,10.0,737
R100,C2,0.1964913727261303,10.0,737
A,C1,0.19153629548763762,10.0,737
A,Q1,-0.2070947137292734,10.0,737
A,C2,-0.1808305254841165,10.0,737
R100,C1,0.25998196352425107,10.0,738
R100,Q1,-0.26614437899395554,10.0,738
R100,C2,0.009803771533710865,10.0,738
A,C1,0.10599670663033979,10.0,738
A,Q1,-0.20861199107436362,10.0,738
A,C2,-0.019154926998018004,10.0,738
R100,C1,-0.2546042738686168,10.0,740
R100,Q1,-0.14705980205239103,10.0,740
R100,C2,0.2419660761771829,10.0,740
A,C1,0.28999941631591103,10.0,740
A,Q1,0.010491170505698389,10.0,740
A,C2,-0.16231206902276477,10.0,740
R100,C1,0.18148763739149854,10.0,741
R100,Q1,-0.2395565846629941,10.0,741
R100,C2,0.20811385489770598,10.0,741
A,C1,-0.08430007156679828,10.0,741
A,Q1,-0.06492759676245795,10.0,741
A,C2,0.22928364276333904,10.0,741
R100,C1,-0.2768985012208996,10.0,742
R100,Q1,-0.030068727641874474,10.0,742
R100,C2,0.26746527939024684,10.0,742
A,C1,0.26182501795035495,10.0,742
A,Q1,-0.18851558569039914,10.0,742
A,C2,-0.09802751412572225,10.0,742
R100,C1,-0.24146448580886853,10.0,743
R100,Q1,-0.18267262851739693,10.0,743
R100,C2,0.23222522466742807,10.0,743
A,C1,-0.11367086719296447,10.0,743
A,Q1,-0.24543261007207076,10.0,743
A,C2,0.19736502194107328,10.0,743
R100,C1,-0.23227196695339178,10.0,744
R100,Q1,-0.19745560728226502,10.0,744
R100,C2,0.21665937655112893,10.0,744
A,C1,0.13413708883166076,10.0,744
A,Q1,0.11366945550842215,10.0,744
A,C2,-0.20269782874786318,10.0,744
R100,C1,-0.25251618760013717,10.0,745
R100,Q1,-0.09947565970637243,10.0,745
R100,C2,0.25739096720959276,10.0,745
A,C1,0.10876169006214632,10.0,745
A,Q1,-0.13120054428811706,10.0,745
A,C2,-0.21839688753663125,10.0,745
R100,C1,0.26974959829357914,10.0,746
R100,Q1,-0.2483697278872265,10.0,746
R100,C2,-0.06499223664167833,10.0,746
A,C1,0.14118099922518232,10.0,746
A,Q1,-0.15597439571679703,10.0,746
A,C2,-0.0553973643448988,10.0,746
R100,C1,-0.26738779868938845,10.0,748
R100,Q1,-0.069187864414903,10.0,748
R100,C2,0.26681544576494937,10.0,748
A,C1,-0.1852550914370105,10.0,748
A,Q1,-0.1956490320882331,10.0,748
A,C2,0.24139569257538282,10.0,748
R100,C1,-0.2330685547039751,10.0,749
R100,Q1,-0.19293113995682915,10.0,749
R100,C2,0.22544675579323273,10.0,749
A,C1,0.1835415339199245,10.0,749
A,Q1,0.0074959247003675775,10.0,749
A,C2,-0.19208246972049645,10.0,749
R100,C1,0.2114849621278867,10.0,750
R100,Q1,-0.24791228517792813,10.0,750
R100,C2,-0.02664589728084421,10.0,750
A,C1,-0.03678955842624035,10.0,750
A,Q1,0.03557452392838148,10.0,750
A,C2,-0.040515053060568455,10.0,750
R100,C1,0.2319169236466441,10.0,751
R100,Q1,-0.2637329215325908,10.0,751
R100,C2,-0.041988019195282535,10.0,751
A,C1,0.18242699743683002,10.0,751
A,Q1,-0.1864203531987048,10.0,751
A,C2,-0.22679214524740146,10.0,751
R100,C1,-0.2588293203181982,10.0,752
R100,Q1,-0.12513442922264875,10.0,752
R100,C2,0.23801012724627219,10.0,752
A,C1,0.261464927283545,10.0,752
A,Q1,-0.03379521153222586,10.0,752
A,C2,-0.19180477601290447,10.0,752
R100,C1,-0.24918961073909635,10.0,753
R100,Q1,-0.1240904455973131,10.0,753
R100,C2,0.25651657323294863,10.0,753
A,C1,-0.0853882467535833,10.0,753
A,Q1,-0.09385985714361099,10.0,753
A,C2,0.09347990146694567,10.0,753
R100,C1,0.22389837367485377,10.0,754
R100,Q1,-0.2475558127717759,10.0,754
R100,C2,-0.05409387825790464,10.0,754
A,C1,0.11531480664380553,10.0,754
A,Q1,-0.12916439899888962,10.0,754
A,C2,-0.09394673741717521,10.0,754
R100,C1,-0.2748089607383208,10.0,755
R100,Q1,-0.05667876916939655,10.0,755
R100,C2,0.2598168926715959,10.0,755
A,C1,0.10581780256487258,10.0,755
A,Q1,-0.006716630607576925,10.0,755
A,C2,-0.05903654747561967,10.0,755
R100,C1,0.24046458518450356,10.0,756
R100,Q1,-0.24724571072848694,10.0,756
R100,C2,-0.11652355442884388,10.0,756
A,C1,0.18871044303874696,10.0,756
A,Q1,-0.2114291519387974,10.0,756
A,C2,-0.1417139591026039,10.0,756
R100,C1,-0.23374798015213752,10.0,757
R100,Q1,-0.19881564644453883,10.0,757
R100,C2,0.22086630350610148,10.0,757
A,C1,0.21309947113539982,10.0,757
A,Q1,0.13277450216328585,10.0,757
A,C2,-0.26655014039592306,10.0,757
R100,C1,-0.256025526476856,10.0,758
R100,Q1,-0.1075911665927589,10.0,758
R100,C2,0.24945988448800635,10.0,758
A,C1,-0.11198389443518594,10.0,758
A,Q1,-0.21745935975377473,10.0,758
A,C2,0.15323241169826507,10.0,758
R100,C1,-0.24623077978682584,10.0,759
R100,Q1,-0.133446060614479,10.0,759
R100,C2,0.24326217021923355,10.0,759
A,C1,0.158211040619357,10.0,759
A,Q1,-0.1988985225182255,10.0,759
A,C2,-0.0928714149514905,10.0,759
R100,C1,0.20814011601837554,10.0,760
R100,Q1,-0.20950265766318638,10.0,760
R100,C2,-0.008604023176027459,10.0,760
A,C1,0.1772075773520368,10.0,760
A,Q1,-0.1804173699543017,10.0,760
A,C2,0.03359281196391039,10.0,760
R100,C1,-0.24572760535327615,10.0,761
R100,Q1,-0.16699621955704486,10.0,761
R100,C2,0.23357564638522343,10.0,761
A,C1,0.301008248585853,10.0,761
A,Q1,-0.07711873872670402,10.0,761
A,C2,-0.1475014010813862,10.0,761
R100,C1,0.09805883854294647,10.0,763
R100,Q1,-0.1458076842155908,10.0,763
R100,C2,0.3130278370196215,10.0,763
A,C1,-0.1961403096570787,10.0,763
A,Q1,0.19024518896566886,10.0,763
A,C2,0.2544389540463754,10.0,763
R100,C1,0.009558702692866503,10.0,764
R100,Q1,-0.0769539652878333,10.0,764
R100,C2,0.20001193595013744,10.0,764
A,C1,-0.20166412063185338,10.0,764
A,Q1,0.12753230919934447,10.0,764
A,C2,-0.006922676488633881,10.0,764
R100,C1,-0.24678769072182166,10.0,765
R100,Q1,-0.15035752096235883,10.0,765
R100,C2,0.24754045068789024,10.0,765
A,C1,-0.12587173527138037,10.0,765
A,Q1,-0.20509087821381314,10.0,765
A,C2,0.20821439130285083,10.0,765
R100,C1,0.22399120858487476,10.0,766
R100,Q1,-0.16391703672469093,10.0,766
R100,C2,-0.02185928942433846,10.0,766
A,C1,0.010606326395754912,10.0,766
A,Q1,-0.00687409354306077,10.0,766
A,C2,0.04168864267016807,10.0,766
R100,C1,-0.25639534810433867,10.0,767
R100,Q1,-0.13361073894641567,10.0,767
R100,C2,0.23332554086281568,10.0,767
A,C1,0.15960492013976266,10.0,767
A,Q1,-0.10457342954964352,10.0,767
A,C2,-0.14274646798308246,10.0,767
R100,C1,-0.23903623672020147,10.0,768
R100,Q1,-0.16908606616940694,10.0,768
R100,C2,0.2379223930898186,10.0,768
A,C1,0.24200339789635567,10.0,768
A,Q1,0.16057363091272722,10.0,768
A,C2,-0.23317356693076072,10.0,768
R100,C1,0.19719202782430098,10.0,769
R100,Q1,-0.17804360253362314,10.0,769
R100,C2,0.17142460006058496,10.0,769
A,C1,0.007502626154534538,10.0,769
A,Q1,-0.1662995610146569,10.0,769
A,C2,0.2245383036014493,10.0,769
R100,C1,0.19390222626114537,10.0,771
R100,Q1,-0.25197798655034687,10.0,771
R100,C2,0.08943714389564829,10.0,771
A,C1,-0.1164221544305109,10.0,771
A,Q1,0.03428119260204748,10.0,771
A,C2,0.1044847649798857,10.0,771
R100,C1,-0.2686278959425222,10.0,772
R100,Q1,-0.09913649769386927,10.0,772
R100,C2,0.24983253912615996,10.0,772
A,C1,0.2454864726611499,10.0,772
A,Q1,0.14556328934791474,10.0,772
A,C2,-0.2539602069573533,10.0,772
R100,C1,-0.25593362100236267,10.0,775
R100,Q1,-0.12475105369689025,10.0,775
R100,C2,0.25497213164243165,10.0,775
A,C1,-0.3034941517244591,10.0,775
A,Q1,0.0790038837322738,10.0,775
A,C2,0.1858690279630973,10.0,775
R100,C1,-0.248023589372522,10.0,776
R100,Q1,-0.1483891681628323,10.0,776
R100,C2,0.24735304517666867,10.0,776
A,C1,0.13510021997892133,10.0,776
A,Q1,0.26996160694065413,10.0,776
A,C2,-0.22626196517070843,10.0,776
R100,C1,-0.243886245840839,10.0,780
R100,Q1,-0.13990707034684885,10.0,780
R100,C2,0.2381102074607858,10.0,780
A,C1,0.13173001106445092,10.0,780
A,Q1,-0.1063381009815309,10.0,780
A,C2,-0.10620364115037309,10.0,780
R100,C1,-0.27738583604165973,10.0,781
R100,Q1,-0.005987855779680077,10.0,781
R100,C2,0.26762243729693713,10.0,781
A,C1,-0.19818020917503543,10.0,781
A,Q1,-0.17258105894623305,10.0,781
A,C2,0.2418966161440838,10.0,781
R100,C1,-0.22303876797125313,10.0,782
R100,Q1,-0.22625823520118515,10.0,782
R100,C2,0.20744455422506203,10.0,782
A,C1,0.09651539903232421,10.0,782
A,Q1,-0.10462392877184959,10.0,782
A,C2,-0.2473076822013204,10.0,782
R100,C1,-0.26304491461206986,10.0,784
R100,Q1,-0.07592590400391928,10.0,784
R100,C2,0.2671646029625217,10.0,784
A,C1,0.16758821064516544,10.0,784
A,Q1,-0.2680729410725547,10.0,784
A,C2,0.008274501262837531,10.0,784
R100,C1,-0.27632018371094774,10.0,785
R100,Q1,-0.0035428718919800727,10.0,785
R100,C2,0.26955533777632457,10.0,785
A,C1,0.19225809079247816,10.0,785
A,Q1,-0.09297709245691427,10.0,785
A,C2,-0.12284007411639651,10.0,785
R100,C1,-0.22481051322224896,10.0,786
R100,Q1,-0.21794993545215666,10.0,786
R100,C2,0.21813297730830625,10.0,786
A,C1,-0.002690556959184015,10.0,786
A,Q1,0.1403203499867174,10.0,786
A,C2,0.003461329245156374,10.0,786
R100,C1,-0.2518546845203348,10.0,788
R100,Q1,-0.11905704061341899,10.0,788
R100,C2,0.26211606481787825,10.0,788
A,C1,-0.1736894520131494,10.0,788
A,Q1,-0.22905323081982876,10.0,788
A,C2,0.22717304035617641,10.0,788
R100,C1,-0.24233448037971375,10.0,790
R100,Q1,-0.19987667822523322,10.0,790
R100,C2,0.21049346433442576,10.0,790
A,C1,0.04797777812878135,10.0,790
A,Q1,0.14668816987626168,10.0,790
A,C2,-0.12187928564167556,10.0,790
R100,C1,-0.2349207850427266,10.0,792
R100,Q1,-0.1644162404039813,10.0,792
R100,C2,0.23600019359048977,10.0,792
A,C1,-0.00537480170502716,10.0,792
A,Q1,0.03181979755442912,10.0,792
A,C2,0.013046989655523169,10.0,792
R100,C1,-0.2764938557080373,10.0,793
R100,Q1,-0.07057400466968805,10.0,793
R100,C2,0.254599191330232,10.0,793
A,C1,-0.18536211235831404,10.0,793
A,Q1,-0.17736594822052565,10.0,793
A,C2,0.22068062817333672,10.0,793
R100,C1,-0.24121041751204922,10.0,794
R100,Q1,-0.15891387632683515,10.0,794
R100,C2,0.23739406376714375,10.0,794
A,C1,-0.02130642570177544,10.0,794
A,Q1,0.31899100877537856,10.0,794
A,C2,-0.12016003436023516,10.0,794
R100,C1,0.22846191381949787,10.0,795
R100,Q1,-0.2351185303585109,10.0,795
R100,C2,-0.09338278840417918,10.0,795
A,C1,0.1426392789127082,10.0,795
A,Q1,-0.14794427360428344,10.0,795
A,C2,-0.14996024181250117,10.0,795
R100,C1,-0.25576225994915747,10.0,796
R100,Q1,-0.13622217971141193,10.0,796
R100,C2,0.23635364292152033,10.0,796
A,C1,-0.243615466706917,10.0,796
A,Q1,-0.11652144919751402,10.0,796
A,C2,0.12463809235075218,10.0,796
R100,C1,-0.2624015499540983,10.0,799
R100,Q1,-0.09241498934442564,10.0,799
R100,C2,0.2577810956013846,10.0,799
A,C1,0.2410998423574665,10.0,799
A,Q1,-0.04946208510623544,10.0,799
A,C2,-0.17769615014842405,10.0,799
R100,C1,-0.2584445095932433,10.0,800
R100,Q1,-0.14990713307565057,10.0,800
R100,C2,0.2196073157912532,10.0,800
A,C1,0.04382501762193904,10.0,800
A,Q1,0.027280671403401822,10.0,800
A,C2,-0.24973421257771825,10.0,800
R100,C1,0.21149035297326693,10.0,802
R100,Q1,-0.21433375381380787,10.0,802
R100,C2,0.20211767086397386,10.0,802
A,C1,-0.15817721596837958,10.0,802
A,Q1,0.14088124926910706,10.0,802
A,C2,0.2807117898022206,10.0,802
R100,C1,-0.2599875193145936,10.0,803
R100,Q1,-0.09816595844418229,10.0,803
R100,C2,0.25786951448061074,10.0,803
A,C1,0.24693990328552531,10.0,803
A,Q1,0.021839973620361247,10.0,803
A,C2,-0.20210696055751745,10.0,803
R100,C1,0.06680968876838636,10.0,804
R100,Q1,-0.06599952808744826,10.0,804
R100,C2,-0.19706901267435065,10.0,804
A,C1,-0.04074932910611363,10.0,804
A,Q1,0.03959740807667907,10.0,804
A,C2,-0.12536147473808043,10.0,804
R100,C1,-0.2406196876173269,10.0,805
R100,Q1,-0.16342242735157902,10.0,805
R100,C2,0.23605541619209072,10.0,805
A,C1,-0.14588352654913964,10.0,805
A,Q1,0.06760086231352466,10.0,805
A,C2,0.07740886852201899,10.0,805
R100,C1,0.1958471656116034,10.0,806
R100,Q1,-0.24795434237489705,10.0,806
R100,C2,0.043905450328863914,10.0,806
A,C1,-0.03185377401442614,10.0,806
A,Q1,-0.11409586607387068,10.0,806
A,C2,0.14437411052162352,10.0,806
R100,C1,-0.22590519751063354,10.0,808
R100,Q1,-0.22259352658402515,10.0,808
R100,C2,0.20684847960076022,10.0,808
A,C1,-0.1841733741799031,10.0,808
A,Q1,-0.25053238950496226,10.0,808
A,C2,0.11401606125962727,10.0,808
R100,C1,-0.2722946217224202,10.0,809
R100,Q1,-0.01817680079143242,10.0,809
R100,C2,0.2672623727347932,10.0,809
A,C1,-0.26733523144726334,10.0,809
A,Q1,-0.012493772008797387,10.0,809
A,C2,0.24011967412844423,10.0,809
R100,C1,-0.25906748012282227,10.0,811
R100,Q1,-0.12994579160966363,10.0,811
R100,C2,0.23329873218723285,10.0,811
A,C1,0.09719134303732056,10.0,811
A,Q1,-0.03294208420992486,10.0,811
A,C2,-0.23920344595122625,10.0,811
R100,C1,-0.2406025263262946,10.0,813
R100,Q1,-0.18583246006223728,10.0,813
R100,C2,0.22910024599386306,10.0,813
A,C1,-0.10119146387362227,10.0,813
A,Q1,-0.24843745427365366,10.0,813
A,C2,0.20902808903644127,10.0,813
R100,C1,0.19039865743962753,10.0,814
R100,Q1,-0.24177258895729856,10.0,814
R100,C2,-0.10656207600632324,10.0,814
A,C1,0.025272860362901727,10.0,814
A,Q1,0.00020015763198013211,10.0,814
A,C2,-0.2254895126367124,10.0,814
R100,C1,0.22344650900500232,10.0,816
R100,Q1,-0.22266818815080022,10.0,816
R100,C2,-0.21041361252021468,10.0,816
A,C1,0.15905304536349105,10.0,816
A,Q1,-0.16679196662471277,10.0,816
A,C2,-0.150242885631874,10.0,816
R100,C1,-0.23436611220912434,10.0,817
R100,Q1,-0.19875298471129368,10.0,817
R100,C2,0.22274937961597455,10.0,817
A,C1,0.08851875751737967,10.0,817
A,Q1,-0.07326370568158835,10.0,817
A,C2,-0.23425708235171652,10.0,817
R100,C1,-0.26605291820427707,10.0,818
R100,Q1,-0.10376129577201235,10.0,818
R100,C2,0.2391581833304242,10.0,818
A,C1,0.23397272344393866,10.0,818
A,Q1,-0.13889289769354576,10.0,818
A,C2,-0.03059405377234842,10.0,818
R100,C1,0.19537586494935938,10.0,819
R100,Q1,-0.2724262621631395,10.0,819
R100,C2,0.019682450370306397,10.0,819
A,C1,0.15393222216732336,10.0,819
A,Q1,-0.25193935173056753,10.0,819
A,C2,0.05249268560906554,10.0,819
R100,C1,-0.2607421167922358,10.0,820
R100,Q1,-0.10723151449790526,10.0,820
R100,C2,0.2503980288951734,10.0,820
A,C1,0.14115893231475285,10.0,820
A,Q1,0.07241007921146611,10.0,820
A,C2,-0.1449803156360293,10.0,820
R100,C1,-0.27721292597615854,10.0,821
R100,Q1,-0.005215073945670791,10.0,821
R100,C2,0.26750382468796635,10.0,821
A,C1,-0.260723001785702,10.0,821
A,Q1,-0.04823516828727079,10.0,821
A,C2,0.2630981025387135,10.0,821
R100,C1,0.22141887749711517,10.0,822
R100,Q1,-0.23138276311232406,10.0,822
R100,C2,0.1594770213763822,10.0,822
A,C1,0.12640323704893974,10.0,822
A,Q1,-0.11882686924156059,10.0,822
A,C2,0.14217638596618137,10.0,822
R100,C1,-0.2604066718148936,10.0,824
R100,Q1,-0.14368040649975888,10.0,824
R100,C2,0.2208192044700085,10.0,824
A,C1,0.07587958993539719,10.0,824
A,Q1,-0.0014768975112254383,10.0,824
A,C2,-0.22787461676011622,10.0,824
R100,C1,0.20343333703358882,10.0,827
R100,Q1,-0.2323819904348249,10.0,827
R100,C2,-0.036971913631431305,10.0,827
A,C1,-0.06943600440560573,10.0,827
A,Q1,0.07737071730015924,10.0,827
A,C2,-0.2518525951701353,10.0,827
R100,C1,-0.24961123086052742,10.0,828
R100,Q1,-0.12029783833793546,10.0,828
R100,C2,0.2591870878005255,10.0,828
A,C1,-0.14046449386022025,10.0,828
A,Q1,-0.09551345531120707,10.0,828
A,C2,0.1407882304185462,10.0,828
R100,C1,-0.21779718000253612,10.0,829
R100,Q1,-0.2340300827943877,10.0,829
R100,C2,0.2049443187724773,10.0,829
A,C1,0.26664426718583284,10.0,829
A,Q1,0.10215695102698442,10.0,829
A,C2,-0.25804236397182095,10.0,829
R100,C1,-0.23049470707954453,10.0,830
R100,Q1,-0.2025262139337776,10.0,830
R100,C2,0.22147320947300758,10.0,830
A,C1,0.2535232594357362,10.0,830
A,Q1,0.11479662288090527,10.0,830
A,C2,-0.2473810235247301,10.0,830
R100,C1,-0.23941984291062304,10.0,831
R100,Q1,-0.17884646500063794,10.0,831
R100,C2,0.219640699132081,10.0,831
A,C1,0.030458617682137683,10.0,831
A,Q1,0.16841840014185983,10.0,831
A,C2,-0.02705909770145531,10.0,831
R100,C1,-0.2785820791486176,10.0,832
R100,Q1,-0.05350336116942941,10.0,832
R100,C2,0.259327804492206,10.0,832
A,C1,-0.2829071205633275,10.0,832
A,Q1,0.06496941357500065,10.0,832
A,C2,0.1847599131165865,10.0,832
R100,C1,-0.2553673612782809,10.0,833
R100,Q1,-0.1166247326168844,10.0,833
R100,C2,0.24787801250638145,10.0,833
A,C1,-0.2565464420521576,10.0,833
A,Q1,-0.09281990162302434,10.0,833
A,C2,0.22753537870402085,10.0,833
R100,C1,0.23318233315214482,10.0,835
R100,Q1,-0.23861024867026603,10.0,835
R100,C2,-0.13325199156062845,10.0,835
A,C1,0.028228997155874794,10.0,835
A,Q1,-0.024820309819284556,10.0,835
A,C2,-0.3091845904710739,10.0,835
R100,C1,-0.23557334570554847,10.0,838
R100,Q1,-0.1660236304732388,10.0,838
R100,C2,0.23629148328740085,10.0,838
A,C1,0.2286053721397381,10.0,838
A,Q1,-0.19954221789715984,10.0,838
A,C2,-0.08125905423018466,10.0,838
R100,C1,-0.2589375949047106,10.0,839
R100,Q1,-0.12073189061242573,10.0,839
R100,C2,0.23538166225431154,10.0,839
A,C1,0.2460903027103738,10.0,839
A,Q1,0.05121105734756203,10.0,839
A,C2,-0.2814444911494655,10.0,839
R100,C1,-0.23133294720209438,10.0,840
R100,Q1,-0.1619186649820566,10.0,840
R100,C2,0.2535109644386357,10.0,840
A,C1,0.21527814729748437,10.0,840
A,Q1,-0.07504977756200372,10.0,840
A,C2,-0.17099112318219278,10.0,840
R100,C1,-0.2505499187240925,10.0,841
R100,Q1,-0.12865523443960472,10.0,841
R100,C2,0.24482837171896138,10.0,841
A,C1,0.08761984073339481,10.0,841
A,Q1,-0.1529535743613431,10.0,841
A,C2,-0.09394162363901142,10.0,841
R100,C1,-0.25072562563184986,10.0,842
R100,Q1,-0.17046643694822322,10.0,842
R100,C2,0.21707900748073675,10.0,842
A,C1,0.213725915286633,10.0,842
A,Q1,-0.15695439852420398,10.0,842
A,C2,-0.14775766007021882,10.0,842
R100,C1,-0.2620854812710342,10.0,845
R100,Q1,-0.12032988335357424,10.0,845
R100,C2,0.2394263934930378,10.0,845
A,C1,0.12016229243638668,10.0,845
A,Q1,0.04398120560345211,10.0,845
A,C2,-0.03181233899109313,10.0,845
R100,C1,-0.2747984323691006,10.0,846
R100,Q1,-0.042086639665622434,10.0,846
R100,C2,0.26331673881019685,10.0,846
A,C1,0.10462281220806077,10.0,846
A,Q1,-0.11960001997505497,10.0,846
A,C2,-0.08356878238543364,10.0,846
R100,C1,-0.2579616772914834,10.0,848
R100,Q1,-0.08113791437951405,10.0,848
R100,C2,0.2577970451668366,10.0,848
A,C1,0.007719118210469022,10.0,848
A,Q1,-0.009363056140272689,10.0,848
A,C2,-0.003743042505153345,10.0,848
R100,C1,0.2520295657923575,10.0,849
R100,Q1,-0.2613989412833023,10.0,849
R100,C2,0.0029754001807467036,10.0,849
A,C1,0.16671952303365875,10.0,849
A,Q1,-0.17264110605497837,10.0,849
A,C2,-0.12264235000906089,10.0,849
R100,C1,0.20880469625861425,10.0,850
R100,Q1,-0.23774293610382807,10.0,850
R100,C2,-0.10632284358411544,10.0,850
A,C1,0.07386448189928818,10.0,850
A,Q1,-0.19119887913565542,10.0,850
A,C2,-0.06353382388506716,10.0,850
R100,C1,-0.26559702625933906,10.0,851
R100,Q1,-0.07125339960257017,10.0,851
R100,C2,0.2666185928460968,10.0,851
A,C1,0.2533689824694459,10.0,851
A,Q1,0.021239133480275795,10.0,851
A,C2,-0.22832095293119567,10.0,851
R100,C1,-0.14920321836432537,10.0,852
R100,Q1,0.0016419742462738497,10.0,852
R100,C2,0.14602300922374062,10.0,852
A,C1,-0.2065822706166407,10.0,852
A,Q1,0.03962275995925349,10.0,852
A,C2,0.05996178673316434,10.0,852
R100,C1,-0.2549589392941079,10.0,853
R100,Q1,-0.14866071640533585,10.0,853
R100,C2,0.23556014270879075,10.0,853
A,C1,0.07427737209283262,10.0,853
A,Q1,-0.20620954425940693,10.0,853
A,C2,0.0769952563341676,10.0,853
R100,C1,-0.25123196298483697,10.0,856
R100,Q1,-0.1511836606172578,10.0,856
R100,C2,0.2360165795823265,10.0,856
A,C1,-0.10714114350467373,10.0,856
A,Q1,-0.03415913107342913,10.0,856
A,C2,0.03554061656002311,10.0,856
R100,C1,-0.24653865607946618,10.0,857
R100,Q1,-0.1588061195368209,10.0,857
R100,C2,0.24658124975073697,10.0,857
A,C1,0.20549780288978073,10.0,857
A,Q1,0.1523414006161929,10.0,857
A,C2,-0.18072702081318795,10.0,857
R100,C1,-0.24432242130845636,10.0,858
R100,Q1,-0.17687765758774643,10.0,858
R100,C2,0.2185903438663687,10.0,858
A,C1,0.20268098696536824,10.0,858
A,Q1,-0.2919566639593843,10.0,858
A,C2,-0.058368478555535765,10.0,858
R100,C1,0.19449794424909997,10.0,859
R100,Q1,-0.24912836605530306,10.0,859
R100,C2,-0.01858929457960559,10.0,859
A,C1,0.16772721896212975,10.0,859
A,Q1,-0.1875932998700798,10.0,859
A,C2,-0.14264874553454493,10.0,859
R100,C1,-0.25940176023597467,10.0,860
R100,Q1,-0.15193930419520593,10.0,860
R100,C2,0.2250021646854841,10.0,860
A,C1,-0.1771202554293344,10.0,860
A,Q1,-0.2285154007116885,10.0,860
A,C2,0.1548957687023092,10.0,860
R100,C1,-0.27629628248104665,10.0,861
R100,Q1,-0.06741618297273849,10.0,861
R100,C2,0.25438163288452326,10.0,861
A,C1,0.09459855984139173,10.0,861
A,Q1,0.25637869636817445,10.0,861
A,C2,-0.1943952982736101,10.0,861
R100,C1,-0.23476333009807923,10.0,862
R100,Q1,-0.17398418472506508,10.0,862
R100,C2,0.2249083107966376,10.0,862
A,C1,0.22712406210950906,10.0,862
A,Q1,0.033252002063895614,10.0,862
A,C2,-0.26992381443718966,10.0,862
R100,C1,0.16491032281352508,10.0,863
R100,Q1,-0.24755055044014748,10.0,863
R100,C2,0.085174934469379,10.0,863
A,C1,0.1349882253031435,10.0,863
A,Q1,-0.24867830629749732,10.0,863
A,C2,0.13327373923602703,10.0,863
R100,C1,-0.2520760113372059,10.0,864
R100,Q1,-0.13742126443603409,10.0,864
R100,C2,0.23896039971768632,10.0,864
A,C1,-0.20624524270832964,10.0,864
A,Q1,-0.20411334840093248,10.0,864
A,C2,0.17680077302655814,10.0,864
R100,C1,-0.2450101160899446,10.0,865
R100,Q1,-0.10354175003922345,10.0,865
R100,C2,0.2584153755353252,10.0,865
A,C1,-0.12447315289081848,10.0,865
A,Q1,-0.20626350165023866,10.0,865
A,C2,0.15978863149213168,10.0,865
R100,C1,-0.2464434319157017,10.0,867
R100,Q1,-0.13999711852329638,10.0,867
R100,C2,0.24183501843235122,10.0,867
A,C1,-0.11453469595809397,10.0,867
A,Q1,-0.18465104475818256,10.0,867
A,C2,0.1331079666587178,10.0,867
R100,C1,-0.26248745651924005,10.0,868
R100,Q1,-0.10323423945986816,10.0,868
R100,C2,0.2500078825716954,10.0,868
A,C1,0.20636046056380664,10.0,868
A,Q1,0.016321203115966656,10.0,868
A,C2,-0.16960705998212963,10.0,868
R100,C1,0.2167696572200674,10.0,871
R100,Q1,-0.25553820956695267,10.0,871
R100,C2,0.02486884076940824,10.0,871
A,C1,0.030541200902194,10.0,871
A,Q1,-0.057526307810260746,10.0,871
A,C2,-0.21056794021391245,10.0,871
R100,C1,0.0528134744602679,10.0,872
R100,Q1,-0.06917966301619113,10.0,872
R100,C2,-0.0028360289078576493,10.0,872
A,C1,-0.02524973955945569,10.0,872
A,Q1,0.017063561693767125,10.0,872
A,C2,0.0424085457719806,10.0,872
R100,C1,-0.235845527365496,10.0,874
R100,Q1,-0.15926204319014786,10.0,874
R100,C2,0.23111801274950286,10.0,874
A,C1,0.05555799107880912,10.0,874
A,Q1,0.04730015768543501,10.0,874
A,C2,-0.058651614122798276,10.0,874
R100,C1,-0.2466744350537257,10.0,875
R100,Q1,-0.1507340750743638,10.0,875
R100,C2,0.23438612319935467,10.0,875
A,C1,0.2613205803424232,10.0,875
A,Q1,0.04738244610074567,10.0,875
A,C2,-0.27722714458356007,10.0,875
R100,C1,0.28165521868829996,10.0,876
R100,Q1,-0.24570685571656067,10.0,876
R100,C2,-0.054195008213880146,10.0,876
A,C1,0.10377853665729035,10.0,876
A,Q1,-0.15192928698765013,10.0,876
A,C2,-0.0026174630221468876,10.0,876
R100,C1,-0.2527421913355666,10.0,877
R100,Q1,-0.10834619986677949,10.0,877
R100,C2,0.2491072912234686,10.0,877
A,C1,-0.00214463834171036,10.0,877
A,Q1,-0.033365814350414455,10.0,877
A,C2,-0.1648667572741553,10.0,877
R100,C1,-0.27167436783094806,10.0,878
R100,Q1,-0.0723837583458377,10.0,878
R100,C2,0.2556100007404602,10.0,878
A,C1,0.2624588328257969,10.0,878
A,Q1,0.06145523744124407,10.0,878
A,C2,-0.2297288181057343,10.0,878
R100,C1,-0.24266816668812266,10.0,879
R100,Q1,-0.17704363056141473,10.0,879
R100,C2,0.2212314644948459,10.0,879
A,C1,0.26548027772569127,10.0,879
A,Q1,0.03062852895852592,10.0,879
A,C2,-0.1411772250642458,10.0,879
R100,C1,-0.25259465222151967,10.0,880
R100,Q1,-0.1391509590223132,10.0,880
R100,C2,0.23272686138206586,10.0,880
A,C1,0.08768857208359346,10.0,880
A,Q1,-0.12803725373312577,10.0,880
A,C2,-0.1378362459262224,10.0,880
R100,C1,-0.24214319886101623,10.0,881
R100,Q1,-0.1481294976514419,10.0,881
R100,C2,0.24853158733972916,10.0,881
A,C1,0.2533614071248995,10.0,881
A,Q1,-0.07569012229398378,10.0,881
A,C2,-0.015789452112042583,10.0,881
R100,C1,-0.2525556778859681,10.0,885
R100,Q1,-0.16820842620590915,10.0,885
R100,C2,0.22429538957175238,10.0,885
A,C1,0.3043907242896226,10.0,885
A,Q1,0.047429825400575706,10.0,885
A,C2,-0.1720782567671143,10.0,885
R100,C1,-0.2732497557789434,10.0,888
R100,Q1,-0.07358791076073988,10.0,888
R100,C2,0.25816779473606905,10.0,888
A,C1,0.14899223796928096,10.0,888
A,Q1,0.0760415059239701,10.0,888
A,C2,-0.16886255699791883,10.0,888
R100,C1,-0.27279378283185307,10.0,890
R100,Q1,-0.06601882656147436,10.0,890
R100,C2,0.26362160787773764,10.0,890
A,C1,-0.18151647289153758,10.0,890
A,Q1,-0.11356258340055636,10.0,890
A,C2,0.22525503347782772,10.0,890
R100,C1,-0.27141066395030083,10.0,891
R100,Q1,-0.07731580481173043,10.0,891
R100,C2,0.25761105570928344,10.0,891
A,C1,-0.2941409440284419,10.0,891
A,Q1,0.01974972509157822,10.0,891
A,C2,0.22770182768492617,10.0,891
R100,C1,-0.2527323071249431,10.0,892
R100,Q1,-0.13427707599225835,10.0,892
R100,C2,0.24504705216292494,10.0,892
A,C1,-0.0007916181147750976,10.0,892
A,Q1,-0.23062472170410664,10.0,892
A,C2,0.05558396159280307,10.0,892
R100,C1,0.2333396427173668,10.0,893
R100,Q1,-0.24077278192601495,10.0,893
R100,C2,0.012981249238344232,10.0,893
A,C1,0.1595503646999497,10.0,893
A,Q1,-0.1797195431170684,10.0,893
A,C2,-0.11907690315038452,10.0,893
R100,C1,-0.25073808616722854,10.0,894
R100,Q1,-0.16473779287694867,10.0,894
R100,C2,0.23548092975487553,10.0,894
A,C1,0.0461273724186548,10.0,894
A,Q1,0.3523923791925904,10.0,894
A,C2,-0.05452877341424354,10.0,894
R100,C1,0.24539368947122095,10.0,895
R100,Q1,-0.2710413253546404,10.0,895
R100,C2,-0.07144857152067527,10.0,895
A,C1,0.12363158790002692,10.0,895
A,Q1,-0.08206617941889784,10.0,895
A,C2,-0.3219179093754479,10.0,895
R100,C1,-0.2305648325696488,10.0,896
R100,Q1,-0.19831273371932276,10.0,896
R100,C2,0.2231921323786222,10.0,896
A,C1,0.23471148407519915,10.0,896
A,Q1,0.16938628502867287,10.0,896
A,C2,-0.20690144785604353,10.0,896
R100,C1,-0.2691076511987103,10.0,898
R100,Q1,-0.032559973782711464,10.0,898
R100,C2,0.27168157207907995,10.0,898
A,C1,-0.12804324035910378,10.0,898
A,Q1,-0.17399534030112107,10.0,898
A,C2,0.199634895400577,10.0,898
R100,C1,-0.2423138245988088,10.0,899
R100,Q1,-0.1848313813410052,10.0,899
R100,C2,0.21711409507939597,10.0,899
A,C1,0.16535172014626376,10.0,899
A,Q1,-0.07602834730612566,10.0,899
A,C2,-0.18591384677403092,10.0,899
R100,C1,-0.21988924717159186,10.0,900
R100,Q1,-0.22566096717917222,10.0,900
R100,C2,0.20267936960020683,10.0,900
A,C1,0.11277135829153939,10.0,900
A,Q1,-0.05929341469525597,10.0,900
A,C2,-0.21175807029027588,10.0,900
R100,C1,-0.2477085811390549,10.0,901
R100,Q1,-0.17393399617104296,10.0,901
R100,C2,0.23028517524697292,10.0,901
A,C1,0.004123266265297631,10.0,901
A,Q1,0.23851622955184726,10.0,901
A,C2,-0.07967681401211002,10.0,901
R100,C1,-0.22872469370207804,10.0,903
R100,Q1,-0.1953663760747289,10.0,903
R100,C2,0.23085651750088024,10.0,903
A,C1,0.2018574549570052,10.0,903
A,Q1,0.19199908637223476,10.0,903
A,C2,-0.23368491185050283,10.0,903
R100,C1,-0.2607870777229076,10.0,904
R100,Q1,-0.10970155059761232,10.0,904
R100,C2,0.2484812449603611,10.0,904
A,C1,0.18337533716339852,10.0,904
A,Q1,0.08070266239803153,10.0,904
A,C2,-0.1755320491485557,10.0,904
R100,C1,0.26484647379167625,10.0,905
R100,Q1,-0.262044246506737,10.0,905
R100,C2,-0.05932732858126674,10.0,905
A,C1,0.24919239507034782,10.0,905
A,Q1,-0.24554591974464138,10.0,905
A,C2,-0.07448326260660293,10.0,905
R100,C1,0.06976000443998717,10.0,906
R100,Q1,-0.15077731377773632,10.0,906
R100,C2,-0.19706002680370605,10.0,906
A,C1,-0.041585296500877666,10.0,906
A,Q1,0.01670430124453278,10.0,906
A,C2,-0.340467120443869,10.0,906
R100,C1,-0.2746482947946384,10.0,907
R100,Q1,-0.07027465311963156,10.0,907
R100,C2,0.25714966669447253,10.0,907
A,C1,-0.26045941315733473,10.0,907
A,Q1,-0.0647853714043785,10.0,907
A,C2,0.24095726718765884,10.0,907
R100,C1,-0.2564807106336812,10.0,908
R100,Q1,-0.11192439675262184,10.0,908
R100,C2,0.2631226759269383,10.0,908
A,C1,0.2771825827505289,10.0,908
A,Q1,-0.008180599420485631,10.0,908
A,C2,-0.21306105806358067,10.0,908
R100,C1,0.251288243180329,10.0,909
R100,Q1,-0.22256130317539988,10.0,909
R100,C2,-0.09618674981431158,10.0,909
A,C1,0.06641637334069045,10.0,909
A,Q1,-0.11164046255785993,10.0,909
A,C2,-0.03922385389636305,10.0,909
R100,C1,-0.2203801580544901,10.0,910
R100,Q1,-0.14838751189684726,10.0,910
R100,C2,0.26139102063204567,10.0,910
A,C1,0.10021135377825316,10.0,910
A,Q1,-0.09838188247177868,10.0,910
A,C2,-0.14172849565733087,10.0,910
R100,C1,-0.25108167329579373,10.0,912
R100,Q1,-0.13912288830114516,10.0,912
R100,C2,0.24232157698934786,10.0,912
A,C1,-0.11584552790024356,10.0,912
A,Q1,-0.09174797210740998,10.0,912
A,C2,0.04122755948339796,10.0,912
R100,C1,-0.21764759830261793,10.0,916
R100,Q1,-0.1529544169347643,10.0,916
R100,C2,0.2589219096733331,10.0,916
A,C1,0.175218733104355,10.0,916
A,Q1,-0.2752326024232034,10.0,916
A,C2,-0.0660290111265825,10.0,916
R100,C1,-0.26408787926639443,10.0,919
R100,Q1,-0.0480984842072327,10.0,919
R100,C2,0.2537084694947646,10.0,919
A,C1,0.1443274671603793,10.0,919
A,Q1,-0.07144616522321598,10.0,919
A,C2,-0.1139402074896889,10.0,919
R100,C1,-0.27228626597516065,10.0,920
R100,Q1,-0.07394942936254237,10.0,920
R100,C2,0.2573636674856,10.0,920
A,C1,0.2676672859467528,10.0,920
A,Q1,0.019437256772890044,10.0,920
A,C2,-0.22064737689440553,10.0,920
R100,C1,-0.26691749221071087,10.0,921
R100,Q1,-0.05852868200484879,10.0,921
R100,C2,0.27142542935664116,10.0,921
A,C1,-0.12642818052448143,10.0,921
A,Q1,-0.2002059345742375,10.0,921
A,C2,0.23663635453791934,10.0,921
R100,C1,-0.21630972302189813,10.0,922
R100,Q1,-0.23134476362230558,10.0,922
R100,C2,0.21118020048095776,10.0,922
A,C1,0.1420553610070653,10.0,922
A,Q1,-0.2513698168821464,10.0,922
A,C2,-0.18631351762317616,10.0,922
R100,C1,-0.24660410233128063,10.0,923
R100,Q1,-0.14057438419691892,10.0,923
R100,C2,0.23853089333127445,10.0,923
A,C1,-0.1244330169653205,10.0,923
A,Q1,-0.15410698507406673,10.0,923
A,C2,0.13793109338994705,10.0,923
R100,C1,0.21174577060438518,10.0,924
R100,Q1,-0.253681203479008,10.0,924
R100,C2,-0.05063115665244746,10.0,924
A,C1,0.1303749912635273,10.0,924
A,Q1,-0.22053271970739122,10.0,924
A,C2,-0.04900287126317294,10.0,924
R100,C1,0.2509954404917893,10.0,925
R100,Q1,-0.19957416641814285,10.0,925
R100,C2,-0.1369533422430288,10.0,925
A,C1,0.10544674125028225,10.0,925
A,Q1,-0.03683871612008544,10.0,925
A,C2,-0.35737765886138817,10.0,925
R100,C1,0.04970991895662719,10.0,926
R100,Q1,-0.14918257676973962,10.0,926
R100,C2,0.011153418023684929,10.0,926
A,C1,-0.0685343193415897,10.0,926
A,Q1,0.06842036854955251,10.0,926
A,C2,-0.015217798117110609,10.0,926
R100,C1,0.2546029290642856,10.0,927
R100,Q1,-0.2754128186987496,10.0,927
R100,C2,-0.051720471880949505,10.0,927
A,C1,0.24085250854663587,10.0,927
A,Q1,-0.272206233733122,10.0,927
A,C2,-0.015947208540764334,10.0,927
R100,C1,-0.25653245436673017,10.0,928
R100,Q1,-0.14364611779191055,10.0,928
R100,C2,0.23501163757072296,10.0,928
A,C1,-0.08126073078727425,10.0,928
A,Q1,-0.17641414062179664,10.0,928
A,C2,0.11501630032110399,10.0,928
R100,C1,-0.21003336673020545,10.0,929
R100,Q1,-0.1847985494745778,10.0,929
R100,C2,0.25655484112989274,10.0,929
A,C1,0.22430425021188152,10.0,929
A,Q1,0.12953208869178026,10.0,929
A,C2,-0.2547829512734505,10.0,929
R100,C1,0.25078619962695675,10.0,931
R100,Q1,-0.27601952813274344,10.0,931
R100,C2,0.06931685633334499,10.0,931
A,C1,0.20233287458912583,10.0,931
A,Q1,-0.14890114437858284,10.0,931
A,C2,-0.027014255975986466,10.0,931
R100,C1,-0.2650948676293677,10.0,932
R100,Q1,-0.10617319660376177,10.0,932
R100,C2,0.2526363537739452,10.0,932
A,C1,-0.26777155530610636,10.0,932
A,Q1,0.017428869204047126,10.0,932
A,C2,0.20422698671479403,10.0,932
R100,C1,0.20054735649853506,10.0,933
R100,Q1,-0.19419572466179705,10.0,933
R100,C2,-0.059553076365959176,10.0,933
A,C1,-0.035293101202045984,10.0,933
A,Q1,-0.020891175862710387,10.0,933
A,C2,-0.1882284203008297,10.0,933
R100,C1,-0.25586811817741606,10.0,934
R100,Q1,-0.14375746109054335,10.0,934
R100,C2,0.23400571792942865,10.0,934
A,C1,0.16329369719096995,10.0,934
A,Q1,0.0568673669437322,10.0,934
A,C2,-0.14615628598734126,10.0,934
R100,C1,-0.23811138312931712,10.0,935
R100,Q1,-0.1965854218205487,10.0,935
R100,C2,0.2184779344427653,10.0,935
A,C1,-0.18917541216777467,10.0,935
A,Q1,-0.2262281487580075,10.0,935
A,C2,0.09381795483729681,10.0,935
R100,C1,-0.2397190569599034,10.0,936
R100,Q1,-0.1881924857870685,10.0,936
R100,C2,0.22778317057122197,10.0,936
A,C1,-0.2020353720018352,10.0,936
A,Q1,-0.2175788145159685,10.0,936
A,C2,0.15350518869009097,10.0,936
R100,C1,0.23002880767939424,10.0,937
R100,Q1,-0.2607597737519844,10.0,937
R100,C2,-0.07222577892565787,10.0,937
A,C1,0.157178317615947,10.0,937
A,Q1,-0.18409111136953818,10.0,937
A,C2,-0.18743023406956794,10.0,937
R100,C1,-0.2491923827433457,10.0,938
R100,Q1,-0.14691111202533313,10.0,938
R100,C2,0.23000065399470845,10.0,938
A,C1,0.26548856948395894,10.0,938
A,Q1,0.00935126964706995,10.0,938
A,C2,-0.2692844863120367,10.0,938
R100,C1,-0.2464303478811976,10.0,940
R100,Q1,-0.17423604303118784,10.0,940
R100,C2,0.22727135403864315,10.0,940
A,C1,0.05939965710070679,10.0,940
A,Q1,-0.07640726790619365,10.0,940
A,C2,-0.21384025248045122,10.0,940
R100,C1,-0.25244636051342095,10.0,942
R100,Q1,-0.14332154944935638,10.0,942
R100,C2,0.23510169742862855,10.0,942
A,C1,0.23698636234628725,10.0,942
A,Q1,0.06344175448255224,10.0,942
A,C2,-0.26579473823174044,10.0,942
R100,C1,-0.2647340006935425,10.0,943
R100,Q1,-0.10205464593325417,10.0,943
R100,C2,0.246972424920978,10.0,943
A,C1,0.2332691889192685,10.0,943
A,Q1,-0.0346467447103093,10.0,943
A,C2,-0.05413416398059262,10.0,943
R100,C1,-0.2715618581659518,10.0,945
R100,Q1,-0.04964691163723373,10.0,945
R100,C2,0.2670586539504911,10.0,945
A,C1,0.23774579474805188,10.0,945
A,Q1,-0.11013243992104232,10.0,945
A,C2,-0.14840149769696165,10.0,945
R100,C1,-0.24435061781829082,10.0,946
R100,Q1,-0.09055247953682279,10.0,946
R100,C2,0.2704469336314396,10.0,946
A,C1,0.16533675464533623,10.0,946
A,Q1,-0.005249621270099338,10.0,946
A,C2,-0.20203120928029017,10.0,946
R100,C1,0.026895633826487107,10.0,947
R100,Q1,-0.077386802708668,10.0,947
R100,C2,0.19454450682392208,10.0,947
A,C1,-0.19192971756024677,10.0,947
A,Q1,0.19011890974777665,10.0,947
A,C2,-0.18941419890088723,10.0,947
R100,C1,-0.230523304518524,10.0,948
R100,Q1,-0.21271247970458831,10.0,948
R100,C2,0.21540512158610967,10.0,948
A,C1,-0.20480001219776311,10.0,948
A,Q1,-0.24842703015939557,10.0,948
A,C2,0.1500301172499534,10.0,948
R100,C1,-0.2435276286299697,10.0,949
R100,Q1,-0.14455176572008602,10.0,949
R100,C2,0.24100187084446598,10.0,949
A,C1,0.1963142615300807,10.0,949
A,Q1,-0.1242839320840389,10.0,949
A,C2,-0.12485417428670893,10.0,949
R100,C1,-0.253167836848927,10.0,950
R100,Q1,-0.14103433865720888,10.0,950
R100,C2,0.23603770874824478,10.0,950
A,C1,-0.11812410675367177,10.0,950
A,Q1,-0.2805099036533187,10.0,950
A,C2,0.13116653162875286,10.0,950
R100,C1,-0.2229364576298259,10.0,951
R100,Q1,-0.14445713900858564,10.0,951
R100,C2,0.2660067328239998,10.0,951
A,C1,-0.1368636676738323,10.0,951
A,Q1,-0.25808028337558314,10.0,951
A,C2,0.21460920489089724,10.0,951
R100,C1,-0.26372513756130794,10.0,953
R100,Q1,-0.10910209149316207,10.0,953
R100,C2,0.25262042841257765,10.0,953
A,C1,-0.18900854816571058,10.0,953
A,Q1,-0.07540131323623166,10.0,953
A,C2,0.18310913070676427,10.0,953
R100,C1,0.24463811793175594,10.0,954
R100,Q1,-0.2784924792294766,10.0,954
R100,C2,-0.020116032387452982,10.0,954
A,C1,0.15651731366509897,10.0,954
A,Q1,-0.2037422252544367,10.0,954
A,C2,0.014578232646982789,10.0,954
R100,C1,-0.2535737213779662,10.0,955
R100,Q1,-0.11064960774837611,10.0,955
R100,C2,0.24735197179840407,10.0,955
A,C1,-0.11009949414063115,10.0,955
A,Q1,-0.2335982098539175,10.0,955
A,C2,0.14932381413187718,10.0,955
R100,C1,0.18284614888022088,10.0,957
R100,Q1,-0.23424862026120105,10.0,957
R100,C2,-0.06647132709372065,10.0,957
A,C1,0.22698258818139505,10.0,957
A,Q1,-0.2655766055959336,10.0,957
A,C2,-0.015362586221656642,10.0,957
R100,C1,-0.24870368190656378,10.0,958
R100,Q1,-0.16093830406639423,10.0,958
R100,C2,0.23193506860661678,10.0,958
A,C1,0.29413305976285054,10.0,958
A,Q1,-0.04432550384022979,10.0,958
A,C2,-0.1854149027477349,10.0,958
R100,C1,-0.26010957801153733,10.0,959
R100,Q1,-0.11658729437619629,10.0,959
R100,C2,0.2493635671914472,10.0,959
A,C1,-0.056715892324976064,10.0,959
A,Q1,-0.06727941190688663,10.0,959
A,C2,0.07682540762254525,10.0,959
R100,C1,0.2555797250271697,10.0,960
R100,Q1,-0.2600615084803375,10.0,960
R100,C2,0.034537364741298364,10.0,960
A,C1,0.17089866641084184,10.0,960
A,Q1,-0.18558875164996436,10.0,960
A,C2,-0.02403510765941612,10.0,960
R100,C1,-0.2520092555223097,10.0,961
R100,Q1,-0.12593493575758694,10.0,961
R100,C2,0.24276166038502806,10.0,961
A,C1,0.04839402547980801,10.0,961
A,Q1,-0.12403696900555904,10.0,961
A,C2,-0.18729918112149366,10.0,961
R100,C1,-0.258866685006057,10.0,962
R100,Q1,-0.14073590224984409,10.0,962
R100,C2,0.2375026647351368,10.0,962
A,C1,0.243140536606942,10.0,962
A,Q1,-0.0387232291162344,10.0,962
A,C2,-0.020953381717604126,10.0,962
R100,C1,-0.25309883304282943,10.0,963
R100,Q1,-0.13986783156994556,10.0,963
R100,C2,0.23438465984802273,10.0,963
A,C1,0.2514887978784074,10.0,963
A,Q1,0.06214935573204871,10.0,963
A,C2,-0.28096297279720783,10.0,963
R100,C1,-0.25201175046739865,10.0,965
R100,Q1,-0.12046397923651254,10.0,965
R100,C2,0.25607439358878464,10.0,965
A,C1,0.12659900159285603,10.0,965
A,Q1,-0.09860138141151246,10.0,965
A,C2,-0.009708118931046962,10.0,965
R100,C1,-0.2173534760402072,10.0,966
R100,Q1,-0.2248338410563107,10.0,966
R100,C2,0.20346442842214565,10.0,966
A,C1,-0.04189836837155715,10.0,966
A,Q1,-0.1636481089252445,10.0,966
A,C2,0.004302462809290923,10.0,966
R100,C1,0.23326416583669074,10.0,968
R100,Q1,-0.2523208270216993,10.0,968
R100,C2,-0.0873875770982123,10.0,968
A,C1,0.07855717261212335,10.0,968
A,Q1,-0.05472750648466711,10.0,968
A,C2,-0.30792809598542964,10.0,968
R100,C1,-0.015807548724954996,10.0,969
R100,Q1,-0.10654193621174796,10.0,969
R100,C2,0.141547798819586,10.0,969
A,C1,-0.03356071333470634,10.0,969
A,Q1,-0.05429434833499211,10.0,969
A,C2,0.044334094431024575,10.0,969
R100,C1,-0.2323127764333722,10.0,970
R100,Q1,-0.2002819783376591,10.0,970
R100,C2,0.22506233719538404,10.0,970
A,C1,-0.0009488231582029693,10.0,970
A,Q1,-0.10953067226815504,10.0,970
A,C2,-0.13809237128308485,10.0,970
R100,C1,0.24108639538102788,10.0,971
R100,Q1,-0.2664353691669558,10.0,971
R100,C2,0.12844489421664906,10.0,971
A,C1,0.21916733177154377,10.0,971
A,Q1,-0.240540326091215,10.0,971
A,C2,0.10787481418230759,10.0,971
R100,C1,0.19737288311401746,10.0,972
R100,Q1,-0.2300346209089341,10.0,972
R100,C2,0.0923827292383504,10.0,972
A,C1,0.07553087357572806,10.0,972
A,Q1,-0.18536800310877619,10.0,972
A,C2,0.1928787164157337,10.0,972
R100,C1,-0.26260368118865657,10.0,973
R100,Q1,-0.09004127809963307,10.0,973
R100,C2,0.2573620099210889,10.0,973
A,C1,0.23117112753398764,10.0,973
A,Q1,-0.030682475768256598,10.0,973
A,C2,-0.1760467056763356,10.0,973
R100,C1,-0.24969319534900686,10.0,975
R100,Q1,-0.0907666988849115,10.0,975
R100,C2,0.2611104506827135,10.0,975
A,C1,-0.1872215604094398,10.0,975
A,Q1,-0.04197908449335694,10.0,975
A,C2,0.16957890412630303,10.0,975
R100,C1,-0.26765833744437906,10.0,976
R100,Q1,-0.08427606255095564,10.0,976
R100,C2,0.2567630461086001,10.0,976
A,C1,-0.027185054877040298,10.0,976
A,Q1,-0.161818583545852,10.0,976
A,C2,0.08400891575865477,10.0,976
R100,C1,0.15108611434826588,10.0,977
R100,Q1,-0.1893494747747955,10.0,977
R100,C2,-0.042600027318805495,10.0,977
A,C1,-0.05207416844644632,10.0,977
A,Q1,0.014374443021172719,10.0,977
A,C2,-0.2563466422312309,10.0,977
R100,C1,-0.2590911812528056,10.0,978
R100,Q1,-0.1278208072122694,10.0,978
R100,C2,0.24245077285834374,10.0,978
A,C1,-0.0027611182336452255,10.0,978
A,Q1,0.2782424255676134,10.0,978
A,C2,-0.1375664307101281,10.0,978
R100,C1,0.25181135439881613,10.0,979
R100,Q1,-0.27649078313231557,10.0,979
R100,C2,0.07346141223061131,10.0,979
A,C1,0.16237324146694918,10.0,979
A,Q1,-0.22913711656907407,10.0,979
A,C2,0.05900212166946583,10.0,979
R100,C1,-0.2823666051222917,10.0,982
R100,Q1,0.0041624468168037256,10.0,982
R100,C2,0.26016819558550897,10.0,982
A,C1,0.27464294258304195,10.0,982
A,Q1,-0.09959292873493561,10.0,982
A,C2,-0.21934753226362377,10.0,982
R100,C1,-0.21886668730371725,10.0,983
R100,Q1,-0.23030117821252175,10.0,983
R100,C2,0.2095297268051061,10.0,983
A,C1,0.24938929304506324,10.0,983
A,Q1,0.10595213853637617,10.0,983
A,C2,-0.2672407290875956,10.0,983
R100,C1,-0.2549223738238778,10.0,984
R100,Q1,-0.13330794553321115,10.0,984
R100,C2,0.2454250869292649,10.0,984
A,C1,0.16348812879895802,10.0,984
A,Q1,-0.06028285629781013,10.0,984
A,C2,-0.18981159209870727,10.0,984
R100,C1,-0.25808341018692915,10.0,985
R100,Q1,-0.12188904396207449,10.0,985
R100,C2,0.23689839699774767,10.0,985
A,C1,0.15503533114218254,10.0,985
A,Q1,-0.15588684810243025,10.0,985
A,C2,-0.15091393983918078,10.0,985
R100,C1,-0.23631437041393893,10.0,986
R100,Q1,-0.1689234187445485,10.0,986
R100,C2,0.23679503077650993,10.0,986
A,C1,0.16348638695921858,10.0,986
A,Q1,0.15697804206134178,10.0,986
A,C2,-0.18173308286494097,10.0,986
R100,C1,0.1340179038044646,10.0,987
R100,Q1,-0.148577402410197,10.0,987
R100,C2,-0.0010179425932421878,10.0,987
A,C1,0.1340109693722645,10.0,987
A,Q1,-0.14857105032840884,10.0,987
A,C2,-0.0009882201651137453,10.0,987
R100,C1,-0.26279247787344934,10.0,988
R100,Q1,-0.10818371135386998,10.0,988
R100,C2,0.25453214115047545,10.0,988
A,C1,0.24210885178272745,10.0,988
A,Q1,-0.22540878739342507,10.0,988
A,C2,-0.05939415408796709,10.0,988
R100,C1,-0.23182885400447192,10.0,989
R100,Q1,-0.21345686176557613,10.0,989
R100,C2,0.2081511658545855,10.0,989
A,C1,0.0027477445321896746,10.0,989
A,Q1,0.059611319258901695,10.0,989
A,C2,-0.15307525683933915,10.0,989
R100,C1,-0.22884399071453,10.0,990
R100,Q1,-0.23085171491326387,10.0,990
R100,C2,0.1969874655865716,10.0,990
A,C1,-0.20453040348470658,10.0,990
A,Q1,-0.2608498702829566,10.0,990
A,C2,0.14157816236960707,10.0,990
R100,C1,-0.2510111962133791,10.0,991
R100,Q1,-0.07751830047164361,10.0,991
R100,C2,0.2627463673645396,10.0,991
A,C1,0.07123315272861314,10.0,991
A,Q1,0.042506857876742535,10.0,991
A,C2,-0.06495754254332131,10.0,991
R100,C1,-0.2548171805680926,10.0,992
R100,Q1,-0.14675812341395653,10.0,992
R100,C2,0.2305270818918009,10.0,992
A,C1,0.1565706591658501,10.0,992
A,Q1,0.09517160389845002,10.0,992
A,C2,-0.19381919404613876,10.0,992
R100,C1,-0.2692452796811143,10.0,997
R100,Q1,-0.07957291859753467,10.0,997
R100,C2,0.25668098013976226,10.0,997
A,C1,-0.17884682082550016,10.0,997
A,Q1,0.049441842784895565,10.0,997
A,C2,0.12314874954833004,10.0,997
R100,C1,-0.27291373713401357,10.0,999
R100,Q1,-0.0774727216360176,10.0,999
R100,C2,0.25619022391921803,10.0,999
A,C1,0.1835933230905697,10.0,999
A,Q1,-0.05968041757934403,10.0,999
A,C2,-0.13259933853503045,10.0,999
