model,p,alpha,strategy,strategy_code,response,actual,predicted
raw_parameters,,0.0,3_7C_31PER_5_9C_NEWSTRUCTURE,S8,R100,0.018094955152301473,0.0031138212974764247
raw_parameters,,0.0,4_8C_80PER_4_8C_NEWSTRUCTURE,S9,R100,0.0014699053276039126,0.011920669395384666
raw_parameters,,0.0,5C_67PER_4C_NEWSTRUCTURE,S4,R100,0.0022727108604555773,0.0034981590717122614
raw_parameters,,0.0,5_3C_54PER_4C_NEWSTRUCTURE,S5,R100,0.002214637018771321,0.0018770668786717353
raw_parameters,,0.0,5_6C_19PER_4_6C_NEWSTRUCTURE,S6,R100,0.0030647540787321517,0.005645848436058382
raw_parameters,,0.0,5_6C_36PER_4_3C_NEWSTRUCTURE,S7,R100,0.0028112722244208006,0.0010758373133269413
raw_parameters,,0.0,3_7C_31PER_5_9C_NEWSTRUCTURE,S8,A,0.0015855263114856637,0.005157790370860259
raw_parameters,,0.0,4_8C_80PER_4_8C_NEWSTRUCTURE,S9,A,0.001469905228665524,-0.0005997134429042929
raw_parameters,,0.0,5C_67PER_4C_NEWSTRUCTURE,S4,A,0.0021075727897206624,0.0017560353926295686
raw_parameters,,0.0,5_3C_54PER_4C_NEWSTRUCTURE,S5,A,0.0019656338421505416,0.002102749907748364
raw_parameters,,0.0,5_6C_19PER_4_6C_NEWSTRUCTURE,S6,A,0.0022484227763296125,0.001648926504047966
raw_parameters,,0.0,5_6C_36PER_4_3C_NEWSTRUCTURE,S7,A,0.0017712943220766805,0.002151467161702874
raw_parameters,,0.03,3_7C_31PER_5_9C_NEWSTRUCTURE,S8,R100,0.018094955152301473,0.0027386410469963005
raw_parameters,,0.03,4_8C_80PER_4_8C_NEWSTRUCTURE,S9,R100,0.0014699053276039126,0.007989074047641598
raw_parameters,,0.03,5C_67PER_4C_NEWSTRUCTURE,S4,R100,0.0022727108604555773,0.0031524269927165846
raw_parameters,,0.03,5_3C_54PER_4C_NEWSTRUCTURE,S5,R100,0.002214637018771321,0.0017604406683195315
raw_parameters,,0.03,5_6C_19PER_4_6C_NEWSTRUCTURE,S6,R100,0.0030647540787321517,0.005762021411306146
raw_parameters,,0.03,5_6C_36PER_4_3C_NEWSTRUCTURE,S7,R100,0.0028112722244208006,0.0011423119391289595
raw_parameters,,0.03,3_7C_31PER_5_9C_NEWSTRUCTURE,S8,A,0.0015855263114856637,0.004441567193318158
raw_parameters,,0.03,4_8C_80PER_4_8C_NEWSTRUCTURE,S9,A,0.001469905228665524,0.001301496741174311
raw_parameters,,0.03,5C_67PER_4C_NEWSTRUCTURE,S4,A,0.0021075727897206624,0.001750090451317779
raw_parameters,,0.03,5_3C_54PER_4C_NEWSTRUCTURE,S5,A,0.0019656338421505416,0.0020909045856414266
raw_parameters,,0.03,5_6C_19PER_4_6C_NEWSTRUCTURE,S6,A,0.0022484227763296125,0.00166905729177512
raw_parameters,,0.03,5_6C_36PER_4_3C_NEWSTRUCTURE,S7,A,0.0017712943220766805,0.0021531151896944717
raw_parameters,,0.1,3_7C_31PER_5_9C_NEWSTRUCTURE,S8,R100,0.018094955152301473,0.0022300567866341517
raw_parameters,,0.1,4_8C_80PER_4_8C_NEWSTRUCTURE,S9,R100,0.0014699053276039126,0.007235954091030668
raw_parameters,,0.1,5C_67PER_4C_NEWSTRUCTURE,S4,R100,0.0022727108604555773,0.0025799121128090375
raw_parameters,,0.1,5_3C_54PER_4C_NEWSTRUCTURE,S5,R100,0.002214637018771321,0.0015534106619729728
raw_parameters,,0.1,5_6C_19PER_4_6C_NEWSTRUCTURE,S6,R100,0.0030647540787321517,0.005970324970191485
raw_parameters,,0.1,5_6C_36PER_4_3C_NEWSTRUCTURE,S7,R100,0.0028112722244208006,0.0012727468880202285
raw_parameters,,0.1,3_7C_31PER_5_9C_NEWSTRUCTURE,S8,A,0.0015855263114856637,0.0034654940614014026
raw_parameters,,0.1,4_8C_80PER_4_8C_NEWSTRUCTURE,S9,A,0.001469905228665524,0.0016534975643610018
raw_parameters,,0.1,5C_67PER_4C_NEWSTRUCTURE,S4,A,0.0021075727897206624,0.001740559922615998
raw_parameters,,0.1,5_3C_54PER_4C_NEWSTRUCTURE,S5,A,0.0019656338421505416,0.002068888287701536
raw_parameters,,0.1,5_6C_19PER_4_6C_NEWSTRUCTURE,S6,A,0.0022484227763296125,0.001705730638565884
raw_parameters,,0.1,5_6C_36PER_4_3C_NEWSTRUCTURE,S7,A,0.0017712943220766805,0.002155595932511613
raw_parameters,,0.3,3_7C_31PER_5_9C_NEWSTRUCTURE,S8,R100,0.018094955152301473,0.0016843346251704306
raw_parameters,,0.3,4_8C_80PER_4_8C_NEWSTRUCTURE,S9,R100,0.0014699053276039126,0.006895609051842992
raw_parameters,,0.3,5C_67PER_4C_NEWSTRUCTURE,S4,R100,0.0022727108604555773,0.001790481508287563
raw_parameters,,0.3,5_3C_54PER_4C_NEWSTRUCTURE,S5,R100,0.002214637018771321,0.0012412089879775805
raw_parameters,,0.3,5_6C_19PER_4_6C_NEWSTRUCTURE,S6,R100,0.0030647540787321517,0.006297394268617261
raw_parameters,,0.3,5_6C_36PER_4_3C_NEWSTRUCTURE,S7,R100,0.0028112722244208006,0.0015315726551113308
raw_parameters,,0.3,3_7C_31PER_5_9C_NEWSTRUCTURE,S8,A,0.0015855263114856637,0.0023966987278723406
raw_parameters,,0.3,4_8C_80PER_4_8C_NEWSTRUCTURE,S9,A,0.001469905228665524,0.0017829970578699193
raw_parameters,,0.3,5C_67PER_4C_NEWSTRUCTURE,S4,A,0.0021075727897206624,0.0017288987250708998
raw_parameters,,0.3,5_3C_54PER_4C_NEWSTRUCTURE,S5,A,0.0019656338421505416,0.0020302544234792864
raw_parameters,,0.3,5_6C_19PER_4_6C_NEWSTRUCTURE,S6,A,0.0022484227763296125,0.001766339532381595
raw_parameters,,0.3,5_6C_36PER_4_3C_NEWSTRUCTURE,S7,A,0.0017712943220766805,0.0021566087935641796
raw_parameters,,1.0,3_7C_31PER_5_9C_NEWSTRUCTURE,S8,R100,0.018094955152301473,0.0013573216065352082
raw_parameters,,1.0,4_8C_80PER_4_8C_NEWSTRUCTURE,S9,R100,0.0014699053276039126,0.006563595260355282
raw_parameters,,1.0,5C_67PER_4C_NEWSTRUCTURE,S4,R100,0.0022727108604555773,0.001294198595616026
raw_parameters,,1.0,5_3C_54PER_4C_NEWSTRUCTURE,S5,R100,0.002214637018771321,0.0010922471014816002
raw_parameters,,1.0,5_6C_19PER_4_6C_NEWSTRUCTURE,S6,R100,0.0030647540787321517,0.006547853135911466
raw_parameters,,1.0,5_6C_36PER_4_3C_NEWSTRUCTURE,S7,R100,0.0028112722244208006,0.0019931368160599145
raw_parameters,,1.0,3_7C_31PER_5_9C_NEWSTRUCTURE,S8,A,0.0015855263114856637,0.00166474971598979
raw_parameters,,1.0,4_8C_80PER_4_8C_NEWSTRUCTURE,S9,A,0.001469905228665524,0.00184280460471497
raw_parameters,,1.0,5C_67PER_4C_NEWSTRUCTURE,S4,A,0.0021075727897206624,0.0017281537088000602
raw_parameters,,1.0,5_3C_54PER_4C_NEWSTRUCTURE,S5,A,0.0019656338421505416,0.001979482891615089
raw_parameters,,1.0,5_6C_19PER_4_6C_NEWSTRUCTURE,S6,A,0.0022484227763296125,0.0018283033354203693
raw_parameters,,1.0,5_6C_36PER_4_3C_NEWSTRUCTURE,S7,A,0.0017712943220766805,0.0021401007688700217
raw_parameters,,3.0,3_7C_31PER_5_9C_NEWSTRUCTURE,S8,R100,0.018094955152301473,0.0014040219365392067
raw_parameters,,3.0,4_8C_80PER_4_8C_NEWSTRUCTURE,S9,R100,0.0014699053276039126,0.0061406217829442855
raw_parameters,,3.0,5C_67PER_4C_NEWSTRUCTURE,S4,R100,0.0022727108604555773,0.001764320246282891
raw_parameters,,3.0,5_3C_54PER_4C_NEWSTRUCTURE,S5,R100,0.002214637018771321,0.0016183133603858198
raw_parameters,,3.0,5_6C_19PER_4_6C_NEWSTRUCTURE,S6,R100,0.0030647540787321517,0.006383030596557685
raw_parameters,,3.0,5_6C_36PER_4_3C_NEWSTRUCTURE,S7,R100,0.0028112722244208006,0.0026237446565726477
raw_parameters,,3.0,3_7C_31PER_5_9C_NEWSTRUCTURE,S8,A,0.0015855263114856637,0.0014976721687726068
raw_parameters,,3.0,4_8C_80PER_4_8C_NEWSTRUCTURE,S9,A,0.001469905228665524,0.001879302891860464
raw_parameters,,3.0,5C_67PER_4C_NEWSTRUCTURE,S4,A,0.0021075727897206624,0.0017497908076203191
raw_parameters,,3.0,5_3C_54PER_4C_NEWSTRUCTURE,S5,A,0.0019656338421505416,0.0019395930574883224
raw_parameters,,3.0,5_6C_19PER_4_6C_NEWSTRUCTURE,S6,A,0.0022484227763296125,0.001839504552484368
raw_parameters,,3.0,5_6C_36PER_4_3C_NEWSTRUCTURE,S7,A,0.0017712943220766805,0.0020874224200180644
raw_parameters,,10.0,3_7C_31PER_5_9C_NEWSTRUCTURE,S8,R100,0.018094955152301473,0.0017282474981428746
raw_parameters,,10.0,4_8C_80PER_4_8C_NEWSTRUCTURE,S9,R100,0.0014699053276039126,0.005736430829425911
raw_parameters,,10.0,5C_67PER_4C_NEWSTRUCTURE,S4,R100,0.0022727108604555773,0.003146573881499287
raw_parameters,,10.0,5_3C_54PER_4C_NEWSTRUCTURE,S5,R100,0.002214637018771321,0.002997190926384738
raw_parameters,,10.0,5_6C_19PER_4_6C_NEWSTRUCTURE,S6,R100,0.0030647540787321517,0.0059300022840303385
raw_parameters,,10.0,5_6C_36PER_4_3C_NEWSTRUCTURE,S7,R100,0.0028112722244208006,0.003632826517744559
raw_parameters,,10.0,3_7C_31PER_5_9C_NEWSTRUCTURE,S8,A,0.0015855263114856637,0.0016181391351257608
raw_parameters,,10.0,4_8C_80PER_4_8C_NEWSTRUCTURE,S9,A,0.001469905228665524,0.001911973346907763
raw_parameters,,10.0,5C_67PER_4C_NEWSTRUCTURE,S4,A,0.0021075727897206624,0.0017829561183093968
raw_parameters,,10.0,5_3C_54PER_4C_NEWSTRUCTURE,S5,A,0.0019656338421505416,0.001898570250799943
raw_parameters,,10.0,5_6C_19PER_4_6C_NEWSTRUCTURE,S6,A,0.0022484227763296125,0.0018157118915025415
raw_parameters,,10.0,5_6C_36PER_4_3C_NEWSTRUCTURE,S7,A,0.0017712943220766805,0.0019982536775373224
separate_phase_exposure,1.0,0.0,3_7C_31PER_5_9C_NEWSTRUCTURE,S8,R100,0.018094955152301473,0.0038147985393146774
separate_phase_exposure,1.0,0.0,4_8C_80PER_4_8C_NEWSTRUCTURE,S9,R100,0.0014699053276039126,-0.002798691392602969
separate_phase_exposure,1.0,0.0,5C_67PER_4C_NEWSTRUCTURE,S4,R100,0.0022727108604555773,0.001786101220476868
separate_phase_exposure,1.0,0.0,5_3C_54PER_4C_NEWSTRUCTURE,S5,R100,0.002214637018771321,0.005443736787806231
separate_phase_exposure,1.0,0.0,5_6C_19PER_4_6C_NEWSTRUCTURE,S6,R100,0.0030647540787321517,-0.006675337432953668
separate_phase_exposure,1.0,0.0,5_6C_36PER_4_3C_NEWSTRUCTURE,S7,R100,0.0028112722244208006,0.005882036656843803
separate_phase_exposure,1.0,0.0,3_7C_31PER_5_9C_NEWSTRUCTURE,S8,A,0.0015855263114856637,0.0022095711118367933
separate_phase_exposure,1.0,0.0,4_8C_80PER_4_8C_NEWSTRUCTURE,S9,A,0.001469905228665524,0.002120737528800959
separate_phase_exposure,1.0,0.0,5C_67PER_4C_NEWSTRUCTURE,S4,A,0.0021075727897206624,0.0016524366206271482
separate_phase_exposure,1.0,0.0,5_3C_54PER_4C_NEWSTRUCTURE,S5,A,0.0019656338421505416,0.0017254412524780203
separate_phase_exposure,1.0,0.0,5_6C_19PER_4_6C_NEWSTRUCTURE,S6,A,0.0022484227763296125,0.0019510440151748213
separate_phase_exposure,1.0,0.0,5_6C_36PER_4_3C_NEWSTRUCTURE,S7,A,0.0017712943220766805,0.0019487929061994505
separate_phase_exposure,1.0,0.03,3_7C_31PER_5_9C_NEWSTRUCTURE,S8,R100,0.018094955152301473,0.003205328082992714
separate_phase_exposure,1.0,0.03,4_8C_80PER_4_8C_NEWSTRUCTURE,S9,R100,0.0014699053276039126,-0.0016151007484230366
separate_phase_exposure,1.0,0.03,5C_67PER_4C_NEWSTRUCTURE,S4,R100,0.0022727108604555773,0.0015381175107264831
separate_phase_exposure,1.0,0.03,5_3C_54PER_4C_NEWSTRUCTURE,S5,R100,0.002214637018771321,0.0039519358608536255
separate_phase_exposure,1.0,0.03,5_6C_19PER_4_6C_NEWSTRUCTURE,S6,R100,0.0030647540787321517,0.012700708203998316
separate_phase_exposure,1.0,0.03,5_6C_36PER_4_3C_NEWSTRUCTURE,S7,R100,0.0028112722244208006,0.006803921464999643
separate_phase_exposure,1.0,0.03,3_7C_31PER_5_9C_NEWSTRUCTURE,S8,A,0.0015855263114856637,0.0021752902645540305
separate_phase_exposure,1.0,0.03,4_8C_80PER_4_8C_NEWSTRUCTURE,S9,A,0.001469905228665524,0.002071724963452118
separate_phase_exposure,1.0,0.03,5C_67PER_4C_NEWSTRUCTURE,S4,A,0.0021075727897206624,0.001663170057717347
separate_phase_exposure,1.0,0.03,5_3C_54PER_4C_NEWSTRUCTURE,S5,A,0.0019656338421505416,0.0017855110124556514
separate_phase_exposure,1.0,0.03,5_6C_19PER_4_6C_NEWSTRUCTURE,S6,A,0.0022484227763296125,0.0017251784786748217
separate_phase_exposure,1.0,0.03,5_6C_36PER_4_3C_NEWSTRUCTURE,S7,A,0.0017712943220766805,0.0019105589675192922
separate_phase_exposure,1.0,0.1,3_7C_31PER_5_9C_NEWSTRUCTURE,S8,R100,0.018094955152301473,0.003182170547822472
separate_phase_exposure,1.0,0.1,4_8C_80PER_4_8C_NEWSTRUCTURE,S9,R100,0.0014699053276039126,-0.0013559586908065595
separate_phase_exposure,1.0,0.1,5C_67PER_4C_NEWSTRUCTURE,S4,R100,0.0022727108604555773,0.0015302733350751252
separate_phase_exposure,1.0,0.1,5_3C_54PER_4C_NEWSTRUCTURE,S5,R100,0.002214637018771321,0.0037876941885974322
separate_phase_exposure,1.0,0.1,5_6C_19PER_4_6C_NEWSTRUCTURE,S6,R100,0.0030647540787321517,0.01325971737522587
separate_phase_exposure,1.0,0.1,5_6C_36PER_4_3C_NEWSTRUCTURE,S7,R100,0.0028112722244208006,0.006902170454258085
separate_phase_exposure,1.0,0.1,3_7C_31PER_5_9C_NEWSTRUCTURE,S8,A,0.0015855263114856637,0.002172512096983991
separate_phase_exposure,1.0,0.1,4_8C_80PER_4_8C_NEWSTRUCTURE,S9,A,0.001469905228665524,0.002062059334207046
separate_phase_exposure,1.0,0.1,5C_67PER_4C_NEWSTRUCTURE,S4,A,0.0021075727897206624,0.0016655832120795059
separate_phase_exposure,1.0,0.1,5_3C_54PER_4C_NEWSTRUCTURE,S5,A,0.0019656338421505416,0.0017928820760366412
separate_phase_exposure,1.0,0.1,5_6C_19PER_4_6C_NEWSTRUCTURE,S6,A,0.0022484227763296125,0.0017184528192076957
separate_phase_exposure,1.0,0.1,5_6C_36PER_4_3C_NEWSTRUCTURE,S7,A,0.0017712943220766805,0.0019058757667219006
separate_phase_exposure,1.0,0.3,3_7C_31PER_5_9C_NEWSTRUCTURE,S8,R100,0.018094955152301473,0.0031612923095737685
separate_phase_exposure,1.0,0.3,4_8C_80PER_4_8C_NEWSTRUCTURE,S9,R100,0.0014699053276039126,-0.0011462446171753822
separate_phase_exposure,1.0,0.3,5C_67PER_4C_NEWSTRUCTURE,S4,R100,0.0022727108604555773,0.0015962113277040628
separate_phase_exposure,1.0,0.3,5_3C_54PER_4C_NEWSTRUCTURE,S5,R100,0.002214637018771321,0.003764955676136169
separate_phase_exposure,1.0,0.3,5_6C_19PER_4_6C_NEWSTRUCTURE,S6,R100,0.0030647540787321517,0.013284435277810055
separate_phase_exposure,1.0,0.3,5_6C_36PER_4_3C_NEWSTRUCTURE,S7,R100,0.0028112722244208006,0.006908375540187895
separate_phase_exposure,1.0,0.3,3_7C_31PER_5_9C_NEWSTRUCTURE,S8,A,0.0015855263114856637,0.0021671858084477413
separate_phase_exposure,1.0,0.3,4_8C_80PER_4_8C_NEWSTRUCTURE,S9,A,0.001469905228665524,0.002056559445595055
separate_phase_exposure,1.0,0.3,5C_67PER_4C_NEWSTRUCTURE,S4,A,0.0021075727897206624,0.0016688205726970399
separate_phase_exposure,1.0,0.3,5_3C_54PER_4C_NEWSTRUCTURE,S5,A,0.0019656338421505416,0.0017960057332440048
separate_phase_exposure,1.0,0.3,5_6C_19PER_4_6C_NEWSTRUCTURE,S6,A,0.0022484227763296125,0.0017175750605977873
separate_phase_exposure,1.0,0.3,5_6C_36PER_4_3C_NEWSTRUCTURE,S7,A,0.0017712943220766805,0.0019038455571263177
separate_phase_exposure,1.0,1.0,3_7C_31PER_5_9C_NEWSTRUCTURE,S8,R100,0.018094955152301473,0.0031090480958890715
separate_phase_exposure,1.0,1.0,4_8C_80PER_4_8C_NEWSTRUCTURE,S9,R100,0.0014699053276039126,-0.000685136788796315
separate_phase_exposure,1.0,1.0,5C_67PER_4C_NEWSTRUCTURE,S4,R100,0.0022727108604555773,0.00184267389241774
separate_phase_exposure,1.0,1.0,5_3C_54PER_4C_NEWSTRUCTURE,S5,R100,0.002214637018771321,0.003858625078403428
separate_phase_exposure,1.0,1.0,5_6C_19PER_4_6C_NEWSTRUCTURE,S6,R100,0.0030647540787321517,0.012839917711935739
separate_phase_exposure,1.0,1.0,5_6C_36PER_4_3C_NEWSTRUCTURE,S7,R100,0.0028112722244208006,0.006825823434249605
separate_phase_exposure,1.0,1.0,3_7C_31PER_5_9C_NEWSTRUCTURE,S8,A,0.0015855263114856637,0.0021508886807609946
separate_phase_exposure,1.0,1.0,4_8C_80PER_4_8C_NEWSTRUCTURE,S9,A,0.001469905228665524,0.0020477892931689053
separate_phase_exposure,1.0,1.0,5C_67PER_4C_NEWSTRUCTURE,S4,A,0.0021075727897206624,0.0016778542158217653
separate_phase_exposure,1.0,1.0,5_3C_54PER_4C_NEWSTRUCTURE,S5,A,0.0019656338421505416,0.0017993680494717405
separate_phase_exposure,1.0,1.0,5_6C_19PER_4_6C_NEWSTRUCTURE,S6,A,0.0022484227763296125,0.0017208594834325637
separate_phase_exposure,1.0,1.0,5_6C_36PER_4_3C_NEWSTRUCTURE,S7,A,0.0017712943220766805,0.0019015415092887727
separate_phase_exposure,1.0,3.0,3_7C_31PER_5_9C_NEWSTRUCTURE,S8,R100,0.018094955152301473,0.0029944174962663896
separate_phase_exposure,1.0,3.0,4_8C_80PER_4_8C_NEWSTRUCTURE,S9,R100,0.0014699053276039126,0.00030289852895507095
separate_phase_exposure,1.0,3.0,5C_67PER_4C_NEWSTRUCTURE,S4,R100,0.0022727108604555773,0.002409393847879909
separate_phase_exposure,1.0,3.0,5_3C_54PER_4C_NEWSTRUCTURE,S5,R100,0.002214637018771321,0.004113029764362659
separate_phase_exposure,1.0,3.0,5_6C_19PER_4_6C_NEWSTRUCTURE,S6,R100,0.0030647540787321517,0.01170531976245686
separate_phase_exposure,1.0,3.0,5_6C_36PER_4_3C_NEWSTRUCTURE,S7,R100,0.0028112722244208006,0.006612921836505535
separate_phase_exposure,1.0,3.0,3_7C_31PER_5_9C_NEWSTRUCTURE,S8,A,0.0015855263114856637,0.0021141977170965063
separate_phase_exposure,1.0,3.0,4_8C_80PER_4_8C_NEWSTRUCTURE,S9,A,0.001469905228665524,0.0020302662656760473
separate_phase_exposure,1.0,3.0,5C_67PER_4C_NEWSTRUCTURE,S4,A,0.0021075727897206624,0.0016979502574251697
separate_phase_exposure,1.0,3.0,5_3C_54PER_4C_NEWSTRUCTURE,S5,A,0.0019656338421505416,0.001805281722018279
separate_phase_exposure,1.0,3.0,5_6C_19PER_4_6C_NEWSTRUCTURE,S6,A,0.0022484227763296125,0.0017297899680752465
separate_phase_exposure,1.0,3.0,5_6C_36PER_4_3C_NEWSTRUCTURE,S7,A,0.0017712943220766805,0.0018973987087463008
separate_phase_exposure,1.0,10.0,3_7C_31PER_5_9C_NEWSTRUCTURE,S8,R100,0.018094955152301473,0.002774594846595755
separate_phase_exposure,1.0,10.0,4_8C_80PER_4_8C_NEWSTRUCTURE,S9,R100,0.0014699053276039126,0.00219121751836393
separate_phase_exposure,1.0,10.0,5C_67PER_4C_NEWSTRUCTURE,S4,R100,0.0022727108604555773,0.003502106310801855
separate_phase_exposure,1.0,10.0,5_3C_54PER_4C_NEWSTRUCTURE,S5,R100,0.002214637018771321,0.004612459283618109
separate_phase_exposure,1.0,10.0,5_6C_19PER_4_6C_NEWSTRUCTURE,S6,R100,0.0030647540787321517,0.009492011980456325
separate_phase_exposure,1.0,10.0,5_6C_36PER_4_3C_NEWSTRUCTURE,S7,R100,0.0028112722244208006,0.006197149170566935
separate_phase_exposure,1.0,10.0,3_7C_31PER_5_9C_NEWSTRUCTURE,S8,A,0.0015855263114856637,0.002043617028720569
separate_phase_exposure,1.0,10.0,4_8C_80PER_4_8C_NEWSTRUCTURE,S9,A,0.001469905228665524,0.0019970897162988523
separate_phase_exposure,1.0,10.0,5C_67PER_4C_NEWSTRUCTURE,S4,A,0.0021075727897206624,0.0017365436857015573
separate_phase_exposure,1.0,10.0,5_3C_54PER_4C_NEWSTRUCTURE,S5,A,0.0019656338421505416,0.001816270402585851
separate_phase_exposure,1.0,10.0,5_6C_19PER_4_6C_NEWSTRUCTURE,S6,A,0.0022484227763296125,0.0017473219400999586
separate_phase_exposure,1.0,10.0,5_6C_36PER_4_3C_NEWSTRUCTURE,S7,A,0.0017712943220766805,0.0018896736692375301
summed_stress_benchmark,1.0,0.0,3_7C_31PER_5_9C_NEWSTRUCTURE,S8,R100,0.018094955152301473,0.00441040042801698
summed_stress_benchmark,1.0,0.0,4_8C_80PER_4_8C_NEWSTRUCTURE,S9,R100,0.0014699053276039126,-0.0017746278730775824
summed_stress_benchmark,1.0,0.0,5C_67PER_4C_NEWSTRUCTURE,S4,R100,0.0022727108604555773,0.0018622662053678438
summed_stress_benchmark,1.0,0.0,5_3C_54PER_4C_NEWSTRUCTURE,S5,R100,0.002214637018771321,0.005263435735197227
summed_stress_benchmark,1.0,0.0,5_6C_19PER_4_6C_NEWSTRUCTURE,S6,R100,0.0030647540787321517,0.0016441048976343305
summed_stress_benchmark,1.0,0.0,5_6C_36PER_4_3C_NEWSTRUCTURE,S7,R100,0.0028112722244208006,0.005775452068576133
summed_stress_benchmark,1.0,0.0,3_7C_31PER_5_9C_NEWSTRUCTURE,S8,A,0.0015855263114856637,0.002417010865605998
summed_stress_benchmark,1.0,0.0,4_8C_80PER_4_8C_NEWSTRUCTURE,S9,A,0.001469905228665524,0.002192642761767297
summed_stress_benchmark,1.0,0.0,5C_67PER_4C_NEWSTRUCTURE,S4,A,0.0021075727897206624,0.001850983540435565
summed_stress_benchmark,1.0,0.0,5_3C_54PER_4C_NEWSTRUCTURE,S5,A,0.0019656338421505416,0.0018409625022336967
summed_stress_benchmark,1.0,0.0,5_6C_19PER_4_6C_NEWSTRUCTURE,S6,A,0.0022484227763296125,0.0018121876558628693
summed_stress_benchmark,1.0,0.0,5_6C_36PER_4_3C_NEWSTRUCTURE,S7,A,0.0017712943220766805,0.001869888794098253
summed_stress_benchmark,1.0,0.03,3_7C_31PER_5_9C_NEWSTRUCTURE,S8,R100,0.018094955152301473,0.0043982110968478726
summed_stress_benchmark,1.0,0.03,4_8C_80PER_4_8C_NEWSTRUCTURE,S9,R100,0.0014699053276039126,-0.0017300972941112986
summed_stress_benchmark,1.0,0.03,5C_67PER_4C_NEWSTRUCTURE,S4,R100,0.0022727108604555773,0.0018841479462525243
summed_stress_benchmark,1.0,0.03,5_3C_54PER_4C_NEWSTRUCTURE,S5,R100,0.002214637018771321,0.005265101443707201
summed_stress_benchmark,1.0,0.03,5_6C_19PER_4_6C_NEWSTRUCTURE,S6,R100,0.0030647540787321517,0.0016663430162371711
summed_stress_benchmark,1.0,0.03,5_6C_36PER_4_3C_NEWSTRUCTURE,S7,R100,0.0028112722244208006,0.005773352309643707
summed_stress_benchmark,1.0,0.03,3_7C_31PER_5_9C_NEWSTRUCTURE,S8,A,0.0015855263114856637,0.002414002246875477
summed_stress_benchmark,1.0,0.03,4_8C_80PER_4_8C_NEWSTRUCTURE,S9,A,0.001469905228665524,0.002191110240375162
summed_stress_benchmark,1.0,0.03,5C_67PER_4C_NEWSTRUCTURE,S4,A,0.0021075727897206624,0.0018507281107479272
summed_stress_benchmark,1.0,0.03,5_3C_54PER_4C_NEWSTRUCTURE,S5,A,0.0019656338421505416,0.0018409361510413821
summed_stress_benchmark,1.0,0.03,5_6C_19PER_4_6C_NEWSTRUCTURE,S6,A,0.0022484227763296125,0.0018119956012482984
summed_stress_benchmark,1.0,0.03,5_6C_36PER_4_3C_NEWSTRUCTURE,S7,A,0.0017712943220766805,0.001869921736815383
summed_stress_benchmark,1.0,0.1,3_7C_31PER_5_9C_NEWSTRUCTURE,S8,R100,0.018094955152301473,0.004370327005938151
summed_stress_benchmark,1.0,0.1,4_8C_80PER_4_8C_NEWSTRUCTURE,S9,R100,0.0014699053276039126,-0.0016282299566067254
summed_stress_benchmark,1.0,0.1,5C_67PER_4C_NEWSTRUCTURE,S4,R100,0.0022727108604555773,0.001934204216250159
summed_stress_benchmark,1.0,0.1,5_3C_54PER_4C_NEWSTRUCTURE,S5,R100,0.002214637018771321,0.005268911888011062
summed_stress_benchmark,1.0,0.1,5_6C_19PER_4_6C_NEWSTRUCTURE,S6,R100,0.0030647540787321517,0.001717214529380924
summed_stress_benchmark,1.0,0.1,5_6C_36PER_4_3C_NEWSTRUCTURE,S7,R100,0.0028112722244208006,0.005768548939536853
summed_stress_benchmark,1.0,0.1,3_7C_31PER_5_9C_NEWSTRUCTURE,S8,A,0.0015855263114856637,0.0024071197857272256
summed_stress_benchmark,1.0,0.1,4_8C_80PER_4_8C_NEWSTRUCTURE,S9,A,0.001469905228665524,0.0021876044724846565
summed_stress_benchmark,1.0,0.1,5C_67PER_4C_NEWSTRUCTURE,S4,A,0.0021075727897206624,0.0018501437944690167
summed_stress_benchmark,1.0,0.1,5_3C_54PER_4C_NEWSTRUCTURE,S5,A,0.0019656338421505416,0.0018408758705360875
summed_stress_benchmark,1.0,0.1,5_6C_19PER_4_6C_NEWSTRUCTURE,S6,A,0.0022484227763296125,0.001811556260626731
summed_stress_benchmark,1.0,0.1,5_6C_36PER_4_3C_NEWSTRUCTURE,S7,A,0.0017712943220766805,0.0018699970959722167
summed_stress_benchmark,1.0,0.3,3_7C_31PER_5_9C_NEWSTRUCTURE,S8,R100,0.018094955152301473,0.0042947167756007395
summed_stress_benchmark,1.0,0.3,4_8C_80PER_4_8C_NEWSTRUCTURE,S9,R100,0.0014699053276039126,-0.0013520074726994426
summed_stress_benchmark,1.0,0.3,5C_67PER_4C_NEWSTRUCTURE,S4,R100,0.0022727108604555773,0.0020699363122545274
summed_stress_benchmark,1.0,0.3,5_3C_54PER_4C_NEWSTRUCTURE,S5,R100,0.002214637018771321,0.005279244251810749
summed_stress_benchmark,1.0,0.3,5_6C_19PER_4_6C_NEWSTRUCTURE,S6,R100,0.0030647540787321517,0.0018551572307895915
summed_stress_benchmark,1.0,0.3,5_6C_36PER_4_3C_NEWSTRUCTURE,S7,R100,0.0028112722244208006,0.005755524167764628
summed_stress_benchmark,1.0,0.3,3_7C_31PER_5_9C_NEWSTRUCTURE,S8,A,0.0015855263114856637,0.0023884573708616175
summed_stress_benchmark,1.0,0.3,4_8C_80PER_4_8C_NEWSTRUCTURE,S9,A,0.001469905228665524,0.0021780982662909956
summed_stress_benchmark,1.0,0.3,5C_67PER_4C_NEWSTRUCTURE,S4,A,0.0021075727897206624,0.0018485593681170389
summed_stress_benchmark,1.0,0.3,5_3C_54PER_4C_NEWSTRUCTURE,S5,A,0.0019656338421505416,0.0018407124145028626
summed_stress_benchmark,1.0,0.3,5_6C_19PER_4_6C_NEWSTRUCTURE,S6,A,0.0022484227763296125,0.0018103649488604324
summed_stress_benchmark,1.0,0.3,5_6C_36PER_4_3C_NEWSTRUCTURE,S7,A,0.0017712943220766805,0.0018702014391306387
summed_stress_benchmark,1.0,1.0,3_7C_31PER_5_9C_NEWSTRUCTURE,S8,R100,0.018094955152301473,0.004069776340346941
summed_stress_benchmark,1.0,1.0,4_8C_80PER_4_8C_NEWSTRUCTURE,S9,R100,0.0014699053276039126,-0.0005302455830752759
summed_stress_benchmark,1.0,1.0,5C_67PER_4C_NEWSTRUCTURE,S4,R100,0.0022727108604555773,0.002473739297867525
summed_stress_benchmark,1.0,1.0,5_3C_54PER_4C_NEWSTRUCTURE,S5,R100,0.002214637018771321,0.00530998303411482
summed_stress_benchmark,1.0,1.0,5_6C_19PER_4_6C_NEWSTRUCTURE,S6,R100,0.0030647540787321517,0.0022655367674803773
summed_stress_benchmark,1.0,1.0,5_6C_36PER_4_3C_NEWSTRUCTURE,S7,R100,0.0028112722244208006,0.005716775471742258
summed_stress_benchmark,1.0,1.0,3_7C_31PER_5_9C_NEWSTRUCTURE,S8,A,0.0015855263114856637,0.0023329366866364325
summed_stress_benchmark,1.0,1.0,4_8C_80PER_4_8C_NEWSTRUCTURE,S9,A,0.001469905228665524,0.002149817302864853
summed_stress_benchmark,1.0,1.0,5C_67PER_4C_NEWSTRUCTURE,S4,A,0.0021075727897206624,0.0018438456997199048
summed_stress_benchmark,1.0,1.0,5_3C_54PER_4C_NEWSTRUCTURE,S5,A,0.0019656338421505416,0.0018402261328040186
summed_stress_benchmark,1.0,1.0,5_6C_19PER_4_6C_NEWSTRUCTURE,S6,A,0.0022484227763296125,0.0018068207963556936
summed_stress_benchmark,1.0,1.0,5_6C_36PER_4_3C_NEWSTRUCTURE,S7,A,0.0017712943220766805,0.0018708093600269444
summed_stress_benchmark,1.0,3.0,3_7C_31PER_5_9C_NEWSTRUCTURE,S8,R100,0.018094955152301473,0.0036439962307593943
summed_stress_benchmark,1.0,3.0,4_8C_80PER_4_8C_NEWSTRUCTURE,S9,R100,0.0014699053276039126,0.0010252322794276096
summed_stress_benchmark,1.0,3.0,5C_67PER_4C_NEWSTRUCTURE,S4,R100,0.0022727108604555773,0.003238080663492126
summed_stress_benchmark,1.0,3.0,5_3C_54PER_4C_NEWSTRUCTURE,S5,R100,0.002214637018771321,0.005368167157761811
summed_stress_benchmark,1.0,3.0,5_6C_19PER_4_6C_NEWSTRUCTURE,S6,R100,0.0030647540787321517,0.0030423266047879373
summed_stress_benchmark,1.0,3.0,5_6C_36PER_4_3C_NEWSTRUCTURE,S7,R100,0.0028112722244208006,0.005643429725699915
summed_stress_benchmark,1.0,3.0,3_7C_31PER_5_9C_NEWSTRUCTURE,S8,A,0.0015855263114856637,0.0022278439629244756
summed_stress_benchmark,1.0,3.0,4_8C_80PER_4_8C_NEWSTRUCTURE,S9,A,0.001469905228665524,0.0020962854792367976
summed_stress_benchmark,1.0,3.0,5C_67PER_4C_NEWSTRUCTURE,S4,A,0.0021075727897206624,0.0018349233988253298
summed_stress_benchmark,1.0,3.0,5_3C_54PER_4C_NEWSTRUCTURE,S5,A,0.0019656338421505416,0.0018393056710169211
summed_stress_benchmark,1.0,3.0,5_6C_19PER_4_6C_NEWSTRUCTURE,S6,A,0.0022484227763296125,0.0018001122219717238
summed_stress_benchmark,1.0,3.0,5_6C_36PER_4_3C_NEWSTRUCTURE,S7,A,0.0017712943220766805,0.0018719600674378086
summed_stress_benchmark,1.0,10.0,3_7C_31PER_5_9C_NEWSTRUCTURE,S8,R100,0.018094955152301473,0.0030479040773368276
summed_stress_benchmark,1.0,10.0,4_8C_80PER_4_8C_NEWSTRUCTURE,S9,R100,0.0014699053276039126,0.0032029012869316483
summed_stress_benchmark,1.0,10.0,5C_67PER_4C_NEWSTRUCTURE,S4,R100,0.0022727108604555773,0.004308158575366569
summed_stress_benchmark,1.0,10.0,5_3C_54PER_4C_NEWSTRUCTURE,S5,R100,0.002214637018771321,0.0054496249308675975
summed_stress_benchmark,1.0,10.0,5_6C_19PER_4_6C_NEWSTRUCTURE,S6,R100,0.0030647540787321517,0.004129832377018521
summed_stress_benchmark,1.0,10.0,5_6C_36PER_4_3C_NEWSTRUCTURE,S7,R100,0.0028112722244208006,0.005540745681240636
summed_stress_benchmark,1.0,10.0,3_7C_31PER_5_9C_NEWSTRUCTURE,S8,A,0.0015855263114856637,0.0020807141497277354
summed_stress_benchmark,1.0,10.0,4_8C_80PER_4_8C_NEWSTRUCTURE,S9,A,0.001469905228665524,0.0020213409261575204
summed_stress_benchmark,1.0,10.0,5C_67PER_4C_NEWSTRUCTURE,S4,A,0.0021075727897206624,0.0018224321775729246
summed_stress_benchmark,1.0,10.0,5_3C_54PER_4C_NEWSTRUCTURE,S5,A,0.0019656338421505416,0.0018380170245149846
summed_stress_benchmark,1.0,10.0,5_6C_19PER_4_6C_NEWSTRUCTURE,S6,A,0.0022484227763296125,0.001790720217834166
summed_stress_benchmark,1.0,10.0,5_6C_36PER_4_3C_NEWSTRUCTURE,S7,A,0.0017712943220766805,0.0018735710578130184
separate_phase_exposure,1.5,0.0,3_7C_31PER_5_9C_NEWSTRUCTURE,S8,R100,0.018094955152301473,0.004072552754800828
separate_phase_exposure,1.5,0.0,4_8C_80PER_4_8C_NEWSTRUCTURE,S9,R100,0.0014699053276039126,-0.002697624501582678
separate_phase_exposure,1.5,0.0,5C_67PER_4C_NEWSTRUCTURE,S4,R100,0.0022727108604555773,0.0014765420320087706
separate_phase_exposure,1.5,0.0,5_3C_54PER_4C_NEWSTRUCTURE,S5,R100,0.002214637018771321,0.005436879337811094
separate_phase_exposure,1.5,0.0,5_6C_19PER_4_6C_NEWSTRUCTURE,S6,R100,0.0030647540787321517,-0.0060944448709423175
separate_phase_exposure,1.5,0.0,5_6C_36PER_4_3C_NEWSTRUCTURE,S7,R100,0.0028112722244208006,0.005922709839019541
separate_phase_exposure,1.5,0.0,3_7C_31PER_5_9C_NEWSTRUCTURE,S8,A,0.0015855263114856637,0.002281049842062736
separate_phase_exposure,1.5,0.0,4_8C_80PER_4_8C_NEWSTRUCTURE,S9,A,0.001469905228665524,0.002121306456863551
separate_phase_exposure,1.5,0.0,5C_67PER_4C_NEWSTRUCTURE,S4,A,0.0021075727897206624,0.0016690924180560757
separate_phase_exposure,1.5,0.0,5_3C_54PER_4C_NEWSTRUCTURE,S5,A,0.0019656338421505416,0.0016973936971791863
separate_phase_exposure,1.5,0.0,5_6C_19PER_4_6C_NEWSTRUCTURE,S6,A,0.0022484227763296125,0.0017352798726290605
separate_phase_exposure,1.5,0.0,5_6C_36PER_4_3C_NEWSTRUCTURE,S7,A,0.0017712943220766805,0.0019174973994743564
separate_phase_exposure,1.5,0.03,3_7C_31PER_5_9C_NEWSTRUCTURE,S8,R100,0.018094955152301473,0.003454029920458892
separate_phase_exposure,1.5,0.03,4_8C_80PER_4_8C_NEWSTRUCTURE,S9,R100,0.0014699053276039126,-0.0020542342941840385
separate_phase_exposure,1.5,0.03,5C_67PER_4C_NEWSTRUCTURE,S4,R100,0.0022727108604555773,0.0011752295178849162
separate_phase_exposure,1.5,0.03,5_3C_54PER_4C_NEWSTRUCTURE,S5,R100,0.002214637018771321,0.003913893464724212
separate_phase_exposure,1.5,0.03,5_6C_19PER_4_6C_NEWSTRUCTURE,S6,R100,0.0030647540787321517,0.011771085937281385
separate_phase_exposure,1.5,0.03,5_6C_36PER_4_3C_NEWSTRUCTURE,S7,R100,0.0028112722244208006,0.006349823666958995
separate_phase_exposure,1.5,0.03,3_7C_31PER_5_9C_NEWSTRUCTURE,S8,A,0.0015855263114856637,0.0022383007774465255
separate_phase_exposure,1.5,0.03,4_8C_80PER_4_8C_NEWSTRUCTURE,S9,A,0.001469905228665524,0.002092670309099347
separate_phase_exposure,1.5,0.03,5C_67PER_4C_NEWSTRUCTURE,S4,A,0.0021075727897206624,0.0016833927286717511
separate_phase_exposure,1.5,0.03,5_3C_54PER_4C_NEWSTRUCTURE,S5,A,0.0019656338421505416,0.0017660435608345207
separate_phase_exposure,1.5,0.03,5_6C_19PER_4_6C_NEWSTRUCTURE,S6,A,0.0022484227763296125,0.0017057186734322828
separate_phase_exposure,1.5,0.03,5_6C_36PER_4_3C_NEWSTRUCTURE,S7,A,0.0017712943220766805,0.0018984440393822217
separate_phase_exposure,1.5,0.1,3_7C_31PER_5_9C_NEWSTRUCTURE,S8,R100,0.018094955152301473,0.0033803200946871765
separate_phase_exposure,1.5,0.1,4_8C_80PER_4_8C_NEWSTRUCTURE,S9,R100,0.0014699053276039126,-0.0017368665057524843
separate_phase_exposure,1.5,0.1,5C_67PER_4C_NEWSTRUCTURE,S4,R100,0.0022727108604555773,0.0010953181494104585
separate_phase_exposure,1.5,0.1,5_3C_54PER_4C_NEWSTRUCTURE,S5,R100,0.002214637018771321,0.0034606689807979048
separate_phase_exposure,1.5,0.1,5_6C_19PER_4_6C_NEWSTRUCTURE,S6,R100,0.0030647540787321517,0.012727429194967131
separate_phase_exposure,1.5,0.1,5_6C_36PER_4_3C_NEWSTRUCTURE,S7,R100,0.0028112722244208006,0.006473424800995262
separate_phase_exposure,1.5,0.1,3_7C_31PER_5_9C_NEWSTRUCTURE,S8,A,0.0015855263114856637,0.0022315496851709666
separate_phase_exposure,1.5,0.1,4_8C_80PER_4_8C_NEWSTRUCTURE,S9,A,0.001469905228665524,0.002079609190743346
separate_phase_exposure,1.5,0.1,5C_67PER_4C_NEWSTRUCTURE,S4,A,0.0021075727897206624,0.0016891378335926336
separate_phase_exposure,1.5,0.1,5_3C_54PER_4C_NEWSTRUCTURE,S5,A,0.0019656338421505416,0.001787340537085419
separate_phase_exposure,1.5,0.1,5_6C_19PER_4_6C_NEWSTRUCTURE,S6,A,0.0022484227763296125,0.0017045670282323064
separate_phase_exposure,1.5,0.1,5_6C_36PER_4_3C_NEWSTRUCTURE,S7,A,0.0017712943220766805,0.0018925420134175929
separate_phase_exposure,1.5,0.3,3_7C_31PER_5_9C_NEWSTRUCTURE,S8,R100,0.018094955152301473,0.003339417549024256
separate_phase_exposure,1.5,0.3,4_8C_80PER_4_8C_NEWSTRUCTURE,S9,R100,0.0014699053276039126,-0.0014720157196093531
separate_phase_exposure,1.5,0.3,5C_67PER_4C_NEWSTRUCTURE,S4,R100,0.0022727108604555773,0.0011351192869244308
separate_phase_exposure,1.5,0.3,5_3C_54PER_4C_NEWSTRUCTURE,S5,R100,0.002214637018771321,0.0033146905206561878
separate_phase_exposure,1.5,0.3,5_6C_19PER_4_6C_NEWSTRUCTURE,S6,R100,0.0030647540787321517,0.012885650482989005
separate_phase_exposure,1.5,0.3,5_6C_36PER_4_3C_NEWSTRUCTURE,S7,R100,0.0028112722244208006,0.0065051127612673
separate_phase_exposure,1.5,0.3,3_7C_31PER_5_9C_NEWSTRUCTURE,S8,A,0.0015855263114856637,0.002223912861163115
separate_phase_exposure,1.5,0.3,4_8C_80PER_4_8C_NEWSTRUCTURE,S9,A,0.001469905228665524,0.002071345050643303
separate_phase_exposure,1.5,0.3,5C_67PER_4C_NEWSTRUCTURE,S4,A,0.0021075727897206624,0.001693511571850959
separate_phase_exposure,1.5,0.3,5_3C_54PER_4C_NEWSTRUCTURE,S5,A,0.0019656338421505416,0.001796649704022973
separate_phase_exposure,1.5,0.3,5_6C_19PER_4_6C_NEWSTRUCTURE,S6,A,0.0022484227763296125,0.0017055304612788968
separate_phase_exposure,1.5,0.3,5_6C_36PER_4_3C_NEWSTRUCTURE,S7,A,0.0017712943220766805,0.0018899078845853452
separate_phase_exposure,1.5,1.0,3_7C_31PER_5_9C_NEWSTRUCTURE,S8,R100,0.018094955152301473,0.003270232056949165
separate_phase_exposure,1.5,1.0,4_8C_80PER_4_8C_NEWSTRUCTURE,S9,R100,0.0014699053276039126,-0.0009679695399251271
separate_phase_exposure,1.5,1.0,5C_67PER_4C_NEWSTRUCTURE,S4,R100,0.0022727108604555773,0.0013976804299054924
separate_phase_exposure,1.5,1.0,5_3C_54PER_4C_NEWSTRUCTURE,S5,R100,0.002214637018771321,0.0033873555004791892
separate_phase_exposure,1.5,1.0,5_6C_19PER_4_6C_NEWSTRUCTURE,S6,R100,0.0030647540787321517,0.012508310140291672
separate_phase_exposure,1.5,1.0,5_6C_36PER_4_3C_NEWSTRUCTURE,S7,R100,0.0028112722244208006,0.00645553767801516
separate_phase_exposure,1.5,1.0,3_7C_31PER_5_9C_NEWSTRUCTURE,S8,A,0.0015855263114856637,0.0022035985092734417
separate_phase_exposure,1.5,1.0,4_8C_80PER_4_8C_NEWSTRUCTURE,S9,A,0.001469905228665524,0.002060549181881467
separate_phase_exposure,1.5,1.0,5C_67PER_4C_NEWSTRUCTURE,S4,A,0.0021075727897206624,0.001701600278058353
separate_phase_exposure,1.5,1.0,5_3C_54PER_4C_NEWSTRUCTURE,S5,A,0.0019656338421505416,0.0018022967352628045
separate_phase_exposure,1.5,1.0,5_6C_19PER_4_6C_NEWSTRUCTURE,S6,A,0.0022484227763296125,0.0017101016687356837
separate_phase_exposure,1.5,1.0,5_6C_36PER_4_3C_NEWSTRUCTURE,S7,A,0.0017712943220766805,0.0018881294069353373
separate_phase_exposure,1.5,3.0,3_7C_31PER_5_9C_NEWSTRUCTURE,S8,R100,0.018094955152301473,0.003129388628650271
separate_phase_exposure,1.5,3.0,4_8C_80PER_4_8C_NEWSTRUCTURE,S9,R100,0.0014699053276039126,7.055311053892274e-05
separate_phase_exposure,1.5,3.0,5C_67PER_4C_NEWSTRUCTURE,S4,R100,0.0022727108604555773,0.002029977009210855
separate_phase_exposure,1.5,3.0,5_3C_54PER_4C_NEWSTRUCTURE,S5,R100,0.002214637018771321,0.003701825350895322
separate_phase_exposure,1.5,3.0,5_6C_19PER_4_6C_NEWSTRUCTURE,S6,R100,0.0030647540787321517,0.011434879162487612
separate_phase_exposure,1.5,3.0,5_6C_36PER_4_3C_NEWSTRUCTURE,S7,R100,0.0028112722244208006,0.006301450772609372
separate_phase_exposure,1.5,3.0,3_7C_31PER_5_9C_NEWSTRUCTURE,S8,A,0.0015855263114856637,0.00215868660896006
separate_phase_exposure,1.5,3.0,4_8C_80PER_4_8C_NEWSTRUCTURE,S9,A,0.001469905228665524,0.0020407533539116922
separate_phase_exposure,1.5,3.0,5C_67PER_4C_NEWSTRUCTURE,S4,A,0.0021075727897206624,0.0017182150084971122
separate_phase_exposure,1.5,3.0,5_3C_54PER_4C_NEWSTRUCTURE,S5,A,0.0019656338421505416,0.001808356134008779
separate_phase_exposure,1.5,3.0,5_6C_19PER_4_6C_NEWSTRUCTURE,S6,A,0.0022484227763296125,0.0017208143245582403
separate_phase_exposure,1.5,3.0,5_6C_36PER_4_3C_NEWSTRUCTURE,S7,A,0.0017712943220766805,0.0018859547495879616
separate_phase_exposure,1.5,10.0,3_7C_31PER_5_9C_NEWSTRUCTURE,S8,R100,0.018094955152301473,0.002861960429355064
separate_phase_exposure,1.5,10.0,4_8C_80PER_4_8C_NEWSTRUCTURE,S9,R100,0.0014699053276039126,0.00204298906682512
separate_phase_exposure,1.5,10.0,5C_67PER_4C_NEWSTRUCTURE,S4,R100,0.0022727108604555773,0.003255430516875793
separate_phase_exposure,1.5,10.0,5_3C_54PER_4C_NEWSTRUCTURE,S5,R100,0.002214637018771321,0.0043425904112786755
separate_phase_exposure,1.5,10.0,5_6C_19PER_4_6C_NEWSTRUCTURE,S6,R100,0.0030647540787321517,0.009318452488070419
separate_phase_exposure,1.5,10.0,5_6C_36PER_4_3C_NEWSTRUCTURE,S7,R100,0.0028112722244208006,0.0059950255275111565
separate_phase_exposure,1.5,10.0,3_7C_31PER_5_9C_NEWSTRUCTURE,S8,A,0.0015855263114856637,0.002072495685730514
separate_phase_exposure,1.5,10.0,4_8C_80PER_4_8C_NEWSTRUCTURE,S9,A,0.001469905228665524,0.0020038113239825997
separate_phase_exposure,1.5,10.0,5C_67PER_4C_NEWSTRUCTURE,S4,A,0.0021075727897206624,0.0017497686447694582
separate_phase_exposure,1.5,10.0,5_3C_54PER_4C_NEWSTRUCTURE,S5,A,0.0019656338421505416,0.0018184102750493725
separate_phase_exposure,1.5,10.0,5_6C_19PER_4_6C_NEWSTRUCTURE,S6,A,0.0022484227763296125,0.001741517828978964
separate_phase_exposure,1.5,10.0,5_6C_36PER_4_3C_NEWSTRUCTURE,S7,A,0.0017712943220766805,0.0018822123117734797
summed_stress_benchmark,1.5,0.0,3_7C_31PER_5_9C_NEWSTRUCTURE,S8,R100,0.018094955152301473,0.004390416924322509
summed_stress_benchmark,1.5,0.0,4_8C_80PER_4_8C_NEWSTRUCTURE,S9,R100,0.0014699053276039126,-0.001715312601189979
summed_stress_benchmark,1.5,0.0,5C_67PER_4C_NEWSTRUCTURE,S4,R100,0.0022727108604555773,0.0017375424251374
summed_stress_benchmark,1.5,0.0,5_3C_54PER_4C_NEWSTRUCTURE,S5,R100,0.002214637018771321,0.005295794731789712
summed_stress_benchmark,1.5,0.0,5_6C_19PER_4_6C_NEWSTRUCTURE,S6,R100,0.0030647540787321517,0.0016645261354737667
summed_stress_benchmark,1.5,0.0,5_6C_36PER_4_3C_NEWSTRUCTURE,S7,R100,0.0028112722244208006,0.005820173415769057
summed_stress_benchmark,1.5,0.0,3_7C_31PER_5_9C_NEWSTRUCTURE,S8,A,0.0015855263114856637,0.0023927094345303963
summed_stress_benchmark,1.5,0.0,4_8C_80PER_4_8C_NEWSTRUCTURE,S9,A,0.001469905228665524,0.002191293365338598
summed_stress_benchmark,1.5,0.0,5C_67PER_4C_NEWSTRUCTURE,S4,A,0.0021075727897206624,0.0018525387198600769
summed_stress_benchmark,1.5,0.0,5_3C_54PER_4C_NEWSTRUCTURE,S5,A,0.0019656338421505416,0.0018404942243380187
summed_stress_benchmark,1.5,0.0,5_6C_19PER_4_6C_NEWSTRUCTURE,S6,A,0.0022484227763296125,0.001812749968587979
summed_stress_benchmark,1.5,0.0,5_6C_36PER_4_3C_NEWSTRUCTURE,S7,A,0.0017712943220766805,0.001869133398952997
summed_stress_benchmark,1.5,0.03,3_7C_31PER_5_9C_NEWSTRUCTURE,S8,R100,0.018094955152301473,0.004378346779060127
summed_stress_benchmark,1.5,0.03,4_8C_80PER_4_8C_NEWSTRUCTURE,S9,R100,0.0014699053276039126,-0.0016711357912409155
summed_stress_benchmark,1.5,0.03,5C_67PER_4C_NEWSTRUCTURE,S4,R100,0.0022727108604555773,0.0017601680454270336
summed_stress_benchmark,1.5,0.03,5_3C_54PER_4C_NEWSTRUCTURE,S5,R100,0.002214637018771321,0.0052972674442961516
summed_stress_benchmark,1.5,0.03,5_6C_19PER_4_6C_NEWSTRUCTURE,S6,R100,0.0030647540787321517,0.001686642457429454
summed_stress_benchmark,1.5,0.03,5_6C_36PER_4_3C_NEWSTRUCTURE,S7,R100,0.0028112722244208006,0.005817806929119775
summed_stress_benchmark,1.5,0.03,3_7C_31PER_5_9C_NEWSTRUCTURE,S8,A,0.0015855263114856637,0.002389845754752612
summed_stress_benchmark,1.5,0.03,4_8C_80PER_4_8C_NEWSTRUCTURE,S9,A,0.001469905228665524,0.0021897688920364945
summed_stress_benchmark,1.5,0.03,5C_67PER_4C_NEWSTRUCTURE,S4,A,0.0021075727897206624,0.0018522740147484359
summed_stress_benchmark,1.5,0.03,5_3C_54PER_4C_NEWSTRUCTURE,S5,A,0.0019656338421505416,0.0018404706660556187
summed_stress_benchmark,1.5,0.03,5_6C_19PER_4_6C_NEWSTRUCTURE,S6,A,0.0022484227763296125,0.0018125545602195802
summed_stress_benchmark,1.5,0.03,5_6C_36PER_4_3C_NEWSTRUCTURE,S7,A,0.0017712943220766805,0.0018691708470089656
summed_stress_benchmark,1.5,0.1,3_7C_31PER_5_9C_NEWSTRUCTURE,S8,R100,0.018094955152301473,0.004350735335649454
summed_stress_benchmark,1.5,0.1,4_8C_80PER_4_8C_NEWSTRUCTURE,S9,R100,0.0014699053276039126,-0.0015700777292659346
summed_stress_benchmark,1.5,0.1,5C_67PER_4C_NEWSTRUCTURE,S4,R100,0.0022727108604555773,0.0018119260003379594
summed_stress_benchmark,1.5,0.1,5_3C_54PER_4C_NEWSTRUCTURE,S5,R100,0.002214637018771321,0.005300636394474282
summed_stress_benchmark,1.5,0.1,5_6C_19PER_4_6C_NEWSTRUCTURE,S6,R100,0.0030647540787321517,0.0017372353507921368
summed_stress_benchmark,1.5,0.1,5_6C_36PER_4_3C_NEWSTRUCTURE,S7,R100,0.0028112722244208006,0.005812393397569132
summed_stress_benchmark,1.5,0.1,3_7C_31PER_5_9C_NEWSTRUCTURE,S8,A,0.0015855263114856637,0.002383294853300165
summed_stress_benchmark,1.5,0.1,4_8C_80PER_4_8C_NEWSTRUCTURE,S9,A,0.001469905228665524,0.002186281534809461
summed_stress_benchmark,1.5,0.1,5C_67PER_4C_NEWSTRUCTURE,S4,A,0.0021075727897206624,0.0018516684801793226
summed_stress_benchmark,1.5,0.1,5_3C_54PER_4C_NEWSTRUCTURE,S5,A,0.0019656338421505416,0.0018404167745599326
summed_stress_benchmark,1.5,0.1,5_6C_19PER_4_6C_NEWSTRUCTURE,S6,A,0.0022484227763296125,0.0018121075476121326
summed_stress_benchmark,1.5,0.1,5_6C_36PER_4_3C_NEWSTRUCTURE,S7,A,0.0017712943220766805,0.0018692565124964755
summed_stress_benchmark,1.5,0.3,3_7C_31PER_5_9C_NEWSTRUCTURE,S8,R100,0.018094955152301473,0.004275864413624824
summed_stress_benchmark,1.5,0.3,4_8C_80PER_4_8C_NEWSTRUCTURE,S9,R100,0.0014699053276039126,-0.0012960496690318894
summed_stress_benchmark,1.5,0.3,5C_67PER_4C_NEWSTRUCTURE,S4,R100,0.0022727108604555773,0.0019522723686409022
summed_stress_benchmark,1.5,0.3,5_3C_54PER_4C_NEWSTRUCTURE,S5,R100,0.002214637018771321,0.005309771607086678
summed_stress_benchmark,1.5,0.3,5_6C_19PER_4_6C_NEWSTRUCTURE,S6,R100,0.0030647540787321517,0.001874422549506042
summed_stress_benchmark,1.5,0.3,5_6C_36PER_4_3C_NEWSTRUCTURE,S7,R100,0.0028112722244208006,0.0057977141179466314
summed_stress_benchmark,1.5,0.3,3_7C_31PER_5_9C_NEWSTRUCTURE,S8,A,0.0015855263114856637,0.002365531492488408
summed_stress_benchmark,1.5,0.3,4_8C_80PER_4_8C_NEWSTRUCTURE,S9,A,0.001469905228665524,0.0021768252507922223
summed_stress_benchmark,1.5,0.3,5C_67PER_4C_NEWSTRUCTURE,S4,A,0.0021075727897206624,0.001850026518517522
summed_stress_benchmark,1.5,0.3,5_3C_54PER_4C_NEWSTRUCTURE,S5,A,0.0019656338421505416,0.0018402706429031664
summed_stress_benchmark,1.5,0.3,5_6C_19PER_4_6C_NEWSTRUCTURE,S6,A,0.0022484227763296125,0.0018108954325633659
summed_stress_benchmark,1.5,0.3,5_6C_36PER_4_3C_NEWSTRUCTURE,S7,A,0.0017712943220766805,0.001869488802201152
summed_stress_benchmark,1.5,1.0,3_7C_31PER_5_9C_NEWSTRUCTURE,S8,R100,0.018094955152301473,0.004053123420601549
summed_stress_benchmark,1.5,1.0,4_8C_80PER_4_8C_NEWSTRUCTURE,S9,R100,0.0014699053276039126,-0.00048081618983560493
summed_stress_benchmark,1.5,1.0,5C_67PER_4C_NEWSTRUCTURE,S4,R100,0.0022727108604555773,0.002369802814342156
summed_stress_benchmark,1.5,1.0,5_3C_54PER_4C_NEWSTRUCTURE,S5,R100,0.002214637018771321,0.005336948864608557
summed_stress_benchmark,1.5,1.0,5_6C_19PER_4_6C_NEWSTRUCTURE,S6,R100,0.0030647540787321517,0.0022825544656799087
summed_stress_benchmark,1.5,1.0,5_6C_36PER_4_3C_NEWSTRUCTURE,S7,R100,0.0028112722244208006,0.005754043261069695
summed_stress_benchmark,1.5,1.0,3_7C_31PER_5_9C_NEWSTRUCTURE,S8,A,0.0015855263114856637,0.0023126854940734307
summed_stress_benchmark,1.5,1.0,4_8C_80PER_4_8C_NEWSTRUCTURE,S9,A,0.001469905228665524,0.0021486928058409367
summed_stress_benchmark,1.5,1.0,5C_67PER_4C_NEWSTRUCTURE,S4,A,0.0021075727897206624,0.001845141682573665
summed_stress_benchmark,1.5,1.0,5_3C_54PER_4C_NEWSTRUCTURE,S5,A,0.0019656338421505416,0.001839835901224287
summed_stress_benchmark,1.5,1.0,5_6C_19PER_4_6C_NEWSTRUCTURE,S6,A,0.0022484227763296125,0.0018072893902932848
summed_stress_benchmark,1.5,1.0,5_6C_36PER_4_3C_NEWSTRUCTURE,S7,A,0.0017712943220766805,0.0018701798640725642
summed_stress_benchmark,1.5,3.0,3_7C_31PER_5_9C_NEWSTRUCTURE,S8,R100,0.018094955152301473,0.00363150654095035
summed_stress_benchmark,1.5,3.0,4_8C_80PER_4_8C_NEWSTRUCTURE,S9,R100,0.0014699053276039126,0.0010623043243573622
summed_stress_benchmark,1.5,3.0,5C_67PER_4C_NEWSTRUCTURE,S4,R100,0.0022727108604555773,0.0031601283008480994
summed_stress_benchmark,1.5,3.0,5_3C_54PER_4C_NEWSTRUCTURE,S5,R100,0.002214637018771321,0.005388391530632114
summed_stress_benchmark,1.5,3.0,5_6C_19PER_4_6C_NEWSTRUCTURE,S6,R100,0.0030647540787321517,0.003055089878437586
summed_stress_benchmark,1.5,3.0,5_6C_36PER_4_3C_NEWSTRUCTURE,S7,R100,0.0028112722244208006,0.005671380567695493
summed_stress_benchmark,1.5,3.0,3_7C_31PER_5_9C_NEWSTRUCTURE,S8,A,0.0015855263114856637,0.002212655568502224
summed_stress_benchmark,1.5,3.0,4_8C_80PER_4_8C_NEWSTRUCTURE,S9,A,0.001469905228665524,0.0020954421064688605
summed_stress_benchmark,1.5,3.0,5C_67PER_4C_NEWSTRUCTURE,S4,A,0.0021075727897206624,0.0018358953859656498
summed_stress_benchmark,1.5,3.0,5_3C_54PER_4C_NEWSTRUCTURE,S5,A,0.0019656338421505416,0.0018390129973321224
summed_stress_benchmark,1.5,3.0,5_6C_19PER_4_6C_NEWSTRUCTURE,S6,A,0.0022484227763296125,0.0018004636674249172
summed_stress_benchmark,1.5,3.0,5_6C_36PER_4_3C_NEWSTRUCTURE,S7,A,0.0017712943220766805,0.0018714879454720234
summed_stress_benchmark,1.5,10.0,3_7C_31PER_5_9C_NEWSTRUCTURE,S8,R100,0.018094955152301473,0.003041242909438671
summed_stress_benchmark,1.5,10.0,4_8C_80PER_4_8C_NEWSTRUCTURE,S9,R100,0.0014699053276039126,0.003222673044227517
summed_stress_benchmark,1.5,10.0,5C_67PER_4C_NEWSTRUCTURE,S4,R100,0.0022727108604555773,0.004266583981956421
summed_stress_benchmark,1.5,10.0,5_3C_54PER_4C_NEWSTRUCTURE,S5,R100,0.002214637018771321,0.005460411263065092
summed_stress_benchmark,1.5,10.0,5_6C_19PER_4_6C_NEWSTRUCTURE,S6,R100,0.0030647540787321517,0.0041366394562983334
summed_stress_benchmark,1.5,10.0,5_6C_36PER_4_3C_NEWSTRUCTURE,S7,R100,0.0028112722244208006,0.00555565279697161
summed_stress_benchmark,1.5,10.0,3_7C_31PER_5_9C_NEWSTRUCTURE,S8,A,0.0015855263114856637,0.002072613672702535
summed_stress_benchmark,1.5,10.0,4_8C_80PER_4_8C_NEWSTRUCTURE,S9,A,0.001469905228665524,0.002020891127347954
summed_stress_benchmark,1.5,10.0,5C_67PER_4C_NEWSTRUCTURE,S4,A,0.0021075727897206624,0.0018229505707144287
summed_stress_benchmark,1.5,10.0,5_3C_54PER_4C_NEWSTRUCTURE,S5,A,0.0019656338421505416,0.001837860931883092
summed_stress_benchmark,1.5,10.0,5_6C_19PER_4_6C_NEWSTRUCTURE,S6,A,0.0022484227763296125,0.0017909076554092026
summed_stress_benchmark,1.5,10.0,5_6C_36PER_4_3C_NEWSTRUCTURE,S7,A,0.0017712943220766805,0.0018733192594312662
separate_phase_exposure,2.0,0.0,3_7C_31PER_5_9C_NEWSTRUCTURE,S8,R100,0.018094955152301473,0.004349482551227159
separate_phase_exposure,2.0,0.0,4_8C_80PER_4_8C_NEWSTRUCTURE,S9,R100,0.0014699053276039126,-0.002562771040443252
separate_phase_exposure,2.0,0.0,5C_67PER_4C_NEWSTRUCTURE,S4,R100,0.0022727108604555773,0.0012098882961915454
separate_phase_exposure,2.0,0.0,5_3C_54PER_4C_NEWSTRUCTURE,S5,R100,0.002214637018771321,0.005344154237775497
separate_phase_exposure,2.0,0.0,5_6C_19PER_4_6C_NEWSTRUCTURE,S6,R100,0.0030647540787321517,-0.0026605350458548446
separate_phase_exposure,2.0,0.0,5_6C_36PER_4_3C_NEWSTRUCTURE,S7,R100,0.0028112722244208006,0.00592704053319589
separate_phase_exposure,2.0,0.0,3_7C_31PER_5_9C_NEWSTRUCTURE,S8,A,0.0015855263114856637,0.002361099753721889
separate_phase_exposure,2.0,0.0,4_8C_80PER_4_8C_NEWSTRUCTURE,S9,A,0.001469905228665524,0.002125708750884507
separate_phase_exposure,2.0,0.0,5C_67PER_4C_NEWSTRUCTURE,S4,A,0.0021075727897206624,0.001689511356276014
separate_phase_exposure,2.0,0.0,5_3C_54PER_4C_NEWSTRUCTURE,S5,A,0.0019656338421505416,0.0016711711062545299
separate_phase_exposure,2.0,0.0,5_6C_19PER_4_6C_NEWSTRUCTURE,S6,A,0.0022484227763296125,0.0013001216932607873
separate_phase_exposure,2.0,0.0,5_6C_36PER_4_3C_NEWSTRUCTURE,S7,A,0.0017712943220766805,0.001887544184830217
separate_phase_exposure,2.0,0.03,3_7C_31PER_5_9C_NEWSTRUCTURE,S8,R100,0.018094955152301473,0.0037906535032767464
separate_phase_exposure,2.0,0.03,4_8C_80PER_4_8C_NEWSTRUCTURE,S9,R100,0.0014699053276039126,-0.0021373642603271974
separate_phase_exposure,2.0,0.03,5C_67PER_4C_NEWSTRUCTURE,S4,R100,0.0022727108604555773,0.0009638435723714452
separate_phase_exposure,2.0,0.03,5_3C_54PER_4C_NEWSTRUCTURE,S5,R100,0.002214637018771321,0.003994619544185644
separate_phase_exposure,2.0,0.03,5_6C_19PER_4_6C_NEWSTRUCTURE,S6,R100,0.0030647540787321517,0.011200133334865737
separate_phase_exposure,2.0,0.03,5_6C_36PER_4_3C_NEWSTRUCTURE,S7,R100,0.0028112722244208006,0.006006419507385649
separate_phase_exposure,2.0,0.03,3_7C_31PER_5_9C_NEWSTRUCTURE,S8,A,0.0015855263114856637,0.0023140996468922494
separate_phase_exposure,2.0,0.03,4_8C_80PER_4_8C_NEWSTRUCTURE,S9,A,0.001469905228665524,0.0021052250776425643
separate_phase_exposure,2.0,0.03,5C_67PER_4C_NEWSTRUCTURE,S4,A,0.0021075727897206624,0.0017025149764617312
separate_phase_exposure,2.0,0.03,5_3C_54PER_4C_NEWSTRUCTURE,S5,A,0.0019656338421505416,0.0017390659383453558
separate_phase_exposure,2.0,0.03,5_6C_19PER_4_6C_NEWSTRUCTURE,S6,A,0.0022484227763296125,0.0016584824076053242
separate_phase_exposure,2.0,0.03,5_6C_36PER_4_3C_NEWSTRUCTURE,S7,A,0.0017712943220766805,0.0018837262515152998
separate_phase_exposure,2.0,0.1,3_7C_31PER_5_9C_NEWSTRUCTURE,S8,R100,0.018094955152301473,0.00362576171111977
separate_phase_exposure,2.0,0.1,4_8C_80PER_4_8C_NEWSTRUCTURE,S9,R100,0.0014699053276039126,-0.0018030078710954333
separate_phase_exposure,2.0,0.1,5C_67PER_4C_NEWSTRUCTURE,S4,R100,0.0022727108604555773,0.0008361508779074871
separate_phase_exposure,2.0,0.1,5_3C_54PER_4C_NEWSTRUCTURE,S5,R100,0.002214637018771321,0.0032744126627859975
separate_phase_exposure,2.0,0.1,5_6C_19PER_4_6C_NEWSTRUCTURE,S6,R100,0.0030647540787321517,0.012186153040196337
separate_phase_exposure,2.0,0.1,5_6C_36PER_4_3C_NEWSTRUCTURE,S7,R100,0.0028112722244208006,0.006046349801951304
separate_phase_exposure,2.0,0.1,3_7C_31PER_5_9C_NEWSTRUCTURE,S8,A,0.0015855263114856637,0.0022985125720009054
separate_phase_exposure,2.0,0.1,4_8C_80PER_4_8C_NEWSTRUCTURE,S9,A,0.001469905228665524,0.0020901341012066065
separate_phase_exposure,2.0,0.1,5C_67PER_4C_NEWSTRUCTURE,S4,A,0.0021075727897206624,0.0017110360597518545
separate_phase_exposure,2.0,0.1,5_3C_54PER_4C_NEWSTRUCTURE,S5,A,0.0019656338421505416,0.0017762336339747751
separate_phase_exposure,2.0,0.1,5_6C_19PER_4_6C_NEWSTRUCTURE,S6,A,0.0022484227763296125,0.0016858019918725346
separate_phase_exposure,2.0,0.1,5_6C_36PER_4_3C_NEWSTRUCTURE,S7,A,0.0017712943220766805,0.0018816122707449665
separate_phase_exposure,2.0,0.3,3_7C_31PER_5_9C_NEWSTRUCTURE,S8,R100,0.018094955152301473,0.0035407067171789337
separate_phase_exposure,2.0,0.3,4_8C_80PER_4_8C_NEWSTRUCTURE,S9,R100,0.0014699053276039126,-0.0014897143877515943
separate_phase_exposure,2.0,0.3,5C_67PER_4C_NEWSTRUCTURE,S4,R100,0.0022727108604555773,0.0008396916215999755
separate_phase_exposure,2.0,0.3,5_3C_54PER_4C_NEWSTRUCTURE,S5,R100,0.002214637018771321,0.0029437771859947334
separate_phase_exposure,2.0,0.3,5_6C_19PER_4_6C_NEWSTRUCTURE,S6,R100,0.0030647540787321517,0.012369598127150095
separate_phase_exposure,2.0,0.3,5_6C_36PER_4_3C_NEWSTRUCTURE,S7,R100,0.0028112722244208006,0.006056822659376468
separate_phase_exposure,2.0,0.3,3_7C_31PER_5_9C_NEWSTRUCTURE,S8,A,0.0015855263114856637,0.002286006369825767
separate_phase_exposure,2.0,0.3,4_8C_80PER_4_8C_NEWSTRUCTURE,S9,A,0.001469905228665524,0.002078813995146423
separate_phase_exposure,2.0,0.3,5C_67PER_4C_NEWSTRUCTURE,S4,A,0.0021075727897206624,0.0017172227817802315
separate_phase_exposure,2.0,0.3,5_3C_54PER_4C_NEWSTRUCTURE,S5,A,0.0019656338421505416,0.001796118807773057
separate_phase_exposure,2.0,0.3,5_6C_19PER_4_6C_NEWSTRUCTURE,S6,A,0.0022484227763296125,0.0016957773543871868
separate_phase_exposure,2.0,0.3,5_6C_36PER_4_3C_NEWSTRUCTURE,S7,A,0.0017712943220766805,0.001880434747282581
separate_phase_exposure,2.0,1.0,3_7C_31PER_5_9C_NEWSTRUCTURE,S8,R100,0.018094955152301473,0.0034436251373702125
separate_phase_exposure,2.0,1.0,4_8C_80PER_4_8C_NEWSTRUCTURE,S9,R100,0.0014699053276039126,-0.0009557566967382343
separate_phase_exposure,2.0,1.0,5C_67PER_4C_NEWSTRUCTURE,S4,R100,0.0022727108604555773,0.0011013499367020663
separate_phase_exposure,2.0,1.0,5_3C_54PER_4C_NEWSTRUCTURE,S5,R100,0.002214637018771321,0.0029541080644394976
separate_phase_exposure,2.0,1.0,5_6C_19PER_4_6C_NEWSTRUCTURE,S6,R100,0.0030647540787321517,0.012030767227603233
separate_phase_exposure,2.0,1.0,5_6C_36PER_4_3C_NEWSTRUCTURE,S7,R100,0.0028112722244208006,0.0060257909077115965
separate_phase_exposure,2.0,1.0,3_7C_31PER_5_9C_NEWSTRUCTURE,S8,A,0.0015855263114856637,0.002260372711292557
separate_phase_exposure,2.0,1.0,4_8C_80PER_4_8C_NEWSTRUCTURE,S9,A,0.001469905228665524,0.002065934278855304
separate_phase_exposure,2.0,1.0,5C_67PER_4C_NEWSTRUCTURE,S4,A,0.0021075727897206624,0.0017248777866301292
separate_phase_exposure,2.0,1.0,5_3C_54PER_4C_NEWSTRUCTURE,S5,A,0.0019656338421505416,0.001806461870350119
separate_phase_exposure,2.0,1.0,5_6C_19PER_4_6C_NEWSTRUCTURE,S6,A,0.0022484227763296125,0.0017038865250164198
separate_phase_exposure,2.0,1.0,5_6C_36PER_4_3C_NEWSTRUCTURE,S7,A,0.0017712943220766805,0.0018796752572957118
separate_phase_exposure,2.0,3.0,3_7C_31PER_5_9C_NEWSTRUCTURE,S8,R100,0.018094955152301473,0.0032721563291568108
separate_phase_exposure,2.0,3.0,4_8C_80PER_4_8C_NEWSTRUCTURE,S9,R100,0.0014699053276039126,9.080830355266689e-05
separate_phase_exposure,2.0,3.0,5C_67PER_4C_NEWSTRUCTURE,S4,R100,0.0022727108604555773,0.001774620213837422
separate_phase_exposure,2.0,3.0,5_3C_54PER_4C_NEWSTRUCTURE,S5,R100,0.002214637018771321,0.0033123080676781724
separate_phase_exposure,2.0,3.0,5_6C_19PER_4_6C_NEWSTRUCTURE,S6,R100,0.0030647540787321517,0.011032203913833631
separate_phase_exposure,2.0,3.0,5_6C_36PER_4_3C_NEWSTRUCTURE,S7,R100,0.0028112722244208006,0.005935370903328308
separate_phase_exposure,2.0,3.0,3_7C_31PER_5_9C_NEWSTRUCTURE,S8,A,0.0015855263114856637,0.002206344335775514
separate_phase_exposure,2.0,3.0,4_8C_80PER_4_8C_NEWSTRUCTURE,S9,A,0.001469905228665524,0.002044812074431942
separate_phase_exposure,2.0,3.0,5C_67PER_4C_NEWSTRUCTURE,S4,A,0.0021075727897206624,0.0017382204173458182
separate_phase_exposure,2.0,3.0,5_3C_54PER_4C_NEWSTRUCTURE,S5,A,0.0019656338421505416,0.0018131467480123967
separate_phase_exposure,2.0,3.0,5_6C_19PER_4_6C_NEWSTRUCTURE,S6,A,0.0022484227763296125,0.0017162682916430669
separate_phase_exposure,2.0,3.0,5_6C_36PER_4_3C_NEWSTRUCTURE,S7,A,0.0017712943220766805,0.001878902109814537
separate_phase_exposure,2.0,10.0,3_7C_31PER_5_9C_NEWSTRUCTURE,S8,R100,0.018094955152301473,0.002953722332009208
separate_phase_exposure,2.0,10.0,4_8C_80PER_4_8C_NEWSTRUCTURE,S9,R100,0.0014699053276039126,0.0020601814563666948
separate_phase_exposure,2.0,10.0,5C_67PER_4C_NEWSTRUCTURE,S4,R100,0.0022727108604555773,0.003089395092025258
separate_phase_exposure,2.0,10.0,5_3C_54PER_4C_NEWSTRUCTURE,S5,R100,0.002214637018771321,0.004084572879348904
separate_phase_exposure,2.0,10.0,5_6C_19PER_4_6C_NEWSTRUCTURE,S6,R100,0.0030647540787321517,0.009056984290826624
separate_phase_exposure,2.0,10.0,5_6C_36PER_4_3C_NEWSTRUCTURE,S7,R100,0.0028112722244208006,0.005756481576222456
separate_phase_exposure,2.0,10.0,3_7C_31PER_5_9C_NEWSTRUCTURE,S8,A,0.0015855263114856637,0.0021033444560200447
separate_phase_exposure,2.0,10.0,4_8C_80PER_4_8C_NEWSTRUCTURE,S9,A,0.001469905228665524,0.0020062965047940246
separate_phase_exposure,2.0,10.0,5C_67PER_4C_NEWSTRUCTURE,S4,A,0.0021075727897206624,0.001762858505981208
separate_phase_exposure,2.0,10.0,5_3C_54PER_4C_NEWSTRUCTURE,S5,A,0.0019656338421505416,0.0018218261796666684
separate_phase_exposure,2.0,10.0,5_6C_19PER_4_6C_NEWSTRUCTURE,S6,A,0.0022484227763296125,0.0017387264683063326
separate_phase_exposure,2.0,10.0,5_6C_36PER_4_3C_NEWSTRUCTURE,S7,A,0.0017712943220766805,0.001877651729317427
summed_stress_benchmark,2.0,0.0,3_7C_31PER_5_9C_NEWSTRUCTURE,S8,R100,0.018094955152301473,0.004391146363705271
summed_stress_benchmark,2.0,0.0,4_8C_80PER_4_8C_NEWSTRUCTURE,S9,R100,0.0014699053276039126,-0.0016707676658235396
summed_stress_benchmark,2.0,0.0,5C_67PER_4C_NEWSTRUCTURE,S4,R100,0.0022727108604555773,0.0016346048036367774
summed_stress_benchmark,2.0,0.0,5_3C_54PER_4C_NEWSTRUCTURE,S5,R100,0.002214637018771321,0.005289674000985705
summed_stress_benchmark,2.0,0.0,5_6C_19PER_4_6C_NEWSTRUCTURE,S6,R100,0.0030647540787321517,0.0016997557135818996
summed_stress_benchmark,2.0,0.0,5_6C_36PER_4_3C_NEWSTRUCTURE,S7,R100,0.0028112722244208006,0.005869673575210806
summed_stress_benchmark,2.0,0.0,3_7C_31PER_5_9C_NEWSTRUCTURE,S8,A,0.0015855263114856637,0.00237586844985113
summed_stress_benchmark,2.0,0.0,4_8C_80PER_4_8C_NEWSTRUCTURE,S9,A,0.001469905228665524,0.00219017649935029
summed_stress_benchmark,2.0,0.0,5C_67PER_4C_NEWSTRUCTURE,S4,A,0.0021075727897206624,0.001853777179728437
summed_stress_benchmark,2.0,0.0,5_3C_54PER_4C_NEWSTRUCTURE,S5,A,0.0019656338421505416,0.0018406223184006742
summed_stress_benchmark,2.0,0.0,5_6C_19PER_4_6C_NEWSTRUCTURE,S6,A,0.0022484227763296125,0.0018131259122379445
summed_stress_benchmark,2.0,0.0,5_6C_36PER_4_3C_NEWSTRUCTURE,S7,A,0.0017712943220766805,0.0018683105454002837
summed_stress_benchmark,2.0,0.03,3_7C_31PER_5_9C_NEWSTRUCTURE,S8,R100,0.018094955152301473,0.004379071867909793
summed_stress_benchmark,2.0,0.03,4_8C_80PER_4_8C_NEWSTRUCTURE,S9,R100,0.0014699053276039126,-0.0016268565314333213
summed_stress_benchmark,2.0,0.03,5C_67PER_4C_NEWSTRUCTURE,S4,R100,0.0022727108604555773,0.0016578443660029557
summed_stress_benchmark,2.0,0.03,5_3C_54PER_4C_NEWSTRUCTURE,S5,R100,0.002214637018771321,0.0052911832188448525
summed_stress_benchmark,2.0,0.03,5_6C_19PER_4_6C_NEWSTRUCTURE,S6,R100,0.0030647540787321517,0.0017216619187695459
summed_stress_benchmark,2.0,0.03,5_6C_36PER_4_3C_NEWSTRUCTURE,S7,R100,0.0028112722244208006,0.005867011858982349
summed_stress_benchmark,2.0,0.03,3_7C_31PER_5_9C_NEWSTRUCTURE,S8,A,0.0015855263114856637,0.00237310521332193
summed_stress_benchmark,2.0,0.03,4_8C_80PER_4_8C_NEWSTRUCTURE,S9,A,0.001469905228665524,0.002188658687276745
summed_stress_benchmark,2.0,0.03,5C_67PER_4C_NEWSTRUCTURE,S4,A,0.0021075727897206624,0.0018535050881762292
summed_stress_benchmark,2.0,0.03,5_3C_54PER_4C_NEWSTRUCTURE,S5,A,0.0019656338421505416,0.0018405979961377814
summed_stress_benchmark,2.0,0.03,5_6C_19PER_4_6C_NEWSTRUCTURE,S6,A,0.0022484227763296125,0.001812928261660898
summed_stress_benchmark,2.0,0.03,5_6C_36PER_4_3C_NEWSTRUCTURE,S7,A,0.0017712943220766805,0.001868352901131517
summed_stress_benchmark,2.0,0.1,3_7C_31PER_5_9C_NEWSTRUCTURE,S8,R100,0.018094955152301473,0.004351450472299222
summed_stress_benchmark,2.0,0.1,4_8C_80PER_4_8C_NEWSTRUCTURE,S9,R100,0.0014699053276039126,-0.0015264062240047185
summed_stress_benchmark,2.0,0.1,5C_67PER_4C_NEWSTRUCTURE,S4,R100,0.0022727108604555773,0.0017110067635726432
summed_stress_benchmark,2.0,0.1,5_3C_54PER_4C_NEWSTRUCTURE,S5,R100,0.002214637018771321,0.0052946356779997655
summed_stress_benchmark,2.0,0.1,5_6C_19PER_4_6C_NEWSTRUCTURE,S6,R100,0.0030647540787321517,0.0017717741528589324
summed_stress_benchmark,2.0,0.1,5_6C_36PER_4_3C_NEWSTRUCTURE,S7,R100,0.0028112722244208006,0.005860922965649278
summed_stress_benchmark,2.0,0.1,3_7C_31PER_5_9C_NEWSTRUCTURE,S8,A,0.0015855263114856637,0.0023667840840067666
summed_stress_benchmark,2.0,0.1,4_8C_80PER_4_8C_NEWSTRUCTURE,S9,A,0.001469905228665524,0.0021851865681542576
summed_stress_benchmark,2.0,0.1,5C_67PER_4C_NEWSTRUCTURE,S4,A,0.0021075727897206624,0.001852882656520852
summed_stress_benchmark,2.0,0.1,5_3C_54PER_4C_NEWSTRUCTURE,S5,A,0.0019656338421505416,0.0018405423569743007
summed_stress_benchmark,2.0,0.1,5_6C_19PER_4_6C_NEWSTRUCTURE,S6,A,0.0022484227763296125,0.0018124761198179812
summed_stress_benchmark,2.0,0.1,5_6C_36PER_4_3C_NEWSTRUCTURE,S7,A,0.0017712943220766805,0.0018684497933271489
summed_stress_benchmark,2.0,0.3,3_7C_31PER_5_9C_NEWSTRUCTURE,S8,R100,0.018094955152301473,0.004276552563985922
summed_stress_benchmark,2.0,0.3,4_8C_80PER_4_8C_NEWSTRUCTURE,S9,R100,0.0014699053276039126,-0.001254026145101287
summed_stress_benchmark,2.0,0.3,5C_67PER_4C_NEWSTRUCTURE,S4,R100,0.0022727108604555773,0.0018551614049610687
summed_stress_benchmark,2.0,0.3,5_3C_54PER_4C_NEWSTRUCTURE,S5,R100,0.002214637018771321,0.005303997332743275
summed_stress_benchmark,2.0,0.3,5_6C_19PER_4_6C_NEWSTRUCTURE,S6,R100,0.0030647540787321517,0.0019076580005514495
summed_stress_benchmark,2.0,0.3,5_6C_36PER_4_3C_NEWSTRUCTURE,S7,R100,0.0028112722244208006,0.0058444123815709235
summed_stress_benchmark,2.0,0.3,3_7C_31PER_5_9C_NEWSTRUCTURE,S8,A,0.0015855263114856637,0.002349643771092874
summed_stress_benchmark,2.0,0.3,4_8C_80PER_4_8C_NEWSTRUCTURE,S9,A,0.001469905228665524,0.0021757716036334414
summed_stress_benchmark,2.0,0.3,5C_67PER_4C_NEWSTRUCTURE,S4,A,0.0021075727897206624,0.0018511948768838993
summed_stress_benchmark,2.0,0.3,5_3C_54PER_4C_NEWSTRUCTURE,S5,A,0.0019656338421505416,0.001840391486358502
summed_stress_benchmark,2.0,0.3,5_6C_19PER_4_6C_NEWSTRUCTURE,S6,A,0.0022484227763296125,0.0018112500963840881
summed_stress_benchmark,2.0,0.3,5_6C_36PER_4_3C_NEWSTRUCTURE,S7,A,0.0017712943220766805,0.00186871252526463
summed_stress_benchmark,2.0,1.0,3_7C_31PER_5_9C_NEWSTRUCTURE,S8,R100,0.018094955152301473,0.004053731286753851
summed_stress_benchmark,2.0,1.0,4_8C_80PER_4_8C_NEWSTRUCTURE,S9,R100,0.0014699053276039126,-0.0004436954103635713
summed_stress_benchmark,2.0,1.0,5C_67PER_4C_NEWSTRUCTURE,S4,R100,0.0022727108604555773,0.0022840214630916364
summed_stress_benchmark,2.0,1.0,5_3C_54PER_4C_NEWSTRUCTURE,S5,R100,0.002214637018771321,0.005331848255605218
summed_stress_benchmark,2.0,1.0,5_6C_19PER_4_6C_NEWSTRUCTURE,S6,R100,0.0030647540787321517,0.0023119124474366855
summed_stress_benchmark,2.0,1.0,5_6C_36PER_4_3C_NEWSTRUCTURE,S7,R100,0.0028112722244208006,0.005795293393937819
summed_stress_benchmark,2.0,1.0,3_7C_31PER_5_9C_NEWSTRUCTURE,S8,A,0.0015855263114856637,0.0022986513401740422
summed_stress_benchmark,2.0,1.0,4_8C_80PER_4_8C_NEWSTRUCTURE,S9,A,0.001469905228665524,0.0021477620841840136
summed_stress_benchmark,2.0,1.0,5C_67PER_4C_NEWSTRUCTURE,S4,A,0.0021075727897206624,0.001846173732463965
summed_stress_benchmark,2.0,1.0,5_3C_54PER_4C_NEWSTRUCTURE,S5,A,0.0019656338421505416,0.0018399426462765
summed_stress_benchmark,2.0,1.0,5_6C_19PER_4_6C_NEWSTRUCTURE,S6,A,0.0022484227763296125,0.001807602676668256
summed_stress_benchmark,2.0,1.0,5_6C_36PER_4_3C_NEWSTRUCTURE,S7,A,0.0017712943220766805,0.0018694941527786365
summed_stress_benchmark,2.0,3.0,3_7C_31PER_5_9C_NEWSTRUCTURE,S8,R100,0.018094955152301473,0.0036319624405645764
summed_stress_benchmark,2.0,3.0,4_8C_80PER_4_8C_NEWSTRUCTURE,S9,R100,0.0014699053276039126,0.0010901449089613865
summed_stress_benchmark,2.0,3.0,5C_67PER_4C_NEWSTRUCTURE,S4,R100,0.0022727108604555773,0.0030957922874102098
summed_stress_benchmark,2.0,3.0,5_3C_54PER_4C_NEWSTRUCTURE,S5,R100,0.002214637018771321,0.005384566073879609
summed_stress_benchmark,2.0,3.0,5_6C_19PER_4_6C_NEWSTRUCTURE,S6,R100,0.0030647540787321517,0.003077108364755168
summed_stress_benchmark,2.0,3.0,5_6C_36PER_4_3C_NEWSTRUCTURE,S7,R100,0.0028112722244208006,0.005702318167346586
summed_stress_benchmark,2.0,3.0,3_7C_31PER_5_9C_NEWSTRUCTURE,S8,A,0.0015855263114856637,0.002202129953077683
summed_stress_benchmark,2.0,3.0,4_8C_80PER_4_8C_NEWSTRUCTURE,S9,A,0.001469905228665524,0.002094744065226168
summed_stress_benchmark,2.0,3.0,5C_67PER_4C_NEWSTRUCTURE,S4,A,0.0021075727897206624,0.0018366694233833748
summed_stress_benchmark,2.0,3.0,5_3C_54PER_4C_NEWSTRUCTURE,S5,A,0.0019656338421505416,0.001839093056121282
summed_stress_benchmark,2.0,3.0,5_6C_19PER_4_6C_NEWSTRUCTURE,S6,A,0.0022484227763296125,0.0018006986322061456
summed_stress_benchmark,2.0,3.0,5_6C_36PER_4_3C_NEWSTRUCTURE,S7,A,0.0017712943220766805,0.0018709736620015776
summed_stress_benchmark,2.0,10.0,3_7C_31PER_5_9C_NEWSTRUCTURE,S8,R100,0.018094955152301473,0.0030414860558995917
summed_stress_benchmark,2.0,10.0,4_8C_80PER_4_8C_NEWSTRUCTURE,S9,R100,0.0014699053276039126,0.00323752135601633
summed_stress_benchmark,2.0,10.0,5C_67PER_4C_NEWSTRUCTURE,S4,R100,0.0022727108604555773,0.004232271441456213
summed_stress_benchmark,2.0,10.0,5_3C_54PER_4C_NEWSTRUCTURE,S5,R100,0.002214637018771321,0.005458371019463757
summed_stress_benchmark,2.0,10.0,5_6C_19PER_4_6C_NEWSTRUCTURE,S6,R100,0.0030647540787321517,0.004148382649001045
summed_stress_benchmark,2.0,10.0,5_6C_36PER_4_3C_NEWSTRUCTURE,S7,R100,0.0028112722244208006,0.00557215285011886
summed_stress_benchmark,2.0,10.0,3_7C_31PER_5_9C_NEWSTRUCTURE,S8,A,0.0015855263114856637,0.0020670000111427797
summed_stress_benchmark,2.0,10.0,4_8C_80PER_4_8C_NEWSTRUCTURE,S9,A,0.001469905228665524,0.002020518838685185
summed_stress_benchmark,2.0,10.0,5C_67PER_4C_NEWSTRUCTURE,S4,A,0.0021075727897206624,0.0018233633906705486
summed_stress_benchmark,2.0,10.0,5_3C_54PER_4C_NEWSTRUCTURE,S5,A,0.0019656338421505416,0.0018379036299039772
summed_stress_benchmark,2.0,10.0,5_6C_19PER_4_6C_NEWSTRUCTURE,S6,A,0.0022484227763296125,0.0017910329699591912
summed_stress_benchmark,2.0,10.0,5_6C_36PER_4_3C_NEWSTRUCTURE,S7,A,0.0017712943220766805,0.001873044974913695
separate_phase_exposure,2.5,0.0,3_7C_31PER_5_9C_NEWSTRUCTURE,S8,R100,0.018094955152301473,0.004644509851002645
separate_phase_exposure,2.5,0.0,4_8C_80PER_4_8C_NEWSTRUCTURE,S9,R100,0.0014699053276039126,-0.0023888272106290407
separate_phase_exposure,2.5,0.0,5C_67PER_4C_NEWSTRUCTURE,S4,R100,0.0022727108604555773,0.000986539299725999
separate_phase_exposure,2.5,0.0,5_3C_54PER_4C_NEWSTRUCTURE,S5,R100,0.002214637018771321,0.005169252576664521
separate_phase_exposure,2.5,0.0,5_6C_19PER_4_6C_NEWSTRUCTURE,S6,R100,0.0030647540787321517,0.0047379220741230145
separate_phase_exposure,2.5,0.0,5_6C_36PER_4_3C_NEWSTRUCTURE,S7,R100,0.0028112722244208006,0.0058899156587680504
separate_phase_exposure,2.5,0.0,3_7C_31PER_5_9C_NEWSTRUCTURE,S8,A,0.0015855263114856637,0.002449373042877749
separate_phase_exposure,2.5,0.0,4_8C_80PER_4_8C_NEWSTRUCTURE,S9,A,0.001469905228665524,0.002133717424638148
separate_phase_exposure,2.5,0.0,5C_67PER_4C_NEWSTRUCTURE,S4,A,0.0021075727897206624,0.0017133326985174235
separate_phase_exposure,2.5,0.0,5_3C_54PER_4C_NEWSTRUCTURE,S5,A,0.0019656338421505416,0.0016479911663726111
separate_phase_exposure,2.5,0.0,5_6C_19PER_4_6C_NEWSTRUCTURE,S6,A,0.0022484227763296125,0.0007458966164193485
separate_phase_exposure,2.5,0.0,5_6C_36PER_4_3C_NEWSTRUCTURE,S7,A,0.0017712943220766805,0.0018600946213434733
separate_phase_exposure,2.5,0.03,3_7C_31PER_5_9C_NEWSTRUCTURE,S8,R100,0.018094955152301473,0.004198998456265664
separate_phase_exposure,2.5,0.03,4_8C_80PER_4_8C_NEWSTRUCTURE,S9,R100,0.0014699053276039126,-0.002044152707274067
separate_phase_exposure,2.5,0.03,5C_67PER_4C_NEWSTRUCTURE,S4,R100,0.0022727108604555773,0.000821146829464537
separate_phase_exposure,2.5,0.03,5_3C_54PER_4C_NEWSTRUCTURE,S5,R100,0.002214637018771321,0.004036346769601665
separate_phase_exposure,2.5,0.03,5_6C_19PER_4_6C_NEWSTRUCTURE,S6,R100,0.0030647540787321517,0.011167261892937562
separate_phase_exposure,2.5,0.03,5_6C_36PER_4_3C_NEWSTRUCTURE,S7,R100,0.0028112722244208006,0.005771127271389302
separate_phase_exposure,2.5,0.03,3_7C_31PER_5_9C_NEWSTRUCTURE,S8,A,0.0015855263114856637,0.002405114801318443
separate_phase_exposure,2.5,0.03,4_8C_80PER_4_8C_NEWSTRUCTURE,S9,A,0.001469905228665524,0.0021155808273911935
separate_phase_exposure,2.5,0.03,5C_67PER_4C_NEWSTRUCTURE,S4,A,0.0021075727897206624,0.0017230939898369923
separate_phase_exposure,2.5,0.03,5_3C_54PER_4C_NEWSTRUCTURE,S5,A,0.0019656338421505416,0.001711373472751495
separate_phase_exposure,2.5,0.03,5_6C_19PER_4_6C_NEWSTRUCTURE,S6,A,0.0022484227763296125,0.0015749727497109541
separate_phase_exposure,2.5,0.03,5_6C_36PER_4_3C_NEWSTRUCTURE,S7,A,0.0017712943220766805,0.0018658710333095358
separate_phase_exposure,2.5,0.1,3_7C_31PER_5_9C_NEWSTRUCTURE,S8,R100,0.018094955152301473,0.00393903883227897
separate_phase_exposure,2.5,0.1,4_8C_80PER_4_8C_NEWSTRUCTURE,S9,R100,0.0014699053276039126,-0.0016889778713434726
separate_phase_exposure,2.5,0.1,5C_67PER_4C_NEWSTRUCTURE,S4,R100,0.0022727108604555773,0.0006980186890998379
separate_phase_exposure,2.5,0.1,5_3C_54PER_4C_NEWSTRUCTURE,S5,R100,0.002214637018771321,0.003169347477651929
separate_phase_exposure,2.5,0.1,5_6C_19PER_4_6C_NEWSTRUCTURE,S6,R100,0.0030647540787321517,0.011757822249508849
separate_phase_exposure,2.5,0.1,5_6C_36PER_4_3C_NEWSTRUCTURE,S7,R100,0.0028112722244208006,0.005676356850225256
separate_phase_exposure,2.5,0.1,3_7C_31PER_5_9C_NEWSTRUCTURE,S8,A,0.0015855263114856637,0.0023776558622790227
separate_phase_exposure,2.5,0.1,4_8C_80PER_4_8C_NEWSTRUCTURE,S9,A,0.001469905228665524,0.0020978336030357827
separate_phase_exposure,2.5,0.1,5C_67PER_4C_NEWSTRUCTURE,S4,A,0.0021075727897206624,0.001731940598596184
separate_phase_exposure,2.5,0.1,5_3C_54PER_4C_NEWSTRUCTURE,S5,A,0.0019656338421505416,0.0017608508713471327
separate_phase_exposure,2.5,0.1,5_6C_19PER_4_6C_NEWSTRUCTURE,S6,A,0.0022484227763296125,0.0016574495969832956
separate_phase_exposure,2.5,0.1,5_6C_36PER_4_3C_NEWSTRUCTURE,S7,A,0.0017712943220766805,0.0018704456038240809
separate_phase_exposure,2.5,0.3,3_7C_31PER_5_9C_NEWSTRUCTURE,S8,R100,0.018094955152301473,0.0037788394615612883
separate_phase_exposure,2.5,0.3,4_8C_80PER_4_8C_NEWSTRUCTURE,S9,R100,0.0014699053276039126,-0.0013195285212841646
separate_phase_exposure,2.5,0.3,5C_67PER_4C_NEWSTRUCTURE,S4,R100,0.0022727108604555773,0.0006829766644537976
separate_phase_exposure,2.5,0.3,5_3C_54PER_4C_NEWSTRUCTURE,S5,R100,0.002214637018771321,0.002653035084774806
separate_phase_exposure,2.5,0.3,5_6C_19PER_4_6C_NEWSTRUCTURE,S6,R100,0.0030647540787321517,0.011833599625834898
separate_phase_exposure,2.5,0.3,5_6C_36PER_4_3C_NEWSTRUCTURE,S7,R100,0.0028112722244208006,0.0056114897239292775
separate_phase_exposure,2.5,0.3,3_7C_31PER_5_9C_NEWSTRUCTURE,S8,A,0.0015855263114856637,0.0023559999106524464
separate_phase_exposure,2.5,0.3,4_8C_80PER_4_8C_NEWSTRUCTURE,S9,A,0.001469905228665524,0.0020823344584493587
separate_phase_exposure,2.5,0.3,5C_67PER_4C_NEWSTRUCTURE,S4,A,0.0021075727897206624,0.001739220628347386
separate_phase_exposure,2.5,0.3,5_3C_54PER_4C_NEWSTRUCTURE,S5,A,0.0019656338421505416,0.0017934923360647245
separate_phase_exposure,2.5,0.3,5_6C_19PER_4_6C_NEWSTRUCTURE,S6,A,0.0022484227763296125,0.0016855077633777394
separate_phase_exposure,2.5,0.3,5_6C_36PER_4_3C_NEWSTRUCTURE,S7,A,0.0017712943220766805,0.0018734681242183729
separate_phase_exposure,2.5,1.0,3_7C_31PER_5_9C_NEWSTRUCTURE,S8,R100,0.018094955152301473,0.0036343563686455503
separate_phase_exposure,2.5,1.0,4_8C_80PER_4_8C_NEWSTRUCTURE,S9,R100,0.0014699053276039126,-0.0007543686958774581
separate_phase_exposure,2.5,1.0,5C_67PER_4C_NEWSTRUCTURE,S4,R100,0.0022727108604555773,0.0009390078984758002
separate_phase_exposure,2.5,1.0,5_3C_54PER_4C_NEWSTRUCTURE,S5,R100,0.002214637018771321,0.0025742303558120654
separate_phase_exposure,2.5,1.0,5_6C_19PER_4_6C_NEWSTRUCTURE,S6,R100,0.0030647540787321517,0.01149036324353498
separate_phase_exposure,2.5,1.0,5_6C_36PER_4_3C_NEWSTRUCTURE,S7,R100,0.0028112722244208006,0.005571189182591397
separate_phase_exposure,2.5,1.0,3_7C_31PER_5_9C_NEWSTRUCTURE,S8,A,0.0015855263114856637,0.002322414518019523
separate_phase_exposure,2.5,1.0,4_8C_80PER_4_8C_NEWSTRUCTURE,S9,A,0.001469905228665524,0.0020665813910197605
separate_phase_exposure,2.5,1.0,5C_67PER_4C_NEWSTRUCTURE,S4,A,0.0021075727897206624,0.001746498971089055
separate_phase_exposure,2.5,1.0,5_3C_54PER_4C_NEWSTRUCTURE,S5,A,0.0019656338421505416,0.001810842183055588
separate_phase_exposure,2.5,1.0,5_6C_19PER_4_6C_NEWSTRUCTURE,S6,A,0.0022484227763296125,0.001700270998172381
separate_phase_exposure,2.5,1.0,5_6C_36PER_4_3C_NEWSTRUCTURE,S7,A,0.0017712943220766805,0.0018749726802976376
separate_phase_exposure,2.5,3.0,3_7C_31PER_5_9C_NEWSTRUCTURE,S8,R100,0.018094955152301473,0.0034244547589636336
separate_phase_exposure,2.5,3.0,4_8C_80PER_4_8C_NEWSTRUCTURE,S9,R100,0.0014699053276039126,0.0002762547744039239
separate_phase_exposure,2.5,3.0,5C_67PER_4C_NEWSTRUCTURE,S4,R100,0.0022727108604555773,0.0016333658584007011
separate_phase_exposure,2.5,3.0,5_3C_54PER_4C_NEWSTRUCTURE,S5,R100,0.002214637018771321,0.002959603037665765
separate_phase_exposure,2.5,3.0,5_6C_19PER_4_6C_NEWSTRUCTURE,S6,R100,0.0030647540787321517,0.010565538674099803
separate_phase_exposure,2.5,3.0,5_6C_36PER_4_3C_NEWSTRUCTURE,S7,R100,0.0028112722244208006,0.0055404946296000795
separate_phase_exposure,2.5,3.0,3_7C_31PER_5_9C_NEWSTRUCTURE,S8,A,0.0015855263114856637,0.002257805878191596
separate_phase_exposure,2.5,3.0,4_8C_80PER_4_8C_NEWSTRUCTURE,S9,A,0.001469905228665524,0.0020444932799835625
separate_phase_exposure,2.5,3.0,5C_67PER_4C_NEWSTRUCTURE,S4,A,0.0021075727897206624,0.0017568442111274875
separate_phase_exposure,2.5,3.0,5_3C_54PER_4C_NEWSTRUCTURE,S5,A,0.0019656338421505416,0.0018188600108848684
separate_phase_exposure,2.5,3.0,5_6C_19PER_4_6C_NEWSTRUCTURE,S6,A,0.0022484227763296125,0.0017146820108496525
separate_phase_exposure,2.5,3.0,5_6C_36PER_4_3C_NEWSTRUCTURE,S7,A,0.0017712943220766805,0.0018754245719920174
separate_phase_exposure,2.5,10.0,3_7C_31PER_5_9C_NEWSTRUCTURE,S8,R100,0.018094955152301473,0.003050264686804512
separate_phase_exposure,2.5,10.0,4_8C_80PER_4_8C_NEWSTRUCTURE,S9,R100,0.0014699053276039126,0.0021862597830349306
separate_phase_exposure,2.5,10.0,5C_67PER_4C_NEWSTRUCTURE,S4,R100,0.0022727108604555773,0.0029980073903544007
separate_phase_exposure,2.5,10.0,5_3C_54PER_4C_NEWSTRUCTURE,S5,R100,0.002214637018771321,0.0038486158514530605
separate_phase_exposure,2.5,10.0,5_6C_19PER_4_6C_NEWSTRUCTURE,S6,R100,0.0030647540787321517,0.00875145007528805
separate_phase_exposure,2.5,10.0,5_6C_36PER_4_3C_NEWSTRUCTURE,S7,R100,0.0028112722244208006,0.005497533897177269
separate_phase_exposure,2.5,10.0,3_7C_31PER_5_9C_NEWSTRUCTURE,S8,A,0.0015855263114856637,0.00213645026602603
separate_phase_exposure,2.5,10.0,4_8C_80PER_4_8C_NEWSTRUCTURE,S9,A,0.001469905228665524,0.002005837209635267
separate_phase_exposure,2.5,10.0,5C_67PER_4C_NEWSTRUCTURE,S4,A,0.0021075727897206624,0.0017750529208835554
separate_phase_exposure,2.5,10.0,5_3C_54PER_4C_NEWSTRUCTURE,S5,A,0.0019656338421505416,0.001826026111823921
separate_phase_exposure,2.5,10.0,5_6C_19PER_4_6C_NEWSTRUCTURE,S6,A,0.0022484227763296125,0.0017380330313268607
separate_phase_exposure,2.5,10.0,5_6C_36PER_4_3C_NEWSTRUCTURE,S7,A,0.0017712943220766805,0.0018755114828229507
summed_stress_benchmark,2.5,0.0,3_7C_31PER_5_9C_NEWSTRUCTURE,S8,R100,0.018094955152301473,0.004404293709896657
summed_stress_benchmark,2.5,0.0,4_8C_80PER_4_8C_NEWSTRUCTURE,S9,R100,0.0014699053276039126,-0.0016320414844925987
summed_stress_benchmark,2.5,0.0,5C_67PER_4C_NEWSTRUCTURE,S4,R100,0.0022727108604555773,0.0015445477919398222
summed_stress_benchmark,2.5,0.0,5_3C_54PER_4C_NEWSTRUCTURE,S5,R100,0.002214637018771321,0.0052602782434527625
summed_stress_benchmark,2.5,0.0,5_6C_19PER_4_6C_NEWSTRUCTURE,S6,R100,0.0030647540787321517,0.0017430829291926173
summed_stress_benchmark,2.5,0.0,5_6C_36PER_4_3C_NEWSTRUCTURE,S7,R100,0.0028112722244208006,0.005919457418273662
summed_stress_benchmark,2.5,0.0,3_7C_31PER_5_9C_NEWSTRUCTURE,S8,A,0.0015855263114856637,0.0023634090917455273
summed_stress_benchmark,2.5,0.0,4_8C_80PER_4_8C_NEWSTRUCTURE,S9,A,0.001469905228665524,0.0021890703186754233
summed_stress_benchmark,2.5,0.0,5C_67PER_4C_NEWSTRUCTURE,S4,A,0.0021075727897206624,0.0018548432689779954
summed_stress_benchmark,2.5,0.0,5_3C_54PER_4C_NEWSTRUCTURE,S5,A,0.0019656338421505416,0.001841121158373634
summed_stress_benchmark,2.5,0.0,5_6C_19PER_4_6C_NEWSTRUCTURE,S6,A,0.0022484227763296125,0.001813400213947126
summed_stress_benchmark,2.5,0.0,5_6C_36PER_4_3C_NEWSTRUCTURE,S7,A,0.0017712943220766805,0.001867485513740544
summed_stress_benchmark,2.5,0.03,3_7C_31PER_5_9C_NEWSTRUCTURE,S8,R100,0.018094955152301473,0.004392140800505604
summed_stress_benchmark,2.5,0.03,4_8C_80PER_4_8C_NEWSTRUCTURE,S9,R100,0.0014699053276039126,-0.0015883613213628035
summed_stress_benchmark,2.5,0.03,5C_67PER_4C_NEWSTRUCTURE,S4,R100,0.0022727108604555773,0.0015683244736600576
summed_stress_benchmark,2.5,0.03,5_3C_54PER_4C_NEWSTRUCTURE,S5,R100,0.002214637018771321,0.0052619627839214506
summed_stress_benchmark,2.5,0.03,5_6C_19PER_4_6C_NEWSTRUCTURE,S6,R100,0.0030647540787321517,0.0017647307215635003
summed_stress_benchmark,2.5,0.03,5_6C_36PER_4_3C_NEWSTRUCTURE,S7,R100,0.0028112722244208006,0.005916498780516003
summed_stress_benchmark,2.5,0.03,3_7C_31PER_5_9C_NEWSTRUCTURE,S8,A,0.0015855263114856637,0.0023607201655032393
summed_stress_benchmark,2.5,0.03,4_8C_80PER_4_8C_NEWSTRUCTURE,S9,A,0.001469905228665524,0.0021875591041009335
summed_stress_benchmark,2.5,0.03,5C_67PER_4C_NEWSTRUCTURE,S4,A,0.0021075727897206624,0.0018545648190406014
summed_stress_benchmark,2.5,0.03,5_3C_54PER_4C_NEWSTRUCTURE,S5,A,0.0019656338421505416,0.0018410938609220355
summed_stress_benchmark,2.5,0.03,5_6C_19PER_4_6C_NEWSTRUCTURE,S6,A,0.0022484227763296125,0.0018132009273757904
summed_stress_benchmark,2.5,0.03,5_6C_36PER_4_3C_NEWSTRUCTURE,S7,A,0.0017712943220766805,0.00186753279013774
summed_stress_benchmark,2.5,0.1,3_7C_31PER_5_9C_NEWSTRUCTURE,S8,R100,0.018094955152301473,0.004364340027388815
summed_stress_benchmark,2.5,0.1,4_8C_80PER_4_8C_NEWSTRUCTURE,S9,R100,0.0014699053276039126,-0.0014884393795626212
summed_stress_benchmark,2.5,0.1,5C_67PER_4C_NEWSTRUCTURE,S4,R100,0.0022727108604555773,0.0016227155756344518
summed_stress_benchmark,2.5,0.1,5_3C_54PER_4C_NEWSTRUCTURE,S5,R100,0.002214637018771321,0.00526581630786943
summed_stress_benchmark,2.5,0.1,5_6C_19PER_4_6C_NEWSTRUCTURE,S6,R100,0.0030647540787321517,0.0018142518152223825
summed_stress_benchmark,2.5,0.1,5_6C_36PER_4_3C_NEWSTRUCTURE,S7,R100,0.0028112722244208006,0.005909730654926587
summed_stress_benchmark,2.5,0.1,3_7C_31PER_5_9C_NEWSTRUCTURE,S8,A,0.0015855263114856637,0.0023545690270404896
summed_stress_benchmark,2.5,0.1,4_8C_80PER_4_8C_NEWSTRUCTURE,S9,A,0.001469905228665524,0.0021841020772965453
summed_stress_benchmark,2.5,0.1,5C_67PER_4C_NEWSTRUCTURE,S4,A,0.0021075727897206624,0.0018539278420596347
summed_stress_benchmark,2.5,0.1,5_3C_54PER_4C_NEWSTRUCTURE,S5,A,0.0019656338421505416,0.00184103141577132
summed_stress_benchmark,2.5,0.1,5_6C_19PER_4_6C_NEWSTRUCTURE,S6,A,0.0022484227763296125,0.0018127450430622768
summed_stress_benchmark,2.5,0.1,5_6C_36PER_4_3C_NEWSTRUCTURE,S7,A,0.0017712943220766805,0.0018676409387587765
summed_stress_benchmark,2.5,0.3,3_7C_31PER_5_9C_NEWSTRUCTURE,S8,R100,0.018094955152301473,0.004288955720770247
summed_stress_benchmark,2.5,0.3,4_8C_80PER_4_8C_NEWSTRUCTURE,S9,R100,0.0014699053276039126,-0.0012174920117702095
summed_stress_benchmark,2.5,0.3,5C_67PER_4C_NEWSTRUCTURE,S4,R100,0.0022727108604555773,0.001770201959963942
summed_stress_benchmark,2.5,0.3,5_3C_54PER_4C_NEWSTRUCTURE,S5,R100,0.002214637018771321,0.0052762654860140845
summed_stress_benchmark,2.5,0.3,5_6C_19PER_4_6C_NEWSTRUCTURE,S6,R100,0.0030647540787321517,0.0019485327322596737
summed_stress_benchmark,2.5,0.3,5_6C_36PER_4_3C_NEWSTRUCTURE,S7,R100,0.0028112722244208006,0.005891378271252863
summed_stress_benchmark,2.5,0.3,3_7C_31PER_5_9C_NEWSTRUCTURE,S8,A,0.0015855263114856637,0.002337889659672494
summed_stress_benchmark,2.5,0.3,4_8C_80PER_4_8C_NEWSTRUCTURE,S9,A,0.001469905228665524,0.002174728036959039
summed_stress_benchmark,2.5,0.3,5C_67PER_4C_NEWSTRUCTURE,S4,A,0.0021075727897206624,0.0018522006214589542
summed_stress_benchmark,2.5,0.3,5_3C_54PER_4C_NEWSTRUCTURE,S5,A,0.0019656338421505416,0.001840862090106577
summed_stress_benchmark,2.5,0.3,5_6C_19PER_4_6C_NEWSTRUCTURE,S6,A,0.0022484227763296125,0.0018115088715814293
summed_stress_benchmark,2.5,0.3,5_6C_36PER_4_3C_NEWSTRUCTURE,S7,A,0.0017712943220766805,0.0018679341935101585
summed_stress_benchmark,2.5,1.0,3_7C_31PER_5_9C_NEWSTRUCTURE,S8,R100,0.018094955152301473,0.004064687408580006
summed_stress_benchmark,2.5,1.0,4_8C_80PER_4_8C_NEWSTRUCTURE,S9,R100,0.0014699053276039126,-0.00041142359258778804
summed_stress_benchmark,2.5,1.0,5C_67PER_4C_NEWSTRUCTURE,S4,R100,0.0022727108604555773,0.0022089739533441735
summed_stress_benchmark,2.5,1.0,5_3C_54PER_4C_NEWSTRUCTURE,S5,R100,0.002214637018771321,0.005307351790994433
summed_stress_benchmark,2.5,1.0,5_6C_19PER_4_6C_NEWSTRUCTURE,S6,R100,0.0030647540787321517,0.0023480184604456173
summed_stress_benchmark,2.5,1.0,5_6C_36PER_4_3C_NEWSTRUCTURE,S7,R100,0.0028112722244208006,0.005836779929823533
summed_stress_benchmark,2.5,1.0,3_7C_31PER_5_9C_NEWSTRUCTURE,S8,A,0.0015855263114856637,0.0022882685417527065
summed_stress_benchmark,2.5,1.0,4_8C_80PER_4_8C_NEWSTRUCTURE,S9,A,0.001469905228665524,0.0021468402669549583
summed_stress_benchmark,2.5,1.0,5C_67PER_4C_NEWSTRUCTURE,S4,A,0.0021075727897206624,0.00184706214017193
summed_stress_benchmark,2.5,1.0,5_3C_54PER_4C_NEWSTRUCTURE,S5,A,0.0019656338421505416,0.0018403583462539663
summed_stress_benchmark,2.5,1.0,5_6C_19PER_4_6C_NEWSTRUCTURE,S6,A,0.0022484227763296125,0.0018078312614259076
summed_stress_benchmark,2.5,1.0,5_6C_36PER_4_3C_NEWSTRUCTURE,S7,A,0.0017712943220766805,0.00186880662639552
summed_stress_benchmark,2.5,3.0,3_7C_31PER_5_9C_NEWSTRUCTURE,S8,R100,0.018094955152301473,0.0036401795319341923
summed_stress_benchmark,2.5,3.0,4_8C_80PER_4_8C_NEWSTRUCTURE,S9,R100,0.0014699053276039126,0.0011143487722932253
summed_stress_benchmark,2.5,3.0,5C_67PER_4C_NEWSTRUCTURE,S4,R100,0.0022727108604555773,0.003039506655099613
summed_stress_benchmark,2.5,3.0,5_3C_54PER_4C_NEWSTRUCTURE,S5,R100,0.002214637018771321,0.005366193725421521
summed_stress_benchmark,2.5,3.0,5_6C_19PER_4_6C_NEWSTRUCTURE,S6,R100,0.0030647540787321517,0.0031041878745118674
summed_stress_benchmark,2.5,3.0,5_6C_36PER_4_3C_NEWSTRUCTURE,S7,R100,0.0028112722244208006,0.005733433069260871
summed_stress_benchmark,2.5,3.0,3_7C_31PER_5_9C_NEWSTRUCTURE,S8,A,0.0015855263114856637,0.002194342854261681
summed_stress_benchmark,2.5,3.0,4_8C_80PER_4_8C_NEWSTRUCTURE,S9,A,0.001469905228665524,0.002094052702304377
summed_stress_benchmark,2.5,3.0,5C_67PER_4C_NEWSTRUCTURE,S4,A,0.0021075727897206624,0.0018373357291643487
summed_stress_benchmark,2.5,3.0,5_3C_54PER_4C_NEWSTRUCTURE,S5,A,0.0019656338421505416,0.001839404831104382
summed_stress_benchmark,2.5,3.0,5_6C_19PER_4_6C_NEWSTRUCTURE,S6,A,0.0022484227763296125,0.0018008700707743842
summed_stress_benchmark,2.5,3.0,5_6C_36PER_4_3C_NEWSTRUCTURE,S7,A,0.0017712943220766805,0.0018704580172142402
summed_stress_benchmark,2.5,10.0,3_7C_31PER_5_9C_NEWSTRUCTURE,S8,R100,0.018094955152301473,0.003045868504630054
summed_stress_benchmark,2.5,10.0,4_8C_80PER_4_8C_NEWSTRUCTURE,S9,R100,0.0014699053276039126,0.0032504300831266444
summed_stress_benchmark,2.5,10.0,5C_67PER_4C_NEWSTRUCTURE,S4,R100,0.0022727108604555773,0.004202252437557228
summed_stress_benchmark,2.5,10.0,5_3C_54PER_4C_NEWSTRUCTURE,S5,R100,0.002214637018771321,0.005448572433619443
summed_stress_benchmark,2.5,10.0,5_6C_19PER_4_6C_NEWSTRUCTURE,S6,R100,0.0030647540787321517,0.0041628250542046176
summed_stress_benchmark,2.5,10.0,5_6C_36PER_4_3C_NEWSTRUCTURE,S7,R100,0.0028112722244208006,0.0055887474644731455
summed_stress_benchmark,2.5,10.0,3_7C_31PER_5_9C_NEWSTRUCTURE,S8,A,0.0015855263114856637,0.0020628468917742453
summed_stress_benchmark,2.5,10.0,4_8C_80PER_4_8C_NEWSTRUCTURE,S9,A,0.001469905228665524,0.0020201501117935623
summed_stress_benchmark,2.5,10.0,5C_67PER_4C_NEWSTRUCTURE,S4,A,0.0021075727897206624,0.0018237187537537348
summed_stress_benchmark,2.5,10.0,5_3C_54PER_4C_NEWSTRUCTURE,S5,A,0.0019656338421505416,0.0018380699098949637
summed_stress_benchmark,2.5,10.0,5_6C_19PER_4_6C_NEWSTRUCTURE,S6,A,0.0022484227763296125,0.0017911244038622516
summed_stress_benchmark,2.5,10.0,5_6C_36PER_4_3C_NEWSTRUCTURE,S7,A,0.0017712943220766805,0.0018727699643604485
separate_phase_exposure,3.0,0.0,3_7C_31PER_5_9C_NEWSTRUCTURE,S8,R100,0.018094955152301473,0.004958887478113822
separate_phase_exposure,3.0,0.0,4_8C_80PER_4_8C_NEWSTRUCTURE,S9,R100,0.0014699053276039126,-0.002174418247265819
separate_phase_exposure,3.0,0.0,5C_67PER_4C_NEWSTRUCTURE,S4,R100,0.0022727108604555773,0.000813415943141901
separate_phase_exposure,3.0,0.0,5_3C_54PER_4C_NEWSTRUCTURE,S5,R100,0.002214637018771321,0.0049108212086749385
separate_phase_exposure,3.0,0.0,5_6C_19PER_4_6C_NEWSTRUCTURE,S6,R100,0.0030647540787321517,0.01123269174151202
separate_phase_exposure,3.0,0.0,5_6C_36PER_4_3C_NEWSTRUCTURE,S7,R100,0.0028112722244208006,0.005808337790560975
separate_phase_exposure,3.0,0.0,3_7C_31PER_5_9C_NEWSTRUCTURE,S8,A,0.0015855263114856637,0.0025465030472039906
separate_phase_exposure,3.0,0.0,4_8C_80PER_4_8C_NEWSTRUCTURE,S9,A,0.001469905228665524,0.0021450858683805174
separate_phase_exposure,3.0,0.0,5C_67PER_4C_NEWSTRUCTURE,S4,A,0.0021075727897206624,0.0017394860516096822
separate_phase_exposure,3.0,0.0,5_3C_54PER_4C_NEWSTRUCTURE,S5,A,0.0019656338421505416,0.0016299467230967298
separate_phase_exposure,3.0,0.0,5_6C_19PER_4_6C_NEWSTRUCTURE,S6,A,0.0022484227763296125,0.0005372477877235678
separate_phase_exposure,3.0,0.0,5_6C_36PER_4_3C_NEWSTRUCTURE,S7,A,0.0017712943220766805,0.0018363994488740847
separate_phase_exposure,3.0,0.03,3_7C_31PER_5_9C_NEWSTRUCTURE,S8,R100,0.018094955152301473,0.004632997132355822
separate_phase_exposure,3.0,0.03,4_8C_80PER_4_8C_NEWSTRUCTURE,S9,R100,0.0014699053276039126,-0.0018612464201054075
separate_phase_exposure,3.0,0.03,5C_67PER_4C_NEWSTRUCTURE,S4,R100,0.0022727108604555773,0.0007188584252197311
separate_phase_exposure,3.0,0.03,5_3C_54PER_4C_NEWSTRUCTURE,S5,R100,0.002214637018771321,0.003975868913157541
separate_phase_exposure,3.0,0.03,5_6C_19PER_4_6C_NEWSTRUCTURE,S6,R100,0.0030647540787321517,0.0114205321791482
separate_phase_exposure,3.0,0.03,5_6C_36PER_4_3C_NEWSTRUCTURE,S7,R100,0.0028112722244208006,0.005587331175667
separate_phase_exposure,3.0,0.03,3_7C_31PER_5_9C_NEWSTRUCTURE,S8,A,0.0015855263114856637,0.0025091796967319025
separate_phase_exposure,3.0,0.03,4_8C_80PER_4_8C_NEWSTRUCTURE,S9,A,0.001469905228665524,0.0021269175848390807
separate_phase_exposure,3.0,0.03,5C_67PER_4C_NEWSTRUCTURE,S4,A,0.0021075727897206624,0.0017458022821129043
separate_phase_exposure,3.0,0.03,5_3C_54PER_4C_NEWSTRUCTURE,S5,A,0.0019656338421505416,0.0016877847503542756
separate_phase_exposure,3.0,0.03,5_6C_19PER_4_6C_NEWSTRUCTURE,S6,A,0.0022484227763296125,0.0014718257471325687
separate_phase_exposure,3.0,0.03,5_6C_36PER_4_3C_NEWSTRUCTURE,S7,A,0.0017712943220766805,0.0018475506927716498
separate_phase_exposure,3.0,0.1,3_7C_31PER_5_9C_NEWSTRUCTURE,S8,R100,0.018094955152301473,0.004323543404111594
separate_phase_exposure,3.0,0.1,4_8C_80PER_4_8C_NEWSTRUCTURE,S9,R100,0.0014699053276039126,-0.0014801259194969444
separate_phase_exposure,3.0,0.1,5C_67PER_4C_NEWSTRUCTURE,S4,R100,0.0022727108604555773,0.000634008450515468
separate_phase_exposure,3.0,0.1,5_3C_54PER_4C_NEWSTRUCTURE,S5,R100,0.002214637018771321,0.0030743151175783023
separate_phase_exposure,3.0,0.1,5_6C_19PER_4_6C_NEWSTRUCTURE,S6,R100,0.0030647540787321517,0.011410991897197577
separate_phase_exposure,3.0,0.1,5_6C_36PER_4_3C_NEWSTRUCTURE,S7,R100,0.0028112722244208006,0.005366224943001848
separate_phase_exposure,3.0,0.1,3_7C_31PER_5_9C_NEWSTRUCTURE,S8,A,0.0015855263114856637,0.0024723241986819317
separate_phase_exposure,3.0,0.1,4_8C_80PER_4_8C_NEWSTRUCTURE,S9,A,0.001469905228665524,0.0021056893819100067
separate_phase_exposure,3.0,0.1,5C_67PER_4C_NEWSTRUCTURE,S4,A,0.0021075727897206624,0.0017528921444551876
separate_phase_exposure,3.0,0.1,5_3C_54PER_4C_NEWSTRUCTURE,S5,A,0.0019656338421505416,0.0017445508215149503
separate_phase_exposure,3.0,0.1,5_6C_19PER_4_6C_NEWSTRUCTURE,S6,A,0.0022484227763296125,0.0016208375163987375
separate_phase_exposure,3.0,0.1,5_6C_36PER_4_3C_NEWSTRUCTURE,S7,A,0.0017712943220766805,0.0018587846910732453
separate_phase_exposure,3.0,0.3,3_7C_31PER_5_9C_NEWSTRUCTURE,S8,R100,0.018094955152301473,0.00406916169342948
separate_phase_exposure,3.0,0.3,4_8C_80PER_4_8C_NEWSTRUCTURE,S9,R100,0.0014699053276039126,-0.0010471390872575535
separate_phase_exposure,3.0,0.3,5C_67PER_4C_NEWSTRUCTURE,S4,R100,0.0022727108604555773,0.0006285536021785991
separate_phase_exposure,3.0,0.3,5_3C_54PER_4C_NEWSTRUCTURE,S5,R100,0.002214637018771321,0.002419114591798392
separate_phase_exposure,3.0,0.3,5_6C_19PER_4_6C_NEWSTRUCTURE,S6,R100,0.0030647540787321517,0.011304681925273629
separate_phase_exposure,3.0,0.3,5_6C_36PER_4_3C_NEWSTRUCTURE,S7,R100,0.0028112722244208006,0.005193639118736831
separate_phase_exposure,3.0,0.3,3_7C_31PER_5_9C_NEWSTRUCTURE,S8,A,0.0015855263114856637,0.0024373206404315075
separate_phase_exposure,3.0,0.3,4_8C_80PER_4_8C_NEWSTRUCTURE,S9,A,0.001469905228665524,0.0020846395216470174
separate_phase_exposure,3.0,0.3,5C_67PER_4C_NEWSTRUCTURE,S4,A,0.0021075727897206624,0.0017596666917862323
separate_phase_exposure,3.0,0.3,5_3C_54PER_4C_NEWSTRUCTURE,S5,A,0.0019656338421505416,0.0017893120579700068
separate_phase_exposure,3.0,0.3,5_6C_19PER_4_6C_NEWSTRUCTURE,S6,A,0.0022484227763296125,0.0016738843751080905
separate_phase_exposure,3.0,0.3,5_6C_36PER_4_3C_NEWSTRUCTURE,S7,A,0.0017712943220766805,0.0018678278268361723
separate_phase_exposure,3.0,1.0,3_7C_31PER_5_9C_NEWSTRUCTURE,S8,R100,0.018094955152301473,0.003849776652046089
separate_phase_exposure,3.0,1.0,4_8C_80PER_4_8C_NEWSTRUCTURE,S9,R100,0.0014699053276039126,-0.00044332739821247285
separate_phase_exposure,3.0,1.0,5C_67PER_4C_NEWSTRUCTURE,S4,R100,0.0022727108604555773,0.0008855181445141871
separate_phase_exposure,3.0,1.0,5_3C_54PER_4C_NEWSTRUCTURE,S5,R100,0.002214637018771321,0.0022485290785783916
separate_phase_exposure,3.0,1.0,5_6C_19PER_4_6C_NEWSTRUCTURE,S6,R100,0.0030647540787321517,0.010930788763642446
separate_phase_exposure,3.0,1.0,5_6C_36PER_4_3C_NEWSTRUCTURE,S7,R100,0.0028112722244208006,0.0051152907713754685
separate_phase_exposure,3.0,1.0,3_7C_31PER_5_9C_NEWSTRUCTURE,S8,A,0.0015855263114856637,0.0023914346795748647
separate_phase_exposure,3.0,1.0,4_8C_80PER_4_8C_NEWSTRUCTURE,S9,A,0.001469905228665524,0.0020647040232922476
separate_phase_exposure,3.0,1.0,5C_67PER_4C_NEWSTRUCTURE,S4,A,0.0021075727897206624,0.0017660091714167768
separate_phase_exposure,3.0,1.0,5_3C_54PER_4C_NEWSTRUCTURE,S5,A,0.0019656338421505416,0.001814975800031446
separate_phase_exposure,3.0,1.0,5_6C_19PER_4_6C_NEWSTRUCTURE,S6,A,0.0022484227763296125,0.0016980802629428216
separate_phase_exposure,3.0,1.0,5_6C_36PER_4_3C_NEWSTRUCTURE,S7,A,0.0017712943220766805,0.0018729848646014565
separate_phase_exposure,3.0,3.0,3_7C_31PER_5_9C_NEWSTRUCTURE,S8,R100,0.018094955152301473,0.0035885906306395783
separate_phase_exposure,3.0,3.0,4_8C_80PER_4_8C_NEWSTRUCTURE,S9,R100,0.0014699053276039126,0.0005603904397576548
separate_phase_exposure,3.0,3.0,5C_67PER_4C_NEWSTRUCTURE,S4,R100,0.0022727108604555773,0.0015876458980825748
separate_phase_exposure,3.0,3.0,5_3C_54PER_4C_NEWSTRUCTURE,S5,R100,0.002214637018771321,0.0026496299744206892
separate_phase_exposure,3.0,3.0,5_6C_19PER_4_6C_NEWSTRUCTURE,S6,R100,0.0030647540787321517,0.010076167166581884
separate_phase_exposure,3.0,3.0,5_6C_36PER_4_3C_NEWSTRUCTURE,S7,R100,0.0028112722244208006,0.0051354953105222706
separate_phase_exposure,3.0,3.0,3_7C_31PER_5_9C_NEWSTRUCTURE,S8,A,0.0015855263114856637,0.0023138397519557935
separate_phase_exposure,3.0,3.0,4_8C_80PER_4_8C_NEWSTRUCTURE,S9,A,0.001469905228665524,0.002041505491094078
separate_phase_exposure,3.0,3.0,5C_67PER_4C_NEWSTRUCTURE,S4,A,0.0021075727897206624,0.0017735199316080746
separate_phase_exposure,3.0,3.0,5_3C_54PER_4C_NEWSTRUCTURE,S5,A,0.0019656338421505416,0.001824941430094829
separate_phase_exposure,3.0,3.0,5_6C_19PER_4_6C_NEWSTRUCTURE,S6,A,0.0022484227763296125,0.001714996194985596
separate_phase_exposure,3.0,3.0,5_6C_36PER_4_3C_NEWSTRUCTURE,S7,A,0.0017712943220766805,0.0018747393845746853
separate_phase_exposure,3.0,10.0,3_7C_31PER_5_9C_NEWSTRUCTURE,S8,R100,0.018094955152301473,0.0031518325020546954
separate_phase_exposure,3.0,10.0,4_8C_80PER_4_8C_NEWSTRUCTURE,S9,R100,0.0014699053276039126,0.0023780092629541944
separate_phase_exposure,3.0,10.0,5C_67PER_4C_NEWSTRUCTURE,S4,R100,0.0022727108604555773,0.002969722468211934
separate_phase_exposure,3.0,10.0,5_3C_54PER_4C_NEWSTRUCTURE,S5,R100,0.002214637018771321,0.003639654785246295
separate_phase_exposure,3.0,10.0,5_6C_19PER_4_6C_NEWSTRUCTURE,S6,R100,0.0030647540787321517,0.008429568249278036
separate_phase_exposure,3.0,10.0,5_6C_36PER_4_3C_NEWSTRUCTURE,S7,R100,0.0028112722244208006,0.005229982652677944
separate_phase_exposure,3.0,10.0,3_7C_31PER_5_9C_NEWSTRUCTURE,S8,A,0.0015855263114856637,0.002172074399393258
separate_phase_exposure,3.0,10.0,4_8C_80PER_4_8C_NEWSTRUCTURE,S9,A,0.001469905228665524,0.0020035027781948175
separate_phase_exposure,3.0,10.0,5C_67PER_4C_NEWSTRUCTURE,S4,A,0.0021075727897206624,0.001785937246193604
separate_phase_exposure,3.0,10.0,5_3C_54PER_4C_NEWSTRUCTURE,S5,A,0.0019656338421505416,0.0018306198307983597
separate_phase_exposure,3.0,10.0,5_6C_19PER_4_6C_NEWSTRUCTURE,S6,A,0.0022484227763296125,0.0017387374050395305
separate_phase_exposure,3.0,10.0,5_6C_36PER_4_3C_NEWSTRUCTURE,S7,A,0.0017712943220766805,0.0018753100683152645
summed_stress_benchmark,3.0,0.0,3_7C_31PER_5_9C_NEWSTRUCTURE,S8,R100,0.018094955152301473,0.004425685894246578
summed_stress_benchmark,3.0,0.0,4_8C_80PER_4_8C_NEWSTRUCTURE,S9,R100,0.0014699053276039126,-0.0015947578857284607
summed_stress_benchmark,3.0,0.0,5C_67PER_4C_NEWSTRUCTURE,S4,R100,0.0022727108604555773,0.0014631471020402267
summed_stress_benchmark,3.0,0.0,5_3C_54PER_4C_NEWSTRUCTURE,S5,R100,0.002214637018771321,0.005215303096190402
summed_stress_benchmark,3.0,0.0,5_6C_19PER_4_6C_NEWSTRUCTURE,S6,R100,0.0030647540787321517,0.0017911105786606353
summed_stress_benchmark,3.0,0.0,5_6C_36PER_4_3C_NEWSTRUCTURE,S7,R100,0.0028112722244208006,0.005967246084515988
summed_stress_benchmark,3.0,0.0,3_7C_31PER_5_9C_NEWSTRUCTURE,S8,A,0.0015855263114856637,0.0023537832954613107
summed_stress_benchmark,3.0,0.0,4_8C_80PER_4_8C_NEWSTRUCTURE,S9,A,0.001469905228665524,0.0021878676597236234
summed_stress_benchmark,3.0,0.0,5C_67PER_4C_NEWSTRUCTURE,S4,A,0.0021075727897206624,0.0018558080389850758
summed_stress_benchmark,3.0,0.0,5_3C_54PER_4C_NEWSTRUCTURE,S5,A,0.0019656338421505416,0.0018418734527626379
summed_stress_benchmark,3.0,0.0,5_6C_19PER_4_6C_NEWSTRUCTURE,S6,A,0.0022484227763296125,0.0018136137303385324
summed_stress_benchmark,3.0,0.0,5_6C_36PER_4_3C_NEWSTRUCTURE,S7,A,0.0017712943220766805,0.0018666915937016885
summed_stress_benchmark,3.0,0.03,3_7C_31PER_5_9C_NEWSTRUCTURE,S8,R100,0.018094955152301473,0.004413405397274909
summed_stress_benchmark,3.0,0.03,4_8C_80PER_4_8C_NEWSTRUCTURE,S9,R100,0.0014699053276039126,-0.0015513000899869192
summed_stress_benchmark,3.0,0.03,5C_67PER_4C_NEWSTRUCTURE,S4,R100,0.0022727108604555773,0.0014874092749527067
summed_stress_benchmark,3.0,0.03,5_3C_54PER_4C_NEWSTRUCTURE,S5,R100,0.002214637018771321,0.005217255878094055
summed_stress_benchmark,3.0,0.03,5_6C_19PER_4_6C_NEWSTRUCTURE,S6,R100,0.0030647540787321517,0.0018124719238179904
summed_stress_benchmark,3.0,0.03,5_6C_36PER_4_3C_NEWSTRUCTURE,S7,R100,0.0028112722244208006,0.005964002424892072
summed_stress_benchmark,3.0,0.03,3_7C_31PER_5_9C_NEWSTRUCTURE,S8,A,0.0015855263114856637,0.0023511517795348335
summed_stress_benchmark,3.0,0.03,4_8C_80PER_4_8C_NEWSTRUCTURE,S9,A,0.001469905228665524,0.0021863636180653474
summed_stress_benchmark,3.0,0.03,5C_67PER_4C_NEWSTRUCTURE,S4,A,0.0021075727897206624,0.0018555238349522122
summed_stress_benchmark,3.0,0.03,5_3C_54PER_4C_NEWSTRUCTURE,S5,A,0.0019656338421505416,0.0018418416684657772
summed_stress_benchmark,3.0,0.03,5_6C_19PER_4_6C_NEWSTRUCTURE,S6,A,0.0022484227763296125,0.0018134131703095937
summed_stress_benchmark,3.0,0.03,5_6C_36PER_4_3C_NEWSTRUCTURE,S7,A,0.0017712943220766805,0.00186674360520846
summed_stress_benchmark,3.0,0.1,3_7C_31PER_5_9C_NEWSTRUCTURE,S8,R100,0.018094955152301473,0.00438531275714364
summed_stress_benchmark,3.0,0.1,4_8C_80PER_4_8C_NEWSTRUCTURE,S9,R100,0.0014699053276039126,-0.0014518868317546403
summed_stress_benchmark,3.0,0.1,5C_67PER_4C_NEWSTRUCTURE,S4,R100,0.0022727108604555773,0.0015429109776936723
summed_stress_benchmark,3.0,0.1,5_3C_54PER_4C_NEWSTRUCTURE,S5,R100,0.002214637018771321,0.005221723026239665
summed_stress_benchmark,3.0,0.1,5_6C_19PER_4_6C_NEWSTRUCTURE,S6,R100,0.0030647540787321517,0.00186133774607338
summed_stress_benchmark,3.0,0.1,5_6C_36PER_4_3C_NEWSTRUCTURE,S7,R100,0.0028112722244208006,0.005956582288497496
summed_stress_benchmark,3.0,0.1,3_7C_31PER_5_9C_NEWSTRUCTURE,S8,A,0.0015855263114856637,0.0023451319718598854
summed_stress_benchmark,3.0,0.1,4_8C_80PER_4_8C_NEWSTRUCTURE,S9,A,0.001469905228665524,0.00218292299989282
summed_stress_benchmark,3.0,0.1,5C_67PER_4C_NEWSTRUCTURE,S4,A,0.0021075727897206624,0.0018548736950077527
summed_stress_benchmark,3.0,0.1,5_3C_54PER_4C_NEWSTRUCTURE,S5,A,0.0019656338421505416,0.0018417689592899514
summed_stress_benchmark,3.0,0.1,5_6C_19PER_4_6C_NEWSTRUCTURE,S6,A,0.0022484227763296125,0.0018129543728577732
summed_stress_benchmark,3.0,0.1,5_6C_36PER_4_3C_NEWSTRUCTURE,S7,A,0.0017712943220766805,0.0018668625857795064
summed_stress_benchmark,3.0,0.3,3_7C_31PER_5_9C_NEWSTRUCTURE,S8,R100,0.018094955152301473,0.004309137026760739
summed_stress_benchmark,3.0,0.3,4_8C_80PER_4_8C_NEWSTRUCTURE,S9,R100,0.0014699053276039126,-0.0011823188053889464
summed_stress_benchmark,3.0,0.3,5C_67PER_4C_NEWSTRUCTURE,S4,R100,0.0022727108604555773,0.0016934088562850784
summed_stress_benchmark,3.0,0.3,5_3C_54PER_4C_NEWSTRUCTURE,S5,R100,0.002214637018771321,0.005233836101804311
summed_stress_benchmark,3.0,0.3,5_6C_19PER_4_6C_NEWSTRUCTURE,S6,R100,0.0030647540787321517,0.0019938418355313885
summed_stress_benchmark,3.0,0.3,5_6C_36PER_4_3C_NEWSTRUCTURE,S7,R100,0.0028112722244208006,0.005936461918651284
summed_stress_benchmark,3.0,0.3,3_7C_31PER_5_9C_NEWSTRUCTURE,S8,A,0.0015855263114856637,0.0023288087197817237
summed_stress_benchmark,3.0,0.3,4_8C_80PER_4_8C_NEWSTRUCTURE,S9,A,0.001469905228665524,0.0021735934530422467
summed_stress_benchmark,3.0,0.3,5C_67PER_4C_NEWSTRUCTURE,S4,A,0.0021075727897206624,0.0018531107818429925
summed_stress_benchmark,3.0,0.3,5_3C_54PER_4C_NEWSTRUCTURE,S5,A,0.0019656338421505416,0.0018415718017943167
summed_stress_benchmark,3.0,0.3,5_6C_19PER_4_6C_NEWSTRUCTURE,S6,A,0.0022484227763296125,0.0018117103021393598
summed_stress_benchmark,3.0,0.3,5_6C_36PER_4_3C_NEWSTRUCTURE,S7,A,0.0017712943220766805,0.001867185212341427
summed_stress_benchmark,3.0,1.0,3_7C_31PER_5_9C_NEWSTRUCTURE,S8,R100,0.018094955152301473,0.004082514228871607
summed_stress_benchmark,3.0,1.0,4_8C_80PER_4_8C_NEWSTRUCTURE,S9,R100,0.0014699053276039126,-0.0003803539269510055
summed_stress_benchmark,3.0,1.0,5C_67PER_4C_NEWSTRUCTURE,S4,R100,0.0022727108604555773,0.002141140045094511
summed_stress_benchmark,3.0,1.0,5_3C_54PER_4C_NEWSTRUCTURE,S5,R100,0.002214637018771321,0.005269872501609133
summed_stress_benchmark,3.0,1.0,5_6C_19PER_4_6C_NEWSTRUCTURE,S6,R100,0.0030647540787321517,0.0023880415016689655
summed_stress_benchmark,3.0,1.0,5_6C_36PER_4_3C_NEWSTRUCTURE,S7,R100,0.0028112722244208006,0.0058766038183588045
summed_stress_benchmark,3.0,1.0,3_7C_31PER_5_9C_NEWSTRUCTURE,S8,A,0.0015855263114856637,0.002280247044849193
summed_stress_benchmark,3.0,1.0,4_8C_80PER_4_8C_NEWSTRUCTURE,S9,A,0.001469905228665524,0.0021458380511617916
summed_stress_benchmark,3.0,1.0,5C_67PER_4C_NEWSTRUCTURE,S4,A,0.0021075727897206624,0.0018478661151778305
summed_stress_benchmark,3.0,1.0,5_3C_54PER_4C_NEWSTRUCTURE,S5,A,0.0019656338421505416,0.001840985258244803
summed_stress_benchmark,3.0,1.0,5_6C_19PER_4_6C_NEWSTRUCTURE,S6,A,0.0022484227763296125,0.0018080091917520795
summed_stress_benchmark,3.0,1.0,5_6C_36PER_4_3C_NEWSTRUCTURE,S7,A,0.0017712943220766805,0.0018681450263631405
summed_stress_benchmark,3.0,3.0,3_7C_31PER_5_9C_NEWSTRUCTURE,S8,R100,0.018094955152301473,0.0036535496471528936
summed_stress_benchmark,3.0,3.0,4_8C_80PER_4_8C_NEWSTRUCTURE,S9,R100,0.0014699053276039126,0.0011376510215208128
summed_stress_benchmark,3.0,3.0,5C_67PER_4C_NEWSTRUCTURE,S4,R100,0.0022727108604555773,0.002988631223912366
summed_stress_benchmark,3.0,3.0,5_3C_54PER_4C_NEWSTRUCTURE,S5,R100,0.002214637018771321,0.005338084258382545
summed_stress_benchmark,3.0,3.0,5_6C_19PER_4_6C_NEWSTRUCTURE,S6,R100,0.0030647540787321517,0.0031342051554293783
summed_stress_benchmark,3.0,3.0,5_6C_36PER_4_3C_NEWSTRUCTURE,S7,R100,0.0028112722244208006,0.005763300985662325
summed_stress_benchmark,3.0,3.0,3_7C_31PER_5_9C_NEWSTRUCTURE,S8,A,0.0015855263114856637,0.002188326731584046
summed_stress_benchmark,3.0,3.0,4_8C_80PER_4_8C_NEWSTRUCTURE,S9,A,0.001469905228665524,0.0020933010404595017
summed_stress_benchmark,3.0,3.0,5C_67PER_4C_NEWSTRUCTURE,S4,A,0.0021075727897206624,0.001837938710418774
summed_stress_benchmark,3.0,3.0,5_3C_54PER_4C_NEWSTRUCTURE,S5,A,0.0019656338421505416,0.0018398750150975095
summed_stress_benchmark,3.0,3.0,5_6C_19PER_4_6C_NEWSTRUCTURE,S6,A,0.0022484227763296125,0.0018010035185190131
summed_stress_benchmark,3.0,3.0,5_6C_36PER_4_3C_NEWSTRUCTURE,S7,A,0.0017712943220766805,0.0018699618171899555
summed_stress_benchmark,3.0,10.0,3_7C_31PER_5_9C_NEWSTRUCTURE,S8,R100,0.018094955152301473,0.003052999232746694
summed_stress_benchmark,3.0,10.0,4_8C_80PER_4_8C_NEWSTRUCTURE,S9,R100,0.0014699053276039126,0.003262857949381357
summed_stress_benchmark,3.0,10.0,5C_67PER_4C_NEWSTRUCTURE,S4,R100,0.0022727108604555773,0.004175118874257363
summed_stress_benchmark,3.0,10.0,5_3C_54PER_4C_NEWSTRUCTURE,S5,R100,0.002214637018771321,0.005433580717865323
summed_stress_benchmark,3.0,10.0,5_6C_19PER_4_6C_NEWSTRUCTURE,S6,R100,0.0030647540787321517,0.004178834270693956
summed_stress_benchmark,3.0,10.0,5_6C_36PER_4_3C_NEWSTRUCTURE,S7,R100,0.0028112722244208006,0.005604677019887254
summed_stress_benchmark,3.0,10.0,3_7C_31PER_5_9C_NEWSTRUCTURE,S8,A,0.0015855263114856637,0.0020596382930128396
summed_stress_benchmark,3.0,10.0,4_8C_80PER_4_8C_NEWSTRUCTURE,S9,A,0.001469905228665524,0.002019749225476296
summed_stress_benchmark,3.0,10.0,5C_67PER_4C_NEWSTRUCTURE,S4,A,0.0021075727897206624,0.0018240403437560948
summed_stress_benchmark,3.0,10.0,5_3C_54PER_4C_NEWSTRUCTURE,S5,A,0.0019656338421505416,0.0018383206746912983
summed_stress_benchmark,3.0,10.0,5_6C_19PER_4_6C_NEWSTRUCTURE,S6,A,0.0022484227763296125,0.0017911955759927205
summed_stress_benchmark,3.0,10.0,5_6C_36PER_4_3C_NEWSTRUCTURE,S7,A,0.0017712943220766805,0.0018725053243474968
